"Key","Locale","EnglishSource","EnglishSourceSha256","Context","Risk","Parameters","ProtectedTokens","OfficialTermConstraints","CodexTranslation","DeepLTranslation","ComparisonStatus","AdjudicationDecision","FinalTranslation","ReviewerNote"
"about.artwork","de-DE","Favicon artwork (separate license):","1672A1543E07F4A17985250AA236981FA83C925A274E16BF29EC9C1F55B0D8BC","About dialog content or accessible control.","LOW","","","","Favicon-Grafik (gesonderte Lizenz):","","MISSING","CODEX","Favicon-Grafik (gesonderte Lizenz):","Release preparation copy: Codex drafted and reviewed about.artwork against the approved meaning, UI role and literal identifiers; no new DeepL or native review. License scope, voluntary support and local-data boundaries are explanatory copy, not replacement legal terms."
"about.attribution","de-DE","designed by gravisio from Flaticon","EEE6A4550C16EA33E2D314F4E77291D12838FEBE646600010632735BD446F848","About dialog content or accessible control.","LOW","","designed by gravisio from Flaticon","","designed by gravisio from Flaticon","","MISSING","CODEX","designed by gravisio from Flaticon","Release preparation copy: Codex drafted and reviewed about.attribution against the approved meaning, UI role and literal identifiers; no new DeepL or native review. Certificate-prescribed invariant credit replaces the obsolete source wording; previous provider evidence remains in Git history."
"about.backup","de-DE","Saved in this browser profile on this site, with no account sync or server backup. Export before clearing browser data or moving devices. Import replaces the collection. If saving fails, export your in-memory work.","10F42C0EC190FB9BC14FEB95922B54DD9FCF4066DE775F65BDFA39C4211B89CC","About dialog content or accessible control.","LOW","","","","Gespeichert in diesem Browserprofil auf dieser Website, ohne Kontosynchronisierung oder Serversicherung. Vor dem Löschen von Browserdaten oder einem Gerätewechsel exportieren. Ein Import ersetzt die Sammlung. Bei Speicherfehlern die Arbeit aus dem Arbeitsspeicher exportieren.","","MISSING","CODEX","Gespeichert in diesem Browserprofil auf dieser Website, ohne Kontosynchronisierung oder Serversicherung. Vor dem Löschen von Browserdaten oder einem Gerätewechsel exportieren. Ein Import ersetzt die Sammlung. Bei Speicherfehlern die Arbeit aus dem Arbeitsspeicher exportieren.","Release preparation copy: Codex drafted and reviewed about.backup against the approved meaning, UI role and literal identifiers; no new DeepL or native review. License scope, voluntary support and local-data boundaries are explanatory copy, not replacement legal terms."
"about.build","de-DE","Build {commit}","954964A8306F874AF4BE2DC50620E52967203BE81589FE546C3E4A3AA7CBE200","About dialog content or accessible control.","LOW","commit","","","Build {commit}","","MISSING","CODEX","Build {commit}","Release preparation copy: Codex drafted and reviewed about.build against the approved meaning, UI role and literal identifiers; no new DeepL or native review. License scope, voluntary support and local-data boundaries are explanatory copy, not replacement legal terms."
"about.buildSource","de-DE","Source for this build","A952E15E6036338D5314516EC646C3D0140D5F85553A0BBFF71782F105BE2B34","About dialog content or accessible control.","LOW","","","","Quellcode dieses Builds","","MISSING","CODEX","Quellcode dieses Builds","Release preparation copy: Codex drafted and reviewed about.buildSource against the approved meaning, UI role and literal identifiers; no new DeepL or native review. License scope, voluntary support and local-data boundaries are explanatory copy, not replacement legal terms."
"about.closeDialog","de-DE","Close About dialog","BADE4BD70A7F5829AD34BCB1FAEFF8663832F5D9974F5FA0DA112D256E12ED78","About dialog content or accessible control.","LOW","","","","Schließen Information dialog","Dialogfeld „Über“ schließen","SUBSTANTIVE","DEEPL","Dialogfeld „Über“ schließen","DeepL chosen for “Close About dialog” because it gives the clearer complete German rendering for the about dialog content or accessible control. role; the Codex draft is more literal or incomplete."
"about.contact","de-DE","Private / alternative contact","2478C099EF6FA9CC5B8EB8823F0AC76B59AB28B766CD2E877B34BF326FD9EE4F","About dialog content or accessible control.","LOW","","","","Privater / alternativer Kontakt","","MISSING","CODEX","Privater / alternativer Kontakt","Release preparation copy: Codex drafted and reviewed about.contact against the approved meaning, UI role and literal identifiers; no new DeepL or native review. License scope, voluntary support and local-data boundaries are explanatory copy, not replacement legal terms."
"about.description","de-DE","A tracking tool for Starfield outpost networks.","A385DFA0EF4B91EF17C72901A82FD98B4A6C087F914E97981E2E268B448516F3","About dialog content or accessible control. This is accessible or instructional text.","LOW","","","term.outpost=Außenposten; product.starfield=Starfield; glossary.network=Netzwerk","A tracking tool for Starfield Außenposten networks.","Ein Tracking-Tool für Starfield-Außenposten-Netzwerke.","SUBSTANTIVE","DEEPL","Ein Tracking-Tool für Starfield-Außenposten-Netzwerke.","DeepL chosen for “A tracking tool for Starfield outpost networks.” because it gives the more natural complete German sentence while satisfying term.outpost=Außenposten; product.starfield=Starfield."
"about.funding","de-DE","Voluntary support for the developer’s Bethesda modding and tools work. Released projects are free to use; tips or memberships buy no extra features, exclusives, access, priority support or delivery commitments.","55A68A1559BB9A73544E561602840875D641A4388BCC9E9762C932188FB14895","About dialog content or accessible control.","LOW","","Bethesda","","Freiwillige Unterstützung der Bethesda-Mods und Werkzeuge des Entwicklers. Veröffentlichte Projekte sind kostenlos nutzbar; Trinkgelder oder Mitgliedschaften erwerben keine Zusatzfunktionen, exklusiven Inhalte, Zugänge, bevorzugten Support oder Lieferzusagen.","","MISSING","CODEX","Freiwillige Unterstützung der Bethesda-Mods und Werkzeuge des Entwicklers. Veröffentlichte Projekte sind kostenlos nutzbar; Trinkgelder oder Mitgliedschaften erwerben keine Zusatzfunktionen, exklusiven Inhalte, Zugänge, bevorzugten Support oder Lieferzusagen.","Release preparation copy: Codex drafted and reviewed about.funding against the approved meaning, UI role and literal identifiers; no new DeepL or native review. License scope, voluntary support and local-data boundaries are explanatory copy, not replacement legal terms."
"about.issues","de-DE","Bugs and suggestions","3D83AC7A899CF17CD7C4E6401362ADF1136BEA46005C64EC8CBF95C6D4122E1B","About dialog content or accessible control.","LOW","","","","Fehler und Vorschläge","","MISSING","CODEX","Fehler und Vorschläge","Release preparation copy: Codex drafted and reviewed about.issues against the approved meaning, UI role and literal identifiers; no new DeepL or native review. License scope, voluntary support and local-data boundaries are explanatory copy, not replacement legal terms."
"about.license","de-DE","Full license","6B43E03E00A846DD4FD35C0FCCEC63C88AC637DB2805DBBD91216FB3A3F99D92","About dialog content or accessible control.","LOW","","","","Vollständige Lizenz","","MISSING","CODEX","Vollständige Lizenz","Release preparation copy: Codex drafted and reviewed about.license against the approved meaning, UI role and literal identifiers; no new DeepL or native review. License scope, voluntary support and local-data boundaries are explanatory copy, not replacement legal terms."
"about.licenseSummary","de-DE","Project-authored code: GPL-3.0-or-later, without warranty. Artwork and game-derived content have separate rights.","6D474223C94DC984542DC5DF4CF3EBBC97D01EE7FE65F58C3BB43F70946AD7EE","About dialog content or accessible control.","LOW","","GPL-3.0-or-later","","Projekteigener Code: GPL-3.0-or-later, ohne Gewährleistung. Für Grafiken und aus dem Spiel abgeleitete Inhalte gelten gesonderte Rechte.","","MISSING","CODEX","Projekteigener Code: GPL-3.0-or-later, ohne Gewährleistung. Für Grafiken und aus dem Spiel abgeleitete Inhalte gelten gesonderte Rechte.","Release preparation copy: Codex drafted and reviewed about.licenseSummary against the approved meaning, UI role and literal identifiers; no new DeepL or native review. License scope, voluntary support and local-data boundaries are explanatory copy, not replacement legal terms."
"about.modified","de-DE","local / modified","C1302006893E644718C30E10D063F83982E7F59DCF8F74FD1AB12B22C14DC4E5","About dialog content or accessible control.","LOW","","","","lokal / verändert","","MISSING","CODEX","lokal / verändert","Release preparation copy: Codex drafted and reviewed about.modified against the approved meaning, UI role and literal identifiers; no new DeepL or native review. License scope, voluntary support and local-data boundaries are explanatory copy, not replacement legal terms."
"about.notices","de-DE","Third-party notices","8FADBC8DE2733658492151AFBEF233902D6D43DE12EEA937B8773D938BCBC8E3","About dialog content or accessible control.","LOW","","","","Hinweise zu Drittanbietern","","MISSING","CODEX","Hinweise zu Drittanbietern","Release preparation copy: Codex drafted and reviewed about.notices against the approved meaning, UI role and literal identifiers; no new DeepL or native review. License scope, voluntary support and local-data boundaries are explanatory copy, not replacement legal terms."
"about.repository","de-DE","Source repository","53DB3B48E1AD4170808C3842C52F9BEE1ED27C66B9B192E91EC3C2C678064994","About dialog content or accessible control.","LOW","","","","Quellcode-Repository","","MISSING","CODEX","Quellcode-Repository","Release preparation copy: Codex drafted and reviewed about.repository against the approved meaning, UI role and literal identifiers; no new DeepL or native review. License scope, voluntary support and local-data boundaries are explanatory copy, not replacement legal terms."
"about.support","de-DE","Support Gooberpede","C40D81D65A7CC6A059703CA6F930DAEF7FE8BC3A1BE0AF54B8C0AE5071133B54","About dialog content or accessible control.","LOW","","Gooberpede","","Gooberpede unterstützen","","MISSING","CODEX","Gooberpede unterstützen","Release preparation copy: Codex drafted and reviewed about.support against the approved meaning, UI role and literal identifiers; no new DeepL or native review. License scope, voluntary support and local-data boundaries are explanatory copy, not replacement legal terms."
"about.unknown","de-DE","local / unverified","C4C51655D0B244AA84D5C83768F8C4647017F63DE666E7C09652954A91F7A274","About dialog content or accessible control.","LOW","","","","lokal / ungeprüft","","MISSING","CODEX","lokal / ungeprüft","Release preparation copy: Codex drafted and reviewed about.unknown against the approved meaning, UI role and literal identifiers; no new DeepL or native review. License scope, voluntary support and local-data boundaries are explanatory copy, not replacement legal terms."
"about.unofficial","de-DE","Independent, unofficial project; not affiliated with or endorsed by Bethesda Game Studios or Microsoft.","BDA9BA76D3844680CA77725C6F65D21A66086862794E3A9E2E38886305DC4054","About dialog content or accessible control.","LOW","","Bethesda Game Studios; Microsoft","","Unabhängiges, inoffizielles Projekt; weder mit Bethesda Game Studios oder Microsoft verbunden noch von ihnen unterstützt.","","MISSING","CODEX","Unabhängiges, inoffizielles Projekt; weder mit Bethesda Game Studios oder Microsoft verbunden noch von ihnen unterstützt.","Release preparation copy: Codex drafted and reviewed about.unofficial against the approved meaning, UI role and literal identifiers; no new DeepL or native review. License scope, voluntary support and local-data boundaries are explanatory copy, not replacement legal terms."
"about.version","de-DE","Version {version}","A18745121BB8AF6D1A0C689CFB3C2A2245D10D5FE3B37FF37C8B69FD74773DFA","About dialog content or accessible control.","LOW","version","","","Version {version}","","MISSING","CODEX","Version {version}","Release preparation copy: Codex drafted and reviewed about.version against the approved meaning, UI role and literal identifiers; no new DeepL or native review. License scope, voluntary support and local-data boundaries are explanatory copy, not replacement legal terms."
"cargo.add","de-DE","Add cargo link","53FAE1C321AAC37F6E1F73EC7A82A17C25779F4656987058445CA620C9E848A1","Cargo Link, destination, or export UI.","MEDIUM","","","term.cargo-link=Frachtlink","Hinzufügen Frachtlink","Frachtverbindung hinzufügen","SUBSTANTIVE","CUSTOM","Frachtlink hinzufügen","Custom wording used for “Add cargo link” because neither candidate combined natural German grammar with all approved terminology (term.cargo-link=Frachtlink); final wording “Frachtlink hinzufügen” was checked independently."
"cargo.addButton","de-DE","+ Add Cargo Link","D2211C3FDC73278A6EC7B28F2F322486D54D76EF53402B5C1EA6E5FAE2F3FB2C","Cargo Link, destination, or export UI.","MEDIUM","","","term.cargo-link=Frachtlink","+ Hinzufügen Frachtlink","+ Frachtverbindung hinzufügen","SUBSTANTIVE","CUSTOM","+ Frachtlink hinzufügen","Custom wording used for “+ Add Cargo Link” because neither candidate combined natural German grammar with all approved terminology (term.cargo-link=Frachtlink); final wording “+ Frachtlink hinzufügen” was checked independently."
"cargo.addWithLimit","de-DE","Add cargo link ({count} of {limit})","A4CF04E083D4098E72C8FA76DC07141B3F2233D71D5D719788CADE708B40044F","Cargo Link, destination, or export UI.","HIGH","count; limit","","term.cargo-link=Frachtlink","Hinzufügen Frachtlink ({count} of {limit})","Frachtverbindung hinzufügen ({count} von {limit})","SUBSTANTIVE","CUSTOM","Frachtlink hinzufügen ({count} von {limit})","Custom wording used for “Add cargo link ({count} of {limit})” because neither candidate combined natural German grammar with all approved terminology (term.cargo-link=Frachtlink); final wording “Frachtlink hinzufügen ({count} von {limit})” was checked independently."
"cargo.collapseAll","de-DE","Collapse all","25F7B3721119F1EC7FDF7C8C66E779EE9999E2049E569AFC3B00A9FBDEECE7DB","Cargo Link, destination, or export UI.","MEDIUM","","","","Reduzieren all","Alle ausblenden","SUBSTANTIVE","DEEPL","Alle ausblenden","DeepL chosen for “Collapse all” because it gives the clearer complete German rendering for the cargo link, destination, or export ui. role; the Codex draft is more literal or incomplete."
"cargo.destination.linkedLocator","de-DE","{outpost} / {pad}","E3F588AC487BF246C4AEBCEED554F74BC9D737A9B31D9689304A6DF69D9A9CE2","Cargo Link, destination, or export UI.","HIGH","outpost; pad","","term.outpost=Außenposten; glossary.destination=Ziel","{outpost} / {pad}","{Außenposten} / {Landeplatz}","INVALID_TOKENS","INVALID_DEEPL_REPAIRED","{outpost} / {pad}","DeepL evidence is invalid because it translated or damaged the stable placeholder identifiers; the independently token-safe Codex wording was selected for “{outpost} / {pad}”, with exact placeholders and protected tokens restored."
"cargo.destination.noPads","de-DE","{outpost} — no cargo links","DA54B44E36D3853E5A719426F6B58F79D702F8D63C98A289C15B05C5DF5230DF","Cargo Link, destination, or export UI.","MEDIUM","outpost","","term.cargo-link=Frachtlink; term.outpost=Außenposten; glossary.destination=Ziel","{outpost} — no Frachtlinks","{Außenposten} — keine Frachtverbindungen","INVALID_TOKENS","INVALID_DEEPL_REPAIRED","{outpost} — keine Frachtlinks","DeepL evidence is invalid because it translated or damaged the stable placeholder identifiers; the wording was repaired or replaced editorially for “{outpost} — no cargo links”, with exact placeholders and protected tokens restored."
"cargo.destination.nothing","de-DE","nothing","1785CFC3BC6AC7738E8B38CDCCD1AF12563C2B9070E07AF336A1BF8C0F772B6A","Cargo Link, destination, or export UI.","MEDIUM","","","glossary.destination=Ziel","nichts","nichts","IDENTICAL","AGREED","nichts","Shared wording “nichts” independently approved for “nothing” in its cargo link, destination, or export ui. role; meaning, terminology, and token safety were checked."
"cargo.destination.outpost","de-DE","Destination outpost","46A7B7798BF8C076C932ADE71CE877EFDE16D0E06263BFC372CF0D700949E83F","Cargo Link, destination, or export UI.","MEDIUM","","","term.outpost=Außenposten; glossary.destination=Ziel","Ziel Außenposten","Ziel-Außenposten","SUBSTANTIVE","DEEPL","Ziel-Außenposten","DeepL chosen for “Destination outpost” because it gives the more natural complete German sentence while satisfying term.outpost=Außenposten."
"cargo.destination.pad","de-DE","Destination cargo link","6CCAD8677D177EDD2552DF915A90B9E51BB8C8B6E28093F9D86BAEC22387121B","Cargo Link, destination, or export UI.","MEDIUM","","","term.cargo-link=Frachtlink; glossary.destination=Ziel","Ziel Frachtlink","Ziel-Frachtverbindung","SUBSTANTIVE","CUSTOM","Ziel-Frachtlink","Custom wording used for “Destination cargo link” because neither candidate combined natural German grammar with all approved terminology (term.cargo-link=Frachtlink); final wording “Ziel-Frachtlink” was checked independently."
"cargo.destination.padContents","de-DE","{pad}: ({contents})","46C4E560ED412E5E91CC2809ACDDFF9A902694FC19310541DB444D9DA539A9DF","Cargo Link, destination, or export UI.","HIGH","contents; pad","","glossary.destination=Ziel","{pad}: ({contents})","{Pad}: ({Inhalt})","INVALID_TOKENS","INVALID_DEEPL_REPAIRED","{pad}: ({contents})","DeepL evidence is invalid because it translated or damaged the stable placeholder identifiers; the independently token-safe Codex wording was selected for “{pad}: ({contents})”, with exact placeholders and protected tokens restored."
"cargo.destination.padContentsLinked","de-DE","{pad}: ({contents}) — linked to {destination}","0CDFF888723D4F5B2F31DC1F49E83C2A8078560E4B8D26A2E12C1674CF04028C","Cargo Link, destination, or export UI.","HIGH","contents; destination; pad","","glossary.destination=Ziel","{pad}: ({contents}) — verbunden mit {destination}","{Landeplatz}: ({Inhalt}) — verbunden mit {Ziel}","INVALID_TOKENS","INVALID_DEEPL_REPAIRED","{pad}: ({contents}) — verbunden mit {destination}","DeepL evidence is invalid because it translated or damaged the stable placeholder identifiers; the independently token-safe Codex wording was selected for “{pad}: ({contents}) — linked to {destination}”, with exact placeholders and protected tokens restored."
"cargo.destination.selectPad","de-DE","Select cargo link...","0C06C8F77EE648241D2AEF00115499EE25AAA6DD865860141BDE71A7172DE88D","Cargo Link, destination, or export UI.","MEDIUM","","","term.cargo-link=Frachtlink; glossary.destination=Ziel","Auswählen Frachtlink...","Frachtverbindung auswählen...","SUBSTANTIVE","CUSTOM","Frachtlink auswählen...","Custom wording used for “Select cargo link...” because neither candidate combined natural German grammar with all approved terminology (term.cargo-link=Frachtlink); final wording “Frachtlink auswählen...” was checked independently."
"cargo.destination.unknownPad","de-DE","Unknown cargo link","986ADDDD7490611B32FC3E1060624621C2336F0803BABC1EECF9E2F039E58A12","Cargo Link, destination, or export UI.","MEDIUM","","","term.cargo-link=Frachtlink; glossary.destination=Ziel","Unbekannt Frachtlink","Unbekannte Frachtverbindung","SUBSTANTIVE","CUSTOM","Unbekannter Frachtlink","Custom wording used for “Unknown cargo link” because neither candidate combined natural German grammar with all approved terminology (term.cargo-link=Frachtlink); final wording “Unbekannter Frachtlink” was checked independently."
"cargo.destination.unknownPadInline","de-DE","unknown cargo link","442FB1860DD920A894B5F436CDB708ACF518300BE6D959474056852299E3116E","Cargo Link, destination, or export UI.","MEDIUM","","","term.cargo-link=Frachtlink; glossary.destination=Ziel","unbekannt Frachtlink","Unbekannter Frachtlink","SUBSTANTIVE","CUSTOM","unbekannter Frachtlink","Custom wording used for “unknown cargo link” because neither candidate combined natural German grammar with all approved terminology (term.cargo-link=Frachtlink); final wording “unbekannter Frachtlink” was checked independently."
"cargo.destination.unlinked","de-DE","Unlinked","1E690B5815BE5BF48D2EB8F1DA6D951667E1F4003ED8C3A1015989004358BF11","Cargo Link, destination, or export UI.","MEDIUM","","","glossary.destination=Ziel","Nicht verbunden","Nicht verknüpft","SUBSTANTIVE","CODEX","Nicht verbunden","Codex chosen for “Unlinked” because the Codex adjective agrees with the implied cargo-link noun and clearly means not connected; the DeepL alternative was not adopted."
"cargo.expandAll","de-DE","Expand all","A3E586BE3EFF5FB9F768C0846035DB47CCF0F0E10727B0F14D829FF3A5913324","Cargo Link, destination, or export UI.","MEDIUM","","","","Erweitern all","Alle erweitern","SUBSTANTIVE","DEEPL","Alle erweitern","DeepL chosen for “Expand all” because it gives the clearer complete German rendering for the cargo link, destination, or export ui. role; the Codex draft is more literal or incomplete."
"cargo.export.toggle","de-DE","Toggle export for {item}","867731F380025E7C28E0513647868E7DB3665B77CFF914373499D3D3A7F5FF69","Cargo Link, destination, or export UI.","MEDIUM","item","","","Umschalten export for {item}","Export für {Artikel} umschalten","INVALID_TOKENS","INVALID_DEEPL_REPAIRED","Export für {item} umschalten","DeepL evidence is invalid because it translated or damaged the stable placeholder identifiers; the wording was repaired or replaced editorially for “Toggle export for {item}”, with exact placeholders and protected tokens restored."
"cargo.exports.empty","de-DE","No items available to export.","1553E216F5D6C9DEDE00C63081AFE00F232C07089697F3FA257F121E275608DE","Cargo Link, destination, or export UI.","MEDIUM","","","","Keine Elemente zum Exportieren verfügbar.","Es sind keine Elemente zum Exportieren verfügbar.","SUBSTANTIVE","DEEPL","Es sind keine Elemente zum Exportieren verfügbar.","DeepL chosen for “No items available to export.” because it gives the clearer complete German rendering for the cargo link, destination, or export ui. role; the Codex draft is more literal or incomplete."
"cargo.exports.heading","de-DE","Exports","2F4DCF59FF0CC41C77E519CA3D451220B2943856177BB20A634F2499F61610FE","Cargo Link, destination, or export UI. This is a visible heading.","MEDIUM","","","","Exporte","Exporte","IDENTICAL","AGREED","Exporte","Shared wording “Exporte” independently approved for “Exports” in its cargo link, destination, or export ui role; meaning, terminology, and token safety were checked."
"cargo.finishReshuffle","de-DE","Finish reshuffling cargo links","DE6771ED000ECD9E652637A426CBF9ED582C779884763A3B2885A07927EED8C9","Cargo Link, destination, or export UI.","MEDIUM","","","term.cargo-link=Frachtlink; glossary.reshuffle=Neu anordnen","Finish Neuanordnen von Frachtlinks","Neuanordnung der Frachtverbindungen abschließen","SUBSTANTIVE","CUSTOM","Neuanordnung der Frachtlinks abschließen","Custom wording used for “Finish reshuffling cargo links” because neither candidate combined natural German grammar with all approved terminology (term.cargo-link=Frachtlink); final wording “Neuanordnung der Frachtlinks abschließen” was checked independently."
"cargo.heading","de-DE","Cargo Links","E9B8BE501BF399617C9333EAD8AF1489FBC8A33BC7E250C52EE05609CE8CB30F","Cargo Link, destination, or export UI. This is a visible heading.","MEDIUM","","","term.cargo-link=Frachtlink","Frachtlinks","Frachtverbindungen","SUBSTANTIVE","CODEX","Frachtlinks","Codex chosen for “Cargo Links” because it applies the row's approved terminology (term.cargo-link=Frachtlink) more faithfully in context; the DeepL alternative was not adopted."
"cargo.interSystem.button","de-DE","Inter-System","74A7AD9B6748097BC975C51D06631E4C04DEB46CF8A8E3C56AE474EC598DC359","Cargo Link, destination, or export UI.","MEDIUM","","","","Intersystem","Systemübergreifend","SUBSTANTIVE","CODEX","Intersystem","Codex chosen for “Inter-System” because it is the clearer idiomatic German wording for the cargo link, destination, or export ui. role; the DeepL alternative was not adopted."
"cargo.interSystem.context","de-DE","Inter-System Cargo Links","7A411DB1C8AC75256E3606688FECC60E1FE9D580FB322FBE48E6EC1F40B82875","Cargo Link, destination, or export UI.","MEDIUM","","","term.inter-system-cargo-link=Intersystem-Frachtlink; term.cargo-link=Frachtlink","Intersystem-Frachtlinks","Systemübergreifende Frachtverbindungen","SUBSTANTIVE","CODEX","Intersystem-Frachtlinks","Codex chosen for “Inter-System Cargo Links” because it applies the row's approved terminology (term.inter-system-cargo-link=Intersystem-Frachtlink; term.cargo-link=Frachtlink) more faithfully in context; the DeepL alternative was not adopted."
"cargo.interstellar","de-DE","Inter-System Cargo Link","DAD8480F89FA1500A3C89CD78F12984A6F3C58387856BC5DC6D3D3EE7719F6F1","Cargo Link, destination, or export UI.","MEDIUM","","","term.inter-system-cargo-link=Intersystem-Frachtlink; term.cargo-link=Frachtlink","Intersystem-Frachtlink","Systemübergreifende Frachtverbindung","SUBSTANTIVE","CODEX","Intersystem-Frachtlink","Codex chosen for “Inter-System Cargo Link” because it applies the row's approved terminology (term.inter-system-cargo-link=Intersystem-Frachtlink; term.cargo-link=Frachtlink) more faithfully in context; the DeepL alternative was not adopted."
"cargo.lockOrder","de-DE","Lock order","7502440CB9BF3D736CC75C78D7491D37DC186DA7164CA35F318B8F2D2FF6E851","Button that exits cargo-link reordering mode and prevents further reordering; “lock” is an ordering action, not security or login.","HIGH","","","glossary.lock-order=Reihenfolge sperren","Reihenfolge sperren","Reihenfolge sperren","IDENTICAL","AGREED","Reihenfolge sperren","Shared wording “Reihenfolge sperren” independently approved for “Lock order” in its button that exits cargo-link reordering mode and prevents further reordering; “lock” is a… role; meaning, terminology, and token safety were checked."
"cargo.pad.count","de-DE","{count} {count, plural, one {cargo link} other {cargo links}}","9A6DC79391FEDF484957800C0CEF991D69CA0091EFDEDEADB653ED9874EDE079","Cargo Link, destination, or export UI.","MEDIUM","count","","term.cargo-link=Frachtlink","{count} {count, plural, one {Frachtlink} other {Frachtlinks}}","{Anzahl} {Anzahl, Plural, eine {Frachtverbindung} weitere {Frachtverbindungen}}","INVALID_TOKENS","INVALID_DEEPL_REPAIRED","{count} {count, plural, one {Frachtlink} other {Frachtlinks}}","DeepL evidence is invalid because it translated or damaged the stable placeholder identifiers; the independently token-safe Codex wording was selected for “{count} {count, plural, one {cargo link} other {cargo links}}”, with exact placeholders and protected tokens restored."
"cargo.pad.emptyExports","de-DE","No exports","832A865AC1D9ED0631ADA7C0BA36E531E11412F822C15003C319882181948B6A","Cargo Link, destination, or export UI.","MEDIUM","","","","Keine Exporte","Keine Exporte","IDENTICAL","AGREED","Keine Exporte","Shared wording “Keine Exporte” independently approved for “No exports” in its cargo link, destination, or export ui. role; meaning, terminology, and token safety were checked."
"cargo.pad.linkType.interSystem","de-DE","Inter-System Cargo Link","DAD8480F89FA1500A3C89CD78F12984A6F3C58387856BC5DC6D3D3EE7719F6F1","Cargo Link, destination, or export UI.","MEDIUM","","","term.inter-system-cargo-link=Intersystem-Frachtlink; term.cargo-link=Frachtlink","Intersystem-Frachtlink","Systemübergreifende Frachtverbindung","SUBSTANTIVE","CODEX","Intersystem-Frachtlink","Codex chosen for “Inter-System Cargo Link” because it applies the row's approved terminology (term.inter-system-cargo-link=Intersystem-Frachtlink; term.cargo-link=Frachtlink) more faithfully in context; the DeepL alternative was not adopted."
"cargo.pad.linkType.standard","de-DE","Standard Cargo Link","37BFFE86EC5D5F97A6735C8489B407D60AA6C1E58876C32E1CFFE4A8A9C559E9","Cargo Link, destination, or export UI.","MEDIUM","","","term.cargo-link=Frachtlink","Standard Frachtlink","Standard-Frachtverbindung","SUBSTANTIVE","CUSTOM","Standard-Frachtlink","Custom wording used for “Standard Cargo Link” because neither candidate combined natural German grammar with all approved terminology (term.cargo-link=Frachtlink); final wording “Standard-Frachtlink” was checked independently."
"cargo.pad.linkedTo","de-DE","Linked to {outpost}","9B270A455E565319B43E4DCD3BD021F3EF43E7A91110BEE4014BADFE3B886E58","Cargo Link, destination, or export UI.","MEDIUM","outpost","","term.outpost=Außenposten; glossary.destination=Ziel","Verbunden mit {outpost}","Verbunden mit {Außenposten}","INVALID_TOKENS","INVALID_DEEPL_REPAIRED","Verbunden mit {outpost}","DeepL evidence is invalid because it translated or damaged the stable placeholder identifiers; the independently token-safe Codex wording was selected for “Linked to {outpost}”, with exact placeholders and protected tokens restored."
"cargo.pad.noDestination","de-DE","Unlinked","1E690B5815BE5BF48D2EB8F1DA6D951667E1F4003ED8C3A1015989004358BF11","Cargo Link, destination, or export UI.","MEDIUM","","","glossary.destination=Ziel","Nicht verbunden","Nicht verknüpft","SUBSTANTIVE","CODEX","Nicht verbunden","Codex chosen for “Unlinked” because the Codex adjective agrees with the implied cargo-link noun and clearly means not connected; the DeepL alternative was not adopted."
"cargo.pad.noInboundCargo","de-DE","No inbound cargo","AAFB78702B148BC725669B35884D9E6EE22E98BB0EC65B38FB212CA412A7AE61","Cargo Link, destination, or export UI.","MEDIUM","","","","Keine eingehende Fracht","Keine eingehende Fracht","IDENTICAL","AGREED","Keine eingehende Fracht","Shared wording “Keine eingehende Fracht” independently approved for “No inbound cargo” in its cargo link, destination, or export ui. role; meaning, terminology, and token safety were checked."
"cargo.pad.noOutboundCargo","de-DE","No outbound cargo","AA0E00F725DDC52B23BCECAAE97C2AE9B03099E23AF8C81FA0EA96D3F46C6505","Cargo Link, destination, or export UI.","MEDIUM","","","","Keine ausgehende Fracht","Keine ausgehende Fracht","IDENTICAL","AGREED","Keine ausgehende Fracht","Shared wording “Keine ausgehende Fracht” independently approved for “No outbound cargo” in its cargo link, destination, or export ui. role; meaning, terminology, and token safety were checked."
"cargo.pad.remove","de-DE","Remove {pad}","9FD22A4B7B210E0D60CA99E2F566705EC366AF0C1D7405DCD560BF5DB1259A74","Cargo Link, destination, or export UI.","MEDIUM","pad","","","Entfernen {pad}","{Pad} entfernen","INVALID_TOKENS","INVALID_DEEPL_REPAIRED","{pad} entfernen","DeepL evidence is invalid because it translated or damaged the stable placeholder identifiers; the wording was repaired or replaced editorially for “Remove {pad}”, with exact placeholders and protected tokens restored."
"cargo.pad.semanticSummary","de-DE","Destination {destination}. Outbound: {outbound}. Inbound: {inbound}. {linkType}.","A8FD06193EC26210033876EDCA16BDBA192077C57A765A1B0A8166E5750C635F","Cargo Link, destination, or export UI.","HIGH","destination; inbound; linkType; outbound","","glossary.destination=Ziel","Ziel: {destination}. Ausgehend: {outbound}. Eingehend: {inbound}. {linkType}.","Zielort {destination}. Ausgehend: {outbound}. Eingehend: {inbound}. {linkType}.","SUBSTANTIVE","CODEX","Ziel: {destination}. Ausgehend: {outbound}. Eingehend: {inbound}. {linkType}.","Codex chosen for “Destination {destination}. Outbound: {outbound}. Inbound: {inbound}. {linkType}.” because the final uses unambiguous labels for destination, outbound items, and inbound items in the accessibility summary; the DeepL alternative was not adopted."
"cargo.pad.summary","de-DE","Cargo Link {ordinal}","EFB845F6ED747B80EB2821A9912CDC967497F7C7C6466595AABF814F4A25EFC6","Cargo Link, destination, or export UI.","MEDIUM","ordinal","","term.cargo-link=Frachtlink","Frachtlink {ordinal}","Frachtverbindung {ordinal}","SUBSTANTIVE","CODEX","Frachtlink {ordinal}","Codex chosen for “Cargo Link {ordinal}” because it applies the row's approved terminology (term.cargo-link=Frachtlink) more faithfully in context; the DeepL alternative was not adopted."
"cargo.remove","de-DE","Remove","C3812FC4ACB861D5182FC2B8155F327F736FBE5E5EB86A7BD7AFCB6DC5497282","Cargo Link, destination, or export UI.","MEDIUM","","","","Entfernen","Entfernen","IDENTICAL","AGREED","Entfernen","Shared wording “Entfernen” independently approved for “Remove” in its cargo link, destination, or export ui. role; meaning, terminology, and token safety were checked."
"cargo.reshuffle","de-DE","Reshuffle cargo links","E0A5AB1F1B266318FE16026151B449CE54535894A23C69CC4C3CA45570372E30","Cargo Link, destination, or export UI.","MEDIUM","","","term.cargo-link=Frachtlink; glossary.reshuffle=Neu anordnen","Neu anordnen Frachtlinks","Frachtverbindungen neu anordnen","SUBSTANTIVE","CUSTOM","Frachtlinks neu anordnen","Custom wording used for “Reshuffle cargo links” because neither candidate combined natural German grammar with all approved terminology (term.cargo-link=Frachtlink); final wording “Frachtlinks neu anordnen” was checked independently."
"cargo.reshuffleButton","de-DE","Reshuffle","24AB205A02FFFE0FE0223DC041BE048135351B78CAE94C04C035FCA9BCEA8BD8","Button that enters manual cargo-link reordering mode; it does not randomize the order.","HIGH","","","glossary.reshuffle=Neu anordnen","Neu anordnen","Neu anordnen","IDENTICAL","AGREED","Neu anordnen","Shared wording “Neu anordnen” independently approved for “Reshuffle” in its button that enters manual cargo-link reordering mode; it does not randomize the order. role; meaning, terminology, and token safety were checked."
"character.level","de-DE","Level","1709305C9FA966D14F56F0DA3C3614BBC10ADCF53D72F90341BB96D24AFCFCA3","Character details field or Starfield skill label.","LOW","","","","Stufe","Stufe","IDENTICAL","AGREED","Stufe","Shared wording “Stufe” independently approved for “Level” in its character details field or starfield skill label. role; meaning, terminology, and token safety were checked."
"character.level.rejectedEmpty","de-DE","Invalid level. Previous value restored. Enter a level from 1 to 999.","BDEB729B08E505155C537651FFB36F2AB266DABE7B1358C25CBFFD149F771CA4","Character details field or Starfield skill label.","LOW","","","","Ungültige Stufe. Der vorherige Wert wurde wiederhergestellt. Gib eine Stufe zwischen 1 und 999 ein.","Ungültige Stufe. Vorheriger Wert wiederhergestellt. Gib eine Stufe zwischen 1 und 999 ein.","SUBSTANTIVE","CODEX","Ungültige Stufe. Der vorherige Wert wurde wiederhergestellt. Gib eine Stufe zwischen 1 und 999 ein.","Codex chosen for “Invalid level. Previous value restored. Enter a level from 1 to 999.” because the Codex wording explicitly states that the previous value was restored and keeps the established direct-address voice; the DeepL alternative was not adopted."
"character.level.rejectedRestored","de-DE","Invalid level. Restored to {value}. Enter a level from 1 to 999.","B40532B6F8E6F20DB8FD5DAF994D9D07DD9FEA96A4FC445761C35D242F5E2A34","Character details field or Starfield skill label.","LOW","value","","","Ungültige Stufe. {value} wurde wiederhergestellt. Gib eine Stufe zwischen 1 und 999 ein.","Ungültige Stufe. Auf {Wert} zurückgesetzt. Gib eine Stufe zwischen 1 und 999 ein.","INVALID_TOKENS","INVALID_DEEPL_REPAIRED","Ungültige Stufe. Auf {value} zurückgesetzt. Gib eine Stufe zwischen 1 und 999 ein.","DeepL evidence is invalid because it translated or damaged the stable placeholder identifiers; the wording was repaired or replaced editorially for “Invalid level. Restored to {value}. Enter a level from 1 to 999.”, with exact placeholders and protected tokens restored."
"character.name","de-DE","Character","1405A63E8A78B85C1B035B3C5277E3CC39FA98621C110BC522C85547D8AFAB1A","Character details field or Starfield skill label.","LOW","","","","Charakter","Charakter","IDENTICAL","AGREED","Charakter","Shared wording “Charakter” independently approved for “Character” in its character details field or starfield skill label. role; meaning, terminology, and token safety were checked."
"character.skill.outpostEngineering","de-DE","Outpost Engineering","19B32438AE32FD11528B4BBFB3C1D8ED87226BEF897CAD12F3CD9568427BFFEE","Character details field or Starfield skill label.","LOW","","","term.outpost=Außenposten; skill.outpost-engineering=Außenposten-Technik","Außenposten-Technik","Außenposten-Technik","IDENTICAL","AGREED","Außenposten-Technik","Shared wording “Außenposten-Technik” independently approved for “Outpost Engineering” in its character details field or starfield skill label. role; meaning, terminology, and token safety were checked."
"character.skill.outpostManagement","de-DE","Outpost Management","A58D0772E0598F067CC037FC206CE9FE005398D2505F7084E015C455B23D81A3","Character details field or Starfield skill label.","LOW","","","term.outpost=Außenposten; skill.outpost-management=Außenposten-Verwaltung","Außenposten-Verwaltung","Außenpostenverwaltung","SUBSTANTIVE","CODEX","Außenposten-Verwaltung","Codex chosen for “Outpost Management” because it applies the row's approved terminology (skill.outpost-management=Außenposten-Verwaltung; term.outpost=Außenposten) more faithfully in context; the DeepL alternative was not adopted."
"character.skill.planetaryHabitation","de-DE","Planetary Habitation","3913EC7627467F60C60459292711D981A72B4A06F40562C4267989A25FD6E55C","Character details field or Starfield skill label.","LOW","","","skill.planetary-habitation=Planetenbesiedlung","Planetenbesiedlung","Planetarische Besiedlung","SUBSTANTIVE","CODEX","Planetenbesiedlung","Codex chosen for “Planetary Habitation” because it applies the row's approved terminology (skill.planetary-habitation=Planetenbesiedlung) more faithfully in context; the DeepL alternative was not adopted."
"character.skill.researchMethods","de-DE","Research Methods","3D3F20B68B19BC1402226BFB8BF596BAFF6A66CDC5FC89F0D7F8F42CB5A8850A","Character details field or Starfield skill label.","LOW","","","skill.research-methods=Forschungsmethoden","Forschungsmethoden","Forschungsmethoden","IDENTICAL","AGREED","Forschungsmethoden","Shared wording “Forschungsmethoden” independently approved for “Research Methods” in its character details field or starfield skill label. role; meaning, terminology, and token safety were checked."
"character.skill.specialProjects","de-DE","Special Projects","DD0B829F63D765DE8A7C303E0B5C3C3A11F0D6CEDB1AE54268B6373FA0869C0C","Character details field or Starfield skill label.","LOW","","","skill.special-projects=Spezialprojekte","Spezialprojekte","Sonderprojekte","SUBSTANTIVE","CODEX","Spezialprojekte","Codex chosen for “Special Projects” because it applies the row's approved terminology (skill.special-projects=Spezialprojekte) more faithfully in context; the DeepL alternative was not adopted."
"character.skillRank.rejectedEmpty","de-DE","Invalid rank. Previous value restored. Enter a rank from 0 to 4.","80B7EA62FF82C306ABC8F9CFDFE0F0B5B4402943FB259F48F37AB5FE57C5622D","Character details field or Starfield skill label.","LOW","","","","Ungültiger Rang. Der vorherige Wert wurde wiederhergestellt. Gib einen Rang zwischen 0 und 4 ein.","Ungültiger Rang. Vorheriger Wert wiederhergestellt. Geben Sie einen Rang zwischen 0 und 4 ein.","SUBSTANTIVE","CODEX","Ungültiger Rang. Der vorherige Wert wurde wiederhergestellt. Gib einen Rang zwischen 0 und 4 ein.","Codex chosen for “Invalid rank. Previous value restored. Enter a rank from 0 to 4.” because the Codex wording explicitly states that the previous value was restored and keeps the established direct-address voice; the DeepL alternative was not adopted."
"character.skillRank.rejectedRestored","de-DE","Invalid rank. Restored to {value}. Enter a rank from 0 to 4.","CB679CAFE2CD502C03EF32A1B042F11037CA7AEC55E96FF1EF292907E57319D0","Character details field or Starfield skill label.","LOW","value","","","Ungültiger Rang. {value} wurde wiederhergestellt. Gib einen Rang zwischen 0 und 4 ein.","Ungültiger Rang. Auf {Wert} zurückgesetzt. Geben Sie einen Rang zwischen 0 und 4 ein.","INVALID_TOKENS","INVALID_DEEPL_REPAIRED","Ungültiger Rang. Auf {value} zurückgesetzt. Geben Sie einen Rang zwischen 0 und 4 ein.","DeepL evidence is invalid because it translated or damaged the stable placeholder identifiers; the wording was repaired or replaced editorially for “Invalid rank. Restored to {value}. Enter a rank from 0 to 4.”, with exact placeholders and protected tokens restored."
"common.about","de-DE","About","4EFCA0D10C5FEB8E9B35EB1D994F2905BB71714E6A271F511D713B539EA5FAA1","Shared visible or accessible UI action.","LOW","","","","Information","Über","SUBSTANTIVE","DEEPL","Über","DeepL chosen for “About” because it gives the clearer complete German rendering for the shared visible or accessible ui action. role; the Codex draft is more literal or incomplete."
"common.add","de-DE","+ Add","C007258C23B0C011FB7751C141B02F926CF3DAAED1BF1B5AD2630166FBD7ACDB","Shared visible or accessible UI action.","LOW","","","","+ Hinzufügen","+ Hinzufügen","IDENTICAL","AGREED","+ Hinzufügen","Shared wording “+ Hinzufügen” independently approved for “+ Add” in its shared visible or accessible ui action. role; meaning, terminology, and token safety were checked."
"common.cancel","de-DE","Cancel","19766ED6CCB2F4A32778EED80D1928D2C87A18D7C275CCB163EC6709D3EB2E27","Shared visible or accessible UI action.","LOW","","","","Abbrechen","Abbrechen","IDENTICAL","AGREED","Abbrechen","Shared wording “Abbrechen” independently approved for “Cancel” in its shared visible or accessible ui action. role; meaning, terminology, and token safety were checked."
"common.cancel.lower","de-DE","cancel","2374D91794B79F4FB4EC9587D2CF00AECC4F9953FAB3ED1DD12AB147A0B721F9","Shared visible or accessible UI action.","LOW","","","","abbrechen","Abbrechen","SUBSTANTIVE","DEEPL","Abbrechen","DeepL chosen for “cancel” because it gives the clearer complete German rendering for the shared visible or accessible ui action. role; the Codex draft is more literal or incomplete."
"common.close","de-DE","Close","7D9EB7ACB13E24625C404401D8E88B2350E32162455885F18276CF802F7701ED","Shared visible or accessible UI action.","LOW","","","","Schließen","Schließen","IDENTICAL","AGREED","Schließen","Shared wording “Schließen” independently approved for “Close” in its shared visible or accessible ui action. role; meaning, terminology, and token safety were checked."
"common.collapseItem","de-DE","Collapse {item}","BF6FAF0BEE16AF0AB30A12FB946BC8EE9DAEBCEF91215A311C56FDEDF1110FE6","Shared visible or accessible UI action.","LOW","item","","","Reduzieren {item}","{Element} ausblenden","INVALID_TOKENS","INVALID_DEEPL_REPAIRED","{item} ausblenden","DeepL evidence is invalid because it translated or damaged the stable placeholder identifiers; the wording was repaired or replaced editorially for “Collapse {item}”, with exact placeholders and protected tokens restored."
"common.dragToReorder","de-DE","Drag {item} to reorder","EC1FB0D17C7786E584A4058C2615E2FC72DB167628A213FD87B7876A9923B29A","Shared visible or accessible UI action.","LOW","item","","","Ziehen {item} to reorder","Ziehe {Element}, um die Reihenfolge zu ändern","INVALID_TOKENS","INVALID_DEEPL_REPAIRED","Ziehe {item}, um die Reihenfolge zu ändern","DeepL evidence is invalid because it translated or damaged the stable placeholder identifiers; the wording was repaired or replaced editorially for “Drag {item} to reorder”, with exact placeholders and protected tokens restored."
"common.edit","de-DE","edit","262121C5372BE8AF3AE6FF0D3D138D9E6E1249335222C7F0E02535E35073BB0B","Shared visible or accessible UI action.","LOW","","","","bearbeiten","Bearbeiten","SUBSTANTIVE","DEEPL","Bearbeiten","DeepL chosen for “edit” because it gives the clearer complete German rendering for the shared visible or accessible ui action. role; the Codex draft is more literal or incomplete."
"common.expandItem","de-DE","Expand {item}","71095F43C84CE024864DF4D831022C695F5245837BB3C2980944C62FDECB82D3","Shared visible or accessible UI action.","LOW","item","","","Erweitern {item}","{Element} erweitern","INVALID_TOKENS","INVALID_DEEPL_REPAIRED","{item} erweitern","DeepL evidence is invalid because it translated or damaged the stable placeholder identifiers; the wording was repaired or replaced editorially for “Expand {item}”, with exact placeholders and protected tokens restored."
"common.help","de-DE","Help","B79CAC926E0B2E347E72CC91D5174037C9E17AE7733FD7BDB570F71B10CD7BFC","Shared visible or accessible UI action.","LOW","","","","Hilfe","Hilfe","IDENTICAL","AGREED","Hilfe","Shared wording “Hilfe” independently approved for “Help” in its shared visible or accessible ui action. role; meaning, terminology, and token safety were checked."
"common.moveDown","de-DE","Move {item} down","28EAD9D3C31C004FA025649ED35F6F211E2196D6F0B2687D36C7306ACE5DD6F8","Shared visible or accessible UI action.","LOW","item","","","Verschieben {item} down","{Element} nach unten verschieben","INVALID_TOKENS","INVALID_DEEPL_REPAIRED","{item} nach unten verschieben","DeepL evidence is invalid because it translated or damaged the stable placeholder identifiers; the wording was repaired or replaced editorially for “Move {item} down”, with exact placeholders and protected tokens restored."
"common.moveUp","de-DE","Move {item} up","309715D5ABC4A5809F1D97EF0A26EED13CC4B3879E4AD02F5E928F66B52AEA24","Shared visible or accessible UI action.","LOW","item","","","Verschieben {item} up","{Element} nach oben verschieben","INVALID_TOKENS","INVALID_DEEPL_REPAIRED","{item} nach oben verschieben","DeepL evidence is invalid because it translated or damaged the stable placeholder identifiers; the wording was repaired or replaced editorially for “Move {item} up”, with exact placeholders and protected tokens restored."
"common.removeItem","de-DE","Remove {item}","C0CB17362DDA768865C711B4460785556EB374DEC3D9B97A21485F558716FDD9","Shared visible or accessible UI action.","LOW","item","","","Entfernen {item}","{Element} entfernen","INVALID_TOKENS","INVALID_DEEPL_REPAIRED","{item} entfernen","DeepL evidence is invalid because it translated or damaged the stable placeholder identifiers; the wording was repaired or replaced editorially for “Remove {item}”, with exact placeholders and protected tokens restored."
"common.save","de-DE","save","157DCA92E4250458339D4B835250D44C238F3355E1B7986195188EE434E9BAFF","Shared visible or accessible UI action.","LOW","","","","speichern","Speichern","SUBSTANTIVE","DEEPL","Speichern","DeepL chosen for “save” because it gives the clearer complete German rendering for the shared visible or accessible ui action. role; the Codex draft is more literal or incomplete."
"help.biomes","de-DE","Selected biomes limit inorganic resource availability to resources that can occur in those biomes.","386453983957C7E075D5FCFA61B432C4A83E9299DB3723C0B82B74E2C754F9C0","Contextual help, tooltip, or explanatory guidance.","HIGH","","","term.biome=Biom","Die ausgewählten Biome beschränken die Verfügbarkeit anorganischer Ressourcen auf Ressourcen, die dort vorkommen können.","","MISSING","CODEX","Die ausgewählten Biome beschränken die Verfügbarkeit anorganischer Ressourcen auf Ressourcen, die dort vorkommen können.","Planet-level organic farming semantics were reviewed for this correction; prior biome-bound source evidence is intentionally retired."
"help.contextLabel","de-DE","Help for {context}","2305D35987B5CA25ED9BE3778B9BEBD0839ED05B57FC7B9AA1AE16EE7C8232C3","Contextual help, tooltip, or explanatory guidance.","HIGH","context","","","Hilfe for {context}","Hilfe zu {Kontext}","INVALID_TOKENS","INVALID_DEEPL_REPAIRED","Hilfe zu {context}","DeepL evidence is invalid because it translated or damaged the stable placeholder identifiers; the wording was repaired or replaced editorially for “Help for {context}”, with exact placeholders and protected tokens restored."
"help.forContext","de-DE","Help for {context}","2305D35987B5CA25ED9BE3778B9BEBD0839ED05B57FC7B9AA1AE16EE7C8232C3","Contextual help, tooltip, or explanatory guidance.","HIGH","context","","","Hilfe for {context}","Hilfe zu {Kontext}","INVALID_TOKENS","INVALID_DEEPL_REPAIRED","Hilfe zu {context}","DeepL evidence is invalid because it translated or damaged the stable placeholder identifiers; the wording was repaired or replaced editorially for “Help for {context}”, with exact placeholders and protected tokens restored."
"help.inorganicPresentPossible","de-DE","{resource} may be present at this outpost.","7A19C93E01E0E0F539BDAF043D2BAD406A1C2A5F84AE2D7D0C584433E5F19E20","Contextual help, tooltip, or explanatory guidance.","HIGH","resource","","term.outpost=Außenposten; glossary.present=Vorhanden","{resource} may be present at this Außenposten.","{Ressource} ist möglicherweise an diesem Außenposten vorhanden.","INVALID_TOKENS","INVALID_DEEPL_REPAIRED","{resource} ist möglicherweise an diesem Außenposten vorhanden.","DeepL evidence is invalid because it translated or damaged the stable placeholder identifiers; the wording was repaired or replaced editorially for “{resource} may be present at this outpost.”, with exact placeholders and protected tokens restored."
"help.inorganicPresentRecorded","de-DE","{resource} is recorded as present at this outpost.","5433476C752DD4838F551A5F46C13FD312C09B6D942EAB5E8DB76CC58CF48A5B","Contextual help, tooltip, or explanatory guidance.","HIGH","resource","","term.outpost=Außenposten; glossary.present=Vorhanden","{resource} is erfasst as present at this Außenposten.","{Ressource} ist an diesem Außenposten als vorhanden verzeichnet.","INVALID_TOKENS","INVALID_DEEPL_REPAIRED","{resource} ist an diesem Außenposten als vorhanden verzeichnet.","DeepL evidence is invalid because it translated or damaged the stable placeholder identifiers; the wording was repaired or replaced editorially for “{resource} is recorded as present at this outpost.”, with exact placeholders and protected tokens restored."
"help.interSystem","de-DE","Inter-System Cargo Links can connect outposts in different star systems and require Helium-3.","839122CE4B7D22320D6B55D17FC1A1B44D8E7EF980015E244A88E6C3DA9EA8E5","Contextual help, tooltip, or explanatory guidance.","HIGH","","","term.inter-system-cargo-link=Intersystem-Frachtlink; term.cargo-link=Frachtlink; term.outpost=Außenposten; term.star-system=Sternsystem","Intersystem-Frachtlinks can connect Außenposten in different star systems and require Helium-3.","Systemübergreifende Frachtverbindungen können Außenposten in verschiedenen Sternensystemen miteinander verbinden und erfordern Helium-3.","SUBSTANTIVE","CUSTOM","Intersystem-Frachtlinks können Außenposten in verschiedenen Sternsystemen verbinden und benötigen He-3.","Custom wording used for “Inter-System Cargo Links can connect outposts in different star systems and require Heliu…” because neither candidate combined natural German grammar with all approved terminology (term.inter-system-cargo-link=Intersystem-Frachtlink; term.cargo-link=Frachtlink; term.outpost=Außenposten); final wording “Intersystem-Frachtlinks können Außenposten in verschiedenen Sternsystemen verbinden und b…” was checked independently."
"help.logistics","de-DE","Items currently assigned to cargo links are displayed here.","9AACF81A4429C8A3204D369D51D6C7415852888BC9345C9FF418364A0E6F20A3","Contextual help, tooltip, or explanatory guidance.","HIGH","","","term.cargo-link=Frachtlink; glossary.logistics=Logistik","Elemente, die derzeit Frachtlinks zugewiesen sind, werden hier angezeigt.","Hier werden die Gegenstände angezeigt, die derzeit den Frachtverbindungen zugewiesen sind.","SUBSTANTIVE","CUSTOM","Hier werden die Gegenstände angezeigt, die derzeit den Frachtlinks zugewiesen sind.","Custom wording used for “Items currently assigned to cargo links are displayed here.” because neither candidate combined natural German grammar with all approved terminology (term.cargo-link=Frachtlink); final wording “Hier werden die Gegenstände angezeigt, die derzeit den Frachtlinks zugewiesen sind.” was checked independently."
"help.organic.availableBiome","de-DE","{resource} is available from a domesticable species on this planet.","800288FB8556213CA1A000007CD9B7A9ED0A679F2F4CF3F485FA0E43F812EDF4","Contextual help, tooltip, or explanatory guidance.","HIGH","resource","","term.planet=Planet","{resource} ist von einer domestizierbaren Spezies auf diesem Planeten erhältlich.","","MISSING","CODEX","{resource} ist von einer domestizierbaren Spezies auf diesem Planeten erhältlich.","Planet-level organic farming semantics were reviewed for this correction; prior biome-bound source evidence is intentionally retired."
"help.organic.availableBiomes","de-DE","{resource} is available from a domesticable species on this planet.","800288FB8556213CA1A000007CD9B7A9ED0A679F2F4CF3F485FA0E43F812EDF4","Contextual help, tooltip, or explanatory guidance.","HIGH","resource","","term.planet=Planet","{resource} ist von einer domestizierbaren Spezies auf diesem Planeten erhältlich.","","MISSING","CODEX","{resource} ist von einer domestizierbaren Spezies auf diesem Planeten erhältlich.","Planet-level organic farming semantics were reviewed for this correction; prior biome-bound source evidence is intentionally retired."
"help.organic.availablePlanet","de-DE","{resource} is available from a domesticable species on this planet.","800288FB8556213CA1A000007CD9B7A9ED0A679F2F4CF3F485FA0E43F812EDF4","Contextual help, tooltip, or explanatory guidance.","HIGH","resource","","term.planet=Planet","{resource} ist von einer domestizierbaren Spezies auf diesem Planeten erhältlich.","","MISSING","CODEX","{resource} ist von einer domestizierbaren Spezies auf diesem Planeten erhältlich.","Planet-level organic farming semantics were reviewed for this correction; prior biome-bound source evidence is intentionally retired."
"help.organic.availableSelectedBiome","de-DE","{resource} is available from a domesticable species on this planet.","800288FB8556213CA1A000007CD9B7A9ED0A679F2F4CF3F485FA0E43F812EDF4","Contextual help, tooltip, or explanatory guidance.","HIGH","resource","","term.planet=Planet","{resource} ist von einer domestizierbaren Spezies auf diesem Planeten erhältlich.","","MISSING","CODEX","{resource} ist von einer domestizierbaren Spezies auf diesem Planeten erhältlich.","Planet-level organic farming semantics were reviewed for this correction; prior biome-bound source evidence is intentionally retired."
"help.organic.unavailableBiome","de-DE","{resource} is not available from this domesticable species on this planet.","62532143EA01F6A47D6146772E4EC2B1AC5AEE3776D976EC7AA0DEC13AFB33CE","Contextual help, tooltip, or explanatory guidance.","HIGH","resource","","term.planet=Planet","{resource} ist von dieser domestizierbaren Spezies auf diesem Planeten nicht verfügbar.","","MISSING","CODEX","{resource} ist von dieser domestizierbaren Spezies auf diesem Planeten nicht verfügbar.","Planet-level organic farming semantics were reviewed for this correction; prior biome-bound source evidence is intentionally retired."
"help.organic.unavailableBiomes","de-DE","{resource} is not available from this domesticable species on this planet.","62532143EA01F6A47D6146772E4EC2B1AC5AEE3776D976EC7AA0DEC13AFB33CE","Contextual help, tooltip, or explanatory guidance.","HIGH","resource","","term.planet=Planet","{resource} ist von dieser domestizierbaren Spezies auf diesem Planeten nicht verfügbar.","","MISSING","CODEX","{resource} ist von dieser domestizierbaren Spezies auf diesem Planeten nicht verfügbar.","Planet-level organic farming semantics were reviewed for this correction; prior biome-bound source evidence is intentionally retired."
"help.organic.unavailablePlanet","de-DE","{resource} is not available from this domesticable species on this planet.","62532143EA01F6A47D6146772E4EC2B1AC5AEE3776D976EC7AA0DEC13AFB33CE","Contextual help, tooltip, or explanatory guidance.","HIGH","resource","","term.planet=Planet","{resource} ist von dieser domestizierbaren Spezies auf diesem Planeten nicht verfügbar.","","MISSING","CODEX","{resource} ist von dieser domestizierbaren Spezies auf diesem Planeten nicht verfügbar.","Planet-level organic farming semantics were reviewed for this correction; prior biome-bound source evidence is intentionally retired."
"help.plannedSupply","de-DE","Selected items act as placeholders until local or imported supply is established.","CAFFBA1914AB60D9E102CB58E0FE0B10E353579F43CB8BB67FB90AE5A8468DCE","Contextual help, tooltip, or explanatory guidance.","HIGH","","","","Ausgewählte Elemente dienen als Platzhalter, bis eine lokale oder importierte Versorgung eingerichtet ist.","Ausgewählte Gegenstände dienen als Platzhalter, bis eine lokale oder importierte Versorgung eingerichtet ist.","SUBSTANTIVE","CODEX","Ausgewählte Elemente dienen als Platzhalter, bis eine lokale oder importierte Versorgung eingerichtet ist.","Codex chosen for “Selected items act as placeholders until local or imported supply is established.” because the Codex wording better conveys temporary planning markers, not substitute physical stock; the DeepL alternative was not adopted."
"help.present","de-DE","Shows whether a resource can be present at this outpost.","2D44B13D06D4C5D9586131A1C16DB22686334E21758E9EF6EB8B045DD15E34CE","Contextual help, tooltip, or explanatory guidance.","HIGH","","","term.outpost=Außenposten; glossary.present=Vorhanden","Zeigt, ob eine Ressource an diesem Außenposten vorhanden sein kann.","Zeigt an, ob eine Ressource an diesem Außenposten vorhanden sein kann.","SUBSTANTIVE","DEEPL","Zeigt an, ob eine Ressource an diesem Außenposten vorhanden sein kann.","DeepL chosen for “Shows whether a resource can be present at this outpost.” because it gives the more natural complete German sentence while satisfying term.outpost=Außenposten."
"help.producing","de-DE","Shows whether this outpost is currently set to produce the resource or product.","29DCDE55AD1D0CD4D37C40CF36C7B456875A6C5B7140B102FABFB09C0F0AABC7","Contextual help, tooltip, or explanatory guidance.","HIGH","","","term.outpost=Außenposten; glossary.producing=In Produktion","Zeigt, ob dieser Außenposten derzeit für die Produktion der Ressource oder des Produkts konfiguriert ist.","Zeigt an, ob dieser Außenposten derzeit auf die Produktion der Ressource oder des Produkts eingestellt ist.","SUBSTANTIVE","DEEPL","Zeigt an, ob dieser Außenposten derzeit auf die Produktion der Ressource oder des Produkts eingestellt ist.","DeepL chosen for “Shows whether this outpost is currently set to produce the resource or product.” because it gives the more natural complete German sentence while satisfying term.outpost=Außenposten."
"help.validation","de-DE","Errors identify invalid states, warnings identify incomplete or inconsistent states, and info highlights useful follow-up items.","789745A39ED1260E4E0F45198AA483207C2B651ED1DDF801C4077D03D1FD3FE4","Contextual help, tooltip, or explanatory guidance.","HIGH","","","glossary.validation-error=Fehler; glossary.validation-warning=Warnung; glossary.validation-info=Information","Fehler kennzeichnen ungültige Zustände, Warnungen unvollständige oder inkonsistente Zustände und Informationen nützliche Folgeschritte.","Fehler weisen auf ungültige Zustände hin, Warnungen auf unvollständige oder inkonsistente Zustände und Informationen heben nützliche Folgemaßnahmen hervor.","SUBSTANTIVE","CODEX","Fehler kennzeichnen ungültige Zustände, Warnungen unvollständige oder inkonsistente Zustände und Informationen nützliche Folgeschritte.","Codex chosen for “Errors identify invalid states, warnings identify incomplete or inconsistent states, and …” because the Codex wording keeps the error, warning, and informational roles distinct and concise; the DeepL alternative was not adopted."
"history.addBiome","de-DE","Add biome selection for {outpost}","893FBD42D6863BBAA9AD361602DFACB90A7E9E91C64ADF3AD34E922E34081731","Relocalizable Undo/Redo action description.","MEDIUM","outpost","","term.outpost=Außenposten; term.biome=Biom","Hinzufügen biome selection for {outpost}","Biomauswahl für {Außenposten} hinzufügen","INVALID_TOKENS","INVALID_DEEPL_REPAIRED","Biomauswahl für {outpost} hinzufügen","DeepL evidence is invalid because it translated or damaged the stable placeholder identifiers; the wording was repaired or replaced editorially for “Add biome selection for {outpost}”, with exact placeholders and protected tokens restored."
"history.addCargoPad","de-DE","Add {outpost} / {pad}","416B79340A29487BC0F3C9C6D7675C5D6969D3347B5826DBD8F0FD415399FDBC","Relocalizable Undo/Redo action description.","HIGH","outpost; pad","","term.outpost=Außenposten","Hinzufügen {outpost} / {pad}","{Außenposten} / {Landeplatz} hinzufügen","INVALID_TOKENS","INVALID_DEEPL_REPAIRED","{outpost} / {pad} hinzufügen","DeepL evidence is invalid because it translated or damaged the stable placeholder identifiers; the wording was repaired or replaced editorially for “Add {outpost} / {pad}”, with exact placeholders and protected tokens restored."
"history.addExplicitResource","de-DE","Add explicit resource {resource} to {outpost}","EB0C15D35B7EEA055EBD46086D374FED5D3BD2D8461A1BA3CBD5DCCF5F65B798","Relocalizable Undo/Redo action description.","HIGH","outpost; resource","","term.outpost=Außenposten","Hinzufügen explicit Ressource {resource} to {outpost}","Füge die Ressource {resource} explizit zum {outpost} hinzu","SUBSTANTIVE","DEEPL","Füge die Ressource {resource} explizit zum {outpost} hinzu","DeepL chosen for “Add explicit resource {resource} to {outpost}” because it gives the more natural complete German sentence while satisfying term.outpost=Außenposten."
"history.addExport","de-DE","Add export {item} to {outpost} / {pad}","8BF72E540F447BEE04AB301D6FABBC89D0547E89B3BB831228853173EEE1DBD1","Relocalizable Undo/Redo action description.","HIGH","item; outpost; pad","","term.outpost=Außenposten","Hinzufügen export {item} to {outpost} / {pad}","Export von {item} zu {Außenposten} / {Landeplatz} hinzufügen","INVALID_TOKENS","INVALID_DEEPL_REPAIRED","Export von {item} zu {outpost} / {pad} hinzufügen","DeepL evidence is invalid because it translated or damaged the stable placeholder identifiers; the wording was repaired or replaced editorially for “Add export {item} to {outpost} / {pad}”, with exact placeholders and protected tokens restored."
"history.addLocalResource","de-DE","Add local resource {resource} to {outpost}","1A568B9382CE83A903BF161A3A89A3B665BCFC58BECD028E0FE8C3CA285714EA","Relocalizable Undo/Redo action description.","HIGH","outpost; resource","","term.outpost=Außenposten","Hinzufügen local Ressource {resource} to {outpost}","Lokale Ressource {resource} zu {outpost} hinzufügen","SUBSTANTIVE","DEEPL","Lokale Ressource {resource} zu {outpost} hinzufügen","DeepL chosen for “Add local resource {resource} to {outpost}” because it gives the more natural complete German sentence while satisfying term.outpost=Außenposten."
"history.addNetwork","de-DE","Add network","0B6A12F5D7070417ADA9474DD5F213744693BC727D2504C94C2D8055A0826A84","Relocalizable Undo/Redo action description.","MEDIUM","","","glossary.network=Netzwerk","Hinzufügen Netzwerk","Netzwerk hinzufügen","SUBSTANTIVE","DEEPL","Netzwerk hinzufügen","DeepL chosen for “Add network” because it gives the clearer complete German rendering for the relocalizable undo/redo action description. role; the Codex draft is more literal or incomplete."
"history.addOutpost","de-DE","Add outpost","E918451B6D2EC69126402B9C3D175CBCF5114A80163A34073D64D10FE29E5D0A","Relocalizable Undo/Redo action description.","MEDIUM","","","term.outpost=Außenposten","Außenposten hinzufügen","Außenposten hinzufügen","IDENTICAL","AGREED","Außenposten hinzufügen","Shared wording “Außenposten hinzufügen” independently approved for “Add outpost” in its relocalizable undo/redo action description. role; meaning, terminology, and token safety were checked."
"history.addPlannedSupply","de-DE","Add Planned Supply {item}","01C358D6681105870D2F96A2246E9D9AB36C48D17786F9CF4149585D613D4765","Relocalizable Undo/Redo action description.","MEDIUM","item","","glossary.planned-supply=Geplante Versorgung","Hinzufügen Geplante Versorgung {item}","Geplante Lieferung {item} hinzufügen","SUBSTANTIVE","CUSTOM","Geplante Versorgung {item} hinzufügen","Custom wording used for “Add Planned Supply {item}” because neither candidate combined natural German grammar with all approved terminology (glossary.planned-supply=Geplante Versorgung); final wording “Geplante Versorgung {item} hinzufügen” was checked independently."
"history.benchmark","de-DE","{label}","1F0B60B0B03A95C72373255490256B7384E30D23C62AB3477558ED6209C312AB","Relocalizable Undo/Redo action description.","MEDIUM","label","","","{label}","{label}","IDENTICAL","AGREED","{label}","Shared wording “{label}” independently approved for “{label}” in its relocalizable undo/redo action description. role; meaning, terminology, and token safety were checked."
"history.changeBody","de-DE","Change {outpost} body to {body}","E8CD919D877A72EB0730C959C5ADA078D7B1E61E118C01B0B0F941A009166594","Relocalizable Undo/Redo action description.","HIGH","body; outpost","","term.outpost=Außenposten; term.planetary-body=Himmelskörper","Ändern {outpost} body to {body}","Körper von {Außenposten} in {Körper} ändern","INVALID_TOKENS","INVALID_DEEPL_REPAIRED","Himmelskörper von {outpost} zu {body} ändern","DeepL evidence remains invalid because it damaged protected placeholders or tokens; the repaired final also follows the newly complete glossary constraint because the history action uses the inclusive planetary-body abstraction."
"history.changeCargoLink","de-DE","Change link for {localOutpost} / {localPad} to {remoteOutpost} / {remotePad}","108A2278E01EABCE4807854AAEFFA410B9EA645F0DDA2A6C0660D30F417DF617","Relocalizable Undo/Redo action description.","HIGH","localOutpost; localPad; remoteOutpost; remotePad","","","Ändern link for {localOutpost} / {localPad} to {remoteOutpost} / {remotePad}","Link für {localOutpost} / {localPad} in {remoteOutpost} / {remotePad} ändern","SUBSTANTIVE","DEEPL","Link für {localOutpost} / {localPad} in {remoteOutpost} / {remotePad} ändern","DeepL chosen for “Change link for {localOutpost} / {localPad} to {remoteOutpost} / {remotePad}” because it gives the more natural complete German sentence while satisfying term.outpost=Außenposten."
"history.changeCargoPadType","de-DE","Change {outpost} / {pad} to {type}","86065BEEC14B2BCDE4BF7F722D54A067C374AAEACE2FB0DD7123629A8F00604A","Relocalizable Undo/Redo action description.","HIGH","outpost; pad; type","","term.outpost=Außenposten","Ändern {outpost} / {pad} to {type}","{Außenposten} / {Pad} in {Typ} ändern","INVALID_TOKENS","INVALID_DEEPL_REPAIRED","{outpost} / {pad} in {type} ändern","DeepL evidence is invalid because it translated or damaged the stable placeholder identifiers; the wording was repaired or replaced editorially for “Change {outpost} / {pad} to {type}”, with exact placeholders and protected tokens restored."
"history.changeCharacterLevel","de-DE","Change character level from {previousLevel} to {level}","2C4695DE4208CE65326C97BB6474FA50C6BAB491933ECBEE2DF644BD98B55271","Relocalizable Undo/Redo action description.","HIGH","level; previousLevel","","","Ändern character Stufe from {previousLevel} to {level}","Charakterlevel von {previousLevel} in {level} ändern","SUBSTANTIVE","DEEPL","Charakterlevel von {previousLevel} in {level} ändern","DeepL chosen for “Change character level from {previousLevel} to {level}” because it gives the clearer complete German rendering for the relocalizable undo/redo action description. role; the Codex draft is more literal or incomplete."
"history.changeSkill","de-DE","Change {skill} from {previousRank} to {rank}","05B1667E5AEB74081B3E9764FB39D361EA2993FA87EBC8EFB7245BD6F929321E","Relocalizable Undo/Redo action description.","HIGH","previousRank; rank; skill","","","Ändern {skill} from {previousRank} to {rank}","Ändere {skill} von {previousRank} auf {rank}","SUBSTANTIVE","DEEPL","Ändere {skill} von {previousRank} auf {rank}","DeepL chosen for “Change {skill} from {previousRank} to {rank}” because it gives the clearer complete German rendering for the relocalizable undo/redo action description. role; the Codex draft is more literal or incomplete."
"history.changeSystem","de-DE","Change {outpost} system to {system}","434BE195B40DA835328B4169238A89FDE6CBFD1E8A050CB109C88FC287C9EE56","Relocalizable Undo/Redo action description.","HIGH","outpost; system","","term.outpost=Außenposten; term.star-system=Sternsystem","Ändern {outpost} system to {system}","Ändere das {outpost}-System in {system}","SUBSTANTIVE","CUSTOM","Sternsystem von {outpost} zu {system} ändern","Custom wording used because the history action names the full star-system concept; the competing wording contradicted or omitted the approved glossary sense."
"history.clearBody","de-DE","Clear body for {outpost}","9EE9E438B559F3E1D27076737BCFB1C7CCE220987BA38D8AFAB970C17F04BB50","Relocalizable Undo/Redo action description.","MEDIUM","outpost","","term.outpost=Außenposten; term.planetary-body=Himmelskörper","Leeren body for {outpost}","Text für {outpost} löschen","SUBSTANTIVE","CUSTOM","Himmelskörper für {outpost} löschen","Custom wording used because the history action uses the inclusive planetary-body abstraction; the competing wording contradicted or omitted the approved glossary sense."
"history.clearCharacterLevel","de-DE","Clear character level","53C89A49BC93F1FD145A2A8A7BCAD56512B91602445B68A48D31A42CAF6B1DCA","Relocalizable Undo/Redo action description.","MEDIUM","","","","Leeren character Stufe","Charakterlevel zurücksetzen","SUBSTANTIVE","DEEPL","Charakterlevel zurücksetzen","DeepL chosen for “Clear character level” because it gives the clearer complete German rendering for the relocalizable undo/redo action description. role; the Codex draft is more literal or incomplete."
"history.clearSkill","de-DE","Clear {skill}","C786683A01571783C5CEE701248E06C1E2DF39C77F491D7B91CA2ACD5BE7C5C0","Relocalizable Undo/Redo action description.","MEDIUM","skill","","","Leeren {skill}","{Fähigkeit} zurücksetzen","INVALID_TOKENS","INVALID_DEEPL_REPAIRED","{skill} zurücksetzen","DeepL evidence is invalid because it translated or damaged the stable placeholder identifiers; the wording was repaired or replaced editorially for “Clear {skill}”, with exact placeholders and protected tokens restored."
"history.clearSystem","de-DE","Clear system for {outpost}","9A97C0059A13680B72EAE571F32117DDB8F15163B7B3BAFD2D4941CB0F3B0C2C","Relocalizable Undo/Redo action description.","MEDIUM","outpost","","term.outpost=Außenposten; term.star-system=Sternsystem","Leeren system for {outpost}","System für {Außenposten} löschen","INVALID_TOKENS","INVALID_DEEPL_REPAIRED","Sternsystem für {outpost} löschen","DeepL evidence remains invalid because it damaged protected placeholders or tokens; the repaired final also follows the newly complete glossary constraint because the history action names the full star-system concept."
"history.deleteCargoPad","de-DE","Delete {outpost} / {pad}","F82A5ADC1AD6ADB5B5873FF6288E72228D4736CEB5896DC680E0167E1A4CDFBE","Relocalizable Undo/Redo action description.","HIGH","outpost; pad","","term.outpost=Außenposten","Löschen {outpost} / {pad}","{Außenposten} / {Pad} löschen","INVALID_TOKENS","INVALID_DEEPL_REPAIRED","{outpost} / {pad} löschen","DeepL evidence is invalid because it translated or damaged the stable placeholder identifiers; the wording was repaired or replaced editorially for “Delete {outpost} / {pad}”, with exact placeholders and protected tokens restored."
"history.deleteNetwork","de-DE","Delete network","C791F434B1DC472E954E4B21607059C30827A221DDC3D04919AB8229F846D500","Relocalizable Undo/Redo action description.","MEDIUM","","","glossary.network=Netzwerk","Löschen Netzwerk","Netzwerk löschen","SUBSTANTIVE","DEEPL","Netzwerk löschen","DeepL chosen for “Delete network” because it gives the clearer complete German rendering for the relocalizable undo/redo action description. role; the Codex draft is more literal or incomplete."
"history.deleteOutpost","de-DE","Delete outpost {outpost}","79C589562212E521272A6E54394BF20BC22128C297D348F35D42C0DD140A797A","Relocalizable Undo/Redo action description.","MEDIUM","outpost","","term.outpost=Außenposten","Löschen Außenposten {outpost}","Außenposten {Außenposten} löschen","INVALID_TOKENS","INVALID_DEEPL_REPAIRED","Außenposten {outpost} löschen","DeepL evidence is invalid because it translated or damaged the stable placeholder identifiers; the wording was repaired or replaced editorially for “Delete outpost {outpost}”, with exact placeholders and protected tokens restored."
"history.editManufacturing","de-DE","Edit manufacturing at {outpost}","C9AFE37FB5D66D5F7AC538C1EED10DD229AB717193B4225A90B34AF5A1FEF8CC","Relocalizable Undo/Redo action description.","MEDIUM","outpost","","term.outpost=Außenposten; glossary.manufacturing=Fertigung","Fertigung bei {outpost} bearbeiten","Fertigung am {Außenposten} bearbeiten","INVALID_TOKENS","INVALID_DEEPL_REPAIRED","Fertigung am {outpost} bearbeiten","DeepL evidence is invalid because it translated or damaged the stable placeholder identifiers; the wording was repaired or replaced editorially for “Edit manufacturing at {outpost}”, with exact placeholders and protected tokens restored."
"history.importNetworks","de-DE","Import networks","84098C98A37E069A64F1531E4CEAC2C1CCE108FF2CB8B62332E877C9BA57D580","Relocalizable Undo/Redo action description.","MEDIUM","","","glossary.network=Netzwerk; glossary.file-import-export=Importieren / Exportieren","Importieren networks","Netzwerke importieren","SUBSTANTIVE","DEEPL","Netzwerke importieren","DeepL chosen for “Import networks” because it gives the clearer complete German rendering for the relocalizable undo/redo action description. role; the Codex draft is more literal or incomplete."
"history.linkCargoPad","de-DE","Link {localOutpost} / {localPad} to {remoteOutpost} / {remotePad}","88EE5C1148024FD285A212393D75507FE47480AFD766F6B54F5AA5CC956488D4","Relocalizable Undo/Redo action description.","HIGH","localOutpost; localPad; remoteOutpost; remotePad","","","{localOutpost} / {localPad} mit {remoteOutpost} / {remotePad} verbinden","{localOutpost} / {localPad} mit {remoteOutpost} / {remotePad} verknüpfen","SUBSTANTIVE","DEEPL","{localOutpost} / {localPad} mit {remoteOutpost} / {remotePad} verknüpfen","DeepL chosen for “Link {localOutpost} / {localPad} to {remoteOutpost} / {remotePad}” because it gives the more natural complete German sentence while satisfying term.outpost=Außenposten."
"history.moveCargoPad","de-DE","Move {outpost} / {pad} to position {position}","6E7E6A017CC6BDF02F26F2324E39AFA81B6F1A60C38CFF35107A3E228D0E2F47","Relocalizable Undo/Redo action description.","HIGH","outpost; pad; position","","term.outpost=Außenposten","Verschieben {outpost} / {pad} to position {position}","{Außenposten} / {Pad} an Position {position} verschieben","INVALID_TOKENS","INVALID_DEEPL_REPAIRED","{outpost} / {pad} an Position {position} verschieben","DeepL evidence is invalid because it translated or damaged the stable placeholder identifiers; the wording was repaired or replaced editorially for “Move {outpost} / {pad} to position {position}”, with exact placeholders and protected tokens restored."
"history.moveOutpost","de-DE","Move {outpost} to position {position}","3B3006733CC17E27FD128D53A7968132F9ABBB1C1486BCD51F6DB29EC38443EE","Relocalizable Undo/Redo action description.","HIGH","outpost; position","","term.outpost=Außenposten","Verschieben {outpost} to position {position}","{outpost} an Position {position} verschieben","SUBSTANTIVE","DEEPL","{outpost} an Position {position} verschieben","DeepL chosen for “Move {outpost} to position {position}” because it gives the more natural complete German sentence while satisfying term.outpost=Außenposten."
"history.networkContext","de-DE","Network {ordinal}: {action}","1E82C6A8AA649F636D185126B84DC803B03D803FA3E6F8B1949064CE4B371ADF","Relocalizable Undo/Redo action description.","HIGH","action; ordinal","","glossary.network=Netzwerk","Netzwerk {ordinal}: {action}","Netzwerk {ordinal}: {action}","IDENTICAL","AGREED","Netzwerk {ordinal}: {action}","Shared wording “Netzwerk {ordinal}: {action}” independently approved for “Network {ordinal}: {action}” in its relocalizable undo/redo action description. role; meaning, terminology, and token safety were checked."
"history.redo","de-DE","Redo","74273989B0966E2369B6D01AADB23AF4AD6A9E724643FA88F2BDE99202A36708","Relocalizable Undo/Redo action description.","MEDIUM","","","glossary.undo-redo=Rückgängig / Wiederholen","Wiederholen","Wiederholen","IDENTICAL","AGREED","Wiederholen","Shared wording “Wiederholen” independently approved for “Redo” in its relocalizable undo/redo action description. role; meaning, terminology, and token safety were checked."
"history.redo.action","de-DE","Redo: {action}","B547829FEB3803DBDD25DAB483F1901FBD919E143CF04C05762190B5DE1BB758","Relocalizable Undo/Redo action description.","MEDIUM","action","","glossary.undo-redo=Rückgängig / Wiederholen","Wiederholen: {action}","Wiederholen: {action}","IDENTICAL","AGREED","Wiederholen: {action}","Shared wording “Wiederholen: {action}” independently approved for “Redo: {action}” in its relocalizable undo/redo action description. role; meaning, terminology, and token safety were checked."
"history.redo.none","de-DE","Nothing to redo","4AAF2710A06093447959EBE89E9476D48AD0A7D243FBBE9977CE51C595876B55","Relocalizable Undo/Redo action description.","MEDIUM","","","glossary.undo-redo=Rückgängig / Wiederholen","Nichts zu wiederholen","Nichts zum Wiederholen","SUBSTANTIVE","CODEX","Nichts zu wiederholen","Codex chosen for “Nothing to redo” because the Codex wording consistently uses the selected undo/redo terminology; the DeepL alternative was not adopted."
"history.removeBiome","de-DE","Remove biome selection for {outpost}","969F3EA42820E901A14033E682789514084F6D170128CBFB3EBE9704B15BD4D5","Relocalizable Undo/Redo action description.","MEDIUM","outpost","","term.outpost=Außenposten; term.biome=Biom","Entfernen biome selection for {outpost}","Biomauswahl für {Außenposten} entfernen","INVALID_TOKENS","INVALID_DEEPL_REPAIRED","Biomauswahl für {outpost} entfernen","DeepL evidence is invalid because it translated or damaged the stable placeholder identifiers; the wording was repaired or replaced editorially for “Remove biome selection for {outpost}”, with exact placeholders and protected tokens restored."
"history.removeExplicitResource","de-DE","Remove explicit resource {resource} from {outpost}","9C3EFF7493C2FD697060EC06B55B6E909891DD72F270CFE8AF967D58AD468D13","Relocalizable Undo/Redo action description.","HIGH","outpost; resource","","term.outpost=Außenposten","Entfernen explicit Ressource {resource} from {outpost}","Explizite Ressource {Ressource} aus {Außenposten} entfernen","INVALID_TOKENS","INVALID_DEEPL_REPAIRED","Explizite Ressource {resource} aus {outpost} entfernen","DeepL evidence is invalid because it translated or damaged the stable placeholder identifiers; the wording was repaired or replaced editorially for “Remove explicit resource {resource} from {outpost}”, with exact placeholders and protected tokens restored."
"history.removeExport","de-DE","Remove export {item} from {outpost} / {pad}","F56A09E0EA0D5AFE4297842F244021A1886029E3AFD252A720D8AAD9E8131574","Relocalizable Undo/Redo action description.","HIGH","item; outpost; pad","","term.outpost=Außenposten","Entfernen export {item} from {outpost} / {pad}","Export {Gegenstand} aus {Außenposten} / {Landeplatz} entfernen","INVALID_TOKENS","INVALID_DEEPL_REPAIRED","Export {item} aus {outpost} / {pad} entfernen","DeepL evidence is invalid because it translated or damaged the stable placeholder identifiers; the wording was repaired or replaced editorially for “Remove export {item} from {outpost} / {pad}”, with exact placeholders and protected tokens restored."
"history.removeLocalResource","de-DE","Remove local resource {resource} from {outpost}","3D62E4624BCD438245F262B2E9C5C42B787739DEB56A721898CAABD659145AD5","Relocalizable Undo/Redo action description.","HIGH","outpost; resource","","term.outpost=Außenposten","Entfernen local Ressource {resource} from {outpost}","Lokale Ressource {Ressource} aus {Außenposten} entfernen","INVALID_TOKENS","INVALID_DEEPL_REPAIRED","Lokale Ressource {resource} aus {outpost} entfernen","DeepL evidence is invalid because it translated or damaged the stable placeholder identifiers; the wording was repaired or replaced editorially for “Remove local resource {resource} from {outpost}”, with exact placeholders and protected tokens restored."
"history.removePlannedSupply","de-DE","Remove Planned Supply {item}","948C1F6C5869D505D4D42C229E5FC4B3AA89D81EEF2C938A732156C427A06F29","Relocalizable Undo/Redo action description.","MEDIUM","item","","glossary.planned-supply=Geplante Versorgung","Entfernen Geplante Versorgung {item}","Geplante Lieferung {item} entfernen","SUBSTANTIVE","CUSTOM","Geplante Versorgung {item} entfernen","Custom wording used for “Remove Planned Supply {item}” because neither candidate combined natural German grammar with all approved terminology (glossary.planned-supply=Geplante Versorgung); final wording “Geplante Versorgung {item} entfernen” was checked independently."
"history.renameCharacter","de-DE","Rename character {previousName} to {name}","8D4BCA97AE9F42035389F0C55B63FF4E2C4A05C16E28C85DC0FCDB4DF13806DD","Relocalizable Undo/Redo action description.","HIGH","name; previousName","","","Umbenennen character {previousName} to {name}","Charakter {previousName} in {name} umbenennen","SUBSTANTIVE","DEEPL","Charakter {previousName} in {name} umbenennen","DeepL chosen for “Rename character {previousName} to {name}” because it gives the clearer complete German rendering for the relocalizable undo/redo action description. role; the Codex draft is more literal or incomplete."
"history.renameOutpost","de-DE","Rename outpost {previousName} to {name}","8F0926A3817A8249DE5756C3295E233FF53C310F6A9E6C6AECF9AFE9D2A1BC4C","Relocalizable Undo/Redo action description.","HIGH","name; previousName","","term.outpost=Außenposten","Umbenennen Außenposten {previousName} to {name}","Vorposten {previousName} in {name} umbenennen","SUBSTANTIVE","CUSTOM","Außenposten {previousName} in {name} umbenennen","Custom wording used for “Rename outpost {previousName} to {name}” because neither candidate combined natural German grammar with all approved terminology (term.outpost=Außenposten); final wording “Außenposten {previousName} in {name} umbenennen” was checked independently."
"history.resetNetwork","de-DE","Reset network","4A609854AE08898CAE2C4B634B016AFD1FDC3BEB4F84342B1239EC55DD8EEF6F","Relocalizable Undo/Redo action description.","MEDIUM","","","glossary.network=Netzwerk","Zurücksetzen Netzwerk","Netzwerk zurücksetzen","SUBSTANTIVE","DEEPL","Netzwerk zurücksetzen","DeepL chosen for “Reset network” because it gives the clearer complete German rendering for the relocalizable undo/redo action description. role; the Codex draft is more literal or incomplete."
"history.setCharacterLevel","de-DE","Set character level to {level}","780B89077917658A4A33F5391C437D7C839EAC9A75DFBF2ED43D19B8E44C2889","Relocalizable Undo/Redo action description.","MEDIUM","level","","","Setzen character Stufe to {level}","Charakterlevel auf {level} setzen","SUBSTANTIVE","DEEPL","Charakterlevel auf {level} setzen","DeepL chosen for “Set character level to {level}” because it gives the clearer complete German rendering for the relocalizable undo/redo action description. role; the Codex draft is more literal or incomplete."
"history.setSkill","de-DE","Set {skill} to {rank}","77319DA02DA0DBEE04C21303E9C8460EA452D1CB980B146CF12582679109EAD6","Relocalizable Undo/Redo action description.","HIGH","rank; skill","","","Setzen {skill} to {rank}","{Fähigkeit} auf {Rang} setzen","INVALID_TOKENS","INVALID_DEEPL_REPAIRED","{skill} auf {rank} setzen","DeepL evidence is invalid because it translated or damaged the stable placeholder identifiers; the wording was repaired or replaced editorially for “Set {skill} to {rank}”, with exact placeholders and protected tokens restored."
"history.startProducing","de-DE","Start producing {resource} at {outpost}","A19EAEEBCA12AC4C3545C0B61AB4A78E7056468D7B8AE2CC203C0401ADF421F6","Relocalizable Undo/Redo action description.","HIGH","outpost; resource","","term.outpost=Außenposten; glossary.producing=In Produktion","Produktion starten: {resource} at {outpost}","Beginne mit der Produktion von {Ressource} am {Außenposten}","INVALID_TOKENS","INVALID_DEEPL_REPAIRED","Produktion von {resource} an {outpost} starten","DeepL evidence is invalid because it translated or damaged the stable placeholder identifiers; the wording was repaired or replaced editorially for “Start producing {resource} at {outpost}”, with exact placeholders and protected tokens restored."
"history.stopProducing","de-DE","Stop producing {resource} at {outpost}","2790D53F2BF7B708F26E90199DE17B9513C9139A68F79CB1DEB82265FEF538C1","Relocalizable Undo/Redo action description.","HIGH","outpost; resource","","term.outpost=Außenposten; glossary.producing=In Produktion","Produktion beenden: {resource} at {outpost}","Produktion von {Ressource} am {Außenposten} beenden","INVALID_TOKENS","INVALID_DEEPL_REPAIRED","Produktion von {resource} am {outpost} beenden","DeepL evidence is invalid because it translated or damaged the stable placeholder identifiers; the wording was repaired or replaced editorially for “Stop producing {resource} at {outpost}”, with exact placeholders and protected tokens restored."
"history.undo","de-DE","Undo","A8283ADE31856F71220DB0E6F60A257C6889DC4DAD0F275F66AD44B9ED9BF8D5","Relocalizable Undo/Redo action description.","MEDIUM","","","glossary.undo-redo=Rückgängig / Wiederholen","Rückgängig","Rückgängig","IDENTICAL","AGREED","Rückgängig","Shared wording “Rückgängig” independently approved for “Undo” in its relocalizable undo/redo action description. role; meaning, terminology, and token safety were checked."
"history.undo.action","de-DE","Undo: {action}","A6CB877C6B435FF3EF0D9ABAD3387FFFCC47FA869E27199FE203B086E36A51E8","Relocalizable Undo/Redo action description.","MEDIUM","action","","glossary.undo-redo=Rückgängig / Wiederholen","Rückgängig: {action}","Rückgängig machen: {Aktion}","INVALID_TOKENS","INVALID_DEEPL_REPAIRED","Rückgängig machen: {action}","DeepL evidence is invalid because it translated or damaged the stable placeholder identifiers; the wording was repaired or replaced editorially for “Undo: {action}”, with exact placeholders and protected tokens restored."
"history.undo.none","de-DE","Nothing to undo","8329007820D54938FE5DBF93C1D1CA8D76CD0657AD4C882689605F572E4AE6F0","Relocalizable Undo/Redo action description.","MEDIUM","","","glossary.undo-redo=Rückgängig / Wiederholen","Nichts rückgängig zu machen","Nichts rückgängig zu machen","IDENTICAL","AGREED","Nichts rückgängig zu machen","Shared wording “Nichts rückgängig zu machen” independently approved for “Nothing to undo” in its relocalizable undo/redo action description. role; meaning, terminology, and token safety were checked."
"history.unlinkCargoPad","de-DE","Unlink {outpost} / {pad}","7D8EBF7B409B216684FF93170EEAE15F2111513D9D1262FF30E02F9A4DE5A668","Relocalizable Undo/Redo action description.","HIGH","outpost; pad","","term.outpost=Außenposten","Verbindung für {outpost} / {pad} trennen","{Außenposten} / {Pod} entkoppeln","INVALID_TOKENS","INVALID_DEEPL_REPAIRED","{outpost} / {pad} entkoppeln","DeepL evidence is invalid because it translated or damaged the stable placeholder identifiers; the wording was repaired or replaced editorially for “Unlink {outpost} / {pad}”, with exact placeholders and protected tokens restored."
"locale.selector.automatic","de-DE","Automatic ({locale})","F139A462E854752156E3389DC3276EC53EC63E5840856D9649163DB4D1E08FD5","Language selector and effective-locale presentation.","LOW","locale","","","Automatisch ({locale})","Automatisch ({locale})","IDENTICAL","AGREED","Automatisch ({locale})","Shared wording “Automatisch ({locale})” independently approved for “Automatic ({locale})” in its language selector and effective-locale presentation. role; meaning, terminology, and token safety were checked."
"locale.selector.current","de-DE","Language and region: {locale}","4130B7241194E6419EDB302D6D20F78FB64719872DA27A1790711E229321E8A1","Language selector and effective-locale presentation.","LOW","locale","","","Sprache und Region: {locale}","Sprache und Region: {locale}","IDENTICAL","AGREED","Sprache und Region: {locale}","Shared wording “Sprache und Region: {locale}” independently approved for “Language and region: {locale}” in its language selector and effective-locale presentation. role; meaning, terminology, and token safety were checked."
"locale.selector.label","de-DE","Language and region","4F9555CD54EADE38887A7B1D16435E6487A41C92F684BD78E01F20EA991C8E7D","Language selector and effective-locale presentation. This is a form or control label.","LOW","","","","Sprache und Region","Sprache und Region","IDENTICAL","AGREED","Sprache und Region","Shared wording “Sprache und Region” independently approved for “Language and region” in its language selector and effective-locale presentation role; meaning, terminology, and token safety were checked."
"matrix.action.toggle","de-DE","{action} {item}","DC8B8B32CEB833991863B5F3DACF816862F17865C8B68302C2CEAE5E445FA49D","Resource Matrix label, action, state, or tooltip.","HIGH","action; item","","","{action} {item}","{action} {item}","IDENTICAL","AGREED","{action} {item}","Shared wording “{action} {item}” independently approved for “{action} {item}” in its resource matrix label, action, state, or tooltip. role; meaning, terminology, and token safety were checked."
"matrix.action.togglePresent","de-DE","Toggle Present for {item}","3B1861C21786E4B797EA34D360FBA067E9B75766F21067D01CC9F3EA3655C739","Resource Matrix label, action, state, or tooltip.","MEDIUM","item","","glossary.present=Vorhanden","Umschalten Vorhanden for {item}","Anzeige für {item} umschalten","SUBSTANTIVE","CUSTOM","Vorhanden für {item} umschalten","Custom wording used for “Toggle Present for {item}” because neither candidate fully matched the resource matrix label, action, state, or tooltip. role and source meaning; final wording “Vorhanden für {item} umschalten” was checked independently."
"matrix.action.toggleProducing","de-DE","Toggle Producing for {item}","83C0CBABA203A6B13DF5A148B7872FFE8D686A15440DA523539073C54D1703BE","Resource Matrix label, action, state, or tooltip.","MEDIUM","item","","glossary.producing=In Produktion","Umschalten In Produktion for {item}","„Erstellen aus {source}“ für {item} umschalten","INVALID_TOKENS","INVALID_DEEPL_REPAIRED","Produktion für {item} umschalten","DeepL evidence is invalid because it translated or damaged the stable placeholder identifiers; the wording was repaired or replaced editorially for “Toggle Producing for {item}”, with exact placeholders and protected tokens restored."
"matrix.action.toggleProducingSource","de-DE","Toggle Producing from {source} for {item}","42793C59523D94302785651913A4291213010AD11779FCE9378B7782B43BB2B5","Resource Matrix label, action, state, or tooltip.","HIGH","item; source","","glossary.producing=In Produktion; glossary.source=Quelle","Umschalten In Produktion from {source} for {item}","„Produzieren aus {source}“ für {item} umschalten","SUBSTANTIVE","DEEPL","„Produzieren aus {source}“ für {item} umschalten","DeepL chosen for “Toggle Producing from {source} for {item}” because it gives the clearer complete German rendering for the resource matrix label, action, state, or tooltip. role; the Codex draft is more literal or incomplete."
"matrix.action.xTech.add","de-DE","Add {resource} as present","48E58826798CF2E5504DCE63D53A13988656582AED2B000DD05BC58F134C0666","Resource Matrix label, action, state, or tooltip.","MEDIUM","resource","","glossary.present=Vorhanden","Hinzufügen {resource} as present","{Ressource} als vorhanden hinzufügen","INVALID_TOKENS","INVALID_DEEPL_REPAIRED","{resource} als vorhanden erfassen","DeepL evidence is invalid because it translated or damaged the stable placeholder identifiers; the wording was repaired or replaced editorially for “Add {resource} as present”, with exact placeholders and protected tokens restored."
"matrix.column.inputs","de-DE","Inputs","7ABC49DFA87BC183179762B87F9914CEADC46C29A5621493A4A91E54D401C1ED","Compact Resource Matrix column for items required by configured recipes or organic production; not data-entry fields.","HIGH","","","glossary.inputs=Einsatzstoffe","Einsatzstoffe","Eingaben","SUBSTANTIVE","CODEX","Einsatzstoffe","Codex chosen for “Inputs” because the final denotes recipe or production inputs rather than UI data-entry fields; the DeepL alternative was not adopted."
"matrix.column.item","de-DE","Item","652BCC3A478428893CC505AE19F847B49BE52F861BEDC64BB192CEED409FA733","Resource Matrix label, action, state, or tooltip.","MEDIUM","","","","Element","Artikel","SUBSTANTIVE","DEEPL","Artikel","DeepL chosen for “Item” because it gives the clearer complete German rendering for the resource matrix label, action, state, or tooltip. role; the Codex draft is more literal or incomplete."
"matrix.column.logistics","de-DE","Logistics","AE6E98909C98E7C973D920A2D6868685D2E2F25DB3E98683EF3D0DBAE00BF7D6","Compact Resource Matrix column for items actually assigned to routed cargo exports; not merely items that could be exported.","HIGH","","","glossary.logistics=Logistik","Logistik","Logistik","IDENTICAL","AGREED","Logistik","Shared wording “Logistik” independently approved for “Logistics” in its compact resource matrix column for items actually assigned to routed cargo exports; not m… role; meaning, terminology, and token safety were checked."
"matrix.column.present","de-DE","Present","43F9B89C0B9D22D8110EAD813EA3949F20592A8BFC3C777D2D49E64DA3B0CC9B","Compact Resource Matrix column label meaning the item/resource exists or can exist at this outpost/location; not temporal “currently”.","HIGH","","","glossary.present=Vorhanden","Vorhanden","Vorhanden","IDENTICAL","AGREED","Vorhanden","Shared wording “Vorhanden” independently approved for “Present” in its compact resource matrix column label meaning the item/resource exists or can exist at thi… role; meaning, terminology, and token safety were checked."
"matrix.column.producing","de-DE","Producing","6205C14B87A9F7261B6078D0347AAA6998853CC7BE936390846C6F1B95BF0B56","Compact Resource Matrix state meaning this outpost is configured to extract, harvest, or manufacture the item; no throughput is implied.","HIGH","","","glossary.producing=In Produktion","In Produktion","Produziert","SUBSTANTIVE","CODEX","In Produktion","Codex chosen for “Producing” because the final denotes configured production without implying throughput; the DeepL alternative was not adopted."
"matrix.column.source","de-DE","Source","0E570CA6FABE24F94E52C1833F3FFD25567022BEB826FA16891F3322051BC221","Resource Matrix label, action, state, or tooltip.","MEDIUM","","","glossary.source=Quelle","Quelle","Quelle","IDENTICAL","AGREED","Quelle","Shared wording “Quelle” independently approved for “Source” in its resource matrix label, action, state, or tooltip. role; meaning, terminology, and token safety were checked."
"matrix.heading","de-DE","Resource Matrix","0FF84E3776BFD5BC3F7CB4E19082D8AF196D2FE785AA1368744C9A46FAEA6569","Heading for the Resource Matrix, a tabular view of resource presence, active production, recipe inputs, and routed logistics. This is a visible heading.","HIGH","","","glossary.resource-matrix=Ressourcenmatrix","Ressourcenmatrix","Ressourcenmatrix","IDENTICAL","AGREED","Ressourcenmatrix","Shared wording “Ressourcenmatrix” independently approved for “Resource Matrix” in its heading for the resource matrix, a tabular view of resource presence, active production, … role; meaning, terminology, and token safety were checked."
"matrix.imports.empty","de-DE","No imports.","0D77E00016DF198643A2253AFBFBE2438E9B062704280FD31A6401F534C29C89","Resource Matrix label, action, state, or tooltip.","MEDIUM","","","","Keine Importe.","Keine Importe.","IDENTICAL","AGREED","Keine Importe.","Shared wording “Keine Importe.” independently approved for “No imports.” in its resource matrix label, action, state, or tooltip. role; meaning, terminology, and token safety were checked."
"matrix.manufacturing.add","de-DE","Add manufactured product","9121C16E7EDB9925D309961B06EE2F11B3E7B1F05E2FA48ABA47B1F2B63FB0EA","Resource Matrix label, action, state, or tooltip.","MEDIUM","","","glossary.manufacturing=Fertigung","Hinzufügen gefertigtes Produkt","Fertiges Produkt hinzufügen","SUBSTANTIVE","CUSTOM","Gefertigtes Produkt hinzufügen","Custom wording used because the action describes a manufactured product rather than an already finished product; the competing wording contradicted or omitted the approved glossary sense."
"matrix.manufacturing.addLabel","de-DE","Add product","61C2739652DED96551EFED256FE50CD2B163432AFC860F3DE72E67B389419350","Resource Matrix label, action, state, or tooltip.","MEDIUM","","","glossary.manufacturing=Fertigung","Produkt hinzufügen","Produkt hinzufügen","IDENTICAL","AGREED","Produkt hinzufügen","Shared wording “Produkt hinzufügen” independently approved for “Add product” in its resource matrix label, action, state, or tooltip. role; meaning, terminology, and token safety were checked."
"matrix.manufacturing.empty","de-DE","No manufacturing recorded.","99A796FE6FA135735F0A14B99075E5C0042639AA22F89F176B3E6E5C5FF962A4","Resource Matrix label, action, state, or tooltip.","MEDIUM","","","glossary.manufacturing=Fertigung","Keine Fertigung erfasst.","Keine Fertigung erfasst.","IDENTICAL","AGREED","Keine Fertigung erfasst.","Shared wording “Keine Fertigung erfasst.” independently approved for “No manufacturing recorded.” in its resource matrix label, action, state, or tooltip. role; meaning, terminology, and token safety were checked."
"matrix.manufacturing.select","de-DE","Select product...","BC94A3C3810455749C1271E4F7F3326D0E62558B83CA19258D3DDE4DE99923B8","Resource Matrix label, action, state, or tooltip.","MEDIUM","","","glossary.manufacturing=Fertigung","Auswählen Produkt...","Produkt auswählen...","SUBSTANTIVE","DEEPL","Produkt auswählen...","DeepL chosen for “Select product...” because it gives the clearer complete German rendering for the resource matrix label, action, state, or tooltip. role; the Codex draft is more literal or incomplete."
"matrix.section.imports","de-DE","Imports","7DF60B64E7EF61E31FC47CAA6F57B0DDCE2FBBD9EB6A49D425EA04F34F5A542C","Resource Matrix label, action, state, or tooltip.","MEDIUM","","","","Importe","Importe","IDENTICAL","AGREED","Importe","Shared wording “Importe” independently approved for “Imports” in its resource matrix label, action, state, or tooltip. role; meaning, terminology, and token safety were checked."
"matrix.section.inorganic","de-DE","Inorganic","897FDA90A70D9858F75D9CBD82D0E8F76C5D41753289E3FF619EB61863A5E91F","Resource Matrix section heading for mineral/inorganic resources.","HIGH","","","glossary.inorganic=Anorganisch","Anorganisch","Anorganisch","IDENTICAL","AGREED","Anorganisch","Shared wording “Anorganisch” independently approved for “Inorganic” in its resource matrix section heading for mineral/inorganic resources. role; meaning, terminology, and token safety were checked."
"matrix.section.manufacturing","de-DE","Manufacturing","C6838ED989FD7D93BA9023466783C95230843EE13ACAFD63A355F9AD766CC39F","Resource Matrix section heading for configured product manufacturing; no throughput is modeled.","HIGH","","","glossary.manufacturing=Fertigung","Fertigung","Herstellung","SUBSTANTIVE","CODEX","Fertigung","Codex chosen for “Manufacturing” because it applies the row's approved terminology (glossary.manufacturing=Fertigung) more faithfully in context; the DeepL alternative was not adopted."
"matrix.section.organic","de-DE","Organic","89B8CB68F4EDD75B5FB10DA9CC85802C15214A84CDA6D2F2D841BDF80E7109D3","Resource Matrix section heading for resources obtained from flora or fauna.","HIGH","","","glossary.organic=Organisch","Organisch","Organisch","IDENTICAL","AGREED","Organisch","Shared wording “Organisch” independently approved for “Organic” in its resource matrix section heading for resources obtained from flora or fauna. role; meaning, terminology, and token safety were checked."
"matrix.source.unspecified","de-DE","Unspecified","5B8AA0BF3C59DAEC38E2D0C690A1A62513208D1E2075DAD62A32CA0B9440B1A1","Resource Matrix label, action, state, or tooltip.","MEDIUM","","","glossary.source=Quelle","Nicht angegeben","Nicht spezifiziert","SUBSTANTIVE","DEEPL","Nicht spezifiziert","DeepL chosen for “Unspecified” because it gives the clearer complete German rendering for the resource matrix label, action, state, or tooltip. role; the Codex draft is more literal or incomplete."
"matrix.state.active","de-DE","{item}: active","C5842642495AB6998996C229C92496708FC4AC40E64CABBF5D42D2C105D54505","Resource Matrix label, action, state, or tooltip.","MEDIUM","item","","","{item}: aktiv","{Artikel}: aktiv","INVALID_TOKENS","INVALID_DEEPL_REPAIRED","{item}: aktiv","DeepL evidence is invalid because it translated or damaged the stable placeholder identifiers; the independently token-safe Codex wording was selected for “{item}: active”, with exact placeholders and protected tokens restored."
"matrix.state.inactive","de-DE","{item}: inactive","6A8DF3F499FC4DBF092E8D8BA000DA986477895629A19B6E0F4D0D1585B62630","Resource Matrix label, action, state, or tooltip.","MEDIUM","item","","","{item}: inaktiv","{item}: inaktiv","IDENTICAL","AGREED","{item}: inaktiv","Shared wording “{item}: inaktiv” independently approved for “{item}: inactive” in its resource matrix label, action, state, or tooltip. role; meaning, terminology, and token safety were checked."
"matrix.tooltip.export.active","de-DE","{item} is being exported to {destinations}.","055BBD5D2C929206E046EC3F250A6E5E18CA49A54ABAD1F5BB25F548EC20368F","Resource Matrix label, action, state, or tooltip. This is explanatory tooltip text.","HIGH","destinations; item","","glossary.destination=Ziel","{item} wird exportiert to {destinations}.","{item} wird nach {destinations} exportiert.","SUBSTANTIVE","DEEPL","{item} wird nach {destinations} exportiert.","DeepL chosen for “{item} is being exported to {destinations}.” because it gives the clearer complete German rendering for the resource matrix label, action, state, or tooltip role; the Codex draft is more literal or incomplete."
"matrix.tooltip.export.inactive","de-DE","{item} is not being exported.","3D5C74ACC064244CA844A5985D467922DF00655889AA20E9E09D1D734B70A9A7","Resource Matrix label, action, state, or tooltip. This is explanatory tooltip text.","MEDIUM","item","","","{item} wird nicht exportiert.","{item} wird nicht exportiert.","IDENTICAL","AGREED","{item} wird nicht exportiert.","Shared wording “{item} wird nicht exportiert.” independently approved for “{item} is not being exported.” in its resource matrix label, action, state, or tooltip role; meaning, terminology, and token safety were checked."
"matrix.tooltip.import.active","de-DE","{item} is being imported.","22B78023B0061204A0DAAD357D2E134A358394AEF6B2B56014E7F962FABBF63C","Resource Matrix label, action, state, or tooltip. This is explanatory tooltip text.","MEDIUM","item","","","{item} wird importiert.","{item} wird importiert.","IDENTICAL","AGREED","{item} wird importiert.","Shared wording “{item} wird importiert.” independently approved for “{item} is being imported.” in its resource matrix label, action, state, or tooltip role; meaning, terminology, and token safety were checked."
"matrix.tooltip.input.available","de-DE","{item} is available at this outpost.","7E957480BD17FC93AD8CCF3CCF75C1D611C2A0F1062E1B1EF3CE52149B52A5EF","Resource Matrix label, action, state, or tooltip. This is explanatory tooltip text.","MEDIUM","item","","term.outpost=Außenposten; glossary.inputs=Einsatzstoffe","{item} ist verfügbar at this Außenposten.","{item} ist an diesem Außenposten verfügbar.","SUBSTANTIVE","DEEPL","{item} ist an diesem Außenposten verfügbar.","DeepL chosen for “{item} is available at this outpost.” because it gives the more natural complete German sentence while satisfying term.outpost=Außenposten."
"matrix.tooltip.input.unavailable","de-DE","{item} is not available at this outpost.","CD51B09CECAF9938958EC84ED6BBD41ED9F65CCCA813377987402991246A0CD5","Resource Matrix label, action, state, or tooltip. This is explanatory tooltip text.","MEDIUM","item","","term.outpost=Außenposten; glossary.inputs=Einsatzstoffe","{item} is nicht verfügbar at this Außenposten.","{item} ist an diesem Außenposten nicht verfügbar.","SUBSTANTIVE","DEEPL","{item} ist an diesem Außenposten nicht verfügbar.","DeepL chosen for “{item} is not available at this outpost.” because it gives the more natural complete German sentence while satisfying term.outpost=Außenposten."
"matrix.tooltip.manufacturing.blocked","de-DE","{item} is not being produced at this outpost due to missing inputs.","6B5041B4E9ACD713834127A9C03F6511181DAD863E498E96483D2310DD98D6A9","Resource Matrix label, action, state, or tooltip. This is explanatory tooltip text.","MEDIUM","item","","term.outpost=Außenposten; glossary.inputs=Einsatzstoffe","{item} wird nicht produziert at this Außenposten due to fehlend inputs.","{item} wird an diesem Außenposten aufgrund fehlender Vorprodukte nicht hergestellt.","SUBSTANTIVE","CUSTOM","{item} wird an diesem Außenposten aufgrund fehlender Einsatzstoffe nicht hergestellt.","Custom wording used because the missing recipe materials use the approved Inputs terminology; the competing wording contradicted or omitted the approved glossary sense."
"matrix.tooltip.producing.active","de-DE","{item} is being produced at this outpost.","89F21A9639298627054AC3918E70BF648B4396E095781366BE34464D13526799","Resource Matrix label, action, state, or tooltip. This is explanatory tooltip text.","MEDIUM","item","","term.outpost=Außenposten; glossary.producing=In Produktion","{item} wird produziert at this Außenposten.","{item} wird an diesem Außenposten hergestellt.","SUBSTANTIVE","DEEPL","{item} wird an diesem Außenposten hergestellt.","DeepL chosen for “{item} is being produced at this outpost.” because it gives the more natural complete German sentence while satisfying term.outpost=Außenposten."
"matrix.tooltip.producing.inactive","de-DE","{item} is not being produced at this outpost.","B3AFCA938B63F0F57D691FE84D631E6D4437FDE13C97F357C38C8F382BD7AFED","Resource Matrix label, action, state, or tooltip. This is explanatory tooltip text.","MEDIUM","item","","term.outpost=Außenposten; glossary.producing=In Produktion","{item} wird nicht produziert at this Außenposten.","{item} wird an diesem Außenposten nicht hergestellt.","SUBSTANTIVE","DEEPL","{item} wird an diesem Außenposten nicht hergestellt.","DeepL chosen for “{item} is not being produced at this outpost.” because it gives the more natural complete German sentence while satisfying term.outpost=Außenposten."
"matrix.tooltip.xTech.add","de-DE","Add {resource} as present. It can be extracted at any outpost if X-Tech Power Cores are available.","E34F279A7F5A3549EA040DD701E16C40D9F8249A016812C77F881DABCB4C403E","Resource Matrix label, action, state, or tooltip. This is explanatory tooltip text.","MEDIUM","resource","","term.outpost=Außenposten; term.x-tech-power-core=X-Tech-Energiekern; term.x-tech=X-Tech; glossary.present=Vorhanden","Hinzufügen {resource} as present. It can be extracted at any Außenposten if X-Tech Power Cores are verfügbar.","Füge {Ressource} als vorhanden hinzu. Sie kann an jedem Außenposten abgebaut werden, sofern X-Tech-Energiekern verfügbar sind.","INVALID_TOKENS","INVALID_DEEPL_REPAIRED","{resource} als vorhanden hinzufügen. Diese Ressource kann an jedem Außenposten gewonnen werden, wenn X-Tech-Energiekerne verfügbar sind.","DeepL evidence is invalid because it translated or damaged the stable placeholder identifiers; the wording was repaired or replaced editorially for “Add {resource} as present. It can be extracted at any outpost if X-Tech Power Cores are a…”, with exact placeholders and protected tokens restored."
"matrix.tooltip.xTech.present","de-DE","{resource} has been explicitly recorded as present at this outpost.","89CF62DE4E95AA5CEAB06EE75ABBE42F751A04010C1ECACB0EE9465EC3AB67D1","Resource Matrix label, action, state, or tooltip. This is explanatory tooltip text.","MEDIUM","resource","","term.outpost=Außenposten; glossary.present=Vorhanden","{resource} has been explicitly erfasst as present at this Außenposten.","{Ressource} wurde an diesem Außenposten ausdrücklich als vorhanden vermerkt.","INVALID_TOKENS","INVALID_DEEPL_REPAIRED","{resource} wurde an diesem Außenposten ausdrücklich als vorhanden vermerkt.","DeepL evidence is invalid because it translated or damaged the stable placeholder identifiers; the wording was repaired or replaced editorially for “{resource} has been explicitly recorded as present at this outpost.”, with exact placeholders and protected tokens restored."
"network.active","de-DE","Active network","0B957FC62D5C68AF27552AB97A19DBF3AA3CCD23B5170F2C4019C60ABE8BE776","Network navigation, creation, reset, or deletion UI.","LOW","","","glossary.network=Netzwerk","Aktiv Netzwerk","Aktives Netzwerk","SUBSTANTIVE","DEEPL","Aktives Netzwerk","DeepL chosen for “Active network” because it gives the clearer complete German rendering for the network navigation, creation, reset, or deletion ui. role; the Codex draft is more literal or incomplete."
"network.add","de-DE","Add Network","E9DCB1FBEC276039EE2BAEEB66B84C21F9F8CCF54E2CB460172D516912A22600","Network navigation, creation, reset, or deletion UI.","LOW","","","glossary.network=Netzwerk","Hinzufügen Netzwerk","Netzwerk hinzufügen","SUBSTANTIVE","DEEPL","Netzwerk hinzufügen","DeepL chosen for “Add Network” because it gives the clearer complete German rendering for the network navigation, creation, reset, or deletion ui. role; the Codex draft is more literal or incomplete."
"network.delete.button","de-DE","Delete Network","AA4090A876BCC1C8E2C1AF6A01D0A7A3734FD6D3CFD09BFA89A385770CB5E5BF","Network navigation, creation, reset, or deletion UI.","LOW","","","glossary.network=Netzwerk","Löschen Netzwerk","Netzwerk löschen","SUBSTANTIVE","DEEPL","Netzwerk löschen","DeepL chosen for “Delete Network” because it gives the clearer complete German rendering for the network navigation, creation, reset, or deletion ui. role; the Codex draft is more literal or incomplete."
"network.delete.confirmTitle","de-DE","DELETE NETWORK","11DC8262799793DF1CF2986AF191074D48FF37E294CF28AFC9AB48F73B560E94","Network navigation, creation, reset, or deletion UI.","LOW","","","glossary.network=Netzwerk","DELETE NETZWERK","NETZWERK LÖSCHEN","SUBSTANTIVE","DEEPL","NETZWERK LÖSCHEN","DeepL chosen for “DELETE NETWORK” because it gives the clearer complete German rendering for the network navigation, creation, reset, or deletion ui. role; the Codex draft is more literal or incomplete."
"network.delete.explanation","de-DE","Remove the current network from this collection?","76DEDAA619A8B2E99FB971B9FB03C7B9CB0FEDB7F1ECB70E271D503F14ABEB2C","Network navigation, creation, reset, or deletion UI.","HIGH","","","glossary.network=Netzwerk","Das aktuelle Netzwerk aus dieser Sammlung entfernen?","Soll das aktuelle Netzwerk aus dieser Sammlung entfernt werden?","SUBSTANTIVE","DEEPL","Soll das aktuelle Netzwerk aus dieser Sammlung entfernt werden?","DeepL chosen for “Remove the current network from this collection?” because it gives the clearer complete German rendering for the network navigation, creation, reset, or deletion ui. role; the Codex draft is more literal or incomplete."
"network.delete.undoHint","de-DE","You can undo this action during the current session.","BF0AF22DD2EC6095FEE0D256A95B2DFD2A94A640EB3A49DA284B3702CFE01361","Network navigation, creation, reset, or deletion UI.","HIGH","","","glossary.undo-redo=Rückgängig / Wiederholen","Du kannst diese Aktion während der aktuellen Sitzung rückgängig machen.","Sie können diese Aktion während der aktuellen Sitzung rückgängig machen.","SUBSTANTIVE","DEEPL","Sie können diese Aktion während der aktuellen Sitzung rückgängig machen.","DeepL chosen for “You can undo this action during the current session.” because it gives the clearer complete German rendering for the network navigation, creation, reset, or deletion ui. role; the Codex draft is more literal or incomplete."
"network.label","de-DE","NETWORK","B5A9716FCD63F4A279E2F6DF8F6DE89DCE75FF38FAD8C7E04EBB2D8E2227E2EB","Network navigation, creation, reset, or deletion UI. This is a form or control label.","LOW","","","glossary.network=Netzwerk","NETZWERK","NETZWERK","IDENTICAL","AGREED","NETZWERK","Shared wording “NETZWERK” independently approved for “NETWORK” in its network navigation, creation, reset, or deletion ui role; meaning, terminology, and token safety were checked."
"network.next","de-DE","Next Network","F450398F4C7903569B56638D94C9011C735664B10737251BFA7F4C0101F284E1","Network navigation, creation, reset, or deletion UI.","LOW","","","glossary.network=Netzwerk","Nächster Netzwerk","Nächstes Netzwerk","SUBSTANTIVE","DEEPL","Nächstes Netzwerk","DeepL chosen for “Next Network” because it gives the clearer complete German rendering for the network navigation, creation, reset, or deletion ui. role; the Codex draft is more literal or incomplete."
"network.previous","de-DE","Previous Network","E295D9F36D309D7BD32F382E55F37078BE9A0F210F595FC041A9263CAD8F7CD6","Network navigation, creation, reset, or deletion UI.","LOW","","","glossary.network=Netzwerk","Vorheriger Netzwerk","Vorheriges Netzwerk","SUBSTANTIVE","DEEPL","Vorheriges Netzwerk","DeepL chosen for “Previous Network” because it gives the clearer complete German rendering for the network navigation, creation, reset, or deletion ui. role; the Codex draft is more literal or incomplete."
"network.reset.button","de-DE","Reset Network","9D09E8E28CBDF80525D2F7764BF37218267BA965A5FAB20169CCD79D006D468B","Network navigation, creation, reset, or deletion UI.","LOW","","","glossary.network=Netzwerk","Zurücksetzen Netzwerk","Netzwerk zurücksetzen","SUBSTANTIVE","DEEPL","Netzwerk zurücksetzen","DeepL chosen for “Reset Network” because it gives the clearer complete German rendering for the network navigation, creation, reset, or deletion ui. role; the Codex draft is more literal or incomplete."
"network.reset.confirmTitle","de-DE","RESET NETWORK","5766579AA160E3F4BDCFE9D0A1F3CDCDCA184EA4DC775A8DB8F1483BE23DF912","Network navigation, creation, reset, or deletion UI.","LOW","","","glossary.network=Netzwerk","RESET NETZWERK","NETZWERK ZURÜCKSETZEN","SUBSTANTIVE","DEEPL","NETZWERK ZURÜCKSETZEN","DeepL chosen for “RESET NETWORK” because it gives the clearer complete German rendering for the network navigation, creation, reset, or deletion ui. role; the Codex draft is more literal or incomplete."
"network.reset.explanation","de-DE","Reset the current network to a fresh default state?","C205E1A69D327991E52083EF9CB8C9D02EA17B4BA75F19A5481FC2AFF56A3709","Network navigation, creation, reset, or deletion UI.","HIGH","","","glossary.network=Netzwerk","Das aktuelle Netzwerk auf einen neuen Standardzustand zurücksetzen?","Soll das aktuelle Netzwerk auf den ursprünglichen Standardzustand zurückgesetzt werden?","SUBSTANTIVE","DEEPL","Soll das aktuelle Netzwerk auf den ursprünglichen Standardzustand zurückgesetzt werden?","DeepL chosen for “Reset the current network to a fresh default state?” because it gives the clearer complete German rendering for the network navigation, creation, reset, or deletion ui. role; the Codex draft is more literal or incomplete."
"outpost.biomes.label","de-DE","Biomes","923B13B59420A08EB268290B93A1C70D296A8B817CE8947ADB6A49F366EF5ACE","Outpost navigation or details UI. This is a form or control label.","LOW","","","term.biome=Biom","Biome","Biome","IDENTICAL","AGREED","Biome","Shared wording “Biome” independently approved for “Biomes” in its outpost navigation or details ui role; meaning, terminology, and token safety were checked."
"outpost.body.label","de-DE","Body","6CCAA6415B5EE449E3C5C716F57B4608EBE3B780F5AA6B077BC5D8EEE5D961F9","Outpost navigation or details UI. This is a form or control label.","LOW","","","term.planetary-body=Himmelskörper","Himmelskörper","Körper","SUBSTANTIVE","CODEX","Himmelskörper","Codex chosen for “Body” because the Codex wording means a celestial body and avoids the anatomical reading; the DeepL alternative was not adopted."
"outpost.body.select","de-DE","Select...","1339BDDC2B289B6FD255300304588914B269D18AEF7B704C17ED277A8BAADEE7","Outpost navigation or details UI.","LOW","","","term.planetary-body=Himmelskörper","Auswählen...","","MISSING","CODEX","Auswählen...","Correction review: the visible SYSTEM or BODY field label already supplies the noun, so this concise action-only prompt is natural in context and avoids redundant copy; no new independent machine-translation witness was used."
"outpost.defaultName","de-DE","New Outpost","8D0546F4F9854D2F963190B3A1BD9EC4B7B39AE1C5E37B6B295673313CC0F0A3","Outpost navigation or details UI.","LOW","","","term.outpost=Außenposten","Neuer Außenposten","Neuer Außenposten","IDENTICAL","AGREED","Neuer Außenposten","Shared wording “Neuer Außenposten” independently approved for “New Outpost” in its outpost navigation or details ui. role; meaning, terminology, and token safety were checked."
"outpost.delete","de-DE","Delete Outpost","7C7C8CE5EBE3BA6F5320C09AF897EA8E5F727E9A6750952C79BBC17E555B1F2B","Outpost navigation or details UI.","LOW","","","term.outpost=Außenposten","Außenposten löschen","Außenposten löschen","IDENTICAL","AGREED","Außenposten löschen","Shared wording “Außenposten löschen” independently approved for “Delete Outpost” in its outpost navigation or details ui. role; meaning, terminology, and token safety were checked."
"outpost.details.heading","de-DE","Outpost Details","7D886EAAF7F4BC15858F5417447819FCB5985CD60478E216E028EF0F213D4182","Outpost navigation or details UI. This is a visible heading.","LOW","","","term.outpost=Außenposten","Außenpostendetails","Details zum Außenposten","SUBSTANTIVE","DEEPL","Details zum Außenposten","DeepL chosen for “Outpost Details” because it gives the more natural complete German sentence while satisfying term.outpost=Außenposten."
"outpost.name.label","de-DE","Outpost name","3BD68489C2D0581A28EE1F1CE5DAB3BC21CE46D1FD761B4640DA783A41C3D457","Outpost navigation or details UI. This is a form or control label.","LOW","","","term.outpost=Außenposten","Außenposten name","Name des Außenpostens","SUBSTANTIVE","DEEPL","Name des Außenpostens","DeepL chosen for “Outpost name” because it gives the more natural complete German sentence while satisfying term.outpost=Außenposten."
"outpost.navigation.add","de-DE","Add outpost","E918451B6D2EC69126402B9C3D175CBCF5114A80163A34073D64D10FE29E5D0A","Outpost navigation or details UI.","MEDIUM","","","term.outpost=Außenposten","Außenposten hinzufügen","Außenposten hinzufügen","IDENTICAL","AGREED","Außenposten hinzufügen","Shared wording “Außenposten hinzufügen” independently approved for “Add outpost” in its outpost navigation or details ui. role; meaning, terminology, and token safety were checked."
"outpost.navigation.addButton","de-DE","+ Add Outpost","06AD289BA37366FCBA4775FB277122AC18D8606595C6352F0E5C9BE65D9B5110","Outpost navigation or details UI.","MEDIUM","","","term.outpost=Außenposten","+ Hinzufügen Außenposten","+ Außenposten hinzufügen","SUBSTANTIVE","DEEPL","+ Außenposten hinzufügen","DeepL chosen for “+ Add Outpost” because it gives the more natural complete German sentence while satisfying term.outpost=Außenposten."
"outpost.navigation.addWithLimit","de-DE","Add outpost ({count} of {limit})","4928A704D273269A24171CBD44B902B9D71A29FB8DB6C1949798C197A98B4965","Outpost navigation or details UI.","HIGH","count; limit","","term.outpost=Außenposten","Außenposten hinzufügen ({count} of {limit})","Außenposten hinzufügen ({count} von {limit})","SUBSTANTIVE","DEEPL","Außenposten hinzufügen ({count} von {limit})","DeepL chosen for “Add outpost ({count} of {limit})” because it gives the more natural complete German sentence while satisfying term.outpost=Außenposten."
"outpost.navigation.finishReshuffle","de-DE","Finish reshuffling outposts","423DB1152FC67CD3D44FBB11830AF6E0791A279C6506F60456C664EFB193B6C6","Outpost navigation or details UI.","MEDIUM","","","term.outpost=Außenposten; glossary.reshuffle=Neu anordnen","Finish Neuanordnen von Außenposten","Neuanordnung der Außenposten abschließen","SUBSTANTIVE","DEEPL","Neuanordnung der Außenposten abschließen","DeepL chosen for “Finish reshuffling outposts” because it gives the more natural complete German sentence while satisfying term.outpost=Außenposten."
"outpost.navigation.heading","de-DE","Outposts","33E85B75FFC107AC8534734E5B71351017A834D0565B34B2ED638D6F126018ED","Outpost navigation or details UI. This is a visible heading.","MEDIUM","","","term.outpost=Außenposten","Außenposten","Außenposten","IDENTICAL","AGREED","Außenposten","Shared wording “Außenposten” independently approved for “Outposts” in its outpost navigation or details ui role; meaning, terminology, and token safety were checked."
"outpost.navigation.hide","de-DE","Hide outpost navigation","B839ADB9654CA0364F08C1339E3E4236761EFFE604E3E4F04DA5A812F37B9700","Outpost navigation or details UI.","MEDIUM","","","term.outpost=Außenposten","Ausblenden Außenpostennavigation","Navigation zu Außenposten ausblenden","SUBSTANTIVE","DEEPL","Navigation zu Außenposten ausblenden","DeepL chosen for “Hide outpost navigation” because it gives the more natural complete German sentence while satisfying term.outpost=Außenposten."
"outpost.navigation.lockOrder","de-DE","Lock order","7502440CB9BF3D736CC75C78D7491D37DC186DA7164CA35F318B8F2D2FF6E851","Button that exits outpost reordering mode and prevents further reordering; “lock” is an ordering action, not security or login.","HIGH","","","glossary.lock-order=Reihenfolge sperren","Reihenfolge sperren","Reihenfolge sperren","IDENTICAL","AGREED","Reihenfolge sperren","Shared wording “Reihenfolge sperren” independently approved for “Lock order” in its button that exits outpost reordering mode and prevents further reordering; “lock” is an o… role; meaning, terminology, and token safety were checked."
"outpost.navigation.reshuffle","de-DE","Reshuffle outposts","58EA58B8292536DC1E5774C5F2A981EBE1F2E73AC2B7E353CA8F79684F327E7B","Outpost navigation or details UI.","MEDIUM","","","term.outpost=Außenposten; glossary.reshuffle=Neu anordnen","Neu anordnen Außenposten","Außenposten neu anordnen","SUBSTANTIVE","DEEPL","Außenposten neu anordnen","DeepL chosen for “Reshuffle outposts” because it gives the more natural complete German sentence while satisfying term.outpost=Außenposten."
"outpost.navigation.reshuffleButton","de-DE","Reshuffle","24AB205A02FFFE0FE0223DC041BE048135351B78CAE94C04C035FCA9BCEA8BD8","Button that enters manual outpost reordering mode; it does not randomize the order.","HIGH","","","glossary.reshuffle=Neu anordnen","Neu anordnen","Neu anordnen","IDENTICAL","AGREED","Neu anordnen","Shared wording “Neu anordnen” independently approved for “Reshuffle” in its button that enters manual outpost reordering mode; it does not randomize the order. role; meaning, terminology, and token safety were checked."
"outpost.navigation.show","de-DE","Show outpost navigation","BA0B278C43B4D6DE0A8FD21B2E975995EF957087C6C82264B85227AD7F74B397","Outpost navigation or details UI.","MEDIUM","","","term.outpost=Außenposten","Anzeigen Außenpostennavigation","Navigation zu den Außenposten anzeigen","SUBSTANTIVE","DEEPL","Navigation zu den Außenposten anzeigen","DeepL chosen for “Show outpost navigation” because it gives the more natural complete German sentence while satisfying term.outpost=Außenposten."
"outpost.referenceData.empty","de-DE","No resource reference data found for this body.","866A6B8F00387269E5B2FA19103325087600910327518293F88B2F6B5A7650EB","Outpost navigation or details UI.","LOW","","","term.planetary-body=Himmelskörper","No Ressource Referenzdaten found for this body.","Für dieses Objekt wurden keine Ressourcenreferenzdaten gefunden.","SUBSTANTIVE","CUSTOM","Für diesen Himmelskörper wurden keine Ressourcenreferenzdaten gefunden.","Custom wording used because the referenced location can be any supported planetary body; the competing wording contradicted or omitted the approved glossary sense."
"outpost.solar.label","de-DE","Solar","31CE6E79178093B714406B55954C625A9FD47B70C7A6802D5FB5E744422E475C","Outpost navigation or details UI. This is a form or control label.","LOW","","","","Solar","Solar","IDENTICAL","AGREED","Solar","Shared wording “Solar” independently approved for “Solar” in its outpost navigation or details ui role; meaning, terminology, and token safety were checked."
"outpost.system.label","de-DE","System","6725E7BBCD28F3A8A586FA34BF191FD72DDE8B61756932CD3237C17A6F196F1A","Outpost navigation or details UI. This is a form or control label.","LOW","","","term.star-system=Sternsystem","System","System","IDENTICAL","CUSTOM","Sternsystem","Custom wording used because the standalone label uses the full star-system term; the competing wording contradicted or omitted the approved glossary sense."
"outpost.system.select","de-DE","Select...","1339BDDC2B289B6FD255300304588914B269D18AEF7B704C17ED277A8BAADEE7","Outpost navigation or details UI.","LOW","","","term.star-system=Sternsystem","Auswählen...","","MISSING","CODEX","Auswählen...","Correction review: the visible SYSTEM or BODY field label already supplies the noun, so this concise action-only prompt is natural in context and avoids redundant copy; no new independent machine-translation witness was used."
"outpost.wind.label","de-DE","Wind","D151346FE7EEA3C6A0865199579CA6017487DBF981D59CDD1FCADADB03518DC8","Outpost navigation or details UI. This is a form or control label.","LOW","","","","Wind","Wind","IDENTICAL","AGREED","Wind","Shared wording “Wind” independently approved for “Wind” in its outpost navigation or details ui role; meaning, terminology, and token safety were checked."
"plannedSupply.add","de-DE","Add {item} to Planned Supply","A8539A127A899BB2398BA3906312BBEE81A35C0D58EC399A484FCD0B41CF02C9","Planned Supply planning UI; virtual supply, not inventory.","MEDIUM","item","","glossary.planned-supply=Geplante Versorgung","Hinzufügen {item} to Geplante Versorgung","{Element} zur geplanten Versorgung hinzufügen","INVALID_TOKENS","INVALID_DEEPL_REPAIRED","{item} zur geplanten Versorgung hinzufügen","DeepL evidence is invalid because it translated or damaged the stable placeholder identifiers; the wording was repaired or replaced editorially for “Add {item} to Planned Supply”, with exact placeholders and protected tokens restored."
"plannedSupply.addItems","de-DE","Add items to Planned Supply","5C46C1CF781EA9B9D66DEE794383D0121D9D2FC5F4BB6201E73E61D10329E312","Planned Supply planning UI; virtual supply, not inventory.","MEDIUM","","","glossary.planned-supply=Geplante Versorgung","Elemente hinzufügen zu Geplante Versorgung","Artikel zur geplanten Versorgung hinzufügen","SUBSTANTIVE","DEEPL","Artikel zur geplanten Versorgung hinzufügen","DeepL chosen for “Add items to Planned Supply” because it gives the more natural complete German sentence while satisfying glossary.planned-supply=Geplante Versorgung."
"plannedSupply.collapse","de-DE","Collapse Planned Supply","E15065C5BD181D7F121DAD0EB15A70975340E090B66B202E5F92A2CB8631406D","Planned Supply planning UI; virtual supply, not inventory.","MEDIUM","","","glossary.planned-supply=Geplante Versorgung","Reduzieren Geplante Versorgung","Geplante Versorgung ausblenden","SUBSTANTIVE","DEEPL","Geplante Versorgung ausblenden","DeepL chosen for “Collapse Planned Supply” because it gives the more natural complete German sentence while satisfying glossary.planned-supply=Geplante Versorgung."
"plannedSupply.empty","de-DE","No planned supply.","3C83B844C6CE9EE6706973FCF39E55A35FF7AB50C29EEF75CE86FA07EA3A6FFB","Planned Supply planning UI; virtual supply, not inventory.","MEDIUM","","","glossary.planned-supply=Geplante Versorgung","Keine geplante Versorgung.","Keine geplante Versorgung.","IDENTICAL","AGREED","Keine geplante Versorgung.","Shared wording “Keine geplante Versorgung.” independently approved for “No planned supply.” in its planned supply planning ui; virtual supply, not inventory. role; meaning, terminology, and token safety were checked."
"plannedSupply.expand","de-DE","Expand Planned Supply","8CCC084632C6908601B2EBACF0F20E85D93E881534F95C3268243A4E215B6527","Planned Supply planning UI; virtual supply, not inventory.","MEDIUM","","","glossary.planned-supply=Geplante Versorgung","Erweitern Geplante Versorgung","Geplante Lieferung aufklappen","SUBSTANTIVE","CUSTOM","Geplante Versorgung aufklappen","Custom wording used for “Expand Planned Supply” because neither candidate combined natural German grammar with all approved terminology (glossary.planned-supply=Geplante Versorgung); final wording “Geplante Versorgung aufklappen” was checked independently."
"plannedSupply.heading","de-DE","Planned Supply","3748580A9E100E8B05D1F36B32346EDAA2DF422A8256FA71DF620ACFEA43E4AD","Feature heading for virtual future supply intent. It is not current inventory, a reservation, or an actual delivery. This is a visible heading.","HIGH","","","glossary.planned-supply=Geplante Versorgung","Geplante Versorgung","Geplante Lieferung","SUBSTANTIVE","CODEX","Geplante Versorgung","Codex chosen for “Planned Supply” because the final names unresolved future supply intent rather than inventory or a delivery; the DeepL alternative was not adopted."
"plannedSupply.remove","de-DE","Remove {item} from Planned Supply","00837F0F710BA09B864290FD9F8FD8FA53E364D3BC5F24FF6B06C3E7E02D0DD3","Planned Supply planning UI; virtual supply, not inventory.","MEDIUM","item","","glossary.planned-supply=Geplante Versorgung","Entfernen {item} from Geplante Versorgung","{Artikel} aus der geplanten Versorgung entfernen","INVALID_TOKENS","INVALID_DEEPL_REPAIRED","{item} aus der geplanten Versorgung entfernen","DeepL evidence is invalid because it translated or damaged the stable placeholder identifiers; the wording was repaired or replaced editorially for “Remove {item} from Planned Supply”, with exact placeholders and protected tokens restored."
"plannedSupply.removeAll","de-DE","Remove all Planned Supply","CF751884A0857D7CD62B5716C0F7BB082E80D3FE85CB229ABFFB1E013F81EE38","Planned Supply planning UI; virtual supply, not inventory.","MEDIUM","","","glossary.planned-supply=Geplante Versorgung","Alle entfernen aus Geplante Versorgung","Gesamte geplante Versorgung entfernen","SUBSTANTIVE","DEEPL","Gesamte geplante Versorgung entfernen","DeepL chosen for “Remove all Planned Supply” because it gives the more natural complete German sentence while satisfying glossary.planned-supply=Geplante Versorgung."
"plannedSupply.section.inorganic","de-DE","Inorganic Resources","CE416CB725F503F7401314798FE1EAA2BB694AAFAE04907EB650C510ADCB4D08","Planned Supply planning UI; virtual supply, not inventory.","MEDIUM","","","glossary.inorganic=Anorganisch","Anorganische Ressourcen","Anorganische Ressourcen","IDENTICAL","AGREED","Anorganische Ressourcen","Shared wording “Anorganische Ressourcen” independently approved for “Inorganic Resources” in its planned supply planning ui; virtual supply, not inventory. role; meaning, terminology, and token safety were checked."
"plannedSupply.section.organic","de-DE","Organic Resources","D04832A3DBACE8F178D1E7DD0767F251B538562419634813F2ACC771E7960289","Planned Supply planning UI; virtual supply, not inventory.","MEDIUM","","","glossary.organic=Organisch","Organische Ressourcen","Organische Ressourcen","IDENTICAL","AGREED","Organische Ressourcen","Shared wording “Organische Ressourcen” independently approved for “Organic Resources” in its planned supply planning ui; virtual supply, not inventory. role; meaning, terminology, and token safety were checked."
"plannedSupply.section.products","de-DE","Manufactured Products","B125CB525C552EA33D1B71C7588D5324CE7E9E281940068F317C74B4B2BB32CC","Planned Supply planning UI; virtual supply, not inventory.","MEDIUM","","","glossary.manufacturing=Fertigung","Gefertigte Produkte","Fertigprodukte","SUBSTANTIVE","CODEX","Gefertigte Produkte","Codex chosen because the section contains manufactured products, not generic finished goods; the competing wording contradicted or omitted the approved glossary sense."
"power.label.good","de-DE","Good","C939327CA16DCF97CA32521D8B834BF1DE16573D21DEDA3BB2A337CF403787A6","Power quality label or explanatory tooltip. This is a form or control label.","MEDIUM","","","","Gut","Gut","IDENTICAL","AGREED","Gut","Shared wording “Gut” independently approved for “Good” in its power quality label or explanatory tooltip role; meaning, terminology, and token safety were checked."
"power.label.none","de-DE","None","DC937B59892604F5A86AC96936CD7FF09E25F18AE6B758E8014A24C7FA039E91","Power quality label or explanatory tooltip. This is a form or control label.","MEDIUM","","","","Keine","Keine","IDENTICAL","AGREED","Keine","Shared wording “Keine” independently approved for “None” in its power quality label or explanatory tooltip role; meaning, terminology, and token safety were checked."
"power.label.normal","de-DE","Norm.","DEF003CB8AA2673D2417E0330782C9CE706F4759178EC19C75921F652B5F9DC1","Power quality label or explanatory tooltip. This is a form or control label.","MEDIUM","","","","Norm.","Normal","SUBSTANTIVE","DEEPL","Normal","DeepL chosen for “Norm.” because it gives the clearer complete German rendering for the power quality label or explanatory tooltip role; the Codex draft is more literal or incomplete."
"power.label.poor","de-DE","Poor","94DFD46D9DAE63E6C692415BBAB8E266C777E87CDD77BEAB02583B8ED7BD874D","Power quality label or explanatory tooltip. This is a form or control label.","MEDIUM","","","","Schlecht","Schlecht","IDENTICAL","AGREED","Schlecht","Shared wording “Schlecht” independently approved for “Poor” in its power quality label or explanatory tooltip role; meaning, terminology, and token safety were checked."
"power.label.unknown","de-DE","—","BDA050585A00F0F6CB502350559D75532AE3B244C9498B996E7C5DF2D98DFC8D","Power quality label or explanatory tooltip. This is a form or control label.","MEDIUM","","","","—","—","IDENTICAL","AGREED","—","Shared wording “—” independently approved for “—” in its power quality label or explanatory tooltip role; meaning, terminology, and token safety were checked."
"power.label.veryPoor","de-DE","V.Poor","23711E1D8AD43AB27CCCCF34CD8A62C0AA722733DD32706AE2BF55B8CF1D0116","Power quality label or explanatory tooltip. This is a form or control label.","MEDIUM","","","","S. schlecht","Sehr schlecht","SUBSTANTIVE","DEEPL","Sehr schlecht","DeepL chosen for “V.Poor” because it gives the clearer complete German rendering for the power quality label or explanatory tooltip role; the Codex draft is more literal or incomplete."
"power.quality.good","de-DE","Good","C939327CA16DCF97CA32521D8B834BF1DE16573D21DEDA3BB2A337CF403787A6","Power quality label or explanatory tooltip.","MEDIUM","","","","Gut","Gut","IDENTICAL","AGREED","Gut","Shared wording “Gut” independently approved for “Good” in its power quality label or explanatory tooltip. role; meaning, terminology, and token safety were checked."
"power.quality.none","de-DE","None","DC937B59892604F5A86AC96936CD7FF09E25F18AE6B758E8014A24C7FA039E91","Power quality label or explanatory tooltip.","MEDIUM","","","","Keine","Keine","IDENTICAL","AGREED","Keine","Shared wording “Keine” independently approved for “None” in its power quality label or explanatory tooltip. role; meaning, terminology, and token safety were checked."
"power.quality.normal","de-DE","Normal","A7248EEB45EB1CE247F81693283E22E8B39E8A50890CECD22D02E75025547D90","Power quality label or explanatory tooltip.","MEDIUM","","","","Normal","Normal","IDENTICAL","AGREED","Normal","Shared wording “Normal” independently approved for “Normal” in its power quality label or explanatory tooltip. role; meaning, terminology, and token safety were checked."
"power.quality.poor","de-DE","Poor","94DFD46D9DAE63E6C692415BBAB8E266C777E87CDD77BEAB02583B8ED7BD874D","Power quality label or explanatory tooltip.","MEDIUM","","","","Schlecht","Schlecht","IDENTICAL","AGREED","Schlecht","Shared wording “Schlecht” independently approved for “Poor” in its power quality label or explanatory tooltip. role; meaning, terminology, and token safety were checked."
"power.quality.unknown","de-DE","Unknown","B764CDC0EAB7137467211272FA539F1260D1BF2E71BCF6FF3BDC960F5C16AA14","Power quality label or explanatory tooltip.","MEDIUM","","","","Unbekannt","Unbekannt","IDENTICAL","AGREED","Unbekannt","Shared wording “Unbekannt” independently approved for “Unknown” in its power quality label or explanatory tooltip. role; meaning, terminology, and token safety were checked."
"power.quality.veryPoor","de-DE","Very Poor","58D10B9584397B0B71A4A877E0243F8B4202B3F642BE3B4E02A61BBBF4182F32","Power quality label or explanatory tooltip.","MEDIUM","","","","Sehr schlecht","Sehr schlecht","IDENTICAL","AGREED","Sehr schlecht","Shared wording “Sehr schlecht” independently approved for “Very Poor” in its power quality label or explanatory tooltip. role; meaning, terminology, and token safety were checked."
"power.tooltip.modified","de-DE","{source}: {quality} · {multiplier}× output ({modifier})","37B2719E6183F1811D2561A29EEF38307F671674FAAF90F2C4729E18B20599D8","Power quality label or explanatory tooltip. This is explanatory tooltip text.","HIGH","modifier; multiplier; quality; source","","","{source}: {quality} · {multiplier}× Leistung ({modifier})","{Quelle}: {Qualität} · {Multiplikator} × Ausgabe ({Modifikator})","INVALID_TOKENS","INVALID_DEEPL_REPAIRED","{source}: {quality} · {multiplier} × Ausgabe ({modifier})","DeepL evidence is invalid because it translated or damaged the stable placeholder identifiers; the wording was repaired or replaced editorially for “{source}: {quality} · {multiplier}× output ({modifier})”, with exact placeholders and protected tokens restored."
"power.tooltip.noModifier","de-DE","{source}: {quality} · {multiplier}× output (no modifier)","082FBB8B5BC3BDFF1C71A7FF8F77A6DFA933011266DC6784C78974CF1309B04B","Power quality label or explanatory tooltip. This is explanatory tooltip text.","HIGH","multiplier; quality; source","","","{source}: {quality} · {multiplier}× Leistung (ohne Modifikator)","{Quelle}: {Qualität} · {Multiplikator} × Ausgabe (kein Modifikator)","INVALID_TOKENS","INVALID_DEEPL_REPAIRED","{source}: {quality} · {multiplier} × Ausgabe (kein Modifikator)","DeepL evidence is invalid because it translated or damaged the stable placeholder identifiers; the wording was repaired or replaced editorially for “{source}: {quality} · {multiplier}× output (no modifier)”, with exact placeholders and protected tokens restored."
"power.tooltip.unknown","de-DE","{source}: {quality}","8DC4D1F651257F48F5D24DD2A1FCA9B3E6ADF13061BA8ADA479B3351201BA517","Power quality label or explanatory tooltip. This is explanatory tooltip text.","HIGH","quality; source","","","{source}: {quality}","{Quelle}: {Qualität}","INVALID_TOKENS","INVALID_DEEPL_REPAIRED","{source}: {quality}","DeepL evidence is invalid because it translated or damaged the stable placeholder identifiers; the independently token-safe Codex wording was selected for “{source}: {quality}”, with exact placeholders and protected tokens restored."
"production.empty","de-DE","No local resources have been selected.","268C8F36EDA0EE5B32EE73CED9B8846849B570966A30A392F0E238D8BE80FFB1","Active Production section.","LOW","","","","No lokalen Ressourcen have been ausgewählt.","Es wurden keine lokalen Ressourcen ausgewählt.","SUBSTANTIVE","DEEPL","Es wurden keine lokalen Ressourcen ausgewählt.","DeepL chosen for “No local resources have been selected.” because it gives the clearer complete German rendering for the active production section. role; the Codex draft is more literal or incomplete."
"production.heading","de-DE","Active Production","048E7E34826F22874A7BE1F38FAE424C9404D91569160C5ECBDF48139FC577CB","Active Production section. This is a visible heading.","LOW","","","glossary.active-production=Aktive Produktion","Aktive Produktion","Aktive Produktion","IDENTICAL","AGREED","Aktive Produktion","Shared wording “Aktive Produktion” independently approved for “Active Production” in its active production section role; meaning, terminology, and token safety were checked."
"referenceFatal.diagnostic.actualDataset","de-DE","Actual dataset ID","D1562EB9E94E9E96B380B70A6FA2EC27E2683DA11D1A723F052FF5B4E73B73EE","Tracker-authored application message.","LOW","","ID","","Tatsächliche Datensatz-ID","Tatsächliche Datensatz-ID","IDENTICAL","AGREED","Tatsächliche Datensatz-ID","Shared wording “Tatsächliche Datensatz-ID” independently approved for “Actual dataset ID” in its tracker-authored application message. role; meaning, terminology, and token safety were checked."
"referenceFatal.diagnostic.actualHash","de-DE","Actual hash prefix","6C3A935D967CD3A1AFEF55578D3234F5CDD23EF1663F246DDD60A22293695A6A","Tracker-authored application message.","LOW","","","","Tatsächliches Hash-Präfix","Tatsächliches Hash-Präfix","IDENTICAL","AGREED","Tatsächliches Hash-Präfix","Shared wording “Tatsächliches Hash-Präfix” independently approved for “Actual hash prefix” in its tracker-authored application message. role; meaning, terminology, and token safety were checked."
"referenceFatal.diagnostic.asset","de-DE","Asset","80D298C9F240900F00B327F5B611DC41AA785788D6FD3EDBE35812CA88F02E9A","Tracker-authored application message.","LOW","","","","Datei","Asset","SUBSTANTIVE","CODEX","Datei","Codex chosen for “Asset” because it is the clearer idiomatic German wording for the tracker-authored application message. role; the DeepL alternative was not adopted."
"referenceFatal.diagnostic.code","de-DE","Error code","0570B384C3CECF819FB8EBE7AAB1CBB56C7238845FA99B34FC2D6494A7BACD9A","Tracker-authored application message.","LOW","","","","Fehlercode","Fehlercode","IDENTICAL","AGREED","Fehlercode","Shared wording “Fehlercode” independently approved for “Error code” in its tracker-authored application message. role; meaning, terminology, and token safety were checked."
"referenceFatal.diagnostic.expectedDataset","de-DE","Expected dataset ID","F9BCC9C79CEE38D775E37506F08F6154E63833B5B2CC4160342F66FB6831CE6A","Tracker-authored application message.","LOW","","ID","","Erwartete Datensatz-ID","Erwartete Datensatz-ID","IDENTICAL","AGREED","Erwartete Datensatz-ID","Shared wording “Erwartete Datensatz-ID” independently approved for “Expected dataset ID” in its tracker-authored application message. role; meaning, terminology, and token safety were checked."
"referenceFatal.diagnostic.expectedHash","de-DE","Expected hash prefix","8963009395F38E55F0D16BC200A299AC116DC323DCE9E16B38C33BDCCAA14A39","Tracker-authored application message.","LOW","","","","Erwartetes Hash-Präfix","Erwartetes Hash-Präfix","IDENTICAL","AGREED","Erwartetes Hash-Präfix","Shared wording “Erwartetes Hash-Präfix” independently approved for “Expected hash prefix” in its tracker-authored application message. role; meaning, terminology, and token safety were checked."
"referenceFatal.diagnostic.locale","de-DE","Locale","CA3DC612F47E3913B79F68EAC655D590812439EEC5865189C38A0D7623EFA0AA","Tracker-authored application message.","LOW","","","","Gebietsschema","Ländereinstellung","SUBSTANTIVE","DEEPL","Ländereinstellung","DeepL chosen for “Locale” because it gives the clearer complete German rendering for the tracker-authored application message. role; the Codex draft is more literal or incomplete."
"referenceFatal.diagnostic.mediaType","de-DE","Media type","080D69147E5E9D098F24C01D7413101E31A17DD6853E4F7BCCCE2D775D945B4B","Tracker-authored application message.","LOW","","","","Medientyp","Medientyp","IDENTICAL","AGREED","Medientyp","Shared wording “Medientyp” independently approved for “Media type” in its tracker-authored application message. role; meaning, terminology, and token safety were checked."
"referenceFatal.diagnostic.schemaVersion","de-DE","Manifest schema version","10F91A96B0C00520302942A617346E2AADB048F20CDBF9885A054BF4608091CE","Tracker-authored application message.","LOW","","","","Manifest-Schemaversion","Version des Manifest-Schemas","SUBSTANTIVE","DEEPL","Version des Manifest-Schemas","DeepL chosen for “Manifest schema version” because it gives the clearer complete German rendering for the tracker-authored application message. role; the Codex draft is more literal or incomplete."
"referenceFatal.diagnostic.status","de-DE","HTTP status","0F7CF91F242CDF7ABB04BB4710C174D56643D01BC39ACC3E4334C716D06B660B","Tracker-authored application message.","LOW","","","","HTTP-Status","HTTP-Status","IDENTICAL","AGREED","HTTP-Status","Shared wording “HTTP-Status” independently approved for “HTTP status” in its tracker-authored application message. role; meaning, terminology, and token safety were checked."
"referenceFatal.explanation","de-DE","Required reference data could not be loaded correctly. The tracker has stopped to protect your saved work.","3EC004F7CA1FA38DB26295AFAE2403D503FD06CE9CFC32FAB2EF918F900445B6","Tracker-authored application message.","LOW","","","","Erforderliche Referenzdaten konnten nicht ordnungsgemäß geladen werden. Der Tracker wurde angehalten, um deine gespeicherte Arbeit zu schützen.","Die erforderlichen Referenzdaten konnten nicht korrekt geladen werden. Der Tracker wurde angehalten, um Ihre gespeicherten Daten zu schützen.","SUBSTANTIVE","DEEPL","Die erforderlichen Referenzdaten konnten nicht korrekt geladen werden. Der Tracker wurde angehalten, um Ihre gespeicherten Daten zu schützen.","DeepL chosen for “Required reference data could not be loaded correctly. The tracker has stopped to protect…” because it gives the clearer complete German rendering for the tracker-authored application message. role; the Codex draft is more literal or incomplete."
"referenceFatal.heading","de-DE","Reference data unavailable","7E97733458B49F2E75B96ED180A7A14D1CFE7562FA391AC12C8F59C7406AB8B9","Tracker-authored application message. This is a visible heading.","LOW","","","","Referenzdaten nicht verfügbar","Referenzdaten nicht verfügbar","IDENTICAL","AGREED","Referenzdaten nicht verfügbar","Shared wording “Referenzdaten nicht verfügbar” independently approved for “Reference data unavailable” in its tracker-authored application message role; meaning, terminology, and token safety were checked."
"referenceFatal.privacy","de-DE","Reporting opens your email app and includes technical diagnostics only. No saved network data is included automatically.","303AC78FCAC8F3E34F83D4EB61798D823F0A7876AB00F9965161C611DBF8CDC1","Tracker-authored application message.","LOW","","","glossary.network=Netzwerk","Beim Melden wird deine E-Mail-App geöffnet und es werden nur technische Diagnosedaten eingefügt. Gespeicherte Netzwerkdaten werden nicht automatisch einbezogen.","Die Berichterstellung öffnet Ihre E-Mail-App und enthält ausschließlich technische Diagnosedaten. Gespeicherte Netzwerkdaten werden nicht automatisch einbezogen.","SUBSTANTIVE","DEEPL","Die Berichterstellung öffnet Ihre E-Mail-App und enthält ausschließlich technische Diagnosedaten. Gespeicherte Netzwerkdaten werden nicht automatisch einbezogen.","DeepL chosen for “Reporting opens your email app and includes technical diagnostics only. No saved network …” because it gives the clearer complete German rendering for the tracker-authored application message. role; the Codex draft is more literal or incomplete."
"referenceFatal.reason.assetContentType","de-DE","A required reference file was served with the wrong content type.","E4998173285DA086873408FE340C6AA619B3B0773F5A436F0FEB7049C644640B","Tracker-authored application message.","LOW","","","","Eine erforderliche Referenzdatei wurde mit dem falschen Inhaltstyp bereitgestellt.","Eine erforderliche Referenzdatei wurde mit dem falschen Inhaltstyp bereitgestellt.","IDENTICAL","AGREED","Eine erforderliche Referenzdatei wurde mit dem falschen Inhaltstyp bereitgestellt.","Shared wording “Eine erforderliche Referenzdatei wurde mit dem falschen Inhaltstyp bereitgestellt.” independently approved for “A required reference file was served with the wrong content type.” in its tracker-authored application message. role; meaning, terminology, and token safety were checked."
"referenceFatal.reason.assetFetch","de-DE","A required reference file could not be retrieved.","3979D0E6E4FC27C9E487BB1CD34873B03145520CC9C6A55375F1E9E79ABEA888","Tracker-authored application message.","LOW","","","","A required reference file konnten nicht retrieved.","Eine erforderliche Referenzdatei konnte nicht abgerufen werden.","SUBSTANTIVE","DEEPL","Eine erforderliche Referenzdatei konnte nicht abgerufen werden.","DeepL chosen for “A required reference file could not be retrieved.” because it gives the clearer complete German rendering for the tracker-authored application message. role; the Codex draft is more literal or incomplete."
"referenceFatal.reason.assetHash","de-DE","A required reference file does not match the manifest.","0B3186DA86F196F10755F0C83C70EAA1FA314A6B5D44A29116799ADCD2073959","Tracker-authored application message.","LOW","","","","Eine erforderliche Referenzdatei stimmt nicht mit dem Manifest überein.","Eine erforderliche Referenzdatei stimmt nicht mit dem Manifest überein.","IDENTICAL","AGREED","Eine erforderliche Referenzdatei stimmt nicht mit dem Manifest überein.","Shared wording “Eine erforderliche Referenzdatei stimmt nicht mit dem Manifest überein.” independently approved for “A required reference file does not match the manifest.” in its tracker-authored application message. role; meaning, terminology, and token safety were checked."
"referenceFatal.reason.assetJson","de-DE","A required reference file contains invalid JSON.","94C49FE1655FA6C35FCCD77C61FA4D7CA80A445E2E007011E1C4C9806E7CA89D","Tracker-authored application message.","LOW","","JSON","","A required reference file enthält ungültig JSON.","Eine erforderliche Referenzdatei enthält ungültiges JSON.","SUBSTANTIVE","DEEPL","Eine erforderliche Referenzdatei enthält ungültiges JSON.","DeepL chosen for “A required reference file contains invalid JSON.” because it gives the clearer complete German rendering for the tracker-authored application message. role; the Codex draft is more literal or incomplete."
"referenceFatal.reason.assetSchema","de-DE","A required reference file has an invalid structure.","C94A3A1F6EF842F8853A9E44C46EB1385D94E138889DA80DB70B9B410C0F9863","Tracker-authored application message.","LOW","","","","A required reference file has an ungültig structure.","Eine erforderliche Referenzdatei weist eine ungültige Struktur auf.","SUBSTANTIVE","DEEPL","Eine erforderliche Referenzdatei weist eine ungültige Struktur auf.","DeepL chosen for “A required reference file has an invalid structure.” because it gives the clearer complete German rendering for the tracker-authored application message. role; the Codex draft is more literal or incomplete."
"referenceFatal.reason.assetSize","de-DE","A required reference file exceeds the size limit.","A797C74204B047426FF140E429B3BC277771670CCF5999F0C6A74E784EDAFB66","Tracker-authored application message.","LOW","","","","Eine erforderliche Referenzdatei überschreitet die Größenbegrenzung.","Eine erforderliche Referenzdatei überschreitet die Größenbeschränkung.","SUBSTANTIVE","DEEPL","Eine erforderliche Referenzdatei überschreitet die Größenbeschränkung.","DeepL chosen for “A required reference file exceeds the size limit.” because it gives the clearer complete German rendering for the tracker-authored application message. role; the Codex draft is more literal or incomplete."
"referenceFatal.reason.buildMismatch","de-DE","The reference data belongs to a different app build.","3D7236B730DBA31DF9744B3F9A09535F33D61F6C8AEF8C6B6F5C700EC3068CAB","Tracker-authored application message.","LOW","","","","The Referenzdaten belongs to a different app build.","Die Referenzdaten gehören zu einem anderen App-Build.","SUBSTANTIVE","DEEPL","Die Referenzdaten gehören zu einem anderen App-Build.","DeepL chosen for “The reference data belongs to a different app build.” because it gives the clearer complete German rendering for the tracker-authored application message. role; the Codex draft is more literal or incomplete."
"referenceFatal.reason.internal","de-DE","The reference data integrity check could not complete.","C8BD867CDCD01CB72B305DA37244AB7AD7F3DEE94E525D460ED99C66214C484F","Tracker-authored application message.","LOW","","","","The Referenzdaten integrity check konnte nicht complete.","Die Integritätsprüfung der Referenzdaten konnte nicht abgeschlossen werden.","SUBSTANTIVE","DEEPL","Die Integritätsprüfung der Referenzdaten konnte nicht abgeschlossen werden.","DeepL chosen for “The reference data integrity check could not complete.” because it gives the clearer complete German rendering for the tracker-authored application message. role; the Codex draft is more literal or incomplete."
"referenceFatal.reason.manifestFetch","de-DE","The reference manifest could not be retrieved.","077DAF53094553A2262D2E9B2FE0FE91E47B807ED53845BC0FA80EF62125B866","Tracker-authored application message.","LOW","","","","The reference manifest konnten nicht retrieved.","Das Referenz-Manifest konnte nicht abgerufen werden.","SUBSTANTIVE","DEEPL","Das Referenz-Manifest konnte nicht abgerufen werden.","DeepL chosen for “The reference manifest could not be retrieved.” because it gives the clearer complete German rendering for the tracker-authored application message. role; the Codex draft is more literal or incomplete."
"referenceFatal.reason.manifestInvalid","de-DE","The reference manifest is invalid.","856BAD9547F9FCFC0FC3739C43F7BB29FEC0A60BB24ED9C6223890B50BFF15B8","Tracker-authored application message.","LOW","","","","The reference manifest is ungültig.","Das Referenz-Manifest ist ungültig.","SUBSTANTIVE","DEEPL","Das Referenz-Manifest ist ungültig.","DeepL chosen for “The reference manifest is invalid.” because it gives the clearer complete German rendering for the tracker-authored application message. role; the Codex draft is more literal or incomplete."
"referenceFatal.reason.manifestVersion","de-DE","The reference manifest version is unsupported.","937951D077E320AE9746EEBBCD82288FC04A1F59E9931C027F9299AE2A8E52C7","Tracker-authored application message.","LOW","","","","Die Version des Referenzmanifests wird nicht unterstützt.","Die Version des Referenzmanifests wird nicht unterstützt.","IDENTICAL","AGREED","Die Version des Referenzmanifests wird nicht unterstützt.","Shared wording “Die Version des Referenzmanifests wird nicht unterstützt.” independently approved for “The reference manifest version is unsupported.” in its tracker-authored application message. role; meaning, terminology, and token safety were checked."
"referenceFatal.reload","de-DE","Reload","BDC090EC61E3FCFC65F469951DFE00F3F2ECFC6003C44DEAC8E05B7237092DE6","Tracker-authored application message.","LOW","","","","Neu laden","Neu laden","IDENTICAL","AGREED","Neu laden","Shared wording “Neu laden” independently approved for “Reload” in its tracker-authored application message. role; meaning, terminology, and token safety were checked."
"referenceFatal.report","de-DE","Report","B6CE788D9786917C9D19ADAA0D904213365607C7F683D7277F508DCF142B4CC2","Tracker-authored application message.","LOW","","","","Melden","Bericht","SUBSTANTIVE","DEEPL","Bericht","DeepL chosen for “Report” because it gives the clearer complete German rendering for the tracker-authored application message. role; the Codex draft is more literal or incomplete."
"referenceFatal.report.body","de-DE","The tracker stopped during reference data verification. Technical diagnostics:","06E2FE496D91F39F7D0D02747423E0EC5650D97E614BCA7621C24A94861CB697","Tracker-authored application message.","LOW","","","","The tracker stopped during Referenzdaten verification. Technical diagnostics:","Der Tracker wurde während der Überprüfung der Referenzdaten angehalten. Technische Diagnose:","SUBSTANTIVE","DEEPL","Der Tracker wurde während der Überprüfung der Referenzdaten angehalten. Technische Diagnose:","DeepL chosen for “The tracker stopped during reference data verification. Technical diagnostics:” because it gives the clearer complete German rendering for the tracker-authored application message. role; the Codex draft is more literal or incomplete."
"referenceFatal.report.subject","de-DE","Starfield Outpost Tracker reference data problem","D82EA728AF2C1BC3A41761E4959F9857FD8BABAE0396D8BD2B989ED28A6F8680","Tracker-authored application message.","LOW","","","term.outpost=Außenposten; product.starfield=Starfield","Starfield Außenposten Tracker Referenzdaten problem","Problem mit den Referenzdaten des Starfield-Außenposten-Trackers","SUBSTANTIVE","DEEPL","Problem mit den Referenzdaten des Starfield-Außenposten-Trackers","DeepL chosen for “Starfield Outpost Tracker reference data problem” because it gives the more natural complete German sentence while satisfying term.outpost=Außenposten; product.starfield=Starfield."
"search.autocomplete.product","de-DE","Product","FB9EF894175C327470F768D95CA7BEE65E19853A0EAACE3805F8A7B8A12270DA","Item search control, result, state flag, or accessibility instruction.","MEDIUM","","","","Produkt","Produkt","IDENTICAL","AGREED","Produkt","Shared wording “Produkt” independently approved for “Product” in its item search control, result, state flag, or accessibility instruction. role; meaning, terminology, and token safety were checked."
"search.autocomplete.resource","de-DE","Resource","EB7A842FF958C49C6BB5AC2610915C41B9625D8BB553A87DEAFF5D1884430F34","Item search control, result, state flag, or accessibility instruction.","MEDIUM","","","","Ressource","Ressource","IDENTICAL","AGREED","Ressource","Shared wording “Ressource” independently approved for “Resource” in its item search control, result, state flag, or accessibility instruction. role; meaning, terminology, and token safety were checked."
"search.input.description","de-DE","Type an item name or abbreviation, then confirm the item to search.","C803DDEE972FC87FE16A018031103C2B8931A0944CB6B84D03271C1226C2F9FC","Item search control, result, state flag, or accessibility instruction. This is accessible or instructional text.","MEDIUM","","","","Gib einen Elementnamen oder eine Abkürzung ein und bestätige dann das zu suchende Element.","Geben Sie einen Artikelnamen oder eine Abkürzung ein und bestätigen Sie anschließend den zu suchenden Artikel.","SUBSTANTIVE","DEEPL","Geben Sie einen Artikelnamen oder eine Abkürzung ein und bestätigen Sie anschließend den zu suchenden Artikel.","DeepL chosen for “Type an item name or abbreviation, then confirm the item to search.” because it gives the clearer complete German rendering for the item search control, result, state flag, or accessibility instruction role; the Codex draft is more literal or incomplete."
"search.input.label","de-DE","Search for resources or products in your outposts.","5503C57D0D797724DCCB827B724DBDA0FC47192929CC9BC7022E5793A287C9A1","Item search control, result, state flag, or accessibility instruction. This is a form or control label.","MEDIUM","","","term.outpost=Außenposten","Suche for resources or products in your Außenposten.","Suchen Sie nach Ressourcen oder Produkten in Ihren Außenposten.","SUBSTANTIVE","DEEPL","Suchen Sie nach Ressourcen oder Produkten in Ihren Außenposten.","DeepL chosen for “Search for resources or products in your outposts.” because it gives the more natural complete German sentence while satisfying term.outpost=Außenposten."
"search.input.placeholder","de-DE","Search resources or products","BB2BEF585C633AB7724C054DFF24AF17C79912DE8A4459A109E7F06546D3D694","Item search control, result, state flag, or accessibility instruction.","MEDIUM","","","","Suche resources or products","Ressourcen oder Produkte suchen","SUBSTANTIVE","DEEPL","Ressourcen oder Produkte suchen","DeepL chosen for “Search resources or products” because it gives the clearer complete German rendering for the item search control, result, state flag, or accessibility instruction. role; the Codex draft is more literal or incomplete."
"search.results.close","de-DE","Close Search Results","F96E828A9092B71523FBB3C9A567DAF6722E1245B6496CF2B914D45FAD6970CD","Item search control, result, state flag, or accessibility instruction.","MEDIUM","","","","Schließen Suchergebnisse","Suchergebnisse schließen","SUBSTANTIVE","DEEPL","Suchergebnisse schließen","DeepL chosen for “Close Search Results” because it gives the clearer complete German rendering for the item search control, result, state flag, or accessibility instruction. role; the Codex draft is more literal or incomplete."
"search.results.dragInstructions","de-DE","Move Search Results with the arrow keys. Hold Shift for larger steps.","959897EA69410FC9E83C495B5FAC4989501BE59DFDF33F9FDCB8AAEE31E9DC25","Item search control, result, state flag, or accessibility instruction.","HIGH","","Shift","","Verschiebe die Suchergebnisse mit den Pfeiltasten. Halte Shift für größere Schritte gedrückt.","Navigieren Sie mit den Pfeiltasten durch die Suchergebnisse. Halten Sie die Umschalttaste gedrückt, um größere Schritte auszuführen.","INVALID_TOKENS","INVALID_DEEPL_REPAIRED","Verschiebe die Suchergebnisse mit den Pfeiltasten. Halte Shift für größere Schritte gedrückt.","DeepL evidence is invalid because it removed or altered protected token “Shift”; the independently token-safe Codex wording was selected for “Move Search Results with the arrow keys. Hold Shift for larger steps.”, with exact placeholders and protected tokens restored."
"search.results.flag.exporting","de-DE","Exporting","EB9B51193618C1A172014167484EF491D9E9BA6B222F0E4DD993F1339B7DFEC0","Item search control, result, state flag, or accessibility instruction.","MEDIUM","","","","Exportiert","Exportieren","SUBSTANTIVE","DEEPL","Exportieren","DeepL chosen for “Exporting” because it gives the clearer complete German rendering for the item search control, result, state flag, or accessibility instruction. role; the Codex draft is more literal or incomplete."
"search.results.flag.importing","de-DE","Importing","D252FFFACBF0370776D720324538A0E7F77D2A01267BBEEF6CD43378DC68605B","Item search control, result, state flag, or accessibility instruction.","MEDIUM","","","","Importiert","Importieren","SUBSTANTIVE","DEEPL","Importieren","DeepL chosen for “Importing” because it gives the clearer complete German rendering for the item search control, result, state flag, or accessibility instruction. role; the Codex draft is more literal or incomplete."
"search.results.flag.missingInputs","de-DE","Missing Inputs","24BFB7E5906EA9DC87390942ECA120511DF604A3703F2C4EE588151E94E0C02C","Search-result state flag meaning required recipe or organic-production inputs are unavailable.","HIGH","","","glossary.inputs=Einsatzstoffe","Missing Einsatzstoffe","Fehlende Eingaben","SUBSTANTIVE","CUSTOM","Fehlende Einsatzstoffe","Custom wording used for “Missing Inputs” because the final denotes unavailable production inputs rather than empty form fields; final wording “Fehlende Einsatzstoffe” was checked independently."
"search.results.flag.plannedSupply","de-DE","Planned Supply","3748580A9E100E8B05D1F36B32346EDAA2DF422A8256FA71DF620ACFEA43E4AD","Item search control, result, state flag, or accessibility instruction.","MEDIUM","","","glossary.planned-supply=Geplante Versorgung","Geplante Versorgung","Geplante Versorgung","IDENTICAL","AGREED","Geplante Versorgung","Shared wording “Geplante Versorgung” independently approved for “Planned Supply” in its item search control, result, state flag, or accessibility instruction. role; meaning, terminology, and token safety were checked."
"search.results.flag.present","de-DE","Present","43F9B89C0B9D22D8110EAD813EA3949F20592A8BFC3C777D2D49E64DA3B0CC9B","Search-result state flag meaning the item/resource exists or can exist at the outpost; not temporal “currently”.","HIGH","","","glossary.present=Vorhanden","Vorhanden","Aktuell","SUBSTANTIVE","CODEX","Vorhanden","Codex chosen for “Present” because the final preserves the locative presence sense and avoids a temporal reading; the DeepL alternative was not adopted."
"search.results.flag.producing","de-DE","Producing","6205C14B87A9F7261B6078D0347AAA6998853CC7BE936390846C6F1B95BF0B56","Search-result state flag meaning configured active production, without a throughput claim.","HIGH","","","glossary.producing=In Produktion","In Produktion","Produktion","SUBSTANTIVE","CODEX","In Produktion","Codex chosen for “Producing” because the final denotes configured production without implying throughput; the DeepL alternative was not adopted."
"search.results.found","de-DE","{searchItem} was found at {count} {count, plural, one {outpost} other {outposts}}.","CEC1C6BE530D72128E3C3B1F80BCD0302F86340CBB7E52365511ABDF269D0D0F","Item search control, result, state flag, or accessibility instruction.","HIGH","count; searchItem","","term.outpost=Außenposten","{searchItem} wurde gefunden bei {count} {count, plural, one {outpost} other {outposts}}.","{searchItem} wurde an {count} {count, Plural, einem {Außenposten} oder anderen {Außenposten}} gefunden.","INVALID_TOKENS","INVALID_DEEPL_REPAIRED","{searchItem} wurde an {count} {count, plural, one {Außenposten} other {Außenposten}} gefunden.","DeepL evidence is invalid because it translated or damaged the stable placeholder identifiers; the wording was repaired or replaced editorially for “{searchItem} was found at {count} {count, plural, one {outpost} other {outposts}}.”, with exact placeholders and protected tokens restored."
"search.results.notFound","de-DE","{searchItem} was not found at any outpost.","6325CC94B352FEBCD190C61B84407AF02FFF65652F2F3945547C7FE702472233","Item search control, result, state flag, or accessibility instruction.","MEDIUM","searchItem","","term.outpost=Außenposten","{searchItem} wurde an keinem gefunden: Außenposten.","{searchItem} wurde an keinem Außenposten gefunden.","SUBSTANTIVE","DEEPL","{searchItem} wurde an keinem Außenposten gefunden.","DeepL chosen for “{searchItem} was not found at any outpost.” because it gives the more natural complete German sentence while satisfying term.outpost=Außenposten."
"search.results.title","de-DE","Search Results","39414102545E7861AEC25ED038FCB11AAFB75B34686705063F2A8FF268CBD368","Item search control, result, state flag, or accessibility instruction. This is a visible heading.","MEDIUM","","","","Suchergebnisse","Suchergebnisse","IDENTICAL","AGREED","Suchergebnisse","Shared wording “Suchergebnisse” independently approved for “Search Results” in its item search control, result, state flag, or accessibility instruction role; meaning, terminology, and token safety were checked."
"search.submit","de-DE","Search for item","C33D54FDF7B51A525DEA1D4120CC4AD9AE71A9469DBD27A55C818275D425312C","Item search control, result, state flag, or accessibility instruction.","MEDIUM","","","","Suche for item","Nach Gegenstand suchen","SUBSTANTIVE","DEEPL","Nach Gegenstand suchen","DeepL chosen for “Search for item” because it gives the clearer complete German rendering for the item search control, result, state flag, or accessibility instruction. role; the Codex draft is more literal or incomplete."
"shortcuts.action.addCargoLink","de-DE","Add Cargo Link","85D0825E6F01A2CCB8FEBC0E71B2AFBD88E531B21869CBCDA43054E1F0D62520","Tracker-authored application message.","HIGH","","","term.cargo-link=Frachtlink","Hinzufügen Frachtlink","Frachtverbindung hinzufügen","SUBSTANTIVE","CUSTOM","Frachtlink hinzufügen","Custom wording used for “Add Cargo Link” because neither candidate combined natural German grammar with all approved terminology (term.cargo-link=Frachtlink); final wording “Frachtlink hinzufügen” was checked independently."
"shortcuts.action.addOutpost","de-DE","Add outpost","E918451B6D2EC69126402B9C3D175CBCF5114A80163A34073D64D10FE29E5D0A","Tracker-authored application message.","HIGH","","","term.outpost=Außenposten","Außenposten hinzufügen","Außenposten hinzufügen","IDENTICAL","AGREED","Außenposten hinzufügen","Shared wording “Außenposten hinzufügen” independently approved for “Add outpost” in its tracker-authored application message. role; meaning, terminology, and token safety were checked."
"shortcuts.action.collapseAllCargoLinks","de-DE","Collapse All","55988E28A4E8720A588C5C53FD47616D929A404D3D2AF7E6F8BA313DCE6DC3E4","Tracker-authored application message.","HIGH","","","","Reduzieren Alle","Alle ausblenden","SUBSTANTIVE","DEEPL","Alle ausblenden","DeepL chosen for “Collapse All” because it gives the clearer complete German rendering for the tracker-authored application message. role; the Codex draft is more literal or incomplete."
"shortcuts.action.expandAllCargoLinks","de-DE","Expand All","9F5B023A413A7D0771CC3FB51B103DC0AAAAFE8F7B7C88C7258D43E3BC5B243D","Tracker-authored application message.","HIGH","","","","Erweitern Alle","Alle erweitern","SUBSTANTIVE","DEEPL","Alle erweitern","DeepL chosen for “Expand All” because it gives the clearer complete German rendering for the tracker-authored application message. role; the Codex draft is more literal or incomplete."
"shortcuts.action.export","de-DE","Export","3664895579F0A7E68C4AA09C91316E20239BC74499010E6423ECE40CAD7C28F7","Tracker-authored application message.","HIGH","","","glossary.file-import-export=Importieren / Exportieren","Exportieren","Exportieren","IDENTICAL","AGREED","Exportieren","Shared wording “Exportieren” independently approved for “Export” in its tracker-authored application message. role; meaning, terminology, and token safety were checked."
"shortcuts.action.focusCargoLinks","de-DE","Focus Cargo Links","F4802247A8CF7C50951763056B87DE24F432E305AD819ECB78EC62CDBDB9CCEC","Tracker-authored application message.","HIGH","","","term.cargo-link=Frachtlink","Fokus auf Frachtlinks","Fokus auf Frachtverbindungen","SUBSTANTIVE","CUSTOM","Frachtlinks fokussieren","Custom wording used for “Focus Cargo Links” because neither candidate combined natural German grammar with all approved terminology (term.cargo-link=Frachtlink); final wording “Frachtlinks fokussieren” was checked independently."
"shortcuts.action.focusFirstInorganic","de-DE","Inorganic","897FDA90A70D9858F75D9CBD82D0E8F76C5D41753289E3FF619EB61863A5E91F","Keyboard-shortcut action label that focuses the first inorganic-resource control.","HIGH","","","glossary.inorganic=Anorganisch","Anorganisch","Anorganisch","IDENTICAL","AGREED","Anorganisch","Shared wording “Anorganisch” independently approved for “Inorganic” in its keyboard-shortcut action label that focuses the first inorganic-resource control. role; meaning, terminology, and token safety were checked."
"shortcuts.action.focusFirstOrganic","de-DE","Organic","89B8CB68F4EDD75B5FB10DA9CC85802C15214A84CDA6D2F2D841BDF80E7109D3","Keyboard-shortcut action label that focuses the first organic-resource control.","HIGH","","","glossary.organic=Organisch","Organisch","Organisch","IDENTICAL","AGREED","Organisch","Shared wording “Organisch” independently approved for “Organic” in its keyboard-shortcut action label that focuses the first organic-resource control. role; meaning, terminology, and token safety were checked."
"shortcuts.action.focusManufacturingAction","de-DE","Manufacturing","C6838ED989FD7D93BA9023466783C95230843EE13ACAFD63A355F9AD766CC39F","Keyboard-shortcut action label that focuses the manufacturing action control.","HIGH","","","glossary.manufacturing=Fertigung","Fertigung","Fertigung","IDENTICAL","AGREED","Fertigung","Shared wording “Fertigung” independently approved for “Manufacturing” in its keyboard-shortcut action label that focuses the manufacturing action control. role; meaning, terminology, and token safety were checked."
"shortcuts.action.focusNavigation","de-DE","Focus Navigation","24472FE6FC2068AE80EFF6E0200D0189608B8827654850B8397875246837836A","Tracker-authored application message.","HIGH","","","","Fokus auf Navigation","Schwerpunkt-Navigation","SUBSTANTIVE","CUSTOM","Navigation fokussieren","Custom wording used for “Focus Navigation” because neither candidate fully matched the tracker-authored application message. role and source meaning; final wording “Navigation fokussieren” was checked independently."
"shortcuts.action.focusOutpostDetails","de-DE","Focus Outpost Details","1EFC75B03DE8E0E05C3B26A40DF970DF16DBDED6A4BA7EF135D77C3CE32FC8A1","Tracker-authored application message.","HIGH","","","term.outpost=Außenposten","Fokus auf Außenpostendetails","Details zum Fokus-Außenposten","SUBSTANTIVE","CUSTOM","Außenpostendetails fokussieren","Custom wording used for “Focus Outpost Details” because neither candidate combined natural German grammar with all approved terminology (term.outpost=Außenposten); final wording “Außenpostendetails fokussieren” was checked independently."
"shortcuts.action.focusPlannedSupply","de-DE","Focus Planned Supply","8D7B0DB327DEFC26813D63F99B86FA49AE857C96BE45378D63C8AABCBEBCEB76","Tracker-authored application message.","HIGH","","","glossary.planned-supply=Geplante Versorgung","Fokus auf Geplante Versorgung","Fokus: Geplante Versorgung","SUBSTANTIVE","CUSTOM","Geplante Versorgung fokussieren","Custom wording used for “Focus Planned Supply” because neither candidate combined natural German grammar with all approved terminology (glossary.planned-supply=Geplante Versorgung); final wording “Geplante Versorgung fokussieren” was checked independently."
"shortcuts.action.focusResourceMatrix","de-DE","Focus Resource Matrix","44E81583C2EBFA1AB02EDC63051DC5F04255344AA71DC1E9E51DFE53790E0360","Tracker-authored application message.","HIGH","","","glossary.resource-matrix=Ressourcenmatrix","Fokus auf Ressourcenmatrix","Fokus-Ressourcenmatrix","SUBSTANTIVE","CUSTOM","Ressourcenmatrix fokussieren","Custom wording used for “Focus Resource Matrix” because neither candidate combined natural German grammar with all approved terminology (glossary.resource-matrix=Ressourcenmatrix); final wording “Ressourcenmatrix fokussieren” was checked independently."
"shortcuts.action.focusSearch","de-DE","Focus Search for Items","E51E72ED7EE8D908AA73626008C669625DC40E93D93CDBA207878E19975593EE","Tracker-authored application message.","HIGH","","","","Fokus auf Suche for Items","Fokus-Suche nach Artikeln","SUBSTANTIVE","CUSTOM","Elementsuche fokussieren","Custom wording used for “Focus Search for Items” because neither candidate fully matched the tracker-authored application message. role and source meaning; final wording “Elementsuche fokussieren” was checked independently."
"shortcuts.action.focusSearchResults","de-DE","Focus Search Results","FFEBFB20EA12F539C80BA1E36EAB2032B8F122C506A16FA3F78C8DEE8BD445D9","Tracker-authored application message.","HIGH","","","","Fokus auf Suchergebnisse","Fokus-Suchergebnisse","SUBSTANTIVE","CUSTOM","Suchergebnisse fokussieren","Custom wording used for “Focus Search Results” because neither candidate fully matched the tracker-authored application message. role and source meaning; final wording “Suchergebnisse fokussieren” was checked independently."
"shortcuts.action.import","de-DE","Import","2CFF9BAABF56CA002610E113BC94DEB6EDEDDDFC3C130365B6E88ED5195BF774","Tracker-authored application message.","HIGH","","","glossary.file-import-export=Importieren / Exportieren","Importieren","Import","SUBSTANTIVE","CODEX","Importieren","Codex chosen for “Import” because it is the clearer idiomatic German wording for the tracker-authored application message. role; the DeepL alternative was not adopted."
"shortcuts.action.nextOutpost","de-DE","Next outpost","DEF30461A56CB316B7129F4AC1BB0C120E21E68BBD25E48CFBF05CAF9CDFB87D","Tracker-authored application message.","HIGH","","","term.outpost=Außenposten","Nächster Außenposten","Nächster Außenposten","IDENTICAL","AGREED","Nächster Außenposten","Shared wording “Nächster Außenposten” independently approved for “Next outpost” in its tracker-authored application message. role; meaning, terminology, and token safety were checked."
"shortcuts.action.previousOutpost","de-DE","Previous outpost","7E593746F34E85C483B84F1A22D6BB02BFCB9596C3245646C40FB6ABE47FEBCD","Tracker-authored application message.","HIGH","","","term.outpost=Außenposten","Vorheriger Außenposten","Vorheriger Außenposten","IDENTICAL","AGREED","Vorheriger Außenposten","Shared wording “Vorheriger Außenposten” independently approved for “Previous outpost” in its tracker-authored application message. role; meaning, terminology, and token safety were checked."
"shortcuts.action.redo","de-DE","Redo","74273989B0966E2369B6D01AADB23AF4AD6A9E724643FA88F2BDE99202A36708","Tracker-authored application message.","HIGH","","","glossary.undo-redo=Rückgängig / Wiederholen","Wiederholen","Wiederholen","IDENTICAL","AGREED","Wiederholen","Shared wording “Wiederholen” independently approved for “Redo” in its tracker-authored application message. role; meaning, terminology, and token safety were checked."
"shortcuts.action.toggleNavigation","de-DE","Show/hide Navigation","7937955816AED06A1A324E2CE9ABA0262F65EDD01DD361D8080B3A60FB0D3A22","Tracker-authored application message.","HIGH","","","","Anzeigen/hide Navigation","Navigation ein-/ausblenden","SUBSTANTIVE","DEEPL","Navigation ein-/ausblenden","DeepL chosen for “Show/hide Navigation” because it gives the clearer complete German rendering for the tracker-authored application message. role; the Codex draft is more literal or incomplete."
"shortcuts.action.toggleValidation","de-DE","Toggle Validation details","90928F457C0204375D13F06546F74A81ECB1ABE84E0AE421726A42F2D6859608","Tracker-authored application message.","HIGH","","","glossary.validation=Validierung","Umschalten Validierung Details","Validierungsdetails umschalten","SUBSTANTIVE","DEEPL","Validierungsdetails umschalten","DeepL chosen for “Toggle Validation details” because it gives the more natural complete German sentence while satisfying glossary.validation=Validierung."
"shortcuts.action.undo","de-DE","Undo","A8283ADE31856F71220DB0E6F60A257C6889DC4DAD0F275F66AD44B9ED9BF8D5","Tracker-authored application message.","HIGH","","","glossary.undo-redo=Rückgängig / Wiederholen","Rückgängig","Rückgängig","IDENTICAL","AGREED","Rückgängig","Shared wording “Rückgängig” independently approved for “Undo” in its tracker-authored application message. role; meaning, terminology, and token safety were checked."
"shortcuts.closeDialog","de-DE","Close Keyboard Shortcuts dialog","7AD19E9AA61D97954761BDB3A883E60D71A78B7DF3887C8B172CC6BF9CA4C8E2","Tracker-authored application message.","HIGH","","","","Schließen Tastenkürzel dialog","Dialogfeld „Tastaturkürzel“ schließen","SUBSTANTIVE","DEEPL","Dialogfeld „Tastaturkürzel“ schließen","DeepL chosen for “Close Keyboard Shortcuts dialog” because it gives the clearer complete German rendering for the tracker-authored application message. role; the Codex draft is more literal or incomplete."
"shortcuts.group.cargoLinks","de-DE","Cargo Links","E9B8BE501BF399617C9333EAD8AF1489FBC8A33BC7E250C52EE05609CE8CB30F","Tracker-authored application message.","HIGH","","","term.cargo-link=Frachtlink","Frachtlinks","Cargo-Links","SUBSTANTIVE","CODEX","Frachtlinks","Codex chosen for “Cargo Links” because it applies the row's approved terminology (term.cargo-link=Frachtlink) more faithfully in context; the DeepL alternative was not adopted."
"shortcuts.group.history","de-DE","History","0E769600933790607B2A13B33DDFADE0FA17810EB62C3B28EE23E59516516491","Tracker-authored application message.","HIGH","","","","Verlauf","Verlauf","IDENTICAL","AGREED","Verlauf","Shared wording “Verlauf” independently approved for “History” in its tracker-authored application message. role; meaning, terminology, and token safety were checked."
"shortcuts.group.importExport","de-DE","Import / Export","6E061FABEF2190A6D7CB2576AE2B9DF184C8C6243C1156A860DBA3DAA5B4763B","Tracker-authored application message.","HIGH","","","glossary.file-import-export=Importieren / Exportieren","Importieren / Exportieren","Importieren / Exportieren","IDENTICAL","AGREED","Importieren / Exportieren","Shared wording “Importieren / Exportieren” independently approved for “Import / Export” in its tracker-authored application message. role; meaning, terminology, and token safety were checked."
"shortcuts.group.outpostNavigation","de-DE","Outpost Navigation","BC71DCA632083ECF778E6CA2974F907E215DBDFC9D0C18C9838EEDDD1E5D3714","Tracker-authored application message.","HIGH","","","term.outpost=Außenposten","Außenpostennavigation","Outpost-Navigation","SUBSTANTIVE","CODEX","Außenpostennavigation","Codex chosen for “Outpost Navigation” because it applies the row's approved terminology (term.outpost=Außenposten) more faithfully in context; the DeepL alternative was not adopted."
"shortcuts.group.resourceMatrix","de-DE","Resource Matrix","0FF84E3776BFD5BC3F7CB4E19082D8AF196D2FE785AA1368744C9A46FAEA6569","Tracker-authored application message.","HIGH","","","glossary.resource-matrix=Ressourcenmatrix","Ressourcenmatrix","Ressourcenmatrix","IDENTICAL","AGREED","Ressourcenmatrix","Shared wording “Ressourcenmatrix” independently approved for “Resource Matrix” in its tracker-authored application message. role; meaning, terminology, and token safety were checked."
"shortcuts.group.search","de-DE","Search","49C266BAAAA70981EA188FA714D5C40CF13830D786A861C9943AE0D26A7F3FE9","Tracker-authored application message.","HIGH","","","","Suche","Suche","IDENTICAL","AGREED","Suche","Shared wording “Suche” independently approved for “Search” in its tracker-authored application message. role; meaning, terminology, and token safety were checked."
"shortcuts.group.validation","de-DE","Validation","68E1CA575295BB5604FEA711B5D2EFF44006CE4BD985481083A76B71FCE0DAEF","Tracker-authored application message.","HIGH","","","glossary.validation=Validierung","Validierung","Validierung","IDENTICAL","AGREED","Validierung","Shared wording “Validierung” independently approved for “Validation” in its tracker-authored application message. role; meaning, terminology, and token safety were checked."
"shortcuts.group.workspace","de-DE","Workspace","87BB59BA2F92F2A5A9F13E021FD58DD14AE5C065B1046146875E6E68D5EBC8B7","Tracker-authored application message.","HIGH","","","","Arbeitsbereich","Arbeitsbereich","IDENTICAL","AGREED","Arbeitsbereich","Shared wording “Arbeitsbereich” independently approved for “Workspace” in its tracker-authored application message. role; meaning, terminology, and token safety were checked."
"shortcuts.introduction","de-DE","Global commands available throughout the application. Shortcuts yield to text editing and open dialogs where appropriate.","B84701CD597E0FCBEDAFB7592E3FDA66951E66E3C4CA6334E697F2A85B09D179","Tracker-authored application message.","HIGH","","","","Globale Befehle, die in der gesamten Anwendung verfügbar sind. Bei der Texteingabe und in geöffneten Dialogen haben deren Funktionen Vorrang vor Tastenkürzeln.","Globale Befehle, die in der gesamten Anwendung verfügbar sind. Tastenkombinationen weichen gegebenenfalls der Textbearbeitung und dem Öffnen von Dialogen aus.","SUBSTANTIVE","DEEPL","Globale Befehle, die in der gesamten Anwendung verfügbar sind. Tastenkombinationen weichen gegebenenfalls der Textbearbeitung und dem Öffnen von Dialogen aus.","DeepL chosen for “Global commands available throughout the application. Shortcuts yield to text editing and…” because it gives the clearer complete German rendering for the tracker-authored application message. role; the Codex draft is more literal or incomplete."
"shortcuts.title","de-DE","Keyboard Shortcuts","59CDAA26DD9DCD4CBCDED97A7B91029B396BCFDBFD927356FACBEB163283A3DF","Tracker-authored application message. This is a visible heading.","HIGH","","","","Tastenkürzel","Tastaturkürzel","SUBSTANTIVE","DEEPL","Tastaturkürzel","DeepL chosen for “Keyboard Shortcuts” because it gives the clearer complete German rendering for the tracker-authored application message role; the Codex draft is more literal or incomplete."
"status.dismiss","de-DE","Dismiss status message","94752DF4A3AFA627C0EB04C2EBBEDA43BD3439B39B60AE69239B863D2DCB4B75","Status bar, import/export feedback, or reference-data feedback.","MEDIUM","","","","Schließen status message","Statusmeldung schließen","SUBSTANTIVE","DEEPL","Statusmeldung schließen","DeepL chosen for “Dismiss status message” because it gives the clearer complete German rendering for the status bar, import/export feedback, or reference-data feedback. role; the Codex draft is more literal or incomplete."
"status.dismiss.short","de-DE","Dismiss","48845BFF334A50A59AAECF499F28A7A24C3B4B891B8B18A9F1169AD8E8A6B261","Status bar, import/export feedback, or reference-data feedback.","MEDIUM","","","","Schließen","Schließen","IDENTICAL","AGREED","Schließen","Shared wording “Schließen” independently approved for “Dismiss” in its status bar, import/export feedback, or reference-data feedback. role; meaning, terminology, and token safety were checked."
"status.drag.reorder","de-DE","Drop to reorder · Esc to cancel","04DBC72920C2D3478E8566409B94F9FA5E979C63806DC33C25C9915DCC6E0B29","Status bar, import/export feedback, or reference-data feedback.","MEDIUM","","Esc","","Drop to reorder · Esc to abbrechen","Per Drag & Drop neu anordnen · Esc zum Abbrechen","SUBSTANTIVE","DEEPL","Per Drag & Drop neu anordnen · Esc zum Abbrechen","DeepL chosen for “Drop to reorder · Esc to cancel” because it gives the clearer complete German rendering for the status bar, import/export feedback, or reference-data feedback. role; the Codex draft is more literal or incomplete."
"status.export.success","de-DE","Exported {fileName}.","51AA2FC44EBE53A80B7C2B4ACED6E02128DAC8591B73F3D3663AECD4183DEE0D","Status bar, import/export feedback, or reference-data feedback.","MEDIUM","fileName","","glossary.file-import-export=Importieren / Exportieren","Exportiert {fileName}.","Exportiert {Dateiname}.","INVALID_TOKENS","INVALID_DEEPL_REPAIRED","Exportiert {fileName}.","DeepL evidence is invalid because it translated or damaged the stable placeholder identifiers; the independently token-safe Codex wording was selected for “Exported {fileName}.”, with exact placeholders and protected tokens restored."
"status.import.aggregateLimitExceeded","de-DE","This import contains too many items to open safely.","315AC334305B4FDC6E77D2CE6E1EE6B309A81078DAEA605265B16F152F223F9B","Status bar, import/export feedback, or reference-data feedback.","MEDIUM","","","glossary.file-import-export=Importieren / Exportieren","This import enthält too many items to open safely.","Dieser Import enthält zu viele Elemente, um sicher geöffnet zu werden.","SUBSTANTIVE","DEEPL","Dieser Import enthält zu viele Elemente, um sicher geöffnet zu werden.","DeepL chosen for “This import contains too many items to open safely.” because it gives the clearer complete German rendering for the status bar, import/export feedback, or reference-data feedback. role; the Codex draft is more literal or incomplete."
"status.import.arrayLimitExceeded","de-DE","This import contains too many items in one section.","A98517EB47338D0060C99A3B4C4497BA8064341BD2F207566A76A53557D85C9A","Status bar, import/export feedback, or reference-data feedback.","MEDIUM","","","glossary.file-import-export=Importieren / Exportieren","This import enthält too many items in one section.","Dieser Import enthält zu viele Elemente in einem Abschnitt.","SUBSTANTIVE","DEEPL","Dieser Import enthält zu viele Elemente in einem Abschnitt.","DeepL chosen for “This import contains too many items in one section.” because it gives the clearer complete German rendering for the status bar, import/export feedback, or reference-data feedback. role; the Codex draft is more literal or incomplete."
"status.import.duplicateNetworkId","de-DE","The selected collection contains duplicate network ID ""{id}"".","91035A72894723B9589D43C2AA37D0A3B2D5B91D4C70B3CC7E7F9ACAFC6233C5","Status bar, import/export feedback, or reference-data feedback.","MEDIUM","id","ID","glossary.network=Netzwerk; glossary.file-import-export=Importieren / Exportieren","The ausgewählt Sammlung enthält duplicate Netzwerk ID ""{id}"".","Die ausgewählte Sammlung enthält eine doppelte Netzwerk-ID „{id}“.","SUBSTANTIVE","DEEPL","Die ausgewählte Sammlung enthält eine doppelte Netzwerk-ID „{id}“.","DeepL chosen for “The selected collection contains duplicate network ID ""{id}"".” because it gives the clearer complete German rendering for the status bar, import/export feedback, or reference-data feedback. role; the Codex draft is more literal or incomplete."
"status.import.emptyCollection","de-DE","The selected collection does not contain any networks.","E7269044472AB120758726D2A7C0990ED93D5748D2F569051841FA9A0518D52A","Status bar, import/export feedback, or reference-data feedback.","MEDIUM","","","glossary.network=Netzwerk; glossary.file-import-export=Importieren / Exportieren","The ausgewählt Sammlung enthält keine any networks.","Die ausgewählte Sammlung enthält keine Netzwerke.","SUBSTANTIVE","DEEPL","Die ausgewählte Sammlung enthält keine Netzwerke.","DeepL chosen for “The selected collection does not contain any networks.” because it gives the clearer complete German rendering for the status bar, import/export feedback, or reference-data feedback. role; the Codex draft is more literal or incomplete."
"status.import.failed","de-DE","Import failed for {fileName}: {reason}","D3FB408CD70B6735432BA3876C00A4C80909818B90AB34B7D19B4DD4B9A4139B","Status bar, import/export feedback, or reference-data feedback.","HIGH","fileName; reason","","glossary.file-import-export=Importieren / Exportieren","Importieren failed for {fileName}: {reason}","Der Import von {fileName} ist fehlgeschlagen: {Grund}","INVALID_TOKENS","INVALID_DEEPL_REPAIRED","Der Import von {fileName} ist fehlgeschlagen: {reason}","DeepL evidence is invalid because it translated or damaged the stable placeholder identifiers; the wording was repaired or replaced editorially for “Import failed for {fileName}: {reason}”, with exact placeholders and protected tokens restored."
"status.import.fileTooLarge","de-DE","This import is too large to open safely.","F52959415C0D566021375CABF4E3A7F283223439D0A0D4BA9C30395813B66EC0","Status bar, import/export feedback, or reference-data feedback.","MEDIUM","","","glossary.file-import-export=Importieren / Exportieren","Dieser Import ist zu groß, um ihn sicher zu öffnen.","Dieser Import ist zu groß, um sicher geöffnet zu werden.","SUBSTANTIVE","DEEPL","Dieser Import ist zu groß, um sicher geöffnet zu werden.","DeepL chosen for “This import is too large to open safely.” because it gives the clearer complete German rendering for the status bar, import/export feedback, or reference-data feedback. role; the Codex draft is more literal or incomplete."
"status.import.invalid","de-DE","The selected file could not be imported.","F57E852DBDF8D227D7235E37453E633147660194DE95861C6AA1FC2C19A9F61F","Status bar, import/export feedback, or reference-data feedback.","MEDIUM","","","glossary.file-import-export=Importieren / Exportieren","The ausgewählte Datei konnten nicht imported.","Die ausgewählte Datei konnte nicht importiert werden.","SUBSTANTIVE","DEEPL","Die ausgewählte Datei konnte nicht importiert werden.","DeepL chosen for “The selected file could not be imported.” because it gives the clearer complete German rendering for the status bar, import/export feedback, or reference-data feedback. role; the Codex draft is more literal or incomplete."
"status.import.invalidCapabilities","de-DE","The selected file contains invalid character capability data.","900B1DE022A8D5C5ECFAD8DAC2D811B438B9CE4B48B79362813CAF63C5F4D3CD","Status bar, import/export feedback, or reference-data feedback.","MEDIUM","","","glossary.file-import-export=Importieren / Exportieren","The ausgewählte Datei enthält ungültig character capability data.","Die ausgewählte Datei enthält ungültige Daten zu den Zeichenfähigkeiten.","SUBSTANTIVE","DEEPL","Die ausgewählte Datei enthält ungültige Daten zu den Zeichenfähigkeiten.","DeepL chosen for “The selected file contains invalid character capability data.” because it gives the clearer complete German rendering for the status bar, import/export feedback, or reference-data feedback. role; the Codex draft is more literal or incomplete."
"status.import.invalidCargoPad","de-DE","The selected file contains an invalid cargo link.","80E6B31E945456F78A0D4D3C17FCA4E361E932AB067C78E1741EC72C7167CACF","Status bar, import/export feedback, or reference-data feedback.","MEDIUM","","","term.cargo-link=Frachtlink; glossary.file-import-export=Importieren / Exportieren","The ausgewählte Datei enthält an ungültig Frachtlink.","Die ausgewählte Datei enthält einen ungültigen Cargo-Link.","SUBSTANTIVE","CUSTOM","Die ausgewählte Datei enthält einen ungültigen Frachtlink.","Custom wording used for “The selected file contains an invalid cargo link.” because neither candidate combined natural German grammar with all approved terminology (term.cargo-link=Frachtlink); final wording “Die ausgewählte Datei enthält einen ungültigen Frachtlink.” was checked independently."
"status.import.invalidCharacter","de-DE","The selected file contains invalid character data.","BD5ED70C6173FF383408C7A38FCC554BE508D3E9D9CD39CC95B3BC8D1E68DCED","Status bar, import/export feedback, or reference-data feedback.","MEDIUM","","","glossary.file-import-export=Importieren / Exportieren","The ausgewählte Datei enthält ungültig character data.","Die ausgewählte Datei enthält ungültige Zeichendaten.","SUBSTANTIVE","DEEPL","Die ausgewählte Datei enthält ungültige Zeichendaten.","DeepL chosen for “The selected file contains invalid character data.” because it gives the clearer complete German rendering for the status bar, import/export feedback, or reference-data feedback. role; the Codex draft is more literal or incomplete."
"status.import.invalidCollection","de-DE","The selected file is not a valid network collection.","BC66E649584981FB39CC26D61A389E2EAE742D59E4370E8B75A20E07232D5DB0","Status bar, import/export feedback, or reference-data feedback.","MEDIUM","","","glossary.network=Netzwerk; glossary.file-import-export=Importieren / Exportieren","The ausgewählte Datei is not a valid Netzwerk Sammlung.","Die ausgewählte Datei ist keine gültige Netzwerksammlung.","SUBSTANTIVE","DEEPL","Die ausgewählte Datei ist keine gültige Netzwerksammlung.","DeepL chosen for “The selected file is not a valid network collection.” because it gives the clearer complete German rendering for the status bar, import/export feedback, or reference-data feedback. role; the Codex draft is more literal or incomplete."
"status.import.invalidExplicitPresence","de-DE","The selected file contains invalid explicit resource presence data.","6D950D361F054D9460158DC85EC415B833AA7A17158D013089F02D5A71A750DB","Status bar, import/export feedback, or reference-data feedback.","MEDIUM","","","glossary.file-import-export=Importieren / Exportieren","The ausgewählte Datei enthält ungültig expliziten Ressourcenvorkommen data.","Die ausgewählte Datei enthält ungültige explizite Ressourcenpräsenzdaten.","SUBSTANTIVE","DEEPL","Die ausgewählte Datei enthält ungültige explizite Ressourcenpräsenzdaten.","DeepL chosen for “The selected file contains invalid explicit resource presence data.” because it gives the clearer complete German rendering for the status bar, import/export feedback, or reference-data feedback. role; the Codex draft is more literal or incomplete."
"status.import.invalidIdentity","de-DE","The selected file contains an empty or duplicate stable identifier.","C9292F13386F46BB1F806B5ECDF57383D948809E7A468BB445BC0C67347B10BB","Status bar, import/export feedback, or reference-data feedback.","MEDIUM","","","glossary.file-import-export=Importieren / Exportieren","The ausgewählte Datei enthält an empty or duplicate stable identifier.","Die ausgewählte Datei enthält eine leere oder doppelte stabile Kennung.","SUBSTANTIVE","DEEPL","Die ausgewählte Datei enthält eine leere oder doppelte stabile Kennung.","DeepL chosen for “The selected file contains an empty or duplicate stable identifier.” because it gives the clearer complete German rendering for the status bar, import/export feedback, or reference-data feedback. role; the Codex draft is more literal or incomplete."
"status.import.invalidJson","de-DE","The selected file does not contain valid JSON.","DD6FEB84D5535C61CC0FD35E39359A85A7F9882D1892BB4886B279770E414A7E","Status bar, import/export feedback, or reference-data feedback.","MEDIUM","","JSON","glossary.file-import-export=Importieren / Exportieren","The ausgewählte Datei enthält keine valid JSON.","Die ausgewählte Datei enthält kein gültiges JSON.","SUBSTANTIVE","DEEPL","Die ausgewählte Datei enthält kein gültiges JSON.","DeepL chosen for “The selected file does not contain valid JSON.” because it gives the clearer complete German rendering for the status bar, import/export feedback, or reference-data feedback. role; the Codex draft is more literal or incomplete."
"status.import.invalidNetwork","de-DE","The selected file is not a valid outpost network.","8FD34F0BDDEB12638C2761BD955B5DDF84788A3599AD8776A8E61F224AFFC41F","Status bar, import/export feedback, or reference-data feedback.","MEDIUM","","","term.outpost=Außenposten; glossary.network=Netzwerk; glossary.file-import-export=Importieren / Exportieren","The ausgewählte Datei is not a valid Außenposten Netzwerk.","Die ausgewählte Datei ist kein gültiges Außenposten-Netzwerk.","SUBSTANTIVE","DEEPL","Die ausgewählte Datei ist kein gültiges Außenposten-Netzwerk.","DeepL chosen for “The selected file is not a valid outpost network.” because it gives the more natural complete German sentence while satisfying term.outpost=Außenposten."
"status.import.invalidOutpost","de-DE","The selected file contains an invalid outpost.","4A0A96AD5328DE1716C0FB0301941D5D67914AF561C0FC6C0A8892A4BC1B641F","Status bar, import/export feedback, or reference-data feedback.","MEDIUM","","","term.outpost=Außenposten; glossary.file-import-export=Importieren / Exportieren","The ausgewählte Datei enthält an ungültig Außenposten.","Die ausgewählte Datei enthält einen ungültigen Außenposten.","SUBSTANTIVE","DEEPL","Die ausgewählte Datei enthält einen ungültigen Außenposten.","DeepL chosen for “The selected file contains an invalid outpost.” because it gives the more natural complete German sentence while satisfying term.outpost=Außenposten."
"status.import.invalidSkills","de-DE","The selected file contains invalid character skill data.","F7470064AA2C994A5772856BD799B9B244ACF52CF1EF9B68B0D05F11338735C8","Status bar, import/export feedback, or reference-data feedback.","MEDIUM","","","glossary.file-import-export=Importieren / Exportieren","The ausgewählte Datei enthält ungültig character skill data.","Die ausgewählte Datei enthält ungültige Charakter-Fähigkeitsdaten.","SUBSTANTIVE","DEEPL","Die ausgewählte Datei enthält ungültige Charakter-Fähigkeitsdaten.","DeepL chosen for “The selected file contains invalid character skill data.” because it gives the clearer complete German rendering for the status bar, import/export feedback, or reference-data feedback. role; the Codex draft is more literal or incomplete."
"status.import.invalidStructure","de-DE","The selected file contains malformed network data.","4DA93EEF49FE417BC9C4E0AFAE91FB6E81286154C45887C345D60CB0A8E962C9","Status bar, import/export feedback, or reference-data feedback.","MEDIUM","","","glossary.network=Netzwerk; glossary.file-import-export=Importieren / Exportieren","The ausgewählte Datei enthält malformed Netzwerk data.","Die ausgewählte Datei enthält fehlerhafte Netzwerkdaten.","SUBSTANTIVE","DEEPL","Die ausgewählte Datei enthält fehlerhafte Netzwerkdaten.","DeepL chosen for “The selected file contains malformed network data.” because it gives the clearer complete German rendering for the status bar, import/export feedback, or reference-data feedback. role; the Codex draft is more literal or incomplete."
"status.import.malformedEntry","de-DE","The selected collection contains a malformed network entry.","B2D75C5EB9F6C0542BA76BE66309F8CAA88C3E55CE91BEB7356C557080F6A8F1","Status bar, import/export feedback, or reference-data feedback.","MEDIUM","","","glossary.network=Netzwerk; glossary.file-import-export=Importieren / Exportieren","The ausgewählt Sammlung enthält a malformed Netzwerk entry.","Die ausgewählte Sammlung enthält einen fehlerhaften Netzwerk-Eintrag.","SUBSTANTIVE","DEEPL","Die ausgewählte Sammlung enthält einen fehlerhaften Netzwerk-Eintrag.","DeepL chosen for “The selected collection contains a malformed network entry.” because it gives the clearer complete German rendering for the status bar, import/export feedback, or reference-data feedback. role; the Codex draft is more literal or incomplete."
"status.import.readFailed","de-DE","The selected file could not be read.","3345DD67F1A33EC68CCD43BB945635E2E73480388F530D4DA81D48CEA751608D","Status bar, import/export feedback, or reference-data feedback.","MEDIUM","","","glossary.file-import-export=Importieren / Exportieren","The ausgewählte Datei konnten nicht read.","Die ausgewählte Datei konnte nicht gelesen werden.","SUBSTANTIVE","DEEPL","Die ausgewählte Datei konnte nicht gelesen werden.","DeepL chosen for “The selected file could not be read.” because it gives the clearer complete German rendering for the status bar, import/export feedback, or reference-data feedback. role; the Codex draft is more literal or incomplete."
"status.import.stringTooLong","de-DE","This import contains a text value that is too long.","3AA1FBFEECFDD6A6273A51BC3B923AA36BCF4EBFF8CD688086485F22D5A549B8","Status bar, import/export feedback, or reference-data feedback.","MEDIUM","","","glossary.file-import-export=Importieren / Exportieren","This import enthält a text value that is too long.","Dieser Import enthält einen zu langen Textwert.","SUBSTANTIVE","DEEPL","Dieser Import enthält einen zu langen Textwert.","DeepL chosen for “This import contains a text value that is too long.” because it gives the clearer complete German rendering for the status bar, import/export feedback, or reference-data feedback. role; the Codex draft is more literal or incomplete."
"status.import.success","de-DE","Imported {fileName}.","361B33E2DFEB7D4A86AF74DC9697F2C5FDF80431482DF7A17F704E1580BF4B6D","Status bar, import/export feedback, or reference-data feedback.","MEDIUM","fileName","","glossary.file-import-export=Importieren / Exportieren","Importiert {fileName}.","{fileName} wurde importiert.","SUBSTANTIVE","DEEPL","{fileName} wurde importiert.","DeepL chosen for “Imported {fileName}.” because it gives the clearer complete German rendering for the status bar, import/export feedback, or reference-data feedback. role; the Codex draft is more literal or incomplete."
"status.import.tooManyNetworks","de-DE","This import contains too many saved networks.","BC2B208D06D0EBEA9DE7DB854B08349D402BDC8836B468EE9579603443D6EB92","Status bar, import/export feedback, or reference-data feedback.","MEDIUM","","","glossary.network=Netzwerk; glossary.file-import-export=Importieren / Exportieren","This import enthält too many saved networks.","Dieser Import enthält zu viele gespeicherte Netzwerke.","SUBSTANTIVE","DEEPL","Dieser Import enthält zu viele gespeicherte Netzwerke.","DeepL chosen for “This import contains too many saved networks.” because it gives the clearer complete German rendering for the status bar, import/export feedback, or reference-data feedback. role; the Codex draft is more literal or incomplete."
"status.import.unsupportedCollectionSchema","de-DE","Unsupported network collection schema version: {version}","C52C0C7B92366B92F3849A01CA5ABB310C050005F0244638C0F2E690967B3D78","Status bar, import/export feedback, or reference-data feedback.","MEDIUM","version","","glossary.network=Netzwerk; glossary.file-import-export=Importieren / Exportieren","Nicht unterstützte Netzwerk Sammlung schema version: {version}","Nicht unterstützte Version des Netzwerksammlungsschemas: {version}","SUBSTANTIVE","DEEPL","Nicht unterstützte Version des Netzwerksammlungsschemas: {version}","DeepL chosen for “Unsupported network collection schema version: {version}” because it gives the clearer complete German rendering for the status bar, import/export feedback, or reference-data feedback. role; the Codex draft is more literal or incomplete."
"status.import.unsupportedNetworkSchema","de-DE","Unsupported network schema version: {version}","CE92D012A818B638C8CFAA69AF9F7F8217C53DD2B7359D433ED240657EF1B5CB","Status bar, import/export feedback, or reference-data feedback.","MEDIUM","version","","glossary.network=Netzwerk; glossary.file-import-export=Importieren / Exportieren","Nicht unterstützte Netzwerk schema version: {version}","Nicht unterstützte Version des Netzwerkschemas: {version}","SUBSTANTIVE","DEEPL","Nicht unterstützte Version des Netzwerkschemas: {version}","DeepL chosen for “Unsupported network schema version: {version}” because it gives the clearer complete German rendering for the status bar, import/export feedback, or reference-data feedback. role; the Codex draft is more literal or incomplete."
"status.referenceData.error","de-DE","Reference data error: {detail}","5E61C384097B1E054857EA6EE27C83BDDD40E5B7165130E86FDB826C86790BFC","Status bar, import/export feedback, or reference-data feedback.","MEDIUM","detail","","","Referenzdaten error: {detail}","Fehler bei den Referenzdaten: {detail}","SUBSTANTIVE","DEEPL","Fehler bei den Referenzdaten: {detail}","DeepL chosen for “Reference data error: {detail}” because it gives the clearer complete German rendering for the status bar, import/export feedback, or reference-data feedback. role; the Codex draft is more literal or incomplete."
"status.referenceData.failed","de-DE","Failed to load reference data.","DCB0208B9AE5F716F800A20585241ECC7CEACF1D45D812E4354439FA5BC88342","Status bar, import/export feedback, or reference-data feedback.","MEDIUM","","","","Referenzdaten konnten nicht geladen werden: Referenzdaten.","Das Laden der Referenzdaten ist fehlgeschlagen.","SUBSTANTIVE","DEEPL","Das Laden der Referenzdaten ist fehlgeschlagen.","DeepL chosen for “Failed to load reference data.” because it gives the clearer complete German rendering for the status bar, import/export feedback, or reference-data feedback. role; the Codex draft is more literal or incomplete."
"status.referenceData.loaded","de-DE","Reference data loaded: {systems} systems, {bodies} bodies, {resources} resources, {products} products.","441B2500B3CC624F74A47931F31DF0E20935EA33D87E26138D2BDF98B33CD5E7","Status bar, import/export feedback, or reference-data feedback.","HIGH","bodies; products; resources; systems","","term.planetary-body=Himmelskörper; term.star-system=Sternsystem","Referenzdaten loaded: {systems} systems, {bodies} bodies, {resources} resources, {products} products.","Referenzdaten geladen: {systems} Systeme, {bodies} Körper, {resources} Ressourcen, {products} Produkte.","SUBSTANTIVE","CUSTOM","Referenzdaten geladen: {systems} Sternsysteme, {bodies} Himmelskörper, {resources} Ressourcen, {products} Produkte.","Custom wording used because the status counts inclusive planetary bodies and star systems; the competing wording contradicted or omitted the approved glossary sense."
"status.referenceData.reload","de-DE","Reload Reference Data","04968B492913D179B6631E1BFF478E42E1F7B15CA1DFE6A86AFEA3EE095130F4","Status bar, import/export feedback, or reference-data feedback.","MEDIUM","","","","Neu laden Reference Data","Referenzdaten neu laden","SUBSTANTIVE","DEEPL","Referenzdaten neu laden","DeepL chosen for “Reload Reference Data” because it gives the clearer complete German rendering for the status bar, import/export feedback, or reference-data feedback. role; the Codex draft is more literal or incomplete."
"status.storage.capacity","de-DE","This collection is too large to save safely. Changes remain in memory.","37E321B51C2F69D6CE867123E547B4C72677619F342BA01FC15257A5E91CA75E","Status bar, import/export feedback, or reference-data feedback.","MEDIUM","","","","Diese Sammlung ist zu groß, um sie sicher zu speichern. Änderungen verbleiben im Arbeitsspeicher.","Diese Sammlung ist zu groß, um sicher gespeichert zu werden. Die Änderungen bleiben im Arbeitsspeicher erhalten.","SUBSTANTIVE","DEEPL","Diese Sammlung ist zu groß, um sicher gespeichert zu werden. Die Änderungen bleiben im Arbeitsspeicher erhalten.","DeepL chosen for “This collection is too large to save safely. Changes remain in memory.” because it gives the clearer complete German rendering for the status bar, import/export feedback, or reference-data feedback. role; the Codex draft is more literal or incomplete."
"status.storage.recovery","de-DE","Saved browser data could not be restored. Using a temporary collection; the original is preserved until an edit.","1BE84B9FD262E5A82E90612CB354EF3DDCB0907733726FDD1EFE1F391D84F923","Status bar, import/export feedback, or reference-data feedback.","MEDIUM","","","","Gespeicherte Browserdaten konnten nicht wiederhergestellt werden. Es wird eine temporäre Sammlung verwendet; das Original bleibt bis zu einer Bearbeitung erhalten.","Gespeicherte Browserdaten konnten nicht wiederhergestellt werden. Es wird eine temporäre Sammlung verwendet; das Original bleibt bis zu einer Bearbeitung erhalten.","IDENTICAL","AGREED","Gespeicherte Browserdaten konnten nicht wiederhergestellt werden. Es wird eine temporäre Sammlung verwendet; das Original bleibt bis zu einer Bearbeitung erhalten.","Shared wording “Gespeicherte Browserdaten konnten nicht wiederhergestellt werden. Es wird eine temporäre …” independently approved for “Saved browser data could not be restored. Using a temporary collection; the original is p…” in its status bar, import/export feedback, or reference-data feedback. role; meaning, terminology, and token safety were checked."
"status.storage.unavailable","de-DE","Browser storage is unavailable. This collection is only in memory.","157D03CBEA973C44D2A332C5E0080EA8D42ABB5C84A67D15562E1A42827220DA","Status bar, import/export feedback, or reference-data feedback.","MEDIUM","","","","Der Browserspeicher ist nicht verfügbar. Diese Sammlung befindet sich nur im Arbeitsspeicher.","Der Browserspeicher ist nicht verfügbar. Diese Sammlung befindet sich nur im Arbeitsspeicher.","IDENTICAL","AGREED","Der Browserspeicher ist nicht verfügbar. Diese Sammlung befindet sich nur im Arbeitsspeicher.","Shared wording “Der Browserspeicher ist nicht verfügbar. Diese Sammlung befindet sich nur im Arbeitsspeic…” independently approved for “Browser storage is unavailable. This collection is only in memory.” in its status bar, import/export feedback, or reference-data feedback. role; meaning, terminology, and token safety were checked."
"status.storage.unsaved","de-DE","Changes are only in memory and have not been saved in this browser.","D5BDF41E686368FB0D2ECA36CA35E9EBDEAAD96D84A3D18D09109722CA71754E","Status bar, import/export feedback, or reference-data feedback.","MEDIUM","","","","Änderungen befinden sich nur im Arbeitsspeicher und wurden in diesem Browser nicht gespeichert.","Änderungen befinden sich nur im Arbeitsspeicher und wurden in diesem Browser nicht gespeichert.","IDENTICAL","AGREED","Änderungen befinden sich nur im Arbeitsspeicher und wurden in diesem Browser nicht gespeichert.","Shared wording “Änderungen befinden sich nur im Arbeitsspeicher und wurden in diesem Browser nicht gespei…” independently approved for “Changes are only in memory and have not been saved in this browser.” in its status bar, import/export feedback, or reference-data feedback. role; meaning, terminology, and token safety were checked."
"transfer.export.button","de-DE","Export","3664895579F0A7E68C4AA09C91316E20239BC74499010E6423ECE40CAD7C28F7","Whole-collection JSON import/export control.","MEDIUM","","","glossary.file-import-export=Importieren / Exportieren","Exportieren","Exportieren","IDENTICAL","AGREED","Exportieren","Shared wording “Exportieren” independently approved for “Export” in its whole-collection json import/export control. role; meaning, terminology, and token safety were checked."
"transfer.export.tooltip","de-DE","Export all networks to JSON","299585BDC19610DDB02287483F51E0397FC5D295C5230190B039E0540F73F95D","Whole-collection JSON import/export control. This is explanatory tooltip text.","MEDIUM","","JSON","glossary.network=Netzwerk; glossary.file-import-export=Importieren / Exportieren","Exportieren all networks to JSON","Alle Netzwerke als JSON exportieren","SUBSTANTIVE","DEEPL","Alle Netzwerke als JSON exportieren","DeepL chosen for “Export all networks to JSON” because it gives the clearer complete German rendering for the whole-collection json import/export control role; the Codex draft is more literal or incomplete."
"transfer.import.button","de-DE","Import","2CFF9BAABF56CA002610E113BC94DEB6EDEDDDFC3C130365B6E88ED5195BF774","Whole-collection JSON import/export control.","MEDIUM","","","glossary.file-import-export=Importieren / Exportieren","Importieren","Import","SUBSTANTIVE","CODEX","Importieren","Codex chosen for “Import” because it is the clearer idiomatic German wording for the whole-collection json import/export control. role; the DeepL alternative was not adopted."
"transfer.import.tooltip","de-DE","Import all networks from JSON","ACE5CBE29BD01BF19418906273462FCC73B80F139B71EE2038D5CDBAAF18E5A6","Whole-collection JSON import/export control. This is explanatory tooltip text.","MEDIUM","","JSON","glossary.network=Netzwerk; glossary.file-import-export=Importieren / Exportieren","Importieren all networks from JSON","Alle Netzwerke aus JSON importieren","SUBSTANTIVE","DEEPL","Alle Netzwerke aus JSON importieren","DeepL chosen for “Import all networks from JSON” because it gives the clearer complete German rendering for the whole-collection json import/export control role; the Codex draft is more literal or incomplete."
"validation.activeProductionInorganicInvalid","de-DE","{resource} is marked as produced, but is not available for outpost extraction in {biomes}.","343A59EBAE1750C2E095CAE84BE65ECF2B40356B29B69886BF4A50D626E06FF8","Validation severity, diagnostic, context, or remediation.","HIGH","biomes; resource","","term.outpost=Außenposten; term.biome=Biom","{resource} is marked as produced, but is nicht verfügbar for Außenposten extraction in {biomes}.","{resource} ist als produziert markiert, steht jedoch in den {biomes}-Biomen nicht für die Extraktion durch Außenposten zur Verfügung.","SUBSTANTIVE","CUSTOM","{resource} ist als produziert markiert, kann aber am Außenposten in {biomes} nicht gewonnen werden.","Custom wording used for “{resource} is marked as produced, but is not available for outpost extraction in {biomes}.” because neither candidate combined natural German grammar with all approved terminology (term.outpost=Außenposten); final wording “{resource} ist als produziert markiert, kann aber am Außenposten in {biomes} nicht gewonn…” was checked independently."
"validation.activeProductionInorganicInvalidMany","de-DE","{resource} is marked as produced, but is not available for outpost extraction in {biomes} biomes.","BFFA154C806911B4861A9A7A75D9EC26BA3F8194E309AE0DB0982EAF8011BBD9","Validation severity, diagnostic, context, or remediation.","HIGH","biomes; resource","","term.outpost=Außenposten; term.biome=Biom","{resource} is marked as produced, but is nicht verfügbar for Außenposten extraction in {biomes} biomes.","{resource} ist als produziert markiert, steht jedoch in den {biomes}-Biomen nicht für die Gewinnung am Außenposten zur Verfügung.","SUBSTANTIVE","CUSTOM","{resource} ist als produziert markiert, kann aber am Außenposten in den Biomen {biomes} nicht gewonnen werden.","Custom wording used for “{resource} is marked as produced, but is not available for outpost extraction in {biomes}…” because neither candidate combined natural German grammar with all approved terminology (term.outpost=Außenposten); final wording “{resource} ist als produziert markiert, kann aber am Außenposten in den Biomen {biomes} n…” was checked independently."
"validation.activeProductionInorganicInvalidOne","de-DE","{resource} is marked as produced, but is not available for outpost extraction in {biomes} biome.","FADF8014E84AA89E507B9D402163008BBE82235A11A07FF450BED88C5B743874","Validation severity, diagnostic, context, or remediation.","HIGH","biomes; resource","","term.outpost=Außenposten; term.biome=Biom","{resource} is marked as produced, but is nicht verfügbar for Außenposten extraction in {biomes} biome.","{resource} ist als produziert markiert, steht jedoch im Biom {biomes} nicht für die Gewinnung am Außenposten zur Verfügung.","SUBSTANTIVE","CUSTOM","{resource} ist als produziert markiert, kann aber am Außenposten im Biom {biomes} nicht gewonnen werden.","Custom wording used for “{resource} is marked as produced, but is not available for outpost extraction in {biomes}…” because neither candidate combined natural German grammar with all approved terminology (term.outpost=Außenposten); final wording “{resource} ist als produziert markiert, kann aber am Außenposten im Biom {biomes} nicht g…” was checked independently."
"validation.activeProductionOrganicInvalid","de-DE","{resource} is marked as produced, but this producer is not eligible for farming on this planet.","2F0C5797AE620D2E2C9475EB6B0621FB9D5464B0F2BA5FFFD24A8D0AEDB04273","Validation severity, diagnostic, context, or remediation.","HIGH","resource","","term.planet=Planet","{resource} ist als produziert markiert, aber dieser Produzent ist auf diesem Planeten nicht für die organische Produktion geeignet.","","MISSING","CODEX","{resource} ist als produziert markiert, aber dieser Produzent ist auf diesem Planeten nicht für die organische Produktion geeignet.","Planet-level organic farming semantics were reviewed for this correction; prior biome-bound source evidence is intentionally retired."
"validation.activeProductionOrganicInvalidMany","de-DE","{resource} is marked as produced, but this producer is not eligible for farming on this planet.","2F0C5797AE620D2E2C9475EB6B0621FB9D5464B0F2BA5FFFD24A8D0AEDB04273","Validation severity, diagnostic, context, or remediation.","HIGH","resource","","term.planet=Planet","{resource} ist als produziert markiert, aber dieser Produzent ist auf diesem Planeten nicht für die organische Produktion geeignet.","","MISSING","CODEX","{resource} ist als produziert markiert, aber dieser Produzent ist auf diesem Planeten nicht für die organische Produktion geeignet.","Planet-level organic farming semantics were reviewed for this correction; prior biome-bound source evidence is intentionally retired."
"validation.activeProductionOrganicInvalidOne","de-DE","{resource} is marked as produced, but this producer is not eligible for farming on this planet.","2F0C5797AE620D2E2C9475EB6B0621FB9D5464B0F2BA5FFFD24A8D0AEDB04273","Validation severity, diagnostic, context, or remediation.","HIGH","resource","","term.planet=Planet","{resource} ist als produziert markiert, aber dieser Produzent ist auf diesem Planeten nicht für die organische Produktion geeignet.","","MISSING","CODEX","{resource} ist als produziert markiert, aber dieser Produzent ist auf diesem Planeten nicht für die organische Produktion geeignet.","Planet-level organic farming semantics were reviewed for this correction; prior biome-bound source evidence is intentionally retired."
"validation.bodySystemMismatch","de-DE","This outpost's selected planetary body does not belong to its selected star system.","665FF46A8B0020E578CB5C395BE5C1C6862BDFDEE41C4B4B306E10E372FBBED9","Validation severity, diagnostic, context, or remediation.","HIGH","","","term.outpost=Außenposten; term.planetary-body=Himmelskörper; term.star-system=Sternsystem","Der für diesen Außenposten ausgewählte Himmelskörper gehört nicht zum ausgewählten Sternsystem.","Der für diesen Außenposten ausgewählte Planet gehört nicht zu seinem ausgewählten Sternensystem.","SUBSTANTIVE","CODEX","Der für diesen Außenposten ausgewählte Himmelskörper gehört nicht zum ausgewählten Sternsystem.","Codex chosen because Planet would wrongly exclude moons and orbitals; the message also uses the approved star-system term; the competing wording contradicted or omitted the approved glossary sense."
"validation.cargoPadLinkedMultiple","de-DE","This Cargo Link has more than one connection.","FCD89051E9CB532472031A914B324BEF8ADA243221C547604A09A13BDFFCCEE8","Validation severity, diagnostic, context, or remediation.","HIGH","","","term.cargo-link=Frachtlink","This Frachtlink has more than one connection.","Diese Frachtverbindung verfügt über mehr als eine Verbindung.","SUBSTANTIVE","CUSTOM","Dieser Frachtlink verfügt über mehr als eine Verbindung.","Custom wording used for “This Cargo Link has more than one connection.” because neither candidate combined natural German grammar with all approved terminology (term.cargo-link=Frachtlink); final wording “Dieser Frachtlink verfügt über mehr als eine Verbindung.” was checked independently."
"validation.cargoPadSkillLimit","de-DE","This outpost has {count} cargo links, but the current {skill} level allows a maximum of {limit}.","0D4B4EC504FA591E5B87AC6D9D9D48704DB2E7C3FAD97D63FAFC367862119097","Validation severity, diagnostic, context, or remediation.","HIGH","count; limit; skill","","term.cargo-link=Frachtlink; term.outpost=Außenposten","This Außenposten has {count} Frachtlinks, but the current {skill} Stufe allows a maximum of {limit}.","Dieser Außenposten verfügt über {count} Frachtverbindungen, aber die aktuelle {skill}-Stufe erlaubt maximal {limit}.","SUBSTANTIVE","CUSTOM","Dieser Außenposten verfügt über {count} Frachtlinks, aber die aktuelle {skill}-Stufe erlaubt maximal {limit}.","Custom wording used for “This outpost has {count} cargo links, but the current {skill} level allows a maximum of {…” because neither candidate combined natural German grammar with all approved terminology (term.cargo-link=Frachtlink; term.outpost=Außenposten); final wording “Dieser Außenposten verfügt über {count} Frachtlinks, aber die aktuelle {skill}-Stufe erla…” was checked independently."
"validation.characterNameLength","de-DE","Starfield character names normally use up to 25 characters.","E22C3A22E8AFD62400F23E47FF57D17D87AF7911704417F68C33BE1A216F682E","Validation severity, diagnostic, context, or remediation.","HIGH","","","product.starfield=Starfield","Charakternamen in Starfield haben normalerweise höchstens 25 Zeichen.","","MISSING","CODEX","Charakternamen in Starfield haben normalerweise höchstens 25 Zeichen.","Pre-release polish copy: Codex drafted and reviewed validation.characterNameLength against the approved brief and established validation tone; no new DeepL or native review."
"validation.close","de-DE","Close validation details","CA5D5310C383358C79F7A0FE35B48EDA45CE70634CC9046D5D37DA7AE23609B5","Validation severity, diagnostic, context, or remediation.","HIGH","","","glossary.validation=Validierung","Schließen Validierungsdetails","Details zur Validierung schließen","SUBSTANTIVE","DEEPL","Details zur Validierung schließen","DeepL chosen for “Close validation details” because it gives the more natural complete German sentence while satisfying glossary.validation=Validierung."
"validation.context.pad","de-DE","Cargo Link {ordinal}","EFB845F6ED747B80EB2821A9912CDC967497F7C7C6466595AABF814F4A25EFC6","Validation severity, diagnostic, context, or remediation.","HIGH","ordinal","","term.cargo-link=Frachtlink","Frachtlink {ordinal}","Frachtverbindung {Ordnungszahl}","INVALID_TOKENS","INVALID_DEEPL_REPAIRED","Frachtlink {ordinal}","DeepL evidence is invalid because it translated or damaged the stable placeholder identifiers; the independently token-safe Codex wording was selected for “Cargo Link {ordinal}”, with exact placeholders and protected tokens restored."
"validation.context.separator","de-DE","{outpost} · {pad}","3724D428153B755740BF4189602FF2B37B154948ECE74684C39EDBECAAF6CE81","Validation severity, diagnostic, context, or remediation.","HIGH","outpost; pad","","term.outpost=Außenposten","{outpost} · {pad}","{Außenposten} · {Landeplatz}","INVALID_TOKENS","INVALID_DEEPL_REPAIRED","{outpost} · {pad}","DeepL evidence is invalid because it translated or damaged the stable placeholder identifiers; the independently token-safe Codex wording was selected for “{outpost} · {pad}”, with exact placeholders and protected tokens restored."
"validation.counts","de-DE","{errors} errors · {warnings} warnings · {info} info","DA686744D7CB82372559F943895D7E118662B1F85B19FE5C587A573C860675F2","Validation severity, diagnostic, context, or remediation.","HIGH","errors; info; warnings","","glossary.validation-error=Fehler; glossary.validation-warning=Warnung; glossary.validation-info=Information","{errors} Fehler · {warnings} Warnungen · {info} info","{errors} Fehler · {warnings} Warnungen · {info} Informationen","SUBSTANTIVE","DEEPL","{errors} Fehler · {warnings} Warnungen · {info} Informationen","DeepL chosen for “{errors} errors · {warnings} warnings · {info} info” because it gives the clearer complete German rendering for the validation severity, diagnostic, context, or remediation. role; the Codex draft is more literal or incomplete."
"validation.duplicateActiveProduction","de-DE","{item} appears more than once in this outpost's active production.","408EF1531484F81EF82204FDC8AC014CD10136752AF8CE8BB63C6909DE609C3D","Validation severity, diagnostic, context, or remediation.","HIGH","item","","term.outpost=Außenposten; glossary.active-production=Aktive Produktion","{item} kommt mehrfach vor in this Außenposten's aktiven Produktion.","{item} kommt in der aktiven Produktion dieses Außenpostens mehr als einmal vor.","SUBSTANTIVE","DEEPL","{item} kommt in der aktiven Produktion dieses Außenpostens mehr als einmal vor.","DeepL chosen for “{item} appears more than once in this outpost's active production.” because it gives the more natural complete German sentence while satisfying term.outpost=Außenposten."
"validation.duplicateBiome","de-DE","{item} appears more than once in this outpost's biome selection.","98D4842D5357ED12DCAEE0CB21876314875296892807D9F0B4E8D5BF6B1D6DC4","Validation severity, diagnostic, context, or remediation.","HIGH","item","","term.outpost=Außenposten; term.biome=Biom","{item} kommt mehrfach vor in this Außenposten's biome selection.","{item} kommt in der Biomauswahl dieses Außenpostens mehr als einmal vor.","SUBSTANTIVE","DEEPL","{item} kommt in der Biomauswahl dieses Außenpostens mehr als einmal vor.","DeepL chosen for “{item} appears more than once in this outpost's biome selection.” because it gives the more natural complete German sentence while satisfying term.outpost=Außenposten."
"validation.duplicateExplicitPresence","de-DE","{item} appears more than once in this outpost's explicit resource presence.","7CD8AA72F3BB3FFD4303234B375FB45AE1AC996C70661B0579FB124DAB3A85B0","Validation severity, diagnostic, context, or remediation.","HIGH","item","","term.outpost=Außenposten","{item} kommt mehrfach vor in this Außenposten's expliziten Ressourcenvorkommen.","{Gegenstand} kommt mehr als einmal in den explizit vorhandenen Ressourcen dieses Außenpostens vor.","INVALID_TOKENS","INVALID_DEEPL_REPAIRED","{item} kommt mehr als einmal in den explizit vorhandenen Ressourcen dieses Außenpostens vor.","DeepL evidence is invalid because it translated or damaged the stable placeholder identifiers; the wording was repaired or replaced editorially for “{item} appears more than once in this outpost's explicit resource presence.”, with exact placeholders and protected tokens restored."
"validation.duplicateLocalResource","de-DE","{item} appears more than once in this outpost's local resources.","98590D7EF4CF73812F603C54B05B2E992917A3EE655737A9C2D457E55374C51A","Validation severity, diagnostic, context, or remediation.","HIGH","item","","term.outpost=Außenposten","{item} kommt mehrfach vor in this Außenposten's lokalen Ressourcen.","{item} kommt in den lokalen Ressourcen dieses Außenpostens mehr als einmal vor.","SUBSTANTIVE","DEEPL","{item} kommt in den lokalen Ressourcen dieses Außenpostens mehr als einmal vor.","DeepL chosen for “{item} appears more than once in this outpost's local resources.” because it gives the more natural complete German sentence while satisfying term.outpost=Außenposten."
"validation.duplicateManufacturing","de-DE","{item} appears more than once in this outpost's manufacturing list.","4A672C33903413951067839530919DA2B42703B982606FF49CFD4A9B2177D74C","Validation severity, diagnostic, context, or remediation.","HIGH","item","","term.outpost=Außenposten; glossary.manufacturing=Fertigung","{item} kommt mehrfach vor in this Außenposten's Fertigungsliste.","{item} kommt in der Fertigungsliste dieses Außenpostens mehr als einmal vor.","SUBSTANTIVE","DEEPL","{item} kommt in der Fertigungsliste dieses Außenpostens mehr als einmal vor.","DeepL chosen for “{item} appears more than once in this outpost's manufacturing list.” because it gives the more natural complete German sentence while satisfying glossary.manufacturing=Fertigung; term.outpost=Außenposten."
"validation.duplicateOutboundItem","de-DE","{item} appears more than once in this Cargo Link's outbound items.","39E57ED738A1A8E969109EC4BFED550BB5F922390A5D4FF9304D8BA5F426ED02","Validation severity, diagnostic, context, or remediation.","HIGH","item","","term.cargo-link=Frachtlink","{item} kommt mehrfach vor in this Frachtlink's ausgehenden Elementen.","{item} kommt mehr als einmal in den ausgehenden Artikeln dieses Cargo Links vor.","SUBSTANTIVE","CUSTOM","{item} kommt mehrfach in den ausgehenden Elementen dieses Frachtlinks vor.","Custom wording used for “{item} appears more than once in this Cargo Link's outbound items.” because neither candidate combined natural German grammar with all approved terminology (term.cargo-link=Frachtlink); final wording “{item} kommt mehrfach in den ausgehenden Elementen dieses Frachtlinks vor.” was checked independently."
"validation.duplicateOutpostName","de-DE","{count} outposts are named ""{name}"". Unique outpost names are recommended to avoid ambiguity.","4C8312E1F6CCD26528398627BD8DE9C4025557A067D2F60A875E399608F5E6C4","Validation severity, diagnostic, context, or remediation.","HIGH","count; name","","term.outpost=Außenposten","{count} Außenposten are named ""{name}"". Unique Außenposten names are recommended to avoid ambiguity.","{count} Außenposten tragen den Namen „{name}“. Es wird empfohlen, eindeutige Namen für Außenposten zu verwenden, um Mehrdeutigkeiten zu vermeiden.","SUBSTANTIVE","DEEPL","{count} Außenposten tragen den Namen „{name}“. Es wird empfohlen, eindeutige Namen für Außenposten zu verwenden, um Mehrdeutigkeiten zu vermeiden.","DeepL chosen for “{count} outposts are named ""{name}"". Unique outpost names are recommended to avoid ambigu…” because it gives the more natural complete German sentence while satisfying term.outpost=Außenposten."
"validation.duplicatePlannedSupply","de-DE","{item} appears more than once in this outpost's Planned Supply.","2D1491D5C8DB17E640841C670CA7202B62919A7E7B4399F17C2D7A20F01ED98D","Validation severity, diagnostic, context, or remediation.","HIGH","item","","term.outpost=Außenposten; glossary.planned-supply=Geplante Versorgung","{item} kommt mehrfach vor in this Außenposten's Geplante Versorgung.","{item} taucht mehr als einmal in der geplanten Versorgung dieses Außenpostens auf.","SUBSTANTIVE","DEEPL","{item} taucht mehr als einmal in der geplanten Versorgung dieses Außenpostens auf.","DeepL chosen for “{item} appears more than once in this outpost's Planned Supply.” because it gives the more natural complete German sentence while satisfying glossary.planned-supply=Geplante Versorgung; term.outpost=Außenposten."
"validation.filter.all","de-DE","All","A52ACE420F2175D08B1577A1BEA5445E36801229C074EF9ED6C55A73401FD9C2","Validation severity, diagnostic, context, or remediation.","HIGH","","","","Alle","Alle","IDENTICAL","AGREED","Alle","Shared wording “Alle” independently approved for “All” in its validation severity, diagnostic, context, or remediation. role; meaning, terminology, and token safety were checked."
"validation.filter.error","de-DE","Errors","CB702378F31507EFA79A2A2C6046050BC9F578F149C88E3C0A3D9532AB4B5300","Validation severity, diagnostic, context, or remediation.","HIGH","","","glossary.validation-error=Fehler","Fehler","Fehler","IDENTICAL","AGREED","Fehler","Shared wording “Fehler” independently approved for “Errors” in its validation severity, diagnostic, context, or remediation. role; meaning, terminology, and token safety were checked."
"validation.filter.info","de-DE","Info","170322A32F3C35B2C61576A5553D352D7B3C8AE7086DAB78F15FC891A28C067C","Validation severity, diagnostic, context, or remediation.","HIGH","","","glossary.validation-info=Information","Information","Info","SUBSTANTIVE","CODEX","Information","Codex chosen because the validation severity is Information, not the abbreviated English label Info; the competing wording contradicted or omitted the approved glossary sense."
"validation.filter.warning","de-DE","Warnings","0E04CD10F9AFD7E546E176B34B56A243D8C741198AA0BFEE27D7661A370DC043","Validation severity, diagnostic, context, or remediation.","HIGH","","","glossary.validation-warning=Warnung","Warnungen","Warnungen","IDENTICAL","AGREED","Warnungen","Shared wording “Warnungen” independently approved for “Warnings” in its validation severity, diagnostic, context, or remediation. role; meaning, terminology, and token safety were checked."
"validation.heading","de-DE","Validation","68E1CA575295BB5604FEA711B5D2EFF44006CE4BD985481083A76B71FCE0DAEF","Heading for domain validation results containing errors, warnings, and informational findings; not form submission validation alone. This is a visible heading.","HIGH","","","glossary.validation=Validierung","Validierung","Validierung","IDENTICAL","AGREED","Validierung","Shared wording “Validierung” independently approved for “Validation” in its heading for domain validation results containing errors, warnings, and informational find… role; meaning, terminology, and token safety were checked."
"validation.interstellarHelium3","de-DE","This Inter-System Cargo Link is sending cargo, but its outpost has no available Helium-3 supply.","5ACB93205A0583C817D0B8157F802B528C08E057BB0ADEAB9A916148D18F9171","Validation severity, diagnostic, context, or remediation.","HIGH","","","term.inter-system-cargo-link=Intersystem-Frachtlink; term.cargo-link=Frachtlink; term.outpost=Außenposten","Dieser Intersystem-Frachtlink sendet Fracht, aber an seinem Außenposten ist keine Helium-3-Versorgung verfügbar.","Diese systemübergreifende Frachtverbindung versendet Fracht, aber ihr Außenposten verfügt über keine verfügbaren Helium-3-Vorräte.","SUBSTANTIVE","CUSTOM","Dieser Intersystem-Frachtlink sendet Fracht, aber an seinem Außenposten ist keine He-3-Versorgung verfügbar.","Custom wording used for “This Inter-System Cargo Link is sending cargo, but its outpost has no available Helium-3 …” because neither candidate combined natural German grammar with all approved terminology (term.inter-system-cargo-link=Intersystem-Frachtlink; term.cargo-link=Frachtlink; term.outpost=Außenposten); final wording “Dieser Intersystem-Frachtlink sendet Fracht, aber an seinem Außenposten ist keine He-3-Ve…” was checked independently."
"validation.invalidCharacterLevel","de-DE","Character level is {level}, but a recorded character level must be a whole number from {minimum} to {maximum}.","557A628B5FD3728FAAC1175E6D6EAF7F8D41ED8CB896805EB05788BB52ADF1A6","Validation severity, diagnostic, context, or remediation.","HIGH","level; maximum; minimum","","","Charakter Stufe is {level}, but a erfasst character Stufe must be a whole number from {minimum} to {maximum}.","Die Charakterstufe beträgt {level}, aber eine erfasste Charakterstufe muss eine ganze Zahl zwischen {minimum} und {maximum} sein.","SUBSTANTIVE","DEEPL","Die Charakterstufe beträgt {level}, aber eine erfasste Charakterstufe muss eine ganze Zahl zwischen {minimum} und {maximum} sein.","DeepL chosen for “Character level is {level}, but a recorded character level must be a whole number from {m…” because it gives the clearer complete German rendering for the validation severity, diagnostic, context, or remediation. role; the Codex draft is more literal or incomplete."
"validation.invalidSkillLevel","de-DE","{skill} has level {level}, but valid skill levels are integers {minimum} through {maximum}.","479C20E3082325683BBB0FD99CD53B56C8C4A7A002923C68D54B6E9487411C86","Validation severity, diagnostic, context, or remediation.","HIGH","level; maximum; minimum; skill","","","{skill} has Stufe {level}, but valid skill levels are integers {minimum} through {maximum}.","{Fähigkeit} hat die Stufe {level}, gültige Fähigkeitsstufen sind jedoch ganze Zahlen von {minimum} bis {maximum}.","INVALID_TOKENS","INVALID_DEEPL_REPAIRED","{skill} hat die Stufe {level}, gültige Fähigkeitsstufen sind jedoch ganze Zahlen von {minimum} bis {maximum}.","DeepL evidence is invalid because it translated or damaged the stable placeholder identifiers; the wording was repaired or replaced editorially for “{skill} has level {level}, but valid skill levels are integers {minimum} through {maximum…”, with exact placeholders and protected tokens restored."
"validation.issueCount","de-DE","Validation: {count} {count, plural, one {issue} other {issues}}","F0C30AE770A0C8A8C672000A3292FF3FE8F3D0A23945D4079779B5A408A675C4","Validation severity, diagnostic, context, or remediation.","HIGH","count","","glossary.validation=Validierung","Validierung: {count} {count, plural, one {Problem} other {Probleme}}","Validierung: {count} {count, Plural, ein {Problem} oder mehrere {Probleme}}","INVALID_TOKENS","INVALID_DEEPL_REPAIRED","Validierung: {count} {count, plural, one {Problem} other {Probleme}}","DeepL evidence is invalid because it translated or damaged the stable placeholder identifiers; the independently token-safe Codex wording was selected for “Validation: {count} {count, plural, one {issue} other {issues}}”, with exact placeholders and protected tokens restored."
"validation.manufacturingInputUnavailable","de-DE","{product} requires {input}, but {input} is not available at this outpost.","5D636D52EEFF0A72CE322FD0388383DD6783828EE5AC9DA99242EE7CA9F7CE4F","Validation severity, diagnostic, context, or remediation.","HIGH","input; product","","term.outpost=Außenposten; glossary.inputs=Einsatzstoffe","{product} benötigt {input}, aber {input} ist an diesem Außenposten nicht verfügbar.","{product} benötigt {input}, aber {input} ist an diesem Außenposten nicht verfügbar.","IDENTICAL","AGREED","{product} benötigt {input}, aber {input} ist an diesem Außenposten nicht verfügbar.","Shared wording “{product} benötigt {input}, aber {input} ist an diesem Außenposten nicht verfügbar.” independently approved for “{product} requires {input}, but {input} is not available at this outpost.” in its validation severity, diagnostic, context, or remediation. role; meaning, terminology, and token safety were checked."
"validation.missingCargoEndpoint","de-DE","This cargo connection refers to a missing outpost or Cargo Link endpoint.","DE666AA19EEA71AF84123F9502737CCA410AEA2B9EA680E0DBB0DA1B22BCD1EB","Validation severity, diagnostic, context, or remediation.","HIGH","","","term.cargo-link=Frachtlink; term.outpost=Außenposten","Diese Frachtverbindung verweist auf einen fehlenden Außenposten oder Frachtlink-Endpunkt.","Diese Frachtverbindung bezieht sich auf einen fehlenden Außenposten oder einen fehlenden Cargo-Link-Endpunkt.","SUBSTANTIVE","CODEX","Diese Frachtverbindung verweist auf einen fehlenden Außenposten oder Frachtlink-Endpunkt.","Codex chosen for “This cargo connection refers to a missing outpost or Cargo Link endpoint.” because it applies the row's approved terminology (term.cargo-link=Frachtlink; term.outpost=Außenposten) more faithfully in context; the DeepL alternative was not adopted."
"validation.none","de-DE","No validation issues.","21D05437FB5BF4D6620AD3FEB0A477B311E4FE078083DD371C526972FEAEEF5C","Validation severity, diagnostic, context, or remediation.","HIGH","","","glossary.validation=Validierung","Keine Validierungsprobleme.","Keine Validierungsprobleme.","IDENTICAL","AGREED","Keine Validierungsprobleme.","Shared wording “Keine Validierungsprobleme.” independently approved for “No validation issues.” in its validation severity, diagnostic, context, or remediation. role; meaning, terminology, and token safety were checked."
"validation.open","de-DE","Open validation details","77DDEF905E8B93BB72AE88AD640D48A41D25FB28E2530E59996DCF1A94822ECA","Validation severity, diagnostic, context, or remediation.","HIGH","","","glossary.validation=Validierung","Öffnen Validierungsdetails","Validierungsdetails öffnen","SUBSTANTIVE","DEEPL","Validierungsdetails öffnen","DeepL chosen for “Open validation details” because it gives the more natural complete German sentence while satisfying glossary.validation=Validierung."
"validation.organicInputUnavailable","de-DE","{species} requires {input}, but {input} is not available at this outpost.","6C9034CE1B9DD269D679570EB922B190B3A495B01898426091DF8323B7C6517F","Validation severity, diagnostic, context, or remediation.","HIGH","input; species","","term.outpost=Außenposten; glossary.inputs=Einsatzstoffe","{species} benötigt {input}, but {input} is nicht verfügbar at this Außenposten.","{Spezies} benötigt {Eingabe}, aber {Eingabe} ist an diesem Außenposten nicht verfügbar.","INVALID_TOKENS","INVALID_DEEPL_REPAIRED","{species} benötigt {input}, aber {input} ist an diesem Außenposten nicht verfügbar.","DeepL evidence is invalid because it translated or damaged the stable placeholder identifiers; the wording was repaired or replaced editorially for “{species} requires {input}, but {input} is not available at this outpost.”, with exact placeholders and protected tokens restored."
"validation.outpostBodyNotEligible","de-DE","This outpost is located on a body that cannot host outposts.","2A2282A192939493A1C1868D1A1C14D95443D82432460E1B0D29B81953D33AE1","Validation severity, diagnostic, context, or remediation.","HIGH","","","term.outpost=Außenposten; term.planetary-body=Himmelskörper","This Außenposten is located on a body that cannot host Außenposten.","Dieser Außenposten befindet sich auf einem Himmelskörper, auf dem keine Außenposten errichtet werden können.","SUBSTANTIVE","DEEPL","Dieser Außenposten befindet sich auf einem Himmelskörper, auf dem keine Außenposten errichtet werden können.","DeepL chosen for “This outpost is located on a body that cannot host outposts.” because it gives the more natural complete German sentence while satisfying term.outpost=Außenposten."
"validation.outpostNameLength","de-DE","Starfield normally limits outpost names to 25 characters; longer modded names remain supported.","E784CAB57A18B4483195176094C6A818AE3FBEFF92674F7355962C05A1877A44","Validation severity, diagnostic, context, or remediation.","HIGH","","","term.outpost=Außenposten; product.starfield=Starfield","Starfield begrenzt Außenpostennamen normalerweise auf 25 Zeichen; längere modifizierte Namen werden weiterhin unterstützt.","Starfield begrenzt die Namen von Außenposten normalerweise auf 25 Zeichen; längere, durch Mods geänderte Namen werden weiterhin unterstützt.","SUBSTANTIVE","DEEPL","Starfield begrenzt die Namen von Außenposten normalerweise auf 25 Zeichen; längere, durch Mods geänderte Namen werden weiterhin unterstützt.","DeepL chosen for “Starfield normally limits outpost names to 25 characters; longer modded names remain supp…” because it gives the more natural complete German sentence while satisfying term.outpost=Außenposten; product.starfield=Starfield."
"validation.outpostSkillLimit","de-DE","This network has {count} outposts, but the current {skill} level allows a maximum of {limit}.","4D1CE1DF98BDA2E18E1BEA5735B16B8AD97CCC63E5B2E324E8E39BF4A1E4489F","Validation severity, diagnostic, context, or remediation.","HIGH","count; limit; skill","","term.outpost=Außenposten; glossary.network=Netzwerk","This Netzwerk has {count} Außenposten, but the current {skill} Stufe allows a maximum of {limit}.","Dieses Netzwerk verfügt über {count} Außenposten, aber die aktuelle {skill}-Stufe erlaubt maximal {limit}.","SUBSTANTIVE","DEEPL","Dieses Netzwerk verfügt über {count} Außenposten, aber die aktuelle {skill}-Stufe erlaubt maximal {limit}.","DeepL chosen for “This network has {count} outposts, but the current {skill} level allows a maximum of {lim…” because it gives the more natural complete German sentence while satisfying term.outpost=Außenposten."
"validation.planetaryHabitationRequirement","de-DE","This outpost requires {skill} rank {required}, but the recorded character rank is {recorded}.","F45CBAADE159B507024D0485DB395C0F14F2DB63F6C23FB7CD5712E1935E5EA9","Validation severity, diagnostic, context, or remediation.","HIGH","recorded; required; skill","","term.outpost=Außenposten","This Außenposten benötigt {skill} Rang {required}, but the erfasst character Rang is {recorded}.","Dieser Außenposten erfordert den {skill}-Rang {required}, aber der gespeicherte Charakterrang beträgt {recorded}.","SUBSTANTIVE","DEEPL","Dieser Außenposten erfordert den {skill}-Rang {required}, aber der gespeicherte Charakterrang beträgt {recorded}.","DeepL chosen for “This outpost requires {skill} rank {required}, but the recorded character rank is {record…” because it gives the more natural complete German sentence while satisfying term.outpost=Außenposten."
"validation.plannedSupplyUnresolved","de-DE","{count} {count, plural, one {item} other {items}} in Planned Supply: {itemList}.","BE7699EC7C1923EA45A34F86ED126C15EF94933206CDB8839A9C6FAE4310BF48","Validation severity, diagnostic, context, or remediation.","HIGH","count; itemList","","glossary.planned-supply=Geplante Versorgung","{count} {count, plural, one {Element} other {Elemente}} in Geplante Versorgung: {itemList}.","{count} {count, Plural, ein {item} weitere {items}} in der geplanten Lieferung: {itemList}.","INVALID_TOKENS","INVALID_DEEPL_REPAIRED","{count} {count, plural, one {Element} other {Elemente}} in der geplanten Versorgung: {itemList}.","DeepL evidence is invalid because it damaged the required plural/message syntax; the wording was repaired or replaced editorially for “{count} {count, plural, one {item} other {items}} in Planned Supply: {itemList}.”, with exact placeholders and protected tokens restored."
"validation.regularPadCrossSystem","de-DE","This Cargo Link is connected to an outpost in another star system; use an Inter-System Cargo Link instead.","0036D346FA2E3589A83E0C1E156EB47038633D52DD365DF5CD83EED4B3C9A2FB","Validation severity, diagnostic, context, or remediation.","HIGH","","","term.inter-system-cargo-link=Intersystem-Frachtlink; term.cargo-link=Frachtlink; term.outpost=Außenposten; term.star-system=Sternsystem","Dieser Frachtlink ist mit einem Außenposten in einem anderen Sternsystem verbunden; verwende stattdessen einen Intersystem-Frachtlink.","Diese Frachtverbindung ist mit einem Außenposten in einem anderen Sternensystem verbunden; verwende stattdessen eine intersystemische Frachtverbindung.","SUBSTANTIVE","CODEX","Dieser Frachtlink ist mit einem Außenposten in einem anderen Sternsystem verbunden; verwende stattdessen einen Intersystem-Frachtlink.","Codex chosen for “This Cargo Link is connected to an outpost in another star system; use an Inter-System Ca…” because it applies the row's approved terminology (term.inter-system-cargo-link=Intersystem-Frachtlink; term.cargo-link=Frachtlink; term.outpost=Außenposten) more faithfully in context; the DeepL alternative was not adopted."
"validation.remediation.extraction","de-DE","Available for extraction in: {biomes}","033652C06FCF14E7028EFC79DED08BDC6242BAF35CBC75A969F66CF88E50189F","Validation severity, diagnostic, context, or remediation.","HIGH","biomes","","term.biome=Biom","Zur Gewinnung verfügbar in: {biomes}","Verfügbar zur Gewinnung in: {biomes}","SUBSTANTIVE","DEEPL","Verfügbar zur Gewinnung in: {biomes}","DeepL chosen for “Available for extraction in: {biomes}” because it gives the clearer complete German rendering for the validation severity, diagnostic, context, or remediation. role; the Codex draft is more literal or incomplete."
"validation.remediation.harvesting","de-DE","Choose a valid domesticable producer on this planet.","08B21A3BAF71C04CE8965D7CBDF3B5C0B22975229FCEF85135EF7B4096BE19DB","Validation severity, diagnostic, context, or remediation.","HIGH","","","term.planet=Planet","Wähle einen gültigen domestizierbaren Produzenten auf diesem Planeten.","","MISSING","CODEX","Wähle einen gültigen domestizierbaren Produzenten auf diesem Planeten.","Planet-level organic farming semantics were reviewed for this correction; prior biome-bound source evidence is intentionally retired."
"validation.remediation.organicSources","de-DE","Available from: {sources}","079E06CF1CE43D59E4122D165732D4D39B7405F6EA48021A2BFF063549D71012","Validation severity, diagnostic, context, or remediation.","HIGH","sources","","glossary.source=Quelle","Verfügbar von: {sources}","Erhältlich aus: {Quellen}","INVALID_TOKENS","INVALID_DEEPL_REPAIRED","Erhältlich aus: {sources}","DeepL evidence is invalid because it translated or damaged the stable placeholder identifiers; the wording was repaired or replaced editorially for “Available from: {sources}”, with exact placeholders and protected tokens restored."
"validation.selectedBiomeInvalid","de-DE","This selected biome belongs to a different planetary body.","6D576D3401E2A28EF6D6D90BE82FEF4E4A34C47FDEC0102556426FBE7EC1E066","Validation severity, diagnostic, context, or remediation.","HIGH","","","term.biome=Biom; term.planetary-body=Himmelskörper","This ausgewählt biome belongs to a different Himmelskörper.","Dieses ausgewählte Biom gehört zu einem anderen Planetenkörper.","SUBSTANTIVE","CUSTOM","Dieses ausgewählte Biom gehört zu einem anderen Himmelskörper.","Custom wording used because the diagnostic must cover planets, moons, and orbitals; the competing wording contradicted or omitted the approved glossary sense."
"validation.selfLinkedCargoPad","de-DE","This cargo connection uses the same Cargo Link at both endpoints.","37A36CCB8D15AE9949772C22FE628AE24C43622ECBA3A4618483EE8B495D65E1","Validation severity, diagnostic, context, or remediation.","HIGH","","","term.cargo-link=Frachtlink","This cargo connection uses the same Frachtlink at both endpoints.","Diese Frachtverbindung nutzt an beiden Endpunkten dieselbe Frachtverbindung.","SUBSTANTIVE","CUSTOM","Diese Frachtverbindung nutzt an beiden Endpunkten denselben Frachtlink.","Custom wording used for “This cargo connection uses the same Cargo Link at both endpoints.” because neither candidate combined natural German grammar with all approved terminology (term.cargo-link=Frachtlink); final wording “Diese Frachtverbindung nutzt an beiden Endpunkten denselben Frachtlink.” was checked independently."
"validation.severity.error","de-DE","Error","54A0E8C17EBB21A11F8A25B8042786EF7EFE52441E6CC87E92C67E0C4C0C6E78","Validation severity, diagnostic, context, or remediation.","HIGH","","","glossary.validation-error=Fehler","Fehler","Fehler","IDENTICAL","AGREED","Fehler","Shared wording “Fehler” independently approved for “Error” in its validation severity, diagnostic, context, or remediation. role; meaning, terminology, and token safety were checked."
"validation.severity.info","de-DE","Info","170322A32F3C35B2C61576A5553D352D7B3C8AE7086DAB78F15FC891A28C067C","Validation severity, diagnostic, context, or remediation.","HIGH","","","glossary.validation-info=Information","Information","Info","SUBSTANTIVE","CODEX","Information","Codex chosen because the validation severity is Information, not the abbreviated English label Info; the competing wording contradicted or omitted the approved glossary sense."
"validation.severity.warning","de-DE","Warning","E981DDAE45D8F4CA53F1CCBE613AD254A041DACF65A06026099A6302D332113B","Validation severity, diagnostic, context, or remediation.","HIGH","","","glossary.validation-warning=Warnung","Warnung","Warnung","IDENTICAL","AGREED","Warnung","Shared wording “Warnung” independently approved for “Warning” in its validation severity, diagnostic, context, or remediation. role; meaning, terminology, and token safety were checked."
"validation.unknownBiome","de-DE","This outpost refers to unknown body-biome ID ""{id}"".","E1DA964E2CA929F08EAB04CB1BDC0647323400630396D29DE66A0DA4ECC75ACD","Validation severity, diagnostic, context, or remediation.","HIGH","id","ID","term.outpost=Außenposten; term.biome=Biom; term.planetary-body=Himmelskörper","This Außenposten refers to unbekannt body-biome ID ""{id}"".","Dieser Außenposten bezieht sich auf die unbekannte Himmelskörper-Biom-ID „{id}“.","SUBSTANTIVE","DEEPL","Dieser Außenposten bezieht sich auf die unbekannte Himmelskörper-Biom-ID „{id}“.","DeepL chosen for “This outpost refers to unknown body-biome ID ""{id}"".” because it gives the more natural complete German sentence while satisfying term.outpost=Außenposten."
"validation.unknownBody","de-DE","This outpost refers to unknown planetary body ID ""{id}"".","DA5ED3FC64770A5D1CB08189EC222343D0D13D7169E01214381323FCB25228E2","Validation severity, diagnostic, context, or remediation.","HIGH","id","ID","term.outpost=Außenposten; term.planetary-body=Himmelskörper","This Außenposten refers to unbekannt Himmelskörper ID ""{id}"".","Dieser Außenposten bezieht sich auf die unbekannte Himmelskörper-ID „{id}“.","SUBSTANTIVE","DEEPL","Dieser Außenposten bezieht sich auf die unbekannte Himmelskörper-ID „{id}“.","DeepL chosen for “This outpost refers to unknown planetary body ID ""{id}"".” because it gives the more natural complete German sentence while satisfying term.outpost=Außenposten."
"validation.unknownExplicitResource","de-DE","This outpost refers to unknown resource ID ""{id}"" in its explicit resource presence.","FD98EB6E83DF87E0D8F039DEAB0DBEB6B9FF1057B00476AB6E52CF432263451E","Validation severity, diagnostic, context, or remediation.","HIGH","id","ID","term.outpost=Außenposten","This Außenposten refers to unbekannt Ressource ID ""{id}"" in its expliziten Ressourcenvorkommen.","Dieser Außenposten verweist in seiner expliziten Ressourcenliste auf die unbekannte Ressourcen-ID „{id}“.","SUBSTANTIVE","DEEPL","Dieser Außenposten verweist in seiner expliziten Ressourcenliste auf die unbekannte Ressourcen-ID „{id}“.","DeepL chosen for “This outpost refers to unknown resource ID ""{id}"" in its explicit resource presence.” because it gives the more natural complete German sentence while satisfying term.outpost=Außenposten."
"validation.unknownLocalResource","de-DE","This outpost refers to unknown resource ID ""{id}"" in its local resources.","25EF5B070F2192423A3417D425AD2BD968121472069DE0634ABEAD4478721816","Validation severity, diagnostic, context, or remediation.","HIGH","id","ID","term.outpost=Außenposten","This Außenposten refers to unbekannt Ressource ID ""{id}"" in its lokalen Ressourcen.","Dieser Außenposten verweist in seinen lokalen Ressourcen auf die unbekannte Ressourcen-ID „{id}“.","SUBSTANTIVE","DEEPL","Dieser Außenposten verweist in seinen lokalen Ressourcen auf die unbekannte Ressourcen-ID „{id}“.","DeepL chosen for “This outpost refers to unknown resource ID ""{id}"" in its local resources.” because it gives the more natural complete German sentence while satisfying term.outpost=Außenposten."
"validation.unknownManufacturingProduct","de-DE","This outpost refers to unknown product ID ""{id}"" in its manufacturing list.","676EECBDA18952E4E1337C7209F730A4681D85259A469B433214A9CBF262FBCC","Validation severity, diagnostic, context, or remediation.","HIGH","id","ID","term.outpost=Außenposten; glossary.manufacturing=Fertigung","This Außenposten refers to unbekannt Produkt ID ""{id}"" in its Fertigungsliste.","Dieser Außenposten verweist in seiner Fertigungsliste auf die unbekannte Produkt-ID „{id}“.","SUBSTANTIVE","DEEPL","Dieser Außenposten verweist in seiner Fertigungsliste auf die unbekannte Produkt-ID „{id}“.","DeepL chosen for “This outpost refers to unknown product ID ""{id}"" in its manufacturing list.” because it gives the more natural complete German sentence while satisfying glossary.manufacturing=Fertigung; term.outpost=Außenposten."
"validation.unknownOutboundItem","de-DE","This Cargo Link refers to unknown {kind} ID ""{id}"" in its outbound items.","B7A414025A12F066B07642528EBBBB6E1B2E00F8550F92A95603AD724FBD69D9","Validation severity, diagnostic, context, or remediation.","HIGH","id; kind","ID","term.cargo-link=Frachtlink","This Frachtlink refers to unbekannt {kind} ID ""{id}"" in its ausgehenden Elementen.","Dieser Frachtlink verweist in seinen ausgehenden Artikeln auf die unbekannte {Art}-ID „{id}“.","INVALID_TOKENS","INVALID_DEEPL_REPAIRED","Dieser Frachtlink verweist in seinen ausgehenden Artikeln auf die unbekannte {kind}-ID „{id}“.","DeepL evidence is invalid because it translated or damaged the stable placeholder identifiers; the wording was repaired or replaced editorially for “This Cargo Link refers to unknown {kind} ID ""{id}"" in its outbound items.”, with exact placeholders and protected tokens restored."
"validation.unknownPlannedItem","de-DE","This outpost refers to unknown {kind} ID ""{id}"" in Planned Supply.","9F80386C805E2AE70EC4A6E593CE774C919F328FBA406EC4447940E86F3E3FC7","Validation severity, diagnostic, context, or remediation.","HIGH","id; kind","ID","term.outpost=Außenposten; glossary.planned-supply=Geplante Versorgung","This Außenposten refers to unbekannt {kind} ID ""{id}"" in Geplante Versorgung.","Dieser Außenposten verweist in der geplanten Versorgung auf die unbekannte {Art}-ID „{id}“.","INVALID_TOKENS","INVALID_DEEPL_REPAIRED","Dieser Außenposten verweist in der geplanten Versorgung auf die unbekannte {kind}-ID „{id}“.","DeepL evidence is invalid because it translated or damaged the stable placeholder identifiers; the wording was repaired or replaced editorially for “This outpost refers to unknown {kind} ID ""{id}"" in Planned Supply.”, with exact placeholders and protected tokens restored."
"validation.unknownProductionResource","de-DE","This outpost refers to unknown resource ID ""{id}"" in its active production.","283D486D59E6085AAFBC0B201C46CB2A08618E9E64205A13AD35087A2EA8ECD7","Validation severity, diagnostic, context, or remediation.","HIGH","id","ID","term.outpost=Außenposten; glossary.active-production=Aktive Produktion","This Außenposten refers to unbekannt Ressource ID ""{id}"" in its aktiven Produktion.","Dieser Außenposten verweist in seiner aktiven Produktion auf die unbekannte Ressourcen-ID „{id}“.","SUBSTANTIVE","DEEPL","Dieser Außenposten verweist in seiner aktiven Produktion auf die unbekannte Ressourcen-ID „{id}“.","DeepL chosen for “This outpost refers to unknown resource ID ""{id}"" in its active production.” because it gives the more natural complete German sentence while satisfying term.outpost=Außenposten."
"validation.unknownProductionSpecies","de-DE","This outpost refers to unknown species ID ""{id}"" in its active production.","91A800002BC1CE2AF9CEFD856D1CBD18D7773ACDE7BBE005AEF527092A252C17","Validation severity, diagnostic, context, or remediation.","HIGH","id","ID","term.outpost=Außenposten; glossary.active-production=Aktive Produktion","This Außenposten refers to unbekannt species ID ""{id}"" in its aktiven Produktion.","Dieser Außenposten verweist in seiner aktiven Produktion auf die unbekannte Spezies-ID „{id}“.","SUBSTANTIVE","DEEPL","Dieser Außenposten verweist in seiner aktiven Produktion auf die unbekannte Spezies-ID „{id}“.","DeepL chosen for “This outpost refers to unknown species ID ""{id}"" in its active production.” because it gives the more natural complete German sentence while satisfying term.outpost=Außenposten."
"validation.unknownSystem","de-DE","This outpost refers to unknown star system ID ""{id}"".","8432E06037C7C251B843C3EDD4B1A1D078A462F6362C19D2D5FD11D5A39AF2FF","Validation severity, diagnostic, context, or remediation.","HIGH","id","ID","term.outpost=Außenposten; term.star-system=Sternsystem","This Außenposten refers to unbekannt Sternsystem ID ""{id}"".","Dieser Außenposten verweist auf die unbekannte Sternensystem-ID „{id}“.","SUBSTANTIVE","CUSTOM","Dieser Außenposten verweist auf die unbekannte Sternsystem-ID „{id}“.","Custom wording used because the diagnostic uses the approved Sternsystem compound; the competing wording contradicted or omitted the approved glossary sense."
"validation.unresolvedCargoExport","de-DE","This cargo export has no actual source.","9EAACCEA3A841501964523BCF982FD87C47D6757074376F1BC1CB8D66A5C4C43","Validation severity, diagnostic, context, or remediation.","HIGH","","","glossary.source=Quelle","Dieser Frachtexport hat keine tatsächliche Quelle.","Dieser Frachtexport hat keine tatsächliche Quelle.","IDENTICAL","AGREED","Dieser Frachtexport hat keine tatsächliche Quelle.","Shared wording “Dieser Frachtexport hat keine tatsächliche Quelle.” independently approved for “This cargo export has no actual source.” in its validation severity, diagnostic, context, or remediation. role; meaning, terminology, and token safety were checked."
"validation.unspecifiedOrganicSource","de-DE","{resource} is recorded as produced, but no flora or fauna source has been specified.","056A3D5076F6B12651B3FB863784E24F15758949E1FCE79C6C9F4EB67B5AB577","Validation severity, diagnostic, context, or remediation.","HIGH","resource","","glossary.source=Quelle","{resource} is erfasst as produced, but no flora or fauna source has been specified.","{Ressource} wird als produziert erfasst, es wurde jedoch keine Quelle aus Flora oder Fauna angegeben.","INVALID_TOKENS","INVALID_DEEPL_REPAIRED","{resource} wird als produziert erfasst, es wurde jedoch keine Quelle aus Flora oder Fauna angegeben.","DeepL evidence is invalid because it translated or damaged the stable placeholder identifiers; the wording was repaired or replaced editorially for “{resource} is recorded as produced, but no flora or fauna source has been specified.”, with exact placeholders and protected tokens restored."
"validation.xTechCapabilityPresent","de-DE","{resource} is recorded as present, but the character lacks the required extraction capability.","4932C2D2FC3BBD2ED3859E703D8D1C96C8F12B70E305639170B4F35DD787C001","Validation severity, diagnostic, context, or remediation.","HIGH","resource","","glossary.present=Vorhanden","{resource} is erfasst as present, but the character lacks the required extraction capability.","{Ressource} wird als vorhanden verzeichnet, aber dem Charakter fehlt die erforderliche Förderkapazität.","INVALID_TOKENS","INVALID_DEEPL_REPAIRED","{resource} wird als vorhanden verzeichnet, aber dem Charakter fehlt die erforderliche Förderkapazität.","DeepL evidence is invalid because it translated or damaged the stable placeholder identifiers; the wording was repaired or replaced editorially for “{resource} is recorded as present, but the character lacks the required extraction capabi…”, with exact placeholders and protected tokens restored."
"validation.xTechCapabilityProduced","de-DE","{resource} is recorded as produced, but the character lacks the required extraction capability.","1753E5EEEAA84EE6B9C7B00083238621AA9239C11E55991E503F168B1A50975E","Validation severity, diagnostic, context, or remediation.","HIGH","resource","","","{resource} is erfasst as produced, but the character lacks the required extraction capability.","{resource} wird als produziert vermerkt, aber dem Charakter fehlt die erforderliche Förderkapazität.","SUBSTANTIVE","DEEPL","{resource} wird als produziert vermerkt, aber dem Charakter fehlt die erforderliche Förderkapazität.","DeepL chosen for “{resource} is recorded as produced, but the character lacks the required extraction capab…” because it gives the clearer complete German rendering for the validation severity, diagnostic, context, or remediation. role; the Codex draft is more literal or incomplete."
"validation.xTechRequiresPresence","de-DE","{resource} is recorded as produced, but it is not explicitly recorded as present at this outpost.","D3303EB03DD18D210409EA33E566B86C34E4EC8108714854E26C2D17E70EDFBC","Validation severity, diagnostic, context, or remediation.","HIGH","resource","","term.outpost=Außenposten; glossary.present=Vorhanden","{resource} is erfasst as produced, but it is not explicitly erfasst as present at this Außenposten.","{resource} wird als produziert verzeichnet, es ist jedoch nicht ausdrücklich vermerkt, dass es an diesem Außenposten vorhanden ist.","SUBSTANTIVE","DEEPL","{resource} wird als produziert verzeichnet, es ist jedoch nicht ausdrücklich vermerkt, dass es an diesem Außenposten vorhanden ist.","DeepL chosen for “{resource} is recorded as produced, but it is not explicitly recorded as present at this …” because it gives the more natural complete German sentence while satisfying term.outpost=Außenposten."
