"Key","Locale","EnglishSource","EnglishSourceSha256","Context","Risk","Parameters","ProtectedTokens","OfficialTermConstraints","CodexTranslation","DeepLTranslation","ComparisonStatus","AdjudicationDecision","FinalTranslation","ReviewerNote"
"about.artwork","fr-FR","Favicon artwork (separate license):","1672A1543E07F4A17985250AA236981FA83C925A274E16BF29EC9C1F55B0D8BC","About dialog content or accessible control.","LOW","","","","Illustration du favicon (licence distincte) :","","MISSING","CODEX","Illustration du favicon (licence distincte) :","Release preparation copy: Codex drafted and reviewed about.artwork against the approved meaning, UI role and literal identifiers; no new DeepL or native review. License scope, voluntary support and local-data boundaries are explanatory copy, not replacement legal terms."
"about.attribution","fr-FR","designed by gravisio from Flaticon","EEE6A4550C16EA33E2D314F4E77291D12838FEBE646600010632735BD446F848","About dialog content or accessible control.","LOW","","designed by gravisio from Flaticon","","designed by gravisio from Flaticon","","MISSING","CODEX","designed by gravisio from Flaticon","Release preparation copy: Codex drafted and reviewed about.attribution against the approved meaning, UI role and literal identifiers; no new DeepL or native review. Certificate-prescribed invariant credit replaces the obsolete source wording; previous provider evidence remains in Git history."
"about.backup","fr-FR","Saved in this browser profile on this site, with no account sync or server backup. Export before clearing browser data or moving devices. Import replaces the collection. If saving fails, export your in-memory work.","10F42C0EC190FB9BC14FEB95922B54DD9FCF4066DE775F65BDFA39C4211B89CC","About dialog content or accessible control.","LOW","","","","Enregistrement dans ce profil de navigateur sur ce site, sans synchronisation de compte ni sauvegarde sur serveur. Exportez avant d’effacer les données du navigateur ou de changer d’appareil. L’importation remplace la collection. Si l’enregistrement échoue, exportez votre travail en mémoire.","","MISSING","CODEX","Enregistrement dans ce profil de navigateur sur ce site, sans synchronisation de compte ni sauvegarde sur serveur. Exportez avant d’effacer les données du navigateur ou de changer d’appareil. L’importation remplace la collection. Si l’enregistrement échoue, exportez votre travail en mémoire.","Release preparation copy: Codex drafted and reviewed about.backup against the approved meaning, UI role and literal identifiers; no new DeepL or native review. License scope, voluntary support and local-data boundaries are explanatory copy, not replacement legal terms."
"about.build","fr-FR","Build {commit}","954964A8306F874AF4BE2DC50620E52967203BE81589FE546C3E4A3AA7CBE200","About dialog content or accessible control.","LOW","commit","","","Compilation {commit}","","MISSING","CODEX","Compilation {commit}","Release preparation copy: Codex drafted and reviewed about.build against the approved meaning, UI role and literal identifiers; no new DeepL or native review. License scope, voluntary support and local-data boundaries are explanatory copy, not replacement legal terms."
"about.buildSource","fr-FR","Source for this build","A952E15E6036338D5314516EC646C3D0140D5F85553A0BBFF71782F105BE2B34","About dialog content or accessible control.","LOW","","","","Source de cette compilation","","MISSING","CODEX","Source de cette compilation","Release preparation copy: Codex drafted and reviewed about.buildSource against the approved meaning, UI role and literal identifiers; no new DeepL or native review. License scope, voluntary support and local-data boundaries are explanatory copy, not replacement legal terms."
"about.closeDialog","fr-FR","Close About dialog","BADE4BD70A7F5829AD34BCB1FAEFF8663832F5D9974F5FA0DA112D256E12ED78","About dialog content or accessible control.","LOW","","","","Fermer À propos dialog","Fermer la boîte de dialogue « À propos »","SUBSTANTIVE","DEEPL","Fermer la boîte de dialogue « À propos »","DeepL chosen for “Close About dialog” because it gives the clearer complete French rendering for the about dialog content or accessible control. role; the Codex draft is more literal or incomplete."
"about.contact","fr-FR","Private / alternative contact","2478C099EF6FA9CC5B8EB8823F0AC76B59AB28B766CD2E877B34BF326FD9EE4F","About dialog content or accessible control.","LOW","","","","Contact privé / alternatif","","MISSING","CODEX","Contact privé / alternatif","Release preparation copy: Codex drafted and reviewed about.contact against the approved meaning, UI role and literal identifiers; no new DeepL or native review. License scope, voluntary support and local-data boundaries are explanatory copy, not replacement legal terms."
"about.description","fr-FR","A tracking tool for Starfield outpost networks.","A385DFA0EF4B91EF17C72901A82FD98B4A6C087F914E97981E2E268B448516F3","About dialog content or accessible control. This is accessible or instructional text.","LOW","","","term.outpost=Avant-poste; product.starfield=Starfield; glossary.network=Réseau","A tracking tool for Starfield avant-poste networks.","Un outil de suivi des réseaux d'avant-postes de Starfield.","SUBSTANTIVE","DEEPL","Un outil de suivi des réseaux d'avant-postes de Starfield.","DeepL chosen for “A tracking tool for Starfield outpost networks.” because it gives the more natural complete French sentence while satisfying term.outpost=Avant-poste; product.starfield=Starfield."
"about.funding","fr-FR","Voluntary support for the developer’s Bethesda modding and tools work. Released projects are free to use; tips or memberships buy no extra features, exclusives, access, priority support or delivery commitments.","55A68A1559BB9A73544E561602840875D641A4388BCC9E9762C932188FB14895","About dialog content or accessible control.","LOW","","Bethesda","","Soutien volontaire au travail du développeur sur les mods et outils Bethesda. Les projets publiés sont gratuits ; les pourboires ou abonnements ne donnent droit à aucune fonctionnalité supplémentaire, exclusivité, accès, assistance prioritaire ou garantie de livraison.","","MISSING","CODEX","Soutien volontaire au travail du développeur sur les mods et outils Bethesda. Les projets publiés sont gratuits ; les pourboires ou abonnements ne donnent droit à aucune fonctionnalité supplémentaire, exclusivité, accès, assistance prioritaire ou garantie de livraison.","Release preparation copy: Codex drafted and reviewed about.funding against the approved meaning, UI role and literal identifiers; no new DeepL or native review. License scope, voluntary support and local-data boundaries are explanatory copy, not replacement legal terms."
"about.issues","fr-FR","Bugs and suggestions","3D83AC7A899CF17CD7C4E6401362ADF1136BEA46005C64EC8CBF95C6D4122E1B","About dialog content or accessible control.","LOW","","","","Bugs et suggestions","","MISSING","CODEX","Bugs et suggestions","Release preparation copy: Codex drafted and reviewed about.issues against the approved meaning, UI role and literal identifiers; no new DeepL or native review. License scope, voluntary support and local-data boundaries are explanatory copy, not replacement legal terms."
"about.license","fr-FR","Full license","6B43E03E00A846DD4FD35C0FCCEC63C88AC637DB2805DBBD91216FB3A3F99D92","About dialog content or accessible control.","LOW","","","","Licence complète","","MISSING","CODEX","Licence complète","Release preparation copy: Codex drafted and reviewed about.license against the approved meaning, UI role and literal identifiers; no new DeepL or native review. License scope, voluntary support and local-data boundaries are explanatory copy, not replacement legal terms."
"about.licenseSummary","fr-FR","Project-authored code: GPL-3.0-or-later, without warranty. Artwork and game-derived content have separate rights.","6D474223C94DC984542DC5DF4CF3EBBC97D01EE7FE65F58C3BB43F70946AD7EE","About dialog content or accessible control.","LOW","","GPL-3.0-or-later","","Code créé pour le projet : GPL-3.0-or-later, sans garantie. Les illustrations et le contenu issu du jeu relèvent de droits distincts.","","MISSING","CODEX","Code créé pour le projet : GPL-3.0-or-later, sans garantie. Les illustrations et le contenu issu du jeu relèvent de droits distincts.","Release preparation copy: Codex drafted and reviewed about.licenseSummary against the approved meaning, UI role and literal identifiers; no new DeepL or native review. License scope, voluntary support and local-data boundaries are explanatory copy, not replacement legal terms."
"about.modified","fr-FR","local / modified","C1302006893E644718C30E10D063F83982E7F59DCF8F74FD1AB12B22C14DC4E5","About dialog content or accessible control.","LOW","","","","locale / modifiée","","MISSING","CODEX","locale / modifiée","Release preparation copy: Codex drafted and reviewed about.modified against the approved meaning, UI role and literal identifiers; no new DeepL or native review. License scope, voluntary support and local-data boundaries are explanatory copy, not replacement legal terms."
"about.notices","fr-FR","Third-party notices","8FADBC8DE2733658492151AFBEF233902D6D43DE12EEA937B8773D938BCBC8E3","About dialog content or accessible control.","LOW","","","","Mentions des tiers","","MISSING","CODEX","Mentions des tiers","Release preparation copy: Codex drafted and reviewed about.notices against the approved meaning, UI role and literal identifiers; no new DeepL or native review. License scope, voluntary support and local-data boundaries are explanatory copy, not replacement legal terms."
"about.repository","fr-FR","Source repository","53DB3B48E1AD4170808C3842C52F9BEE1ED27C66B9B192E91EC3C2C678064994","About dialog content or accessible control.","LOW","","","","Dépôt du code source","","MISSING","CODEX","Dépôt du code source","Release preparation copy: Codex drafted and reviewed about.repository against the approved meaning, UI role and literal identifiers; no new DeepL or native review. License scope, voluntary support and local-data boundaries are explanatory copy, not replacement legal terms."
"about.support","fr-FR","Support Gooberpede","C40D81D65A7CC6A059703CA6F930DAEF7FE8BC3A1BE0AF54B8C0AE5071133B54","About dialog content or accessible control.","LOW","","Gooberpede","","Soutenir Gooberpede","","MISSING","CODEX","Soutenir Gooberpede","Release preparation copy: Codex drafted and reviewed about.support against the approved meaning, UI role and literal identifiers; no new DeepL or native review. License scope, voluntary support and local-data boundaries are explanatory copy, not replacement legal terms."
"about.unknown","fr-FR","local / unverified","C4C51655D0B244AA84D5C83768F8C4647017F63DE666E7C09652954A91F7A274","About dialog content or accessible control.","LOW","","","","locale / non vérifiée","","MISSING","CODEX","locale / non vérifiée","Release preparation copy: Codex drafted and reviewed about.unknown against the approved meaning, UI role and literal identifiers; no new DeepL or native review. License scope, voluntary support and local-data boundaries are explanatory copy, not replacement legal terms."
"about.unofficial","fr-FR","Independent, unofficial project; not affiliated with or endorsed by Bethesda Game Studios or Microsoft.","BDA9BA76D3844680CA77725C6F65D21A66086862794E3A9E2E38886305DC4054","About dialog content or accessible control.","LOW","","Bethesda Game Studios; Microsoft","","Projet indépendant et non officiel, sans affiliation ni approbation de Bethesda Game Studios ou Microsoft.","","MISSING","CODEX","Projet indépendant et non officiel, sans affiliation ni approbation de Bethesda Game Studios ou Microsoft.","Release preparation copy: Codex drafted and reviewed about.unofficial against the approved meaning, UI role and literal identifiers; no new DeepL or native review. License scope, voluntary support and local-data boundaries are explanatory copy, not replacement legal terms."
"about.version","fr-FR","Version {version}","A18745121BB8AF6D1A0C689CFB3C2A2245D10D5FE3B37FF37C8B69FD74773DFA","About dialog content or accessible control.","LOW","version","","","Version {version}","","MISSING","CODEX","Version {version}","Release preparation copy: Codex drafted and reviewed about.version against the approved meaning, UI role and literal identifiers; no new DeepL or native review. License scope, voluntary support and local-data boundaries are explanatory copy, not replacement legal terms."
"cargo.add","fr-FR","Add cargo link","53FAE1C321AAC37F6E1F73EC7A82A17C25779F4656987058445CA620C9E848A1","Cargo Link, destination, or export UI.","MEDIUM","","","term.cargo-link=Liaison","Ajouter liaison","Ajouter une liaison de fret","SUBSTANTIVE","CUSTOM","Ajouter une liaison","Custom wording used for “Add cargo link” because neither candidate combined natural French grammar with all approved terminology (term.cargo-link=Liaison); final wording “Ajouter une liaison” was checked independently."
"cargo.addButton","fr-FR","+ Add Cargo Link","D2211C3FDC73278A6EC7B28F2F322486D54D76EF53402B5C1EA6E5FAE2F3FB2C","Cargo Link, destination, or export UI.","MEDIUM","","","term.cargo-link=Liaison","+ Ajouter Liaison","+ Ajouter une liaison de fret","SUBSTANTIVE","CUSTOM","+ Ajouter une liaison","Custom wording used for “+ Add Cargo Link” because neither candidate combined natural French grammar with all approved terminology (term.cargo-link=Liaison); final wording “+ Ajouter une liaison” was checked independently."
"cargo.addWithLimit","fr-FR","Add cargo link ({count} of {limit})","A4CF04E083D4098E72C8FA76DC07141B3F2233D71D5D719788CADE708B40044F","Cargo Link, destination, or export UI.","HIGH","count; limit","","term.cargo-link=Liaison","Ajouter liaison ({count} of {limit})","Ajouter une liaison de fret ({count} sur {limit})","SUBSTANTIVE","CUSTOM","Ajouter une liaison ({count} sur {limit})","Custom wording used for “Add cargo link ({count} of {limit})” because neither candidate combined natural French grammar with all approved terminology (term.cargo-link=Liaison); final wording “Ajouter une liaison ({count} sur {limit})” was checked independently."
"cargo.collapseAll","fr-FR","Collapse all","25F7B3721119F1EC7FDF7C8C66E779EE9999E2049E569AFC3B00A9FBDEECE7DB","Cargo Link, destination, or export UI.","MEDIUM","","","","Réduire all","Réduire tout","SUBSTANTIVE","DEEPL","Réduire tout","DeepL chosen for “Collapse all” because it gives the clearer complete French rendering for the cargo link, destination, or export ui. role; the Codex draft is more literal or incomplete."
"cargo.destination.linkedLocator","fr-FR","{outpost} / {pad}","E3F588AC487BF246C4AEBCEED554F74BC9D737A9B31D9689304A6DF69D9A9CE2","Cargo Link, destination, or export UI.","HIGH","outpost; pad","","term.outpost=Avant-poste; glossary.destination=Destination","{outpost} / {pad}","{avant-poste} / {plateforme}","INVALID_TOKENS","INVALID_DEEPL_REPAIRED","{outpost} / {pad}","DeepL evidence is invalid because it translated or damaged the stable placeholder identifiers; the independently token-safe Codex wording was selected for “{outpost} / {pad}”, with exact placeholders and protected tokens restored."
"cargo.destination.noPads","fr-FR","{outpost} — no cargo links","DA54B44E36D3853E5A719426F6B58F79D702F8D63C98A289C15B05C5DF5230DF","Cargo Link, destination, or export UI.","MEDIUM","outpost","","term.cargo-link=Liaison; term.outpost=Avant-poste; glossary.destination=Destination","{outpost} — no liaisons","{avant-poste} — aucun lien de fret","INVALID_TOKENS","INVALID_DEEPL_REPAIRED","{outpost} — aucune liaison","DeepL evidence is invalid because it translated or damaged the stable placeholder identifiers; the wording was repaired or replaced editorially for “{outpost} — no cargo links”, with exact placeholders and protected tokens restored."
"cargo.destination.nothing","fr-FR","nothing","1785CFC3BC6AC7738E8B38CDCCD1AF12563C2B9070E07AF336A1BF8C0F772B6A","Cargo Link, destination, or export UI.","MEDIUM","","","glossary.destination=Destination","rien","rien","IDENTICAL","AGREED","rien","Shared wording “rien” independently approved for “nothing” in its cargo link, destination, or export ui. role; meaning, terminology, and token safety were checked."
"cargo.destination.outpost","fr-FR","Destination outpost","46A7B7798BF8C076C932ADE71CE877EFDE16D0E06263BFC372CF0D700949E83F","Cargo Link, destination, or export UI.","MEDIUM","","","term.outpost=Avant-poste; glossary.destination=Destination","Destination avant-poste","Avant-poste de destination","SUBSTANTIVE","DEEPL","Avant-poste de destination","DeepL chosen for “Destination outpost” because it gives the more natural complete French sentence while satisfying term.outpost=Avant-poste."
"cargo.destination.pad","fr-FR","Destination cargo link","6CCAD8677D177EDD2552DF915A90B9E51BB8C8B6E28093F9D86BAEC22387121B","Cargo Link, destination, or export UI.","MEDIUM","","","term.cargo-link=Liaison; glossary.destination=Destination","Destination liaison","Lien de fret de destination","SUBSTANTIVE","CUSTOM","Liaison de destination","Custom wording used for “Destination cargo link” because neither candidate combined natural French grammar with all approved terminology (term.cargo-link=Liaison); final wording “Liaison de destination” was checked independently."
"cargo.destination.padContents","fr-FR","{pad}: ({contents})","46C4E560ED412E5E91CC2809ACDDFF9A902694FC19310541DB444D9DA539A9DF","Cargo Link, destination, or export UI.","HIGH","contents; pad","","glossary.destination=Destination","{pad}: ({contents})","{pad} : ({contenu})","INVALID_TOKENS","INVALID_DEEPL_REPAIRED","{pad} : ({contents})","DeepL evidence is invalid because it translated or damaged the stable placeholder identifiers; the wording was repaired or replaced editorially for “{pad}: ({contents})”, with exact placeholders and protected tokens restored."
"cargo.destination.padContentsLinked","fr-FR","{pad}: ({contents}) — linked to {destination}","0CDFF888723D4F5B2F31DC1F49E83C2A8078560E4B8D26A2E12C1674CF04028C","Cargo Link, destination, or export UI.","HIGH","contents; destination; pad","","glossary.destination=Destination","{pad}: ({contents}) — liée à {destination}","{pad} : ({contenu}) — relié à {destination}","INVALID_TOKENS","INVALID_DEEPL_REPAIRED","{pad} : ({contents}) — relié à {destination}","DeepL evidence is invalid because it translated or damaged the stable placeholder identifiers; the wording was repaired or replaced editorially for “{pad}: ({contents}) — linked to {destination}”, with exact placeholders and protected tokens restored."
"cargo.destination.selectPad","fr-FR","Select cargo link...","0C06C8F77EE648241D2AEF00115499EE25AAA6DD865860141BDE71A7172DE88D","Cargo Link, destination, or export UI.","MEDIUM","","","term.cargo-link=Liaison; glossary.destination=Destination","Sélectionner liaison...","Sélectionner une liaison de fret...","SUBSTANTIVE","CUSTOM","Sélectionner une liaison...","Custom wording used for “Select cargo link...” because neither candidate combined natural French grammar with all approved terminology (term.cargo-link=Liaison); final wording “Sélectionner une liaison...” was checked independently."
"cargo.destination.unknownPad","fr-FR","Unknown cargo link","986ADDDD7490611B32FC3E1060624621C2336F0803BABC1EECF9E2F039E58A12","Cargo Link, destination, or export UI.","MEDIUM","","","term.cargo-link=Liaison; glossary.destination=Destination","Inconnu liaison","Liaison de fret inconnue","SUBSTANTIVE","CUSTOM","Liaison inconnue","Custom wording used for “Unknown cargo link” because neither candidate combined natural French grammar with all approved terminology (term.cargo-link=Liaison); final wording “Liaison inconnue” was checked independently."
"cargo.destination.unknownPadInline","fr-FR","unknown cargo link","442FB1860DD920A894B5F436CDB708ACF518300BE6D959474056852299E3116E","Cargo Link, destination, or export UI.","MEDIUM","","","term.cargo-link=Liaison; glossary.destination=Destination","inconnu liaison","lien de fret inconnu","SUBSTANTIVE","CUSTOM","liaison inconnue","Custom wording used for “unknown cargo link” because neither candidate combined natural French grammar with all approved terminology (term.cargo-link=Liaison); final wording “liaison inconnue” was checked independently."
"cargo.destination.unlinked","fr-FR","Unlinked","1E690B5815BE5BF48D2EB8F1DA6D951667E1F4003ED8C3A1015989004358BF11","Cargo Link, destination, or export UI.","MEDIUM","","","glossary.destination=Destination","Non liée","Non lié","SUBSTANTIVE","CODEX","Non liée","Codex chosen for “Unlinked” because the Codex adjective agrees with the implied cargo-link noun and clearly means not connected; the DeepL alternative was not adopted."
"cargo.expandAll","fr-FR","Expand all","A3E586BE3EFF5FB9F768C0846035DB47CCF0F0E10727B0F14D829FF3A5913324","Cargo Link, destination, or export UI.","MEDIUM","","","","Développer all","Tout développer","SUBSTANTIVE","DEEPL","Tout développer","DeepL chosen for “Expand all” because it gives the clearer complete French rendering for the cargo link, destination, or export ui. role; the Codex draft is more literal or incomplete."
"cargo.export.toggle","fr-FR","Toggle export for {item}","867731F380025E7C28E0513647868E7DB3665B77CFF914373499D3D3A7F5FF69","Cargo Link, destination, or export UI.","MEDIUM","item","","","Basculer export for {item}","Activer/désactiver l'exportation pour {item}","SUBSTANTIVE","DEEPL","Activer/désactiver l'exportation pour {item}","DeepL chosen for “Toggle export for {item}” because it gives the clearer complete French rendering for the cargo link, destination, or export ui. role; the Codex draft is more literal or incomplete."
"cargo.exports.empty","fr-FR","No items available to export.","1553E216F5D6C9DEDE00C63081AFE00F232C07089697F3FA257F121E275608DE","Cargo Link, destination, or export UI.","MEDIUM","","","","Aucun élément disponible à exporter.","Aucun élément disponible à l'exportation.","SUBSTANTIVE","DEEPL","Aucun élément disponible à l'exportation.","DeepL chosen for “No items available to export.” because it gives the clearer complete French rendering for the cargo link, destination, or export ui. role; the Codex draft is more literal or incomplete."
"cargo.exports.heading","fr-FR","Exports","2F4DCF59FF0CC41C77E519CA3D451220B2943856177BB20A634F2499F61610FE","Cargo Link, destination, or export UI. This is a visible heading.","MEDIUM","","","","Exportations","Exportations","IDENTICAL","AGREED","Exportations","Shared wording “Exportations” independently approved for “Exports” in its cargo link, destination, or export ui role; meaning, terminology, and token safety were checked."
"cargo.finishReshuffle","fr-FR","Finish reshuffling cargo links","DE6771ED000ECD9E652637A426CBF9ED582C779884763A3B2885A07927EED8C9","Cargo Link, destination, or export UI.","MEDIUM","","","term.cargo-link=Liaison; glossary.reshuffle=Réorganiser","Finish réorganisation de liaisons","Terminer le réagencement des liens de fret","SUBSTANTIVE","CUSTOM","Terminer la réorganisation des liaisons","Custom wording used because the completion action remains consistent with the approved manual-reordering term; the competing wording contradicted or omitted the approved glossary sense."
"cargo.heading","fr-FR","Cargo Links","E9B8BE501BF399617C9333EAD8AF1489FBC8A33BC7E250C52EE05609CE8CB30F","Cargo Link, destination, or export UI. This is a visible heading.","MEDIUM","","","term.cargo-link=Liaison","Liaisons","Liens de fret","SUBSTANTIVE","CODEX","Liaisons","Codex chosen for “Cargo Links” because it applies the row's approved terminology (term.cargo-link=Liaison) more faithfully in context; the DeepL alternative was not adopted."
"cargo.interSystem.button","fr-FR","Inter-System","74A7AD9B6748097BC975C51D06631E4C04DEB46CF8A8E3C56AE474EC598DC359","Cargo Link, destination, or export UI.","MEDIUM","","","","Inter-Système","Inter-systèmes","SUBSTANTIVE","CUSTOM","Intersystème","Custom wording used for “Inter-System” because neither candidate fully matched the cargo link, destination, or export ui. role and source meaning; final wording “Intersystème” was checked independently."
"cargo.interSystem.context","fr-FR","Inter-System Cargo Links","7A411DB1C8AC75256E3606688FECC60E1FE9D580FB322FBE48E6EC1F40B82875","Cargo Link, destination, or export UI.","MEDIUM","","","term.inter-system-cargo-link=Liaison intersystème; term.cargo-link=Liaison","Liaisons intersystème","Liaisons de fret inter-systèmes","SUBSTANTIVE","CODEX","Liaisons intersystème","Codex chosen for “Inter-System Cargo Links” because it applies the row's approved terminology (term.inter-system-cargo-link=Liaison intersystème; term.cargo-link=Liaison) more faithfully in context; the DeepL alternative was not adopted."
"cargo.interstellar","fr-FR","Inter-System Cargo Link","DAD8480F89FA1500A3C89CD78F12984A6F3C58387856BC5DC6D3D3EE7719F6F1","Cargo Link, destination, or export UI.","MEDIUM","","","term.inter-system-cargo-link=Liaison intersystème; term.cargo-link=Liaison","Liaison intersystème","Liaison de fret intersystème","SUBSTANTIVE","CODEX","Liaison intersystème","Codex chosen for “Inter-System Cargo Link” because it applies the row's approved terminology (term.inter-system-cargo-link=Liaison intersystème; term.cargo-link=Liaison) more faithfully in context; the DeepL alternative was not adopted."
"cargo.lockOrder","fr-FR","Lock order","7502440CB9BF3D736CC75C78D7491D37DC186DA7164CA35F318B8F2D2FF6E851","Button that exits cargo-link reordering mode and prevents further reordering; “lock” is an ordering action, not security or login.","HIGH","","","glossary.lock-order=Verrouiller l'ordre","Verrouiller l’ordre","Ordre de verrouillage","SUBSTANTIVE","CODEX","Verrouiller l’ordre","Codex chosen for “Lock order” because the final describes fixing the current order, not a physical or security lock; the DeepL alternative was not adopted."
"cargo.pad.count","fr-FR","{count} {count, plural, one {cargo link} other {cargo links}}","9A6DC79391FEDF484957800C0CEF991D69CA0091EFDEDEADB653ED9874EDE079","Cargo Link, destination, or export UI.","MEDIUM","count","","term.cargo-link=Liaison","{count} {count, plural, one {liaison} other {liaisons}}","{count} {count, pluriel, un {lien de fret} et d’autres {liens de fret}}","INVALID_TOKENS","INVALID_DEEPL_REPAIRED","{count} {count, plural, one {liaison} other {liaisons}}","DeepL evidence is invalid because it translated or damaged the stable placeholder identifiers; the independently token-safe Codex wording was selected for “{count} {count, plural, one {cargo link} other {cargo links}}”, with exact placeholders and protected tokens restored."
"cargo.pad.emptyExports","fr-FR","No exports","832A865AC1D9ED0631ADA7C0BA36E531E11412F822C15003C319882181948B6A","Cargo Link, destination, or export UI.","MEDIUM","","","","Aucune exportation","Aucune exportation","IDENTICAL","AGREED","Aucune exportation","Shared wording “Aucune exportation” independently approved for “No exports” in its cargo link, destination, or export ui. role; meaning, terminology, and token safety were checked."
"cargo.pad.linkType.interSystem","fr-FR","Inter-System Cargo Link","DAD8480F89FA1500A3C89CD78F12984A6F3C58387856BC5DC6D3D3EE7719F6F1","Cargo Link, destination, or export UI.","MEDIUM","","","term.inter-system-cargo-link=Liaison intersystème; term.cargo-link=Liaison","Liaison intersystème","Liaison de fret intersystème","SUBSTANTIVE","CODEX","Liaison intersystème","Codex chosen for “Inter-System Cargo Link” because it applies the row's approved terminology (term.inter-system-cargo-link=Liaison intersystème; term.cargo-link=Liaison) more faithfully in context; the DeepL alternative was not adopted."
"cargo.pad.linkType.standard","fr-FR","Standard Cargo Link","37BFFE86EC5D5F97A6735C8489B407D60AA6C1E58876C32E1CFFE4A8A9C559E9","Cargo Link, destination, or export UI.","MEDIUM","","","term.cargo-link=Liaison","Standard Liaison","Liaison de fret standard","SUBSTANTIVE","CUSTOM","Liaison standard","Custom wording used for “Standard Cargo Link” because neither candidate combined natural French grammar with all approved terminology (term.cargo-link=Liaison); final wording “Liaison standard” was checked independently."
"cargo.pad.linkedTo","fr-FR","Linked to {outpost}","9B270A455E565319B43E4DCD3BD021F3EF43E7A91110BEE4014BADFE3B886E58","Cargo Link, destination, or export UI.","MEDIUM","outpost","","term.outpost=Avant-poste; glossary.destination=Destination","Liée à {outpost}","Lié à {avant-poste}","INVALID_TOKENS","INVALID_DEEPL_REPAIRED","Liée à {outpost}","DeepL evidence is invalid because it translated or damaged the stable placeholder identifiers; the independently token-safe Codex wording was selected for “Linked to {outpost}”, with exact placeholders and protected tokens restored."
"cargo.pad.noDestination","fr-FR","Unlinked","1E690B5815BE5BF48D2EB8F1DA6D951667E1F4003ED8C3A1015989004358BF11","Cargo Link, destination, or export UI.","MEDIUM","","","glossary.destination=Destination","Non liée","Non relié","SUBSTANTIVE","CODEX","Non liée","Codex chosen for “Unlinked” because the Codex adjective agrees with the implied cargo-link noun and clearly means not connected; the DeepL alternative was not adopted."
"cargo.pad.noInboundCargo","fr-FR","No inbound cargo","AAFB78702B148BC725669B35884D9E6EE22E98BB0EC65B38FB212CA412A7AE61","Cargo Link, destination, or export UI.","MEDIUM","","","","Aucun fret entrant","Pas de fret entrant","SUBSTANTIVE","DEEPL","Pas de fret entrant","DeepL chosen for “No inbound cargo” because it gives the clearer complete French rendering for the cargo link, destination, or export ui. role; the Codex draft is more literal or incomplete."
"cargo.pad.noOutboundCargo","fr-FR","No outbound cargo","AA0E00F725DDC52B23BCECAAE97C2AE9B03099E23AF8C81FA0EA96D3F46C6505","Cargo Link, destination, or export UI.","MEDIUM","","","","Aucun fret sortant","Pas de fret sortant","SUBSTANTIVE","DEEPL","Pas de fret sortant","DeepL chosen for “No outbound cargo” because it gives the clearer complete French rendering for the cargo link, destination, or export ui. role; the Codex draft is more literal or incomplete."
"cargo.pad.remove","fr-FR","Remove {pad}","9FD22A4B7B210E0D60CA99E2F566705EC366AF0C1D7405DCD560BF5DB1259A74","Cargo Link, destination, or export UI.","MEDIUM","pad","","","Supprimer {pad}","Supprimer {pad}","IDENTICAL","AGREED","Supprimer {pad}","Shared wording “Supprimer {pad}” independently approved for “Remove {pad}” in its cargo link, destination, or export ui. role; meaning, terminology, and token safety were checked."
"cargo.pad.semanticSummary","fr-FR","Destination {destination}. Outbound: {outbound}. Inbound: {inbound}. {linkType}.","A8FD06193EC26210033876EDCA16BDBA192077C57A765A1B0A8166E5750C635F","Cargo Link, destination, or export UI.","HIGH","destination; inbound; linkType; outbound","","glossary.destination=Destination","Destination : {destination}. Sortant : {outbound}. Entrant : {inbound}. {linkType}.","Destination {destination}. Sortante : {outbound}. Entrante : {inbound}. {linkType}.","SUBSTANTIVE","CUSTOM","Destination : {destination}. Éléments sortants : {outbound}. Éléments entrants : {inbound}. {linkType}.","Custom wording used for “Destination {destination}. Outbound: {outbound}. Inbound: {inbound}. {linkType}.” because the final uses unambiguous labels for destination, outbound items, and inbound items in the accessibility summary; final wording “Destination : {destination}. Éléments sortants : {outbound}. Éléments entrants : {inbound…” was checked independently."
"cargo.pad.summary","fr-FR","Cargo Link {ordinal}","EFB845F6ED747B80EB2821A9912CDC967497F7C7C6466595AABF814F4A25EFC6","Cargo Link, destination, or export UI.","MEDIUM","ordinal","","term.cargo-link=Liaison","Liaison {ordinal}","Lien de fret {ordinal}","SUBSTANTIVE","CODEX","Liaison {ordinal}","Codex chosen for “Cargo Link {ordinal}” because it applies the row's approved terminology (term.cargo-link=Liaison) more faithfully in context; the DeepL alternative was not adopted."
"cargo.remove","fr-FR","Remove","C3812FC4ACB861D5182FC2B8155F327F736FBE5E5EB86A7BD7AFCB6DC5497282","Cargo Link, destination, or export UI.","MEDIUM","","","","Supprimer","Supprimer","IDENTICAL","AGREED","Supprimer","Shared wording “Supprimer” independently approved for “Remove” in its cargo link, destination, or export ui. role; meaning, terminology, and token safety were checked."
"cargo.reshuffle","fr-FR","Reshuffle cargo links","E0A5AB1F1B266318FE16026151B449CE54535894A23C69CC4C3CA45570372E30","Cargo Link, destination, or export UI.","MEDIUM","","","term.cargo-link=Liaison; glossary.reshuffle=Réorganiser","Réorganiser liaisons","Réorganiser les liaisons de fret","SUBSTANTIVE","CUSTOM","Réorganiser les liaisons","Custom wording used for “Reshuffle cargo links” because neither candidate combined natural French grammar with all approved terminology (term.cargo-link=Liaison); final wording “Réorganiser les liaisons” was checked independently."
"cargo.reshuffleButton","fr-FR","Reshuffle","24AB205A02FFFE0FE0223DC041BE048135351B78CAE94C04C035FCA9BCEA8BD8","Button that enters manual cargo-link reordering mode; it does not randomize the order.","HIGH","","","glossary.reshuffle=Réorganiser","Réorganiser","Réorganiser","IDENTICAL","AGREED","Réorganiser","Shared wording “Réorganiser” independently approved for “Reshuffle” in its button that enters manual cargo-link reordering mode; it does not randomize the order. role; meaning, terminology, and token safety were checked."
"character.level","fr-FR","Level","1709305C9FA966D14F56F0DA3C3614BBC10ADCF53D72F90341BB96D24AFCFCA3","Character details field or Starfield skill label.","LOW","","","","Niveau","Niveau","IDENTICAL","AGREED","Niveau","Shared wording “Niveau” independently approved for “Level” in its character details field or starfield skill label. role; meaning, terminology, and token safety were checked."
"character.level.rejectedEmpty","fr-FR","Invalid level. Previous value restored. Enter a level from 1 to 999.","BDEB729B08E505155C537651FFB36F2AB266DABE7B1358C25CBFFD149F771CA4","Character details field or Starfield skill label.","LOW","","","","Niveau incorrect. La valeur précédente a été restaurée. Saisissez un niveau compris entre 1 et 999.","Niveau non valide. Valeur précédente restaurée. Entrez un niveau compris entre 1 et 999.","SUBSTANTIVE","CODEX","Niveau incorrect. La valeur précédente a été restaurée. Saisissez un niveau compris entre 1 et 999.","Codex chosen for “Invalid level. Previous value restored. Enter a level from 1 to 999.” because the Codex wording explicitly states that the previous value was restored and keeps the established direct-address voice; the DeepL alternative was not adopted."
"character.level.rejectedRestored","fr-FR","Invalid level. Restored to {value}. Enter a level from 1 to 999.","B40532B6F8E6F20DB8FD5DAF994D9D07DD9FEA96A4FC445761C35D242F5E2A34","Character details field or Starfield skill label.","LOW","value","","","Niveau incorrect. La valeur {value} a été restaurée. Saisissez un niveau compris entre 1 et 999.","Niveau non valide. Rétabli à {valeur}. Entrez un niveau compris entre 1 et 999.","INVALID_TOKENS","INVALID_DEEPL_REPAIRED","Niveau non valide. Rétabli à {value}. Entrez un niveau compris entre 1 et 999.","DeepL evidence is invalid because it translated or damaged the stable placeholder identifiers; the wording was repaired or replaced editorially for “Invalid level. Restored to {value}. Enter a level from 1 to 999.”, with exact placeholders and protected tokens restored."
"character.name","fr-FR","Character","1405A63E8A78B85C1B035B3C5277E3CC39FA98621C110BC522C85547D8AFAB1A","Character details field or Starfield skill label.","LOW","","","","Personnage","Personnage","IDENTICAL","AGREED","Personnage","Shared wording “Personnage” independently approved for “Character” in its character details field or starfield skill label. role; meaning, terminology, and token safety were checked."
"character.skill.outpostEngineering","fr-FR","Outpost Engineering","19B32438AE32FD11528B4BBFB3C1D8ED87226BEF897CAD12F3CD9568427BFFEE","Character details field or Starfield skill label.","LOW","","","term.outpost=Avant-poste; skill.outpost-engineering=Ingénierie avant-poste","Ingénierie avant-poste","Ingénierie de l'avant-poste","SUBSTANTIVE","CODEX","Ingénierie avant-poste","Codex chosen for “Outpost Engineering” because it applies the row's approved terminology (skill.outpost-engineering=Ingénierie avant-poste; term.outpost=Avant-poste) more faithfully in context; the DeepL alternative was not adopted."
"character.skill.outpostManagement","fr-FR","Outpost Management","A58D0772E0598F067CC037FC206CE9FE005398D2505F7084E015C455B23D81A3","Character details field or Starfield skill label.","LOW","","","term.outpost=Avant-poste; skill.outpost-management=Gestion d'avant-poste","Gestion d’avant-poste","Gestion d'avant-poste","TYPOGRAPHIC_ONLY","CODEX","Gestion d’avant-poste","Codex chosen for “Outpost Management” because it applies the row's approved terminology (skill.outpost-management=Gestion d'avant-poste; term.outpost=Avant-poste) more faithfully in context; the DeepL alternative was not adopted."
"character.skill.planetaryHabitation","fr-FR","Planetary Habitation","3913EC7627467F60C60459292711D981A72B4A06F40562C4267989A25FD6E55C","Character details field or Starfield skill label.","LOW","","","skill.planetary-habitation=Habitat planétaire","Habitat planétaire","Habitation planétaire","SUBSTANTIVE","CODEX","Habitat planétaire","Codex chosen for “Planetary Habitation” because it applies the row's approved terminology (skill.planetary-habitation=Habitat planétaire) more faithfully in context; the DeepL alternative was not adopted."
"character.skill.researchMethods","fr-FR","Research Methods","3D3F20B68B19BC1402226BFB8BF596BAFF6A66CDC5FC89F0D7F8F42CB5A8850A","Character details field or Starfield skill label.","LOW","","","skill.research-methods=Méthodologie","Méthodologie","Méthodes de recherche","SUBSTANTIVE","CODEX","Méthodologie","Codex chosen for “Research Methods” because it applies the row's approved terminology (skill.research-methods=Méthodologie) more faithfully in context; the DeepL alternative was not adopted."
"character.skill.specialProjects","fr-FR","Special Projects","DD0B829F63D765DE8A7C303E0B5C3C3A11F0D6CEDB1AE54268B6373FA0869C0C","Character details field or Starfield skill label.","LOW","","","skill.special-projects=Projets spéciaux","Projets spéciaux","Projets spéciaux","IDENTICAL","AGREED","Projets spéciaux","Shared wording “Projets spéciaux” independently approved for “Special Projects” in its character details field or starfield skill label. role; meaning, terminology, and token safety were checked."
"character.skillRank.rejectedEmpty","fr-FR","Invalid rank. Previous value restored. Enter a rank from 0 to 4.","80B7EA62FF82C306ABC8F9CFDFE0F0B5B4402943FB259F48F37AB5FE57C5622D","Character details field or Starfield skill label.","LOW","","","","Rang incorrect. La valeur précédente a été restaurée. Saisissez un rang compris entre 0 et 4.","Rang invalide. Valeur précédente rétablie. Entrez un rang compris entre 0 et 4.","SUBSTANTIVE","CODEX","Rang incorrect. La valeur précédente a été restaurée. Saisissez un rang compris entre 0 et 4.","Codex chosen for “Invalid rank. Previous value restored. Enter a rank from 0 to 4.” because the Codex wording explicitly states that the previous value was restored and keeps the established direct-address voice; the DeepL alternative was not adopted."
"character.skillRank.rejectedRestored","fr-FR","Invalid rank. Restored to {value}. Enter a rank from 0 to 4.","CB679CAFE2CD502C03EF32A1B042F11037CA7AEC55E96FF1EF292907E57319D0","Character details field or Starfield skill label.","LOW","value","","","Rang incorrect. La valeur {value} a été restaurée. Saisissez un rang compris entre 0 et 4.","Rang invalide. Rétabli à {valeur}. Entrez un rang compris entre 0 et 4.","INVALID_TOKENS","INVALID_DEEPL_REPAIRED","Rang invalide. Rétabli à {value}. Entrez un rang compris entre 0 et 4.","DeepL evidence is invalid because it translated or damaged the stable placeholder identifiers; the wording was repaired or replaced editorially for “Invalid rank. Restored to {value}. Enter a rank from 0 to 4.”, with exact placeholders and protected tokens restored."
"common.about","fr-FR","About","4EFCA0D10C5FEB8E9B35EB1D994F2905BB71714E6A271F511D713B539EA5FAA1","Shared visible or accessible UI action.","LOW","","","","À propos","À propos","IDENTICAL","AGREED","À propos","Shared wording “À propos” independently approved for “About” in its shared visible or accessible ui action. role; meaning, terminology, and token safety were checked."
"common.add","fr-FR","+ Add","C007258C23B0C011FB7751C141B02F926CF3DAAED1BF1B5AD2630166FBD7ACDB","Shared visible or accessible UI action.","LOW","","","","+ Ajouter","+ Ajouter","IDENTICAL","AGREED","+ Ajouter","Shared wording “+ Ajouter” independently approved for “+ Add” in its shared visible or accessible ui action. role; meaning, terminology, and token safety were checked."
"common.cancel","fr-FR","Cancel","19766ED6CCB2F4A32778EED80D1928D2C87A18D7C275CCB163EC6709D3EB2E27","Shared visible or accessible UI action.","LOW","","","","Annuler","Annuler","IDENTICAL","AGREED","Annuler","Shared wording “Annuler” independently approved for “Cancel” in its shared visible or accessible ui action. role; meaning, terminology, and token safety were checked."
"common.cancel.lower","fr-FR","cancel","2374D91794B79F4FB4EC9587D2CF00AECC4F9953FAB3ED1DD12AB147A0B721F9","Shared visible or accessible UI action.","LOW","","","","annuler","Annuler","SUBSTANTIVE","DEEPL","Annuler","DeepL chosen for “cancel” because it gives the clearer complete French rendering for the shared visible or accessible ui action. role; the Codex draft is more literal or incomplete."
"common.close","fr-FR","Close","7D9EB7ACB13E24625C404401D8E88B2350E32162455885F18276CF802F7701ED","Shared visible or accessible UI action.","LOW","","","","Fermer","Fermer","IDENTICAL","AGREED","Fermer","Shared wording “Fermer” independently approved for “Close” in its shared visible or accessible ui action. role; meaning, terminology, and token safety were checked."
"common.collapseItem","fr-FR","Collapse {item}","BF6FAF0BEE16AF0AB30A12FB946BC8EE9DAEBCEF91215A311C56FDEDF1110FE6","Shared visible or accessible UI action.","LOW","item","","","Réduire {item}","Réduire {élément}","INVALID_TOKENS","INVALID_DEEPL_REPAIRED","Réduire {item}","DeepL evidence is invalid because it translated or damaged the stable placeholder identifiers; the independently token-safe Codex wording was selected for “Collapse {item}”, with exact placeholders and protected tokens restored."
"common.dragToReorder","fr-FR","Drag {item} to reorder","EC1FB0D17C7786E584A4058C2615E2FC72DB167628A213FD87B7876A9923B29A","Shared visible or accessible UI action.","LOW","item","","","Faire glisser {item} to reorder","Faites glisser {élément} pour le réorganiser","INVALID_TOKENS","INVALID_DEEPL_REPAIRED","Faites glisser {item} pour le réorganiser","DeepL evidence is invalid because it translated or damaged the stable placeholder identifiers; the wording was repaired or replaced editorially for “Drag {item} to reorder”, with exact placeholders and protected tokens restored."
"common.edit","fr-FR","edit","262121C5372BE8AF3AE6FF0D3D138D9E6E1249335222C7F0E02535E35073BB0B","Shared visible or accessible UI action.","LOW","","","","modifier","Modifier","SUBSTANTIVE","DEEPL","Modifier","DeepL chosen for “edit” because it gives the clearer complete French rendering for the shared visible or accessible ui action. role; the Codex draft is more literal or incomplete."
"common.expandItem","fr-FR","Expand {item}","71095F43C84CE024864DF4D831022C695F5245837BB3C2980944C62FDECB82D3","Shared visible or accessible UI action.","LOW","item","","","Développer {item}","Développer {élément}","INVALID_TOKENS","INVALID_DEEPL_REPAIRED","Développer {item}","DeepL evidence is invalid because it translated or damaged the stable placeholder identifiers; the independently token-safe Codex wording was selected for “Expand {item}”, with exact placeholders and protected tokens restored."
"common.help","fr-FR","Help","B79CAC926E0B2E347E72CC91D5174037C9E17AE7733FD7BDB570F71B10CD7BFC","Shared visible or accessible UI action.","LOW","","","","Aide","Aide","IDENTICAL","AGREED","Aide","Shared wording “Aide” independently approved for “Help” in its shared visible or accessible ui action. role; meaning, terminology, and token safety were checked."
"common.moveDown","fr-FR","Move {item} down","28EAD9D3C31C004FA025649ED35F6F211E2196D6F0B2687D36C7306ACE5DD6F8","Shared visible or accessible UI action.","LOW","item","","","Déplacer {item} down","Déplacer {élément} vers le bas","INVALID_TOKENS","INVALID_DEEPL_REPAIRED","Déplacer {item} vers le bas","DeepL evidence is invalid because it translated or damaged the stable placeholder identifiers; the wording was repaired or replaced editorially for “Move {item} down”, with exact placeholders and protected tokens restored."
"common.moveUp","fr-FR","Move {item} up","309715D5ABC4A5809F1D97EF0A26EED13CC4B3879E4AD02F5E928F66B52AEA24","Shared visible or accessible UI action.","LOW","item","","","Déplacer {item} up","Déplacer {élément} vers le haut","INVALID_TOKENS","INVALID_DEEPL_REPAIRED","Déplacer {item} vers le haut","DeepL evidence is invalid because it translated or damaged the stable placeholder identifiers; the wording was repaired or replaced editorially for “Move {item} up”, with exact placeholders and protected tokens restored."
"common.removeItem","fr-FR","Remove {item}","C0CB17362DDA768865C711B4460785556EB374DEC3D9B97A21485F558716FDD9","Shared visible or accessible UI action.","LOW","item","","","Supprimer {item}","Supprimer {élément}","INVALID_TOKENS","INVALID_DEEPL_REPAIRED","Supprimer {item}","DeepL evidence is invalid because it translated or damaged the stable placeholder identifiers; the independently token-safe Codex wording was selected for “Remove {item}”, with exact placeholders and protected tokens restored."
"common.save","fr-FR","save","157DCA92E4250458339D4B835250D44C238F3355E1B7986195188EE434E9BAFF","Shared visible or accessible UI action.","LOW","","","","enregistrer","Enregistrer","SUBSTANTIVE","DEEPL","Enregistrer","DeepL chosen for “save” because it gives the clearer complete French rendering for the shared visible or accessible ui action. role; the Codex draft is more literal or incomplete."
"help.biomes","fr-FR","Selected biomes limit resource availability to resources that can occur in those biomes.","CF340BC570445DC3189A58F2730ACFFC310BF5913C65B2542C571D940AD83A9C","Contextual help, tooltip, or explanatory guidance.","HIGH","","","term.biome=Biome","Selected biomes limit ressource availability to resources that can occur in those biomes.","Les biomes sélectionnés limitent la disponibilité des ressources à celles pouvant être présentes dans ces biomes.","SUBSTANTIVE","DEEPL","Les biomes sélectionnés limitent la disponibilité des ressources à celles pouvant être présentes dans ces biomes.","DeepL chosen for “Selected biomes limit resource availability to resources that can occur in those biomes.” because it gives the clearer complete French rendering for the contextual help, tooltip, or explanatory guidance. role; the Codex draft is more literal or incomplete."
"help.contextLabel","fr-FR","Help for {context}","2305D35987B5CA25ED9BE3778B9BEBD0839ED05B57FC7B9AA1AE16EE7C8232C3","Contextual help, tooltip, or explanatory guidance.","HIGH","context","","","Aide for {context}","Aide pour {context}","SUBSTANTIVE","DEEPL","Aide pour {context}","DeepL chosen for “Help for {context}” because it gives the clearer complete French rendering for the contextual help, tooltip, or explanatory guidance. role; the Codex draft is more literal or incomplete."
"help.forContext","fr-FR","Help for {context}","2305D35987B5CA25ED9BE3778B9BEBD0839ED05B57FC7B9AA1AE16EE7C8232C3","Contextual help, tooltip, or explanatory guidance.","HIGH","context","","","Aide for {context}","Aide pour {context}","SUBSTANTIVE","DEEPL","Aide pour {context}","DeepL chosen for “Help for {context}” because it gives the clearer complete French rendering for the contextual help, tooltip, or explanatory guidance. role; the Codex draft is more literal or incomplete."
"help.inorganicPresentPossible","fr-FR","{resource} may be present at this outpost.","7A19C93E01E0E0F539BDAF043D2BAD406A1C2A5F84AE2D7D0C584433E5F19E20","Contextual help, tooltip, or explanatory guidance.","HIGH","resource","","term.outpost=Avant-poste; glossary.present=Présence","{resource} may be present at this avant-poste.","La {ressource} peut être présente dans cet avant-poste.","INVALID_TOKENS","INVALID_DEEPL_REPAIRED","La {resource} peut être présente dans cet avant-poste.","DeepL evidence is invalid because it translated or damaged the stable placeholder identifiers; the wording was repaired or replaced editorially for “{resource} may be present at this outpost.”, with exact placeholders and protected tokens restored."
"help.inorganicPresentRecorded","fr-FR","{resource} is recorded as present at this outpost.","5433476C752DD4838F551A5F46C13FD312C09B6D942EAB5E8DB76CC58CF48A5B","Contextual help, tooltip, or explanatory guidance.","HIGH","resource","","term.outpost=Avant-poste; glossary.present=Présence","{resource} is enregistré as present at this avant-poste.","{ressource} est répertoriée comme présente dans cet avant-poste.","INVALID_TOKENS","INVALID_DEEPL_REPAIRED","{resource} est répertoriée comme présente dans cet avant-poste.","DeepL evidence is invalid because it translated or damaged the stable placeholder identifiers; the wording was repaired or replaced editorially for “{resource} is recorded as present at this outpost.”, with exact placeholders and protected tokens restored."
"help.interSystem","fr-FR","Inter-System Cargo Links can connect outposts in different star systems and require Helium-3.","839122CE4B7D22320D6B55D17FC1A1B44D8E7EF980015E244A88E6C3DA9EA8E5","Contextual help, tooltip, or explanatory guidance.","HIGH","","","term.inter-system-cargo-link=Liaison intersystème; term.cargo-link=Liaison; term.outpost=Avant-poste; term.star-system=Système stellaire","Liaisons intersystème can connect avant-postes in different star systems and require Helium-3.","Les liaisons de fret intersystémiques permettent de relier des avant-postes situés dans différents systèmes stellaires et nécessitent de l'hélium-3.","SUBSTANTIVE","CUSTOM","Les liaisons intersystème peuvent relier des avant-postes situés dans différents systèmes stellaires et nécessitent de l’He-3.","Custom wording used for “Inter-System Cargo Links can connect outposts in different star systems and require Heliu…” because neither candidate combined natural French grammar with all approved terminology (term.inter-system-cargo-link=Liaison intersystème; term.cargo-link=Liaison; term.outpost=Avant-poste); final wording “Les liaisons intersystème peuvent relier des avant-postes situés dans différents systèmes…” was checked independently."
"help.logistics","fr-FR","Items currently assigned to cargo links are displayed here.","9AACF81A4429C8A3204D369D51D6C7415852888BC9345C9FF418364A0E6F20A3","Contextual help, tooltip, or explanatory guidance.","HIGH","","","term.cargo-link=Liaison; glossary.logistics=Logistique","Les éléments actuellement affectés à des liaisons sont affichés ici.","Les objets actuellement affectés aux liaisons de fret sont affichés ici.","SUBSTANTIVE","CUSTOM","Les objets actuellement affectés aux liaisons sont affichés ici.","Custom wording used for “Items currently assigned to cargo links are displayed here.” because neither candidate combined natural French grammar with all approved terminology (term.cargo-link=Liaison); final wording “Les objets actuellement affectés aux liaisons sont affichés ici.” was checked independently."
"help.organic.availableBiome","fr-FR","{resource} is available from a domesticable species in {biome}.","08DCDBE635A014EDA15FEE7FB51FD449D47B88EA4AD40A07BA554B51BA005C09","Contextual help, tooltip, or explanatory guidance.","HIGH","biome; resource","","term.biome=Biome","{resource} est disponible from a domesticable species in {biome}.","{ressource} est disponible auprès d'une espèce domestiquable dans {biome}.","INVALID_TOKENS","INVALID_DEEPL_REPAIRED","{resource} est disponible auprès d'une espèce domestiquable dans {biome}.","DeepL evidence is invalid because it translated or damaged the stable placeholder identifiers; the wording was repaired or replaced editorially for “{resource} is available from a domesticable species in {biome}.”, with exact placeholders and protected tokens restored."
"help.organic.availableBiomes","fr-FR","{resource} is available from a domesticable species in the selected biomes.","EEED40289FB395DD7ED151E0BB921F1A6D4864FEDD6C6B9A37206245485488C0","Contextual help, tooltip, or explanatory guidance.","HIGH","resource","","term.biome=Biome","{resource} est disponible from a domesticable species in the sélectionné biomes.","{ressource} est disponible auprès d’une espèce domestiquable dans les biomes sélectionnés.","INVALID_TOKENS","INVALID_DEEPL_REPAIRED","{resource} est disponible auprès d’une espèce domestiquable dans les biomes sélectionnés.","DeepL evidence is invalid because it translated or damaged the stable placeholder identifiers; the wording was repaired or replaced editorially for “{resource} is available from a domesticable species in the selected biomes.”, with exact placeholders and protected tokens restored."
"help.organic.availablePlanet","fr-FR","{resource} is available from a domesticable species on this planet.","800288FB8556213CA1A000007CD9B7A9ED0A679F2F4CF3F485FA0E43F812EDF4","Contextual help, tooltip, or explanatory guidance.","HIGH","resource","","term.planet=Planète","{resource} est disponible from a domesticable species on this planet.","{ressource} est disponible auprès d’une espèce domestiquable sur cette planète.","INVALID_TOKENS","INVALID_DEEPL_REPAIRED","{resource} est disponible auprès d’une espèce domestiquable sur cette planète.","DeepL evidence is invalid because it translated or damaged the stable placeholder identifiers; the wording was repaired or replaced editorially for “{resource} is available from a domesticable species on this planet.”, with exact placeholders and protected tokens restored."
"help.organic.availableSelectedBiome","fr-FR","{resource} is available from a domesticable species in the selected biome.","1849A608FB48BAE780448269CFC2E56C17BCDEC11D3B684D6CAC9B2A349FF4B0","Contextual help, tooltip, or explanatory guidance.","HIGH","resource","","term.biome=Biome","{resource} est disponible from a domesticable species in the sélectionné biome.","{resource} est disponible auprès d'une espèce domestiquable dans le biome sélectionné.","SUBSTANTIVE","DEEPL","{resource} est disponible auprès d'une espèce domestiquable dans le biome sélectionné.","DeepL chosen for “{resource} is available from a domesticable species in the selected biome.” because it gives the clearer complete French rendering for the contextual help, tooltip, or explanatory guidance. role; the Codex draft is more literal or incomplete."
"help.organic.unavailableBiome","fr-FR","{resource} is not available from this domesticable species in the selected biome.","36C384082F0473F8BAA7E9F3A74F1CF172BF484A2AF8A9ECB18F1419CF637F95","Contextual help, tooltip, or explanatory guidance.","HIGH","resource","","term.biome=Biome","{resource} is indisponible from this domesticable species in the sélectionné biome.","La {ressource} n'est pas disponible auprès de cette espèce domestiquable dans le biome sélectionné.","INVALID_TOKENS","INVALID_DEEPL_REPAIRED","La {resource} n'est pas disponible auprès de cette espèce domestiquable dans le biome sélectionné.","DeepL evidence is invalid because it translated or damaged the stable placeholder identifiers; the wording was repaired or replaced editorially for “{resource} is not available from this domesticable species in the selected biome.”, with exact placeholders and protected tokens restored."
"help.organic.unavailableBiomes","fr-FR","{resource} is not available from this domesticable species in the selected biomes.","6C37689A770CBBD2A04A59A39425686AD1CEEA95DFF31933D1ED6FC4935FFA0C","Contextual help, tooltip, or explanatory guidance.","HIGH","resource","","term.biome=Biome","{resource} is indisponible from this domesticable species in the sélectionné biomes.","{ressource} n'est pas disponible auprès de cette espèce domestiquable dans les biomes sélectionnés.","INVALID_TOKENS","INVALID_DEEPL_REPAIRED","{resource} n'est pas disponible auprès de cette espèce domestiquable dans les biomes sélectionnés.","DeepL evidence is invalid because it translated or damaged the stable placeholder identifiers; the wording was repaired or replaced editorially for “{resource} is not available from this domesticable species in the selected biomes.”, with exact placeholders and protected tokens restored."
"help.organic.unavailablePlanet","fr-FR","{resource} is not available from this domesticable species on this planet.","62532143EA01F6A47D6146772E4EC2B1AC5AEE3776D976EC7AA0DEC13AFB33CE","Contextual help, tooltip, or explanatory guidance.","HIGH","resource","","term.planet=Planète","{resource} is indisponible from this domesticable species on this planet.","{resource} n'est pas disponible auprès de cette espèce domestiquable sur cette planète.","SUBSTANTIVE","DEEPL","{resource} n'est pas disponible auprès de cette espèce domestiquable sur cette planète.","DeepL chosen for “{resource} is not available from this domesticable species on this planet.” because it gives the clearer complete French rendering for the contextual help, tooltip, or explanatory guidance. role; the Codex draft is more literal or incomplete."
"help.plannedSupply","fr-FR","Selected items act as placeholders until local or imported supply is established.","CAFFBA1914AB60D9E102CB58E0FE0B10E353579F43CB8BB67FB90AE5A8468DCE","Contextual help, tooltip, or explanatory guidance.","HIGH","","","","Les éléments sélectionnés servent d’indicateurs jusqu’à ce qu’un approvisionnement local ou importé soit établi.","Les éléments sélectionnés servent de substituts jusqu’à ce qu’un approvisionnement local ou importé soit établi.","SUBSTANTIVE","CODEX","Les éléments sélectionnés servent d’indicateurs jusqu’à ce qu’un approvisionnement local ou importé soit établi.","Codex chosen for “Selected items act as placeholders until local or imported supply is established.” because the Codex wording better conveys temporary planning markers, not substitute physical stock; the DeepL alternative was not adopted."
"help.present","fr-FR","Shows whether a resource can be present at this outpost.","2D44B13D06D4C5D9586131A1C16DB22686334E21758E9EF6EB8B045DD15E34CE","Contextual help, tooltip, or explanatory guidance.","HIGH","","","term.outpost=Avant-poste; glossary.present=Présence","Indique si une ressource peut être présente dans cet avant-poste.","Indique si une ressource peut être présente dans cet avant-poste.","IDENTICAL","AGREED","Indique si une ressource peut être présente dans cet avant-poste.","Shared wording “Indique si une ressource peut être présente dans cet avant-poste.” independently approved for “Shows whether a resource can be present at this outpost.” in its contextual help, tooltip, or explanatory guidance. role; meaning, terminology, and token safety were checked."
"help.producing","fr-FR","Shows whether this outpost is currently set to produce the resource or product.","29DCDE55AD1D0CD4D37C40CF36C7B456875A6C5B7140B102FABFB09C0F0AABC7","Contextual help, tooltip, or explanatory guidance.","HIGH","","","term.outpost=Avant-poste; glossary.producing=En production","Indique si cet avant-poste est actuellement configuré pour produire la ressource ou le produit.","Indique si cet avant-poste est actuellement configuré pour produire la ressource ou le produit.","IDENTICAL","AGREED","Indique si cet avant-poste est actuellement configuré pour produire la ressource ou le produit.","Shared wording “Indique si cet avant-poste est actuellement configuré pour produire la ressource ou le pr…” independently approved for “Shows whether this outpost is currently set to produce the resource or product.” in its contextual help, tooltip, or explanatory guidance. role; meaning, terminology, and token safety were checked."
"help.validation","fr-FR","Errors identify invalid states, warnings identify incomplete or inconsistent states, and info highlights useful follow-up items.","789745A39ED1260E4E0F45198AA483207C2B651ED1DDF801C4077D03D1FD3FE4","Contextual help, tooltip, or explanatory guidance.","HIGH","","","glossary.validation-error=Erreur; glossary.validation-warning=Avertissement; glossary.validation-info=Information","Les erreurs signalent les états incorrects, les avertissements les états incomplets ou incohérents, et les informations les actions de suivi utiles.","Les erreurs signalent des états non valides, les avertissements signalent des états incomplets ou incohérents, et les informations mettent en évidence des éléments utiles à suivre.","SUBSTANTIVE","CODEX","Les erreurs signalent les états incorrects, les avertissements les états incomplets ou incohérents, et les informations les actions de suivi utiles.","Codex chosen for “Errors identify invalid states, warnings identify incomplete or inconsistent states, and …” because the Codex wording keeps the error, warning, and informational roles distinct and concise; the DeepL alternative was not adopted."
"history.addBiome","fr-FR","Add biome selection for {outpost}","893FBD42D6863BBAA9AD361602DFACB90A7E9E91C64ADF3AD34E922E34081731","Relocalizable Undo/Redo action description.","MEDIUM","outpost","","term.outpost=Avant-poste; term.biome=Biome","Ajouter biome selection for {outpost}","Ajouter la sélection du biome pour {avant-poste}","INVALID_TOKENS","INVALID_DEEPL_REPAIRED","Ajouter la sélection du biome pour {outpost}","DeepL evidence is invalid because it translated or damaged the stable placeholder identifiers; the wording was repaired or replaced editorially for “Add biome selection for {outpost}”, with exact placeholders and protected tokens restored."
"history.addCargoPad","fr-FR","Add {outpost} / {pad}","416B79340A29487BC0F3C9C6D7675C5D6969D3347B5826DBD8F0FD415399FDBC","Relocalizable Undo/Redo action description.","HIGH","outpost; pad","","term.outpost=Avant-poste","Ajouter {outpost} / {pad}","Ajouter {avant-poste} / {plateforme}","INVALID_TOKENS","INVALID_DEEPL_REPAIRED","Ajouter {outpost} / {pad}","DeepL evidence is invalid because it translated or damaged the stable placeholder identifiers; the independently token-safe Codex wording was selected for “Add {outpost} / {pad}”, with exact placeholders and protected tokens restored."
"history.addExplicitResource","fr-FR","Add explicit resource {resource} to {outpost}","EB0C15D35B7EEA055EBD46086D374FED5D3BD2D8461A1BA3CBD5DCCF5F65B798","Relocalizable Undo/Redo action description.","HIGH","outpost; resource","","term.outpost=Avant-poste","Ajouter explicit ressource {resource} to {outpost}","Ajouter explicitement la ressource {resource} à {outpost}","SUBSTANTIVE","DEEPL","Ajouter explicitement la ressource {resource} à {outpost}","DeepL chosen for “Add explicit resource {resource} to {outpost}” because it gives the more natural complete French sentence while satisfying term.outpost=Avant-poste."
"history.addExport","fr-FR","Add export {item} to {outpost} / {pad}","8BF72E540F447BEE04AB301D6FABBC89D0547E89B3BB831228853173EEE1DBD1","Relocalizable Undo/Redo action description.","HIGH","item; outpost; pad","","term.outpost=Avant-poste","Ajouter export {item} to {outpost} / {pad}","Ajouter l'exportation de {item} vers {avant-poste} / {plateforme}","INVALID_TOKENS","INVALID_DEEPL_REPAIRED","Ajouter l'exportation de {item} vers {outpost} / {pad}","DeepL evidence is invalid because it translated or damaged the stable placeholder identifiers; the wording was repaired or replaced editorially for “Add export {item} to {outpost} / {pad}”, with exact placeholders and protected tokens restored."
"history.addLocalResource","fr-FR","Add local resource {resource} to {outpost}","1A568B9382CE83A903BF161A3A89A3B665BCFC58BECD028E0FE8C3CA285714EA","Relocalizable Undo/Redo action description.","HIGH","outpost; resource","","term.outpost=Avant-poste","Ajouter local ressource {resource} to {outpost}","Ajouter la ressource locale {resource} à {outpost}","SUBSTANTIVE","DEEPL","Ajouter la ressource locale {resource} à {outpost}","DeepL chosen for “Add local resource {resource} to {outpost}” because it gives the more natural complete French sentence while satisfying term.outpost=Avant-poste."
"history.addNetwork","fr-FR","Add network","0B6A12F5D7070417ADA9474DD5F213744693BC727D2504C94C2D8055A0826A84","Relocalizable Undo/Redo action description.","MEDIUM","","","glossary.network=Réseau","Ajouter réseau","Ajouter un réseau","SUBSTANTIVE","DEEPL","Ajouter un réseau","DeepL chosen for “Add network” because it gives the clearer complete French rendering for the relocalizable undo/redo action description. role; the Codex draft is more literal or incomplete."
"history.addOutpost","fr-FR","Add outpost","E918451B6D2EC69126402B9C3D175CBCF5114A80163A34073D64D10FE29E5D0A","Relocalizable Undo/Redo action description.","MEDIUM","","","term.outpost=Avant-poste","Ajouter un avant-poste","Ajouter un avant-poste","IDENTICAL","AGREED","Ajouter un avant-poste","Shared wording “Ajouter un avant-poste” independently approved for “Add outpost” in its relocalizable undo/redo action description. role; meaning, terminology, and token safety were checked."
"history.addPlannedSupply","fr-FR","Add Planned Supply {item}","01C358D6681105870D2F96A2246E9D9AB36C48D17786F9CF4149585D613D4765","Relocalizable Undo/Redo action description.","MEDIUM","item","","glossary.planned-supply=Approvisionnement planifié","Ajouter Approvisionnement planifié {item}","Ajouter un approvisionnement prévu {item}","SUBSTANTIVE","CUSTOM","Ajouter un approvisionnement planifié {item}","Custom wording used for “Add Planned Supply {item}” because neither candidate combined natural French grammar with all approved terminology (glossary.planned-supply=Approvisionnement planifié); final wording “Ajouter un approvisionnement planifié {item}” was checked independently."
"history.benchmark","fr-FR","{label}","1F0B60B0B03A95C72373255490256B7384E30D23C62AB3477558ED6209C312AB","Relocalizable Undo/Redo action description.","MEDIUM","label","","","{label}","{label}","IDENTICAL","AGREED","{label}","Shared wording “{label}” independently approved for “{label}” in its relocalizable undo/redo action description. role; meaning, terminology, and token safety were checked."
"history.changeBody","fr-FR","Change {outpost} body to {body}","E8CD919D877A72EB0730C959C5ADA078D7B1E61E118C01B0B0F941A009166594","Relocalizable Undo/Redo action description.","HIGH","body; outpost","","term.outpost=Avant-poste; term.planetary-body=Corps céleste","Modifier {outpost} body to {body}","Modifier le corps de {avant-poste} en {corps}","INVALID_TOKENS","INVALID_DEEPL_REPAIRED","Remplacer le corps céleste de {outpost} par {body}","DeepL evidence remains invalid because it damaged protected placeholders or tokens; the repaired final also follows the newly complete glossary constraint because the history action uses the inclusive planetary-body abstraction."
"history.changeCargoLink","fr-FR","Change link for {localOutpost} / {localPad} to {remoteOutpost} / {remotePad}","108A2278E01EABCE4807854AAEFFA410B9EA645F0DDA2A6C0660D30F417DF617","Relocalizable Undo/Redo action description.","HIGH","localOutpost; localPad; remoteOutpost; remotePad","","","Modifier link for {localOutpost} / {localPad} to {remoteOutpost} / {remotePad}","Remplacer le lien vers {avant-poste local} / {plateforme locale} par {avant-poste distant} / {plateforme distante}","INVALID_TOKENS","INVALID_DEEPL_REPAIRED","Remplacer le lien vers {localOutpost} / {localPad} par {remoteOutpost} / {remotePad}","DeepL evidence is invalid because it translated or damaged the stable placeholder identifiers; the wording was repaired or replaced editorially for “Change link for {localOutpost} / {localPad} to {remoteOutpost} / {remotePad}”, with exact placeholders and protected tokens restored."
"history.changeCargoPadType","fr-FR","Change {outpost} / {pad} to {type}","86065BEEC14B2BCDE4BF7F722D54A067C374AAEACE2FB0DD7123629A8F00604A","Relocalizable Undo/Redo action description.","HIGH","outpost; pad; type","","term.outpost=Avant-poste","Modifier {outpost} / {pad} to {type}","Remplacer {avant-poste} / {plateforme} par {type}","INVALID_TOKENS","INVALID_DEEPL_REPAIRED","Remplacer {outpost} / {pad} par {type}","DeepL evidence is invalid because it translated or damaged the stable placeholder identifiers; the wording was repaired or replaced editorially for “Change {outpost} / {pad} to {type}”, with exact placeholders and protected tokens restored."
"history.changeCharacterLevel","fr-FR","Change character level from {previousLevel} to {level}","2C4695DE4208CE65326C97BB6474FA50C6BAB491933ECBEE2DF644BD98B55271","Relocalizable Undo/Redo action description.","HIGH","level; previousLevel","","","Modifier character niveau from {previousLevel} to {level}","Remplacer le niveau du personnage {previousLevel} par {level}","SUBSTANTIVE","DEEPL","Remplacer le niveau du personnage {previousLevel} par {level}","DeepL chosen for “Change character level from {previousLevel} to {level}” because it gives the clearer complete French rendering for the relocalizable undo/redo action description. role; the Codex draft is more literal or incomplete."
"history.changeSkill","fr-FR","Change {skill} from {previousRank} to {rank}","05B1667E5AEB74081B3E9764FB39D361EA2993FA87EBC8EFB7245BD6F929321E","Relocalizable Undo/Redo action description.","HIGH","previousRank; rank; skill","","","Modifier {skill} from {previousRank} to {rank}","Remplacer {skill} par {previousRank} par {rank}","SUBSTANTIVE","DEEPL","Remplacer {skill} par {previousRank} par {rank}","DeepL chosen for “Change {skill} from {previousRank} to {rank}” because it gives the clearer complete French rendering for the relocalizable undo/redo action description. role; the Codex draft is more literal or incomplete."
"history.changeSystem","fr-FR","Change {outpost} system to {system}","434BE195B40DA835328B4169238A89FDE6CBFD1E8A050CB109C88FC287C9EE56","Relocalizable Undo/Redo action description.","HIGH","outpost; system","","term.outpost=Avant-poste; term.star-system=Système stellaire","Modifier {outpost} system to {system}","Remplacer le système {outpost} par {system}","SUBSTANTIVE","CUSTOM","Remplacer le système stellaire de {outpost} par {system}","Custom wording used because the history action names the full star-system concept; the competing wording contradicted or omitted the approved glossary sense."
"history.clearBody","fr-FR","Clear body for {outpost}","9EE9E438B559F3E1D27076737BCFB1C7CCE220987BA38D8AFAB970C17F04BB50","Relocalizable Undo/Redo action description.","MEDIUM","outpost","","term.outpost=Avant-poste; term.planetary-body=Corps céleste","Effacer body for {outpost}","Effacer le corps de {outpost}","SUBSTANTIVE","CUSTOM","Effacer le corps céleste de {outpost}","Custom wording used because the history action uses the inclusive planetary-body abstraction; the competing wording contradicted or omitted the approved glossary sense."
"history.clearCharacterLevel","fr-FR","Clear character level","53C89A49BC93F1FD145A2A8A7BCAD56512B91602445B68A48D31A42CAF6B1DCA","Relocalizable Undo/Redo action description.","MEDIUM","","","","Effacer character niveau","Réinitialiser le niveau du personnage","SUBSTANTIVE","DEEPL","Réinitialiser le niveau du personnage","DeepL chosen for “Clear character level” because it gives the clearer complete French rendering for the relocalizable undo/redo action description. role; the Codex draft is more literal or incomplete."
"history.clearSkill","fr-FR","Clear {skill}","C786683A01571783C5CEE701248E06C1E2DF39C77F491D7B91CA2ACD5BE7C5C0","Relocalizable Undo/Redo action description.","MEDIUM","skill","","","Effacer {skill}","Réinitialiser {compétence}","INVALID_TOKENS","INVALID_DEEPL_REPAIRED","Réinitialiser {skill}","DeepL evidence is invalid because it translated or damaged the stable placeholder identifiers; the wording was repaired or replaced editorially for “Clear {skill}”, with exact placeholders and protected tokens restored."
"history.clearSystem","fr-FR","Clear system for {outpost}","9A97C0059A13680B72EAE571F32117DDB8F15163B7B3BAFD2D4941CB0F3B0C2C","Relocalizable Undo/Redo action description.","MEDIUM","outpost","","term.outpost=Avant-poste; term.star-system=Système stellaire","Effacer system for {outpost}","Réinitialiser le système de {avant-poste}","INVALID_TOKENS","INVALID_DEEPL_REPAIRED","Effacer le système stellaire de {outpost}","DeepL evidence remains invalid because it damaged protected placeholders or tokens; the repaired final also follows the newly complete glossary constraint because the history action names the full star-system concept."
"history.deleteCargoPad","fr-FR","Delete {outpost} / {pad}","F82A5ADC1AD6ADB5B5873FF6288E72228D4736CEB5896DC680E0167E1A4CDFBE","Relocalizable Undo/Redo action description.","HIGH","outpost; pad","","term.outpost=Avant-poste","Supprimer {outpost} / {pad}","Supprimer {avant-poste} / {pad}","INVALID_TOKENS","INVALID_DEEPL_REPAIRED","Supprimer {outpost} / {pad}","DeepL evidence is invalid because it translated or damaged the stable placeholder identifiers; the independently token-safe Codex wording was selected for “Delete {outpost} / {pad}”, with exact placeholders and protected tokens restored."
"history.deleteNetwork","fr-FR","Delete network","C791F434B1DC472E954E4B21607059C30827A221DDC3D04919AB8229F846D500","Relocalizable Undo/Redo action description.","MEDIUM","","","glossary.network=Réseau","Supprimer réseau","Supprimer le réseau","SUBSTANTIVE","DEEPL","Supprimer le réseau","DeepL chosen for “Delete network” because it gives the clearer complete French rendering for the relocalizable undo/redo action description. role; the Codex draft is more literal or incomplete."
"history.deleteOutpost","fr-FR","Delete outpost {outpost}","79C589562212E521272A6E54394BF20BC22128C297D348F35D42C0DD140A797A","Relocalizable Undo/Redo action description.","MEDIUM","outpost","","term.outpost=Avant-poste","Supprimer avant-poste {outpost}","Supprimer l'avant-poste {avant-poste}","INVALID_TOKENS","INVALID_DEEPL_REPAIRED","Supprimer l'avant-poste {outpost}","DeepL evidence is invalid because it translated or damaged the stable placeholder identifiers; the wording was repaired or replaced editorially for “Delete outpost {outpost}”, with exact placeholders and protected tokens restored."
"history.editManufacturing","fr-FR","Edit manufacturing at {outpost}","C9AFE37FB5D66D5F7AC538C1EED10DD229AB717193B4225A90B34AF5A1FEF8CC","Relocalizable Undo/Redo action description.","MEDIUM","outpost","","term.outpost=Avant-poste; glossary.manufacturing=Fabrication","Modifier la fabrication dans {outpost}","Modifier la production à {avant-poste}","INVALID_TOKENS","INVALID_DEEPL_REPAIRED","Modifier la fabrication dans {outpost}","DeepL evidence is invalid because it translated or damaged the stable placeholder identifiers; the independently token-safe Codex wording was selected for “Edit manufacturing at {outpost}”, with exact placeholders and protected tokens restored."
"history.importNetworks","fr-FR","Import networks","84098C98A37E069A64F1531E4CEAC2C1CCE108FF2CB8B62332E877C9BA57D580","Relocalizable Undo/Redo action description.","MEDIUM","","","glossary.network=Réseau; glossary.file-import-export=Importer / Exporter","Importer networks","Importer des réseaux","SUBSTANTIVE","DEEPL","Importer des réseaux","DeepL chosen for “Import networks” because it gives the clearer complete French rendering for the relocalizable undo/redo action description. role; the Codex draft is more literal or incomplete."
"history.linkCargoPad","fr-FR","Link {localOutpost} / {localPad} to {remoteOutpost} / {remotePad}","88EE5C1148024FD285A212393D75507FE47480AFD766F6B54F5AA5CC956488D4","Relocalizable Undo/Redo action description.","HIGH","localOutpost; localPad; remoteOutpost; remotePad","","","Relier {localOutpost} / {localPad} à {remoteOutpost} / {remotePad}","Lier {avant-poste local} / {plateforme locale} à {avant-poste distant} / {plateforme distante}","INVALID_TOKENS","INVALID_DEEPL_REPAIRED","Lier {localOutpost} / {localPad} à {remoteOutpost} / {remotePad}","DeepL evidence is invalid because it translated or damaged the stable placeholder identifiers; the wording was repaired or replaced editorially for “Link {localOutpost} / {localPad} to {remoteOutpost} / {remotePad}”, with exact placeholders and protected tokens restored."
"history.moveCargoPad","fr-FR","Move {outpost} / {pad} to position {position}","6E7E6A017CC6BDF02F26F2324E39AFA81B6F1A60C38CFF35107A3E228D0E2F47","Relocalizable Undo/Redo action description.","HIGH","outpost; pad; position","","term.outpost=Avant-poste","Déplacer {outpost} / {pad} to position {position}","Déplacer {avant-poste} / {plateforme} vers la position {position}","INVALID_TOKENS","INVALID_DEEPL_REPAIRED","Déplacer {outpost} / {pad} vers la position {position}","DeepL evidence is invalid because it translated or damaged the stable placeholder identifiers; the wording was repaired or replaced editorially for “Move {outpost} / {pad} to position {position}”, with exact placeholders and protected tokens restored."
"history.moveOutpost","fr-FR","Move {outpost} to position {position}","3B3006733CC17E27FD128D53A7968132F9ABBB1C1486BCD51F6DB29EC38443EE","Relocalizable Undo/Redo action description.","HIGH","outpost; position","","term.outpost=Avant-poste","Déplacer {outpost} to position {position}","Déplacer {avant-poste} vers la position {position}","INVALID_TOKENS","INVALID_DEEPL_REPAIRED","Déplacer {outpost} vers la position {position}","DeepL evidence is invalid because it translated or damaged the stable placeholder identifiers; the wording was repaired or replaced editorially for “Move {outpost} to position {position}”, with exact placeholders and protected tokens restored."
"history.networkContext","fr-FR","Network {ordinal}: {action}","1E82C6A8AA649F636D185126B84DC803B03D803FA3E6F8B1949064CE4B371ADF","Relocalizable Undo/Redo action description.","HIGH","action; ordinal","","glossary.network=Réseau","Réseau {ordinal}: {action}","Réseau {ordinal} : {action}","SUBSTANTIVE","DEEPL","Réseau {ordinal} : {action}","DeepL chosen for “Network {ordinal}: {action}” because it gives the clearer complete French rendering for the relocalizable undo/redo action description. role; the Codex draft is more literal or incomplete."
"history.redo","fr-FR","Redo","74273989B0966E2369B6D01AADB23AF4AD6A9E724643FA88F2BDE99202A36708","Relocalizable Undo/Redo action description.","MEDIUM","","","glossary.undo-redo=Annuler / Rétablir","Rétablir","Refaire","SUBSTANTIVE","CODEX","Rétablir","Codex chosen for “Redo” because the Codex term is the conventional paired UI action for undo/redo in this locale; the DeepL alternative was not adopted."
"history.redo.action","fr-FR","Redo: {action}","B547829FEB3803DBDD25DAB483F1901FBD919E143CF04C05762190B5DE1BB758","Relocalizable Undo/Redo action description.","MEDIUM","action","","glossary.undo-redo=Annuler / Rétablir","Rétablir: {action}","Refaire : {action}","SUBSTANTIVE","CODEX","Rétablir: {action}","Codex chosen for “Redo: {action}” because the Codex term is the conventional paired UI action and retains the action placeholder; the DeepL alternative was not adopted."
"history.redo.none","fr-FR","Nothing to redo","4AAF2710A06093447959EBE89E9476D48AD0A7D243FBBE9977CE51C595876B55","Relocalizable Undo/Redo action description.","MEDIUM","","","glossary.undo-redo=Annuler / Rétablir","Rien à rétablir","Rien à refaire","SUBSTANTIVE","CODEX","Rien à rétablir","Codex chosen for “Nothing to redo” because the Codex wording consistently uses the selected undo/redo terminology; the DeepL alternative was not adopted."
"history.removeBiome","fr-FR","Remove biome selection for {outpost}","969F3EA42820E901A14033E682789514084F6D170128CBFB3EBE9704B15BD4D5","Relocalizable Undo/Redo action description.","MEDIUM","outpost","","term.outpost=Avant-poste; term.biome=Biome","Supprimer biome selection for {outpost}","Supprimer la sélection de biome pour {avant-poste}","INVALID_TOKENS","INVALID_DEEPL_REPAIRED","Supprimer la sélection de biome pour {outpost}","DeepL evidence is invalid because it translated or damaged the stable placeholder identifiers; the wording was repaired or replaced editorially for “Remove biome selection for {outpost}”, with exact placeholders and protected tokens restored."
"history.removeExplicitResource","fr-FR","Remove explicit resource {resource} from {outpost}","9C3EFF7493C2FD697060EC06B55B6E909891DD72F270CFE8AF967D58AD468D13","Relocalizable Undo/Redo action description.","HIGH","outpost; resource","","term.outpost=Avant-poste","Supprimer explicit ressource {resource} from {outpost}","Supprimer la ressource explicite {ressource} de {avant-poste}","INVALID_TOKENS","INVALID_DEEPL_REPAIRED","Supprimer la ressource explicite {resource} de {outpost}","DeepL evidence is invalid because it translated or damaged the stable placeholder identifiers; the wording was repaired or replaced editorially for “Remove explicit resource {resource} from {outpost}”, with exact placeholders and protected tokens restored."
"history.removeExport","fr-FR","Remove export {item} from {outpost} / {pad}","F56A09E0EA0D5AFE4297842F244021A1886029E3AFD252A720D8AAD9E8131574","Relocalizable Undo/Redo action description.","HIGH","item; outpost; pad","","term.outpost=Avant-poste","Supprimer export {item} from {outpost} / {pad}","Supprimer l'exportation de {objet} depuis {avant-poste} / {plateforme}","INVALID_TOKENS","INVALID_DEEPL_REPAIRED","Supprimer l'exportation de {item} depuis {outpost} / {pad}","DeepL evidence is invalid because it translated or damaged the stable placeholder identifiers; the wording was repaired or replaced editorially for “Remove export {item} from {outpost} / {pad}”, with exact placeholders and protected tokens restored."
"history.removeLocalResource","fr-FR","Remove local resource {resource} from {outpost}","3D62E4624BCD438245F262B2E9C5C42B787739DEB56A721898CAABD659145AD5","Relocalizable Undo/Redo action description.","HIGH","outpost; resource","","term.outpost=Avant-poste","Supprimer local ressource {resource} from {outpost}","Supprimer la ressource locale {resource} de {outpost}","SUBSTANTIVE","DEEPL","Supprimer la ressource locale {resource} de {outpost}","DeepL chosen for “Remove local resource {resource} from {outpost}” because it gives the more natural complete French sentence while satisfying term.outpost=Avant-poste."
"history.removePlannedSupply","fr-FR","Remove Planned Supply {item}","948C1F6C5869D505D4D42C229E5FC4B3AA89D81EEF2C938A732156C427A06F29","Relocalizable Undo/Redo action description.","MEDIUM","item","","glossary.planned-supply=Approvisionnement planifié","Supprimer Approvisionnement planifié {item}","Supprimer l'approvisionnement prévu {item}","SUBSTANTIVE","CUSTOM","Supprimer l'approvisionnement planifié {item}","Custom wording used for “Remove Planned Supply {item}” because neither candidate combined natural French grammar with all approved terminology (glossary.planned-supply=Approvisionnement planifié); final wording “Supprimer l'approvisionnement planifié {item}” was checked independently."
"history.renameCharacter","fr-FR","Rename character {previousName} to {name}","8D4BCA97AE9F42035389F0C55B63FF4E2C4A05C16E28C85DC0FCDB4DF13806DD","Relocalizable Undo/Redo action description.","HIGH","name; previousName","","","Renommer character {previousName} to {name}","Renommer le personnage {previousName} en {name}","SUBSTANTIVE","DEEPL","Renommer le personnage {previousName} en {name}","DeepL chosen for “Rename character {previousName} to {name}” because it gives the clearer complete French rendering for the relocalizable undo/redo action description. role; the Codex draft is more literal or incomplete."
"history.renameOutpost","fr-FR","Rename outpost {previousName} to {name}","8F0926A3817A8249DE5756C3295E233FF53C310F6A9E6C6AECF9AFE9D2A1BC4C","Relocalizable Undo/Redo action description.","HIGH","name; previousName","","term.outpost=Avant-poste","Renommer avant-poste {previousName} to {name}","Renommer l'avant-poste {ancienNom} en {nom}","INVALID_TOKENS","INVALID_DEEPL_REPAIRED","Renommer l'avant-poste {previousName} en {name}","DeepL evidence is invalid because it translated or damaged the stable placeholder identifiers; the wording was repaired or replaced editorially for “Rename outpost {previousName} to {name}”, with exact placeholders and protected tokens restored."
"history.resetNetwork","fr-FR","Reset network","4A609854AE08898CAE2C4B634B016AFD1FDC3BEB4F84342B1239EC55DD8EEF6F","Relocalizable Undo/Redo action description.","MEDIUM","","","glossary.network=Réseau","Réinitialiser réseau","Réinitialiser le réseau","SUBSTANTIVE","DEEPL","Réinitialiser le réseau","DeepL chosen for “Reset network” because it gives the clearer complete French rendering for the relocalizable undo/redo action description. role; the Codex draft is more literal or incomplete."
"history.setCharacterLevel","fr-FR","Set character level to {level}","780B89077917658A4A33F5391C437D7C839EAC9A75DFBF2ED43D19B8E44C2889","Relocalizable Undo/Redo action description.","MEDIUM","level","","","Définir character niveau to {level}","Définir le niveau du personnage sur {level}","SUBSTANTIVE","DEEPL","Définir le niveau du personnage sur {level}","DeepL chosen for “Set character level to {level}” because it gives the clearer complete French rendering for the relocalizable undo/redo action description. role; the Codex draft is more literal or incomplete."
"history.setSkill","fr-FR","Set {skill} to {rank}","77319DA02DA0DBEE04C21303E9C8460EA452D1CB980B146CF12582679109EAD6","Relocalizable Undo/Redo action description.","HIGH","rank; skill","","","Définir {skill} to {rank}","Définir {compétence} sur {rang}","INVALID_TOKENS","INVALID_DEEPL_REPAIRED","Définir {skill} sur {rank}","DeepL evidence is invalid because it translated or damaged the stable placeholder identifiers; the wording was repaired or replaced editorially for “Set {skill} to {rank}”, with exact placeholders and protected tokens restored."
"history.startProducing","fr-FR","Start producing {resource} at {outpost}","A19EAEEBCA12AC4C3545C0B61AB4A78E7056468D7B8AE2CC203C0401ADF421F6","Relocalizable Undo/Redo action description.","HIGH","outpost; resource","","term.outpost=Avant-poste; glossary.producing=En production","Commencer la production de {resource} at {outpost}","Commencer à produire {ressource} à {avant-poste}","INVALID_TOKENS","INVALID_DEEPL_REPAIRED","Commencer à produire {resource} à {outpost}","DeepL evidence is invalid because it translated or damaged the stable placeholder identifiers; the wording was repaired or replaced editorially for “Start producing {resource} at {outpost}”, with exact placeholders and protected tokens restored."
"history.stopProducing","fr-FR","Stop producing {resource} at {outpost}","2790D53F2BF7B708F26E90199DE17B9513C9139A68F79CB1DEB82265FEF538C1","Relocalizable Undo/Redo action description.","HIGH","outpost; resource","","term.outpost=Avant-poste; glossary.producing=En production","Arrêter la production de {resource} at {outpost}","Arrêter la production de {ressource} à {avant-poste}","INVALID_TOKENS","INVALID_DEEPL_REPAIRED","Arrêter la production de {resource} à {outpost}","DeepL evidence is invalid because it translated or damaged the stable placeholder identifiers; the wording was repaired or replaced editorially for “Stop producing {resource} at {outpost}”, with exact placeholders and protected tokens restored."
"history.undo","fr-FR","Undo","A8283ADE31856F71220DB0E6F60A257C6889DC4DAD0F275F66AD44B9ED9BF8D5","Relocalizable Undo/Redo action description.","MEDIUM","","","glossary.undo-redo=Annuler / Rétablir","Annuler","Annuler","IDENTICAL","AGREED","Annuler","Shared wording “Annuler” independently approved for “Undo” in its relocalizable undo/redo action description. role; meaning, terminology, and token safety were checked."
"history.undo.action","fr-FR","Undo: {action}","A6CB877C6B435FF3EF0D9ABAD3387FFFCC47FA869E27199FE203B086E36A51E8","Relocalizable Undo/Redo action description.","MEDIUM","action","","glossary.undo-redo=Annuler / Rétablir","Annuler: {action}","Annuler : {action}","SUBSTANTIVE","DEEPL","Annuler : {action}","DeepL chosen for “Undo: {action}” because it gives the clearer complete French rendering for the relocalizable undo/redo action description. role; the Codex draft is more literal or incomplete."
"history.undo.none","fr-FR","Nothing to undo","8329007820D54938FE5DBF93C1D1CA8D76CD0657AD4C882689605F572E4AE6F0","Relocalizable Undo/Redo action description.","MEDIUM","","","glossary.undo-redo=Annuler / Rétablir","Rien à annuler","Rien à annuler","IDENTICAL","AGREED","Rien à annuler","Shared wording “Rien à annuler” independently approved for “Nothing to undo” in its relocalizable undo/redo action description. role; meaning, terminology, and token safety were checked."
"history.unlinkCargoPad","fr-FR","Unlink {outpost} / {pad}","7D8EBF7B409B216684FF93170EEAE15F2111513D9D1262FF30E02F9A4DE5A668","Relocalizable Undo/Redo action description.","HIGH","outpost; pad","","term.outpost=Avant-poste","Dissocier {outpost} / {pad}","Désassocier {avant-poste} / {plateforme}","INVALID_TOKENS","INVALID_DEEPL_REPAIRED","Désassocier {outpost} / {pad}","DeepL evidence is invalid because it translated or damaged the stable placeholder identifiers; the wording was repaired or replaced editorially for “Unlink {outpost} / {pad}”, with exact placeholders and protected tokens restored."
"locale.selector.automatic","fr-FR","Automatic ({locale})","F139A462E854752156E3389DC3276EC53EC63E5840856D9649163DB4D1E08FD5","Language selector and effective-locale presentation.","LOW","locale","","","Automatique ({locale})","Automatique ({locale})","IDENTICAL","AGREED","Automatique ({locale})","Shared wording “Automatique ({locale})” independently approved for “Automatic ({locale})” in its language selector and effective-locale presentation. role; meaning, terminology, and token safety were checked."
"locale.selector.current","fr-FR","Language and region: {locale}","4130B7241194E6419EDB302D6D20F78FB64719872DA27A1790711E229321E8A1","Language selector and effective-locale presentation.","LOW","locale","","","Langue et région: {locale}","Langue et région : {locale}","SUBSTANTIVE","DEEPL","Langue et région : {locale}","DeepL chosen for “Language and region: {locale}” because it gives the clearer complete French rendering for the language selector and effective-locale presentation. role; the Codex draft is more literal or incomplete."
"locale.selector.label","fr-FR","Language and region","4F9555CD54EADE38887A7B1D16435E6487A41C92F684BD78E01F20EA991C8E7D","Language selector and effective-locale presentation. This is a form or control label.","LOW","","","","Langue et région","Langue et région","IDENTICAL","AGREED","Langue et région","Shared wording “Langue et région” independently approved for “Language and region” in its language selector and effective-locale presentation role; meaning, terminology, and token safety were checked."
"matrix.action.toggle","fr-FR","{action} {item}","DC8B8B32CEB833991863B5F3DACF816862F17865C8B68302C2CEAE5E445FA49D","Resource Matrix label, action, state, or tooltip.","HIGH","action; item","","","{action} {item}","{action} {élément}","INVALID_TOKENS","INVALID_DEEPL_REPAIRED","{action} {item}","DeepL evidence is invalid because it translated or damaged the stable placeholder identifiers; the independently token-safe Codex wording was selected for “{action} {item}”, with exact placeholders and protected tokens restored."
"matrix.action.togglePresent","fr-FR","Toggle Present for {item}","3B1861C21786E4B797EA34D360FBA067E9B75766F21067D01CC9F3EA3655C739","Resource Matrix label, action, state, or tooltip.","MEDIUM","item","","glossary.present=Présence","Basculer Présence for {item}","Activer/désactiver la production de {item}","SUBSTANTIVE","CUSTOM","Basculer la présence de {item}","Custom wording used for “Toggle Present for {item}” because neither candidate fully matched the resource matrix label, action, state, or tooltip. role and source meaning; final wording “Basculer la présence de {item}” was checked independently."
"matrix.action.toggleProducing","fr-FR","Toggle Producing for {item}","83C0CBABA203A6B13DF5A148B7872FFE8D686A15440DA523539073C54D1703BE","Resource Matrix label, action, state, or tooltip.","MEDIUM","item","","glossary.producing=En production","Basculer En production for {item}","Activer/désactiver la production pour {item}","SUBSTANTIVE","DEEPL","Activer/désactiver la production pour {item}","DeepL chosen for “Toggle Producing for {item}” because it gives the clearer complete French rendering for the resource matrix label, action, state, or tooltip. role; the Codex draft is more literal or incomplete."
"matrix.action.toggleProducingSource","fr-FR","Toggle Producing from {source} for {item}","42793C59523D94302785651913A4291213010AD11779FCE9378B7782B43BB2B5","Resource Matrix label, action, state, or tooltip.","HIGH","item; source","","glossary.producing=En production; glossary.source=Source","Basculer En production from {source} for {item}","Activer/désactiver la production à partir de {source} pour {élément}","INVALID_TOKENS","INVALID_DEEPL_REPAIRED","Activer/désactiver la production à partir de {source} pour {item}","DeepL evidence is invalid because it translated or damaged the stable placeholder identifiers; the wording was repaired or replaced editorially for “Toggle Producing from {source} for {item}”, with exact placeholders and protected tokens restored."
"matrix.action.xTech.add","fr-FR","Add {resource} as present","48E58826798CF2E5504DCE63D53A13988656582AED2B000DD05BC58F134C0666","Resource Matrix label, action, state, or tooltip.","MEDIUM","resource","","glossary.present=Présence","Ajouter {resource} as present","Ajouter {resource} comme présent","SUBSTANTIVE","CUSTOM","Enregistrer la présence de {resource}","Custom wording used for “Add {resource} as present” because neither candidate fully matched the resource matrix label, action, state, or tooltip. role and source meaning; final wording “Enregistrer la présence de {resource}” was checked independently."
"matrix.column.inputs","fr-FR","Inputs","7ABC49DFA87BC183179762B87F9914CEADC46C29A5621493A4A91E54D401C1ED","Compact Resource Matrix column for items required by configured recipes or organic production; not data-entry fields.","HIGH","","","glossary.inputs=Intrants","Intrants","Entrées","SUBSTANTIVE","CODEX","Intrants","Codex chosen for “Inputs” because the final denotes recipe or production inputs rather than UI data-entry fields; the DeepL alternative was not adopted."
"matrix.column.item","fr-FR","Item","652BCC3A478428893CC505AE19F847B49BE52F861BEDC64BB192CEED409FA733","Resource Matrix label, action, state, or tooltip.","MEDIUM","","","","Élément","Élément","IDENTICAL","AGREED","Élément","Shared wording “Élément” independently approved for “Item” in its resource matrix label, action, state, or tooltip. role; meaning, terminology, and token safety were checked."
"matrix.column.logistics","fr-FR","Logistics","AE6E98909C98E7C973D920A2D6868685D2E2F25DB3E98683EF3D0DBAE00BF7D6","Compact Resource Matrix column for items actually assigned to routed cargo exports; not merely items that could be exported.","HIGH","","","glossary.logistics=Logistique","Logistique","Logistique","IDENTICAL","AGREED","Logistique","Shared wording “Logistique” independently approved for “Logistics” in its compact resource matrix column for items actually assigned to routed cargo exports; not m… role; meaning, terminology, and token safety were checked."
"matrix.column.present","fr-FR","Present","43F9B89C0B9D22D8110EAD813EA3949F20592A8BFC3C777D2D49E64DA3B0CC9B","Compact Resource Matrix column label meaning the item/resource exists or can exist at this outpost/location; not temporal “currently”.","HIGH","","","glossary.present=Présence","Présence","Présent","SUBSTANTIVE","CODEX","Présence","Codex chosen for “Present” because the final preserves the locative “exists here” sense and avoids a temporal reading; the DeepL alternative was not adopted."
"matrix.column.producing","fr-FR","Producing","6205C14B87A9F7261B6078D0347AAA6998853CC7BE936390846C6F1B95BF0B56","Compact Resource Matrix state meaning this outpost is configured to extract, harvest, or manufacture the item; no throughput is implied.","HIGH","","","glossary.producing=En production","En production","Production","SUBSTANTIVE","CODEX","En production","Codex chosen for “Producing” because the final denotes configured production without implying throughput; the DeepL alternative was not adopted."
"matrix.column.source","fr-FR","Source","0E570CA6FABE24F94E52C1833F3FFD25567022BEB826FA16891F3322051BC221","Resource Matrix label, action, state, or tooltip.","MEDIUM","","","glossary.source=Source","Source","Source","IDENTICAL","AGREED","Source","Shared wording “Source” independently approved for “Source” in its resource matrix label, action, state, or tooltip. role; meaning, terminology, and token safety were checked."
"matrix.heading","fr-FR","Resource Matrix","0FF84E3776BFD5BC3F7CB4E19082D8AF196D2FE785AA1368744C9A46FAEA6569","Heading for the Resource Matrix, a tabular view of resource presence, active production, recipe inputs, and routed logistics. This is a visible heading.","HIGH","","","glossary.resource-matrix=Matrice des ressources","Matrice des ressources","Matrice des ressources","IDENTICAL","AGREED","Matrice des ressources","Shared wording “Matrice des ressources” independently approved for “Resource Matrix” in its heading for the resource matrix, a tabular view of resource presence, active production, … role; meaning, terminology, and token safety were checked."
"matrix.imports.empty","fr-FR","No imports.","0D77E00016DF198643A2253AFBFBE2438E9B062704280FD31A6401F534C29C89","Resource Matrix label, action, state, or tooltip.","MEDIUM","","","","Aucune importation.","Aucune importation.","IDENTICAL","AGREED","Aucune importation.","Shared wording “Aucune importation.” independently approved for “No imports.” in its resource matrix label, action, state, or tooltip. role; meaning, terminology, and token safety were checked."
"matrix.manufacturing.add","fr-FR","Add manufactured product","9121C16E7EDB9925D309961B06EE2F11B3E7B1F05E2FA48ABA47B1F2B63FB0EA","Resource Matrix label, action, state, or tooltip.","MEDIUM","","","glossary.manufacturing=Fabrication","Ajouter produit manufacturé","Ajouter un produit manufacturé","SUBSTANTIVE","DEEPL","Ajouter un produit manufacturé","DeepL chosen for “Add manufactured product” because it gives the clearer complete French rendering for the resource matrix label, action, state, or tooltip. role; the Codex draft is more literal or incomplete."
"matrix.manufacturing.addLabel","fr-FR","Add product","61C2739652DED96551EFED256FE50CD2B163432AFC860F3DE72E67B389419350","Resource Matrix label, action, state, or tooltip.","MEDIUM","","","glossary.manufacturing=Fabrication","Ajouter un produit","Ajouter un produit","IDENTICAL","AGREED","Ajouter un produit","Shared wording “Ajouter un produit” independently approved for “Add product” in its resource matrix label, action, state, or tooltip. role; meaning, terminology, and token safety were checked."
"matrix.manufacturing.empty","fr-FR","No manufacturing recorded.","99A796FE6FA135735F0A14B99075E5C0042639AA22F89F176B3E6E5C5FF962A4","Resource Matrix label, action, state, or tooltip.","MEDIUM","","","glossary.manufacturing=Fabrication","Aucune fabrication enregistrée.","Aucune fabrication enregistrée.","IDENTICAL","AGREED","Aucune fabrication enregistrée.","Shared wording “Aucune fabrication enregistrée.” independently approved for “No manufacturing recorded.” in its resource matrix label, action, state, or tooltip. role; meaning, terminology, and token safety were checked."
"matrix.manufacturing.select","fr-FR","Select product...","BC94A3C3810455749C1271E4F7F3326D0E62558B83CA19258D3DDE4DE99923B8","Resource Matrix label, action, state, or tooltip.","MEDIUM","","","glossary.manufacturing=Fabrication","Sélectionner produit...","Sélectionner un produit...","SUBSTANTIVE","DEEPL","Sélectionner un produit...","DeepL chosen for “Select product...” because it gives the clearer complete French rendering for the resource matrix label, action, state, or tooltip. role; the Codex draft is more literal or incomplete."
"matrix.section.imports","fr-FR","Imports","7DF60B64E7EF61E31FC47CAA6F57B0DDCE2FBBD9EB6A49D425EA04F34F5A542C","Resource Matrix label, action, state, or tooltip.","MEDIUM","","","","Importations","Importations","IDENTICAL","AGREED","Importations","Shared wording “Importations” independently approved for “Imports” in its resource matrix label, action, state, or tooltip. role; meaning, terminology, and token safety were checked."
"matrix.section.inorganic","fr-FR","Inorganic","897FDA90A70D9858F75D9CBD82D0E8F76C5D41753289E3FF619EB61863A5E91F","Resource Matrix section heading for mineral/inorganic resources.","HIGH","","","glossary.inorganic=Inorganique","Inorganique","Inorganique","IDENTICAL","AGREED","Inorganique","Shared wording “Inorganique” independently approved for “Inorganic” in its resource matrix section heading for mineral/inorganic resources. role; meaning, terminology, and token safety were checked."
"matrix.section.manufacturing","fr-FR","Manufacturing","C6838ED989FD7D93BA9023466783C95230843EE13ACAFD63A355F9AD766CC39F","Resource Matrix section heading for configured product manufacturing; no throughput is modeled.","HIGH","","","glossary.manufacturing=Fabrication","Fabrication","Fabrication","IDENTICAL","AGREED","Fabrication","Shared wording “Fabrication” independently approved for “Manufacturing” in its resource matrix section heading for configured product manufacturing; no throughput is mo… role; meaning, terminology, and token safety were checked."
"matrix.section.organic","fr-FR","Organic","89B8CB68F4EDD75B5FB10DA9CC85802C15214A84CDA6D2F2D841BDF80E7109D3","Resource Matrix section heading for resources obtained from flora or fauna.","HIGH","","","glossary.organic=Organique","Organique","Produits organiques","SUBSTANTIVE","CODEX","Organique","Codex chosen for “Organic” because it is the clearer idiomatic French wording for the resource matrix section heading for resources obtained from flora or fauna. role; the DeepL alternative was not adopted."
"matrix.source.unspecified","fr-FR","Unspecified","5B8AA0BF3C59DAEC38E2D0C690A1A62513208D1E2075DAD62A32CA0B9440B1A1","Resource Matrix label, action, state, or tooltip.","MEDIUM","","","glossary.source=Source","Non spécifié","Non spécifié","IDENTICAL","AGREED","Non spécifié","Shared wording “Non spécifié” independently approved for “Unspecified” in its resource matrix label, action, state, or tooltip. role; meaning, terminology, and token safety were checked."
"matrix.state.active","fr-FR","{item}: active","C5842642495AB6998996C229C92496708FC4AC40E64CABBF5D42D2C105D54505","Resource Matrix label, action, state, or tooltip.","MEDIUM","item","","","{item}: actif","{item} : actif","SUBSTANTIVE","DEEPL","{item} : actif","DeepL chosen for “{item}: active” because it gives the clearer complete French rendering for the resource matrix label, action, state, or tooltip. role; the Codex draft is more literal or incomplete."
"matrix.state.inactive","fr-FR","{item}: inactive","6A8DF3F499FC4DBF092E8D8BA000DA986477895629A19B6E0F4D0D1585B62630","Resource Matrix label, action, state, or tooltip.","MEDIUM","item","","","{item}: inactif","{item} : inactif","SUBSTANTIVE","DEEPL","{item} : inactif","DeepL chosen for “{item}: inactive” because it gives the clearer complete French rendering for the resource matrix label, action, state, or tooltip. role; the Codex draft is more literal or incomplete."
"matrix.tooltip.export.active","fr-FR","{item} is being exported to {destinations}.","055BBD5D2C929206E046EC3F250A6E5E18CA49A54ABAD1F5BB25F548EC20368F","Resource Matrix label, action, state, or tooltip. This is explanatory tooltip text.","HIGH","destinations; item","","glossary.destination=Destination","{item} est exporté to {destinations}.","{item} est en cours d'exportation vers {destinations}.","SUBSTANTIVE","DEEPL","{item} est en cours d'exportation vers {destinations}.","DeepL chosen for “{item} is being exported to {destinations}.” because it gives the clearer complete French rendering for the resource matrix label, action, state, or tooltip role; the Codex draft is more literal or incomplete."
"matrix.tooltip.export.inactive","fr-FR","{item} is not being exported.","3D5C74ACC064244CA844A5985D467922DF00655889AA20E9E09D1D734B70A9A7","Resource Matrix label, action, state, or tooltip. This is explanatory tooltip text.","MEDIUM","item","","","{item} n’est pas exporté.","{item} n'est pas en cours d'exportation.","SUBSTANTIVE","DEEPL","{item} n'est pas en cours d'exportation.","DeepL chosen for “{item} is not being exported.” because it gives the clearer complete French rendering for the resource matrix label, action, state, or tooltip role; the Codex draft is more literal or incomplete."
"matrix.tooltip.import.active","fr-FR","{item} is being imported.","22B78023B0061204A0DAAD357D2E134A358394AEF6B2B56014E7F962FABBF63C","Resource Matrix label, action, state, or tooltip. This is explanatory tooltip text.","MEDIUM","item","","","{item} est importé.","{item} est en cours d'importation.","SUBSTANTIVE","DEEPL","{item} est en cours d'importation.","DeepL chosen for “{item} is being imported.” because it gives the clearer complete French rendering for the resource matrix label, action, state, or tooltip role; the Codex draft is more literal or incomplete."
"matrix.tooltip.input.available","fr-FR","{item} is available at this outpost.","7E957480BD17FC93AD8CCF3CCF75C1D611C2A0F1062E1B1EF3CE52149B52A5EF","Resource Matrix label, action, state, or tooltip. This is explanatory tooltip text.","MEDIUM","item","","term.outpost=Avant-poste; glossary.inputs=Intrants","{item} est disponible at this avant-poste.","{item} est disponible dans ce comptoir.","SUBSTANTIVE","CUSTOM","{item} est disponible dans cet avant-poste.","Custom wording used because the location is an outpost, not a counter or service desk; the competing wording contradicted or omitted the approved glossary sense."
"matrix.tooltip.input.unavailable","fr-FR","{item} is not available at this outpost.","CD51B09CECAF9938958EC84ED6BBD41ED9F65CCCA813377987402991246A0CD5","Resource Matrix label, action, state, or tooltip. This is explanatory tooltip text.","MEDIUM","item","","term.outpost=Avant-poste; glossary.inputs=Intrants","{item} is indisponible at this avant-poste.","{item} n'est pas disponible dans ce poste avancé.","SUBSTANTIVE","CUSTOM","{item} n’est pas disponible dans cet avant-poste.","Custom wording used for “{item} is not available at this outpost.” because neither candidate combined natural French grammar with all approved terminology (term.outpost=Avant-poste); final wording “{item} n’est pas disponible dans cet avant-poste.” was checked independently."
"matrix.tooltip.manufacturing.blocked","fr-FR","{item} is not being produced at this outpost due to missing inputs.","6B5041B4E9ACD713834127A9C03F6511181DAD863E498E96483D2310DD98D6A9","Resource Matrix label, action, state, or tooltip. This is explanatory tooltip text.","MEDIUM","item","","term.outpost=Avant-poste; glossary.inputs=Intrants","{item} n’est pas en cours de production at this avant-poste due to manquant inputs.","{item} n'est pas produit dans ce poste avancé en raison d'un manque de matières premières.","SUBSTANTIVE","CUSTOM","{item} n’est pas produit dans cet avant-poste en raison d’intrants manquants.","Custom wording used for “{item} is not being produced at this outpost due to missing inputs.” because neither candidate combined natural French grammar with all approved terminology (term.outpost=Avant-poste); final wording “{item} n’est pas produit dans cet avant-poste en raison d’intrants manquants.” was checked independently."
"matrix.tooltip.producing.active","fr-FR","{item} is being produced at this outpost.","89F21A9639298627054AC3918E70BF648B4396E095781366BE34464D13526799","Resource Matrix label, action, state, or tooltip. This is explanatory tooltip text.","MEDIUM","item","","term.outpost=Avant-poste; glossary.producing=En production","{item} est en cours de production at this avant-poste.","{item} est en cours de production dans cet avant-poste.","SUBSTANTIVE","DEEPL","{item} est en cours de production dans cet avant-poste.","DeepL chosen for “{item} is being produced at this outpost.” because it gives the more natural complete French sentence while satisfying term.outpost=Avant-poste."
"matrix.tooltip.producing.inactive","fr-FR","{item} is not being produced at this outpost.","B3AFCA938B63F0F57D691FE84D631E6D4437FDE13C97F357C38C8F382BD7AFED","Resource Matrix label, action, state, or tooltip. This is explanatory tooltip text.","MEDIUM","item","","term.outpost=Avant-poste; glossary.producing=En production","{item} n’est pas en cours de production at this avant-poste.","{item} n'est pas en cours de production dans cet avant-poste.","SUBSTANTIVE","DEEPL","{item} n'est pas en cours de production dans cet avant-poste.","DeepL chosen for “{item} is not being produced at this outpost.” because it gives the more natural complete French sentence while satisfying term.outpost=Avant-poste."
"matrix.tooltip.xTech.add","fr-FR","Add {resource} as present. It can be extracted at any outpost if X-Tech Power Cores are available.","E34F279A7F5A3549EA040DD701E16C40D9F8249A016812C77F881DABCB4C403E","Resource Matrix label, action, state, or tooltip. This is explanatory tooltip text.","MEDIUM","resource","","term.outpost=Avant-poste; term.x-tech-power-core=Noyau d'énergie X-Tech; term.x-tech=X-Tech; glossary.present=Présence","Ajouter {resource} as present. It can be extracted at any avant-poste if X-Tech Power Cores are disponible.","Ajouter {resource} comme étant présent. Il peut être extrait dans n'importe quel avant-poste si des noyaux d'énergie X-Tech sont disponibles.","SUBSTANTIVE","CUSTOM","Enregistrer la présence de {resource}. Cette ressource peut être extraite dans n’importe quel avant-poste si des noyaux d’énergie X-Tech sont disponibles.","Custom wording used for “Add {resource} as present. It can be extracted at any outpost if X-Tech Power Cores are a…” because neither candidate combined natural French grammar with all approved terminology (term.x-tech-power-core=Noyau d'énergie X-Tech; term.x-tech=X-Tech; term.outpost=Avant-poste); final wording “Enregistrer la présence de {resource}. Cette ressource peut être extraite dans n’importe …” was checked independently."
"matrix.tooltip.xTech.present","fr-FR","{resource} has been explicitly recorded as present at this outpost.","89CF62DE4E95AA5CEAB06EE75ABBE42F751A04010C1ECACB0EE9465EC3AB67D1","Resource Matrix label, action, state, or tooltip. This is explanatory tooltip text.","MEDIUM","resource","","term.outpost=Avant-poste; glossary.present=Présence","{resource} has been explicitly enregistré as present at this avant-poste.","{resource} a été explicitement répertoriée comme présente dans ce poste avancé.","SUBSTANTIVE","CUSTOM","La présence de {resource} a été explicitement enregistrée dans cet avant-poste.","Custom wording used for “{resource} has been explicitly recorded as present at this outpost.” because neither candidate combined natural French grammar with all approved terminology (term.outpost=Avant-poste); final wording “La présence de {resource} a été explicitement enregistrée dans cet avant-poste.” was checked independently."
"network.active","fr-FR","Active network","0B957FC62D5C68AF27552AB97A19DBF3AA3CCD23B5170F2C4019C60ABE8BE776","Network navigation, creation, reset, or deletion UI.","LOW","","","glossary.network=Réseau","Actif réseau","Réseau actif","SUBSTANTIVE","DEEPL","Réseau actif","DeepL chosen for “Active network” because it gives the clearer complete French rendering for the network navigation, creation, reset, or deletion ui. role; the Codex draft is more literal or incomplete."
"network.add","fr-FR","Add Network","E9DCB1FBEC276039EE2BAEEB66B84C21F9F8CCF54E2CB460172D516912A22600","Network navigation, creation, reset, or deletion UI.","LOW","","","glossary.network=Réseau","Ajouter Réseau","Ajouter un réseau","SUBSTANTIVE","DEEPL","Ajouter un réseau","DeepL chosen for “Add Network” because it gives the clearer complete French rendering for the network navigation, creation, reset, or deletion ui. role; the Codex draft is more literal or incomplete."
"network.delete.button","fr-FR","Delete Network","AA4090A876BCC1C8E2C1AF6A01D0A7A3734FD6D3CFD09BFA89A385770CB5E5BF","Network navigation, creation, reset, or deletion UI.","LOW","","","glossary.network=Réseau","Supprimer Réseau","Supprimer le réseau","SUBSTANTIVE","DEEPL","Supprimer le réseau","DeepL chosen for “Delete Network” because it gives the clearer complete French rendering for the network navigation, creation, reset, or deletion ui. role; the Codex draft is more literal or incomplete."
"network.delete.confirmTitle","fr-FR","DELETE NETWORK","11DC8262799793DF1CF2986AF191074D48FF37E294CF28AFC9AB48F73B560E94","Network navigation, creation, reset, or deletion UI.","LOW","","","glossary.network=Réseau","DELETE RÉSEAU","SUPPRIMER UN RÉSEAU","SUBSTANTIVE","DEEPL","SUPPRIMER UN RÉSEAU","DeepL chosen for “DELETE NETWORK” because it gives the clearer complete French rendering for the network navigation, creation, reset, or deletion ui. role; the Codex draft is more literal or incomplete."
"network.delete.explanation","fr-FR","Remove the current network from this collection?","76DEDAA619A8B2E99FB971B9FB03C7B9CB0FEDB7F1ECB70E271D503F14ABEB2C","Network navigation, creation, reset, or deletion UI.","HIGH","","","glossary.network=Réseau","Supprimer le réseau actuel de cette collection ?","Souhaitez-vous supprimer le réseau actuel de cette collection ?","SUBSTANTIVE","DEEPL","Souhaitez-vous supprimer le réseau actuel de cette collection ?","DeepL chosen for “Remove the current network from this collection?” because it gives the clearer complete French rendering for the network navigation, creation, reset, or deletion ui. role; the Codex draft is more literal or incomplete."
"network.delete.undoHint","fr-FR","You can undo this action during the current session.","BF0AF22DD2EC6095FEE0D256A95B2DFD2A94A640EB3A49DA284B3702CFE01361","Network navigation, creation, reset, or deletion UI.","HIGH","","","glossary.undo-redo=Annuler / Rétablir","Vous pouvez annuler cette action pendant la session actuelle.","Vous pouvez annuler cette action pendant la session en cours.","SUBSTANTIVE","DEEPL","Vous pouvez annuler cette action pendant la session en cours.","DeepL chosen for “You can undo this action during the current session.” because it gives the clearer complete French rendering for the network navigation, creation, reset, or deletion ui. role; the Codex draft is more literal or incomplete."
"network.label","fr-FR","NETWORK","B5A9716FCD63F4A279E2F6DF8F6DE89DCE75FF38FAD8C7E04EBB2D8E2227E2EB","Network navigation, creation, reset, or deletion UI. This is a form or control label.","LOW","","","glossary.network=Réseau","RÉSEAU","RÉSEAU","IDENTICAL","AGREED","RÉSEAU","Shared wording “RÉSEAU” independently approved for “NETWORK” in its network navigation, creation, reset, or deletion ui role; meaning, terminology, and token safety were checked."
"network.next","fr-FR","Next Network","F450398F4C7903569B56638D94C9011C735664B10737251BFA7F4C0101F284E1","Network navigation, creation, reset, or deletion UI.","LOW","","","glossary.network=Réseau","Suivant Réseau","Réseau suivant","SUBSTANTIVE","DEEPL","Réseau suivant","DeepL chosen for “Next Network” because it gives the clearer complete French rendering for the network navigation, creation, reset, or deletion ui. role; the Codex draft is more literal or incomplete."
"network.previous","fr-FR","Previous Network","E295D9F36D309D7BD32F382E55F37078BE9A0F210F595FC041A9263CAD8F7CD6","Network navigation, creation, reset, or deletion UI.","LOW","","","glossary.network=Réseau","Précédent Réseau","Réseau précédent","SUBSTANTIVE","DEEPL","Réseau précédent","DeepL chosen for “Previous Network” because it gives the clearer complete French rendering for the network navigation, creation, reset, or deletion ui. role; the Codex draft is more literal or incomplete."
"network.reset.button","fr-FR","Reset Network","9D09E8E28CBDF80525D2F7764BF37218267BA965A5FAB20169CCD79D006D468B","Network navigation, creation, reset, or deletion UI.","LOW","","","glossary.network=Réseau","Réinitialiser Réseau","Réinitialiser le réseau","SUBSTANTIVE","DEEPL","Réinitialiser le réseau","DeepL chosen for “Reset Network” because it gives the clearer complete French rendering for the network navigation, creation, reset, or deletion ui. role; the Codex draft is more literal or incomplete."
"network.reset.confirmTitle","fr-FR","RESET NETWORK","5766579AA160E3F4BDCFE9D0A1F3CDCDCA184EA4DC775A8DB8F1483BE23DF912","Network navigation, creation, reset, or deletion UI.","LOW","","","glossary.network=Réseau","RESET RÉSEAU","RÉINITIALISER LE RÉSEAU","SUBSTANTIVE","DEEPL","RÉINITIALISER LE RÉSEAU","DeepL chosen for “RESET NETWORK” because it gives the clearer complete French rendering for the network navigation, creation, reset, or deletion ui. role; the Codex draft is more literal or incomplete."
"network.reset.explanation","fr-FR","Reset the current network to a fresh default state?","C205E1A69D327991E52083EF9CB8C9D02EA17B4BA75F19A5481FC2AFF56A3709","Network navigation, creation, reset, or deletion UI.","HIGH","","","glossary.network=Réseau","Réinitialiser le réseau actuel avec un nouvel état par défaut ?","Réinitialiser le réseau actuel à son état par défaut ?","SUBSTANTIVE","DEEPL","Réinitialiser le réseau actuel à son état par défaut ?","DeepL chosen for “Reset the current network to a fresh default state?” because it gives the clearer complete French rendering for the network navigation, creation, reset, or deletion ui. role; the Codex draft is more literal or incomplete."
"outpost.biomes.label","fr-FR","Biomes","923B13B59420A08EB268290B93A1C70D296A8B817CE8947ADB6A49F366EF5ACE","Outpost navigation or details UI. This is a form or control label.","LOW","","","term.biome=Biome","Biomes","Biomes","IDENTICAL","AGREED","Biomes","Shared wording “Biomes” independently approved for “Biomes” in its outpost navigation or details ui role; meaning, terminology, and token safety were checked."
"outpost.body.label","fr-FR","Body","6CCAA6415B5EE449E3C5C716F57B4608EBE3B780F5AA6B077BC5D8EEE5D961F9","Outpost navigation or details UI. This is a form or control label.","LOW","","","term.planetary-body=Corps céleste","Corps céleste","Corps","SUBSTANTIVE","CODEX","Corps céleste","Codex chosen for “Body” because the Codex wording means a celestial body and avoids the anatomical reading; the DeepL alternative was not adopted."
"outpost.body.select","fr-FR","Select body...","90F280224A8D610BF8D4DCAE00626AA3D4690006D09C8B5B9569751376DCD80F","Outpost navigation or details UI.","LOW","","","term.planetary-body=Corps céleste","Sélectionner body...","Sélectionner un corps...","SUBSTANTIVE","CUSTOM","Sélectionner un corps céleste...","Custom wording used because the selector includes planets, moons, and orbitals; the competing wording contradicted or omitted the approved glossary sense."
"outpost.defaultName","fr-FR","New Outpost","8D0546F4F9854D2F963190B3A1BD9EC4B7B39AE1C5E37B6B295673313CC0F0A3","Outpost navigation or details UI.","LOW","","","term.outpost=Avant-poste","Nouvel avant-poste","Nouvel avant-poste","IDENTICAL","AGREED","Nouvel avant-poste","Shared wording “Nouvel avant-poste” independently approved for “New Outpost” in its outpost navigation or details ui. role; meaning, terminology, and token safety were checked."
"outpost.delete","fr-FR","Delete Outpost","7C7C8CE5EBE3BA6F5320C09AF897EA8E5F727E9A6750952C79BBC17E555B1F2B","Outpost navigation or details UI.","LOW","","","term.outpost=Avant-poste","Supprimer l’avant-poste","Supprimer l'avant-poste","TYPOGRAPHIC_ONLY","DEEPL","Supprimer l'avant-poste","DeepL chosen for “Delete Outpost” because its punctuation is the locale-appropriate presentation of the otherwise equivalent French wording."
"outpost.details.heading","fr-FR","Outpost Details","7D886EAAF7F4BC15858F5417447819FCB5985CD60478E216E028EF0F213D4182","Outpost navigation or details UI. This is a visible heading.","LOW","","","term.outpost=Avant-poste","Détails de l’avant-poste","Détails de l'avant-poste","TYPOGRAPHIC_ONLY","DEEPL","Détails de l'avant-poste","DeepL chosen for “Outpost Details” because its punctuation is the locale-appropriate presentation of the otherwise equivalent French wording."
"outpost.name.label","fr-FR","Outpost name","3BD68489C2D0581A28EE1F1CE5DAB3BC21CE46D1FD761B4640DA783A41C3D457","Outpost navigation or details UI. This is a form or control label.","LOW","","","term.outpost=Avant-poste","Avant-poste name","Nom de l'avant-poste","SUBSTANTIVE","DEEPL","Nom de l'avant-poste","DeepL chosen for “Outpost name” because it gives the more natural complete French sentence while satisfying term.outpost=Avant-poste."
"outpost.navigation.add","fr-FR","Add outpost","E918451B6D2EC69126402B9C3D175CBCF5114A80163A34073D64D10FE29E5D0A","Outpost navigation or details UI.","MEDIUM","","","term.outpost=Avant-poste","Ajouter un avant-poste","Ajouter un avant-poste","IDENTICAL","AGREED","Ajouter un avant-poste","Shared wording “Ajouter un avant-poste” independently approved for “Add outpost” in its outpost navigation or details ui. role; meaning, terminology, and token safety were checked."
"outpost.navigation.addButton","fr-FR","+ Add Outpost","06AD289BA37366FCBA4775FB277122AC18D8606595C6352F0E5C9BE65D9B5110","Outpost navigation or details UI.","MEDIUM","","","term.outpost=Avant-poste","+ Ajouter Avant-poste","+ Ajouter un avant-poste","SUBSTANTIVE","DEEPL","+ Ajouter un avant-poste","DeepL chosen for “+ Add Outpost” because it gives the more natural complete French sentence while satisfying term.outpost=Avant-poste."
"outpost.navigation.addWithLimit","fr-FR","Add outpost ({count} of {limit})","4928A704D273269A24171CBD44B902B9D71A29FB8DB6C1949798C197A98B4965","Outpost navigation or details UI.","HIGH","count; limit","","term.outpost=Avant-poste","Ajouter un avant-poste ({count} of {limit})","Ajouter un avant-poste ({count} sur {limit})","SUBSTANTIVE","DEEPL","Ajouter un avant-poste ({count} sur {limit})","DeepL chosen for “Add outpost ({count} of {limit})” because it gives the more natural complete French sentence while satisfying term.outpost=Avant-poste."
"outpost.navigation.finishReshuffle","fr-FR","Finish reshuffling outposts","423DB1152FC67CD3D44FBB11830AF6E0791A279C6506F60456C664EFB193B6C6","Outpost navigation or details UI.","MEDIUM","","","term.outpost=Avant-poste; glossary.reshuffle=Réorganiser","Finish réorganisation de avant-postes","Terminer le remaniement des avant-postes","SUBSTANTIVE","CUSTOM","Terminer la réorganisation des avant-postes","Custom wording used because the completion action remains consistent with the approved manual-reordering term; the competing wording contradicted or omitted the approved glossary sense."
"outpost.navigation.heading","fr-FR","Outposts","33E85B75FFC107AC8534734E5B71351017A834D0565B34B2ED638D6F126018ED","Outpost navigation or details UI. This is a visible heading.","MEDIUM","","","term.outpost=Avant-poste","Avant-postes","Avant-postes","IDENTICAL","AGREED","Avant-postes","Shared wording “Avant-postes” independently approved for “Outposts” in its outpost navigation or details ui role; meaning, terminology, and token safety were checked."
"outpost.navigation.hide","fr-FR","Hide outpost navigation","B839ADB9654CA0364F08C1339E3E4236761EFFE604E3E4F04DA5A812F37B9700","Outpost navigation or details UI.","MEDIUM","","","term.outpost=Avant-poste","Masquer navigation des avant-postes","Masquer la navigation des avant-postes","SUBSTANTIVE","DEEPL","Masquer la navigation des avant-postes","DeepL chosen for “Hide outpost navigation” because it gives the more natural complete French sentence while satisfying term.outpost=Avant-poste."
"outpost.navigation.lockOrder","fr-FR","Lock order","7502440CB9BF3D736CC75C78D7491D37DC186DA7164CA35F318B8F2D2FF6E851","Button that exits outpost reordering mode and prevents further reordering; “lock” is an ordering action, not security or login.","HIGH","","","glossary.lock-order=Verrouiller l'ordre","Verrouiller l’ordre","Verrouiller l'ordre","TYPOGRAPHIC_ONLY","CODEX","Verrouiller l’ordre","Codex chosen for “Lock order” because the final describes fixing the current order, not a physical or security lock; the DeepL alternative was not adopted."
"outpost.navigation.reshuffle","fr-FR","Reshuffle outposts","58EA58B8292536DC1E5774C5F2A981EBE1F2E73AC2B7E353CA8F79684F327E7B","Outpost navigation or details UI.","MEDIUM","","","term.outpost=Avant-poste; glossary.reshuffle=Réorganiser","Réorganiser avant-postes","Réorganiser les avant-postes","SUBSTANTIVE","DEEPL","Réorganiser les avant-postes","DeepL chosen for “Reshuffle outposts” because it gives the more natural complete French sentence while satisfying term.outpost=Avant-poste."
"outpost.navigation.reshuffleButton","fr-FR","Reshuffle","24AB205A02FFFE0FE0223DC041BE048135351B78CAE94C04C035FCA9BCEA8BD8","Button that enters manual outpost reordering mode; it does not randomize the order.","HIGH","","","glossary.reshuffle=Réorganiser","Réorganiser","Réorganiser","IDENTICAL","AGREED","Réorganiser","Shared wording “Réorganiser” independently approved for “Reshuffle” in its button that enters manual outpost reordering mode; it does not randomize the order. role; meaning, terminology, and token safety were checked."
"outpost.navigation.show","fr-FR","Show outpost navigation","BA0B278C43B4D6DE0A8FD21B2E975995EF957087C6C82264B85227AD7F74B397","Outpost navigation or details UI.","MEDIUM","","","term.outpost=Avant-poste","Afficher navigation des avant-postes","Afficher la navigation des avant-postes","SUBSTANTIVE","DEEPL","Afficher la navigation des avant-postes","DeepL chosen for “Show outpost navigation” because it gives the more natural complete French sentence while satisfying term.outpost=Avant-poste."
"outpost.referenceData.empty","fr-FR","No resource reference data found for this body.","866A6B8F00387269E5B2FA19103325087600910327518293F88B2F6B5A7650EB","Outpost navigation or details UI.","LOW","","","term.planetary-body=Corps céleste","No ressource données de référence found for this body.","Aucune donnée de référence sur les ressources n'a été trouvée pour cet objet.","SUBSTANTIVE","CUSTOM","Aucune donnée de référence sur les ressources n’a été trouvée pour ce corps céleste.","Custom wording used because the referenced location can be any supported planetary body; the competing wording contradicted or omitted the approved glossary sense."
"outpost.solar.label","fr-FR","Solar","31CE6E79178093B714406B55954C625A9FD47B70C7A6802D5FB5E744422E475C","Outpost navigation or details UI. This is a form or control label.","LOW","","","","Solaire","Solaire","IDENTICAL","AGREED","Solaire","Shared wording “Solaire” independently approved for “Solar” in its outpost navigation or details ui role; meaning, terminology, and token safety were checked."
"outpost.system.label","fr-FR","System","6725E7BBCD28F3A8A586FA34BF191FD72DDE8B61756932CD3237C17A6F196F1A","Outpost navigation or details UI. This is a form or control label.","LOW","","","term.star-system=Système stellaire","Système","Système","IDENTICAL","CUSTOM","Système stellaire","Custom wording used because the standalone label uses the full star-system term; the competing wording contradicted or omitted the approved glossary sense."
"outpost.system.select","fr-FR","Select system...","431B1B70F97562CE0F87841BA9BA411218AB24EDE4C350C23A3545DFBE18689C","Outpost navigation or details UI.","LOW","","","term.star-system=Système stellaire","Sélectionner system...","Sélectionner un système…","SUBSTANTIVE","CUSTOM","Sélectionner un système stellaire…","Custom wording used because the selector uses the full star-system term; the competing wording contradicted or omitted the approved glossary sense."
"outpost.wind.label","fr-FR","Wind","D151346FE7EEA3C6A0865199579CA6017487DBF981D59CDD1FCADADB03518DC8","Outpost navigation or details UI. This is a form or control label.","LOW","","","","Vent","Éolien","SUBSTANTIVE","DEEPL","Éolien","DeepL chosen for “Wind” because it gives the clearer complete French rendering for the outpost navigation or details ui role; the Codex draft is more literal or incomplete."
"plannedSupply.add","fr-FR","Add {item} to Planned Supply","A8539A127A899BB2398BA3906312BBEE81A35C0D58EC399A484FCD0B41CF02C9","Planned Supply planning UI; virtual supply, not inventory.","MEDIUM","item","","glossary.planned-supply=Approvisionnement planifié","Ajouter {item} to Approvisionnement planifié","Ajouter {élément} à l'approvisionnement prévu","INVALID_TOKENS","INVALID_DEEPL_REPAIRED","Ajouter {item} à l'approvisionnement planifié","DeepL evidence is invalid because it translated or damaged the stable placeholder identifiers; the wording was repaired or replaced editorially for “Add {item} to Planned Supply”, with exact placeholders and protected tokens restored."
"plannedSupply.addItems","fr-FR","Add items to Planned Supply","5C46C1CF781EA9B9D66DEE794383D0121D9D2FC5F4BB6201E73E61D10329E312","Planned Supply planning UI; virtual supply, not inventory.","MEDIUM","","","glossary.planned-supply=Approvisionnement planifié","Ajouter des éléments à Approvisionnement planifié","Ajouter des éléments à l'approvisionnement prévu","SUBSTANTIVE","CUSTOM","Ajouter des éléments à l'approvisionnement planifié","Custom wording used for “Add items to Planned Supply” because neither candidate combined natural French grammar with all approved terminology (glossary.planned-supply=Approvisionnement planifié); final wording “Ajouter des éléments à l'approvisionnement planifié” was checked independently."
"plannedSupply.collapse","fr-FR","Collapse Planned Supply","E15065C5BD181D7F121DAD0EB15A70975340E090B66B202E5F92A2CB8631406D","Planned Supply planning UI; virtual supply, not inventory.","MEDIUM","","","glossary.planned-supply=Approvisionnement planifié","Réduire Approvisionnement planifié","Réduire l'approvisionnement prévu","SUBSTANTIVE","CUSTOM","Réduire l'approvisionnement planifié","Custom wording used for “Collapse Planned Supply” because neither candidate combined natural French grammar with all approved terminology (glossary.planned-supply=Approvisionnement planifié); final wording “Réduire l'approvisionnement planifié” was checked independently."
"plannedSupply.empty","fr-FR","No planned supply.","3C83B844C6CE9EE6706973FCF39E55A35FF7AB50C29EEF75CE86FA07EA3A6FFB","Planned Supply planning UI; virtual supply, not inventory.","MEDIUM","","","glossary.planned-supply=Approvisionnement planifié","Aucun approvisionnement planifié.","Aucun approvisionnement prévu.","SUBSTANTIVE","CODEX","Aucun approvisionnement planifié.","Codex chosen for “No planned supply.” because it applies the row's approved terminology (glossary.planned-supply=Approvisionnement planifié) more faithfully in context; the DeepL alternative was not adopted."
"plannedSupply.expand","fr-FR","Expand Planned Supply","8CCC084632C6908601B2EBACF0F20E85D93E881534F95C3268243A4E215B6527","Planned Supply planning UI; virtual supply, not inventory.","MEDIUM","","","glossary.planned-supply=Approvisionnement planifié","Développer Approvisionnement planifié","Développer l'approvisionnement prévu","SUBSTANTIVE","CUSTOM","Développer l'approvisionnement planifié","Custom wording used for “Expand Planned Supply” because neither candidate combined natural French grammar with all approved terminology (glossary.planned-supply=Approvisionnement planifié); final wording “Développer l'approvisionnement planifié” was checked independently."
"plannedSupply.heading","fr-FR","Planned Supply","3748580A9E100E8B05D1F36B32346EDAA2DF422A8256FA71DF620ACFEA43E4AD","Feature heading for virtual future supply intent. It is not current inventory, a reservation, or an actual delivery. This is a visible heading.","HIGH","","","glossary.planned-supply=Approvisionnement planifié","Approvisionnement planifié","Approvisionnement prévu","SUBSTANTIVE","CODEX","Approvisionnement planifié","Codex chosen for “Planned Supply” because the final names unresolved future supply intent rather than inventory or a delivery; the DeepL alternative was not adopted."
"plannedSupply.remove","fr-FR","Remove {item} from Planned Supply","00837F0F710BA09B864290FD9F8FD8FA53E364D3BC5F24FF6B06C3E7E02D0DD3","Planned Supply planning UI; virtual supply, not inventory.","MEDIUM","item","","glossary.planned-supply=Approvisionnement planifié","Supprimer {item} from Approvisionnement planifié","Supprimer {article} de l'approvisionnement prévu","INVALID_TOKENS","INVALID_DEEPL_REPAIRED","Supprimer {item} de l'approvisionnement planifié","DeepL evidence is invalid because it translated or damaged the stable placeholder identifiers; the wording was repaired or replaced editorially for “Remove {item} from Planned Supply”, with exact placeholders and protected tokens restored."
"plannedSupply.removeAll","fr-FR","Remove all Planned Supply","CF751884A0857D7CD62B5716C0F7BB082E80D3FE85CB229ABFFB1E013F81EE38","Planned Supply planning UI; virtual supply, not inventory.","MEDIUM","","","glossary.planned-supply=Approvisionnement planifié","Tout supprimer de Approvisionnement planifié","Supprimer tout l'approvisionnement prévu","SUBSTANTIVE","CUSTOM","Supprimer tout l'approvisionnement planifié","Custom wording used for “Remove all Planned Supply” because neither candidate combined natural French grammar with all approved terminology (glossary.planned-supply=Approvisionnement planifié); final wording “Supprimer tout l'approvisionnement planifié” was checked independently."
"plannedSupply.section.inorganic","fr-FR","Inorganic Resources","CE416CB725F503F7401314798FE1EAA2BB694AAFAE04907EB650C510ADCB4D08","Planned Supply planning UI; virtual supply, not inventory.","MEDIUM","","","glossary.inorganic=Inorganique","Ressources inorganiques","Ressources inorganiques","IDENTICAL","AGREED","Ressources inorganiques","Shared wording “Ressources inorganiques” independently approved for “Inorganic Resources” in its planned supply planning ui; virtual supply, not inventory. role; meaning, terminology, and token safety were checked."
"plannedSupply.section.organic","fr-FR","Organic Resources","D04832A3DBACE8F178D1E7DD0767F251B538562419634813F2ACC771E7960289","Planned Supply planning UI; virtual supply, not inventory.","MEDIUM","","","glossary.organic=Organique","Ressources organiques","Ressources organiques","IDENTICAL","AGREED","Ressources organiques","Shared wording “Ressources organiques” independently approved for “Organic Resources” in its planned supply planning ui; virtual supply, not inventory. role; meaning, terminology, and token safety were checked."
"plannedSupply.section.products","fr-FR","Manufactured Products","B125CB525C552EA33D1B71C7588D5324CE7E9E281940068F317C74B4B2BB32CC","Planned Supply planning UI; virtual supply, not inventory.","MEDIUM","","","glossary.manufacturing=Fabrication","Produits manufacturés","Produits manufacturés","IDENTICAL","AGREED","Produits manufacturés","Shared wording “Produits manufacturés” independently approved for “Manufactured Products” in its planned supply planning ui; virtual supply, not inventory. role; meaning, terminology, and token safety were checked."
"power.label.good","fr-FR","Good","C939327CA16DCF97CA32521D8B834BF1DE16573D21DEDA3BB2A337CF403787A6","Power quality label or explanatory tooltip. This is a form or control label.","MEDIUM","","","","Bon","Bon","IDENTICAL","AGREED","Bon","Shared wording “Bon” independently approved for “Good” in its power quality label or explanatory tooltip role; meaning, terminology, and token safety were checked."
"power.label.none","fr-FR","None","DC937B59892604F5A86AC96936CD7FF09E25F18AE6B758E8014A24C7FA039E91","Power quality label or explanatory tooltip. This is a form or control label.","MEDIUM","","","","Aucun","Aucun","IDENTICAL","AGREED","Aucun","Shared wording “Aucun” independently approved for “None” in its power quality label or explanatory tooltip role; meaning, terminology, and token safety were checked."
"power.label.normal","fr-FR","Norm.","DEF003CB8AA2673D2417E0330782C9CE706F4759178EC19C75921F652B5F9DC1","Power quality label or explanatory tooltip. This is a form or control label.","MEDIUM","","","","Norm.","Normal.","SUBSTANTIVE","DEEPL","Normal.","DeepL chosen for “Norm.” because it gives the clearer complete French rendering for the power quality label or explanatory tooltip role; the Codex draft is more literal or incomplete."
"power.label.poor","fr-FR","Poor","94DFD46D9DAE63E6C692415BBAB8E266C777E87CDD77BEAB02583B8ED7BD874D","Power quality label or explanatory tooltip. This is a form or control label.","MEDIUM","","","","Faible","Mauvais","SUBSTANTIVE","DEEPL","Mauvais","DeepL chosen for “Poor” because it gives the clearer complete French rendering for the power quality label or explanatory tooltip role; the Codex draft is more literal or incomplete."
"power.label.unknown","fr-FR","—","BDA050585A00F0F6CB502350559D75532AE3B244C9498B996E7C5DF2D98DFC8D","Power quality label or explanatory tooltip. This is a form or control label.","MEDIUM","","","","—","—","IDENTICAL","AGREED","—","Shared wording “—” independently approved for “—” in its power quality label or explanatory tooltip role; meaning, terminology, and token safety were checked."
"power.label.veryPoor","fr-FR","V.Poor","23711E1D8AD43AB27CCCCF34CD8A62C0AA722733DD32706AE2BF55B8CF1D0116","Power quality label or explanatory tooltip. This is a form or control label.","MEDIUM","","","","T. faible","Très mauvais","SUBSTANTIVE","DEEPL","Très mauvais","DeepL chosen for “V.Poor” because it gives the clearer complete French rendering for the power quality label or explanatory tooltip role; the Codex draft is more literal or incomplete."
"power.quality.good","fr-FR","Good","C939327CA16DCF97CA32521D8B834BF1DE16573D21DEDA3BB2A337CF403787A6","Power quality label or explanatory tooltip.","MEDIUM","","","","Bon","Bon","IDENTICAL","AGREED","Bon","Shared wording “Bon” independently approved for “Good” in its power quality label or explanatory tooltip. role; meaning, terminology, and token safety were checked."
"power.quality.none","fr-FR","None","DC937B59892604F5A86AC96936CD7FF09E25F18AE6B758E8014A24C7FA039E91","Power quality label or explanatory tooltip.","MEDIUM","","","","Aucun","Aucun","IDENTICAL","AGREED","Aucun","Shared wording “Aucun” independently approved for “None” in its power quality label or explanatory tooltip. role; meaning, terminology, and token safety were checked."
"power.quality.normal","fr-FR","Normal","A7248EEB45EB1CE247F81693283E22E8B39E8A50890CECD22D02E75025547D90","Power quality label or explanatory tooltip.","MEDIUM","","","","Normal","Normal","IDENTICAL","AGREED","Normal","Shared wording “Normal” independently approved for “Normal” in its power quality label or explanatory tooltip. role; meaning, terminology, and token safety were checked."
"power.quality.poor","fr-FR","Poor","94DFD46D9DAE63E6C692415BBAB8E266C777E87CDD77BEAB02583B8ED7BD874D","Power quality label or explanatory tooltip.","MEDIUM","","","","Faible","Mauvais","SUBSTANTIVE","DEEPL","Mauvais","DeepL chosen for “Poor” because it gives the clearer complete French rendering for the power quality label or explanatory tooltip. role; the Codex draft is more literal or incomplete."
"power.quality.unknown","fr-FR","Unknown","B764CDC0EAB7137467211272FA539F1260D1BF2E71BCF6FF3BDC960F5C16AA14","Power quality label or explanatory tooltip.","MEDIUM","","","","Inconnu","Inconnu","IDENTICAL","AGREED","Inconnu","Shared wording “Inconnu” independently approved for “Unknown” in its power quality label or explanatory tooltip. role; meaning, terminology, and token safety were checked."
"power.quality.veryPoor","fr-FR","Very Poor","58D10B9584397B0B71A4A877E0243F8B4202B3F642BE3B4E02A61BBBF4182F32","Power quality label or explanatory tooltip.","MEDIUM","","","","Très faible","Très médiocre","SUBSTANTIVE","CODEX","Très faible","Codex chosen for “Very Poor” because the Codex wording expresses a very low power-quality rating rather than general mediocrity; the DeepL alternative was not adopted."
"power.tooltip.modified","fr-FR","{source}: {quality} · {multiplier}× output ({modifier})","37B2719E6183F1811D2561A29EEF38307F671674FAAF90F2C4729E18B20599D8","Power quality label or explanatory tooltip. This is explanatory tooltip text.","HIGH","modifier; multiplier; quality; source","","","{source}: {quality} · {multiplier}× production ({modifier})","{source} : {qualité} · {multiplicateur} × rendement ({modificateur})","INVALID_TOKENS","INVALID_DEEPL_REPAIRED","{source} : {quality} · {multiplier} × rendement ({modifier})","DeepL evidence is invalid because it translated or damaged the stable placeholder identifiers; the wording was repaired or replaced editorially for “{source}: {quality} · {multiplier}× output ({modifier})”, with exact placeholders and protected tokens restored."
"power.tooltip.noModifier","fr-FR","{source}: {quality} · {multiplier}× output (no modifier)","082FBB8B5BC3BDFF1C71A7FF8F77A6DFA933011266DC6784C78974CF1309B04B","Power quality label or explanatory tooltip. This is explanatory tooltip text.","HIGH","multiplier; quality; source","","","{source}: {quality} · {multiplier}× production (sans modificateur)","{source} : {qualité} · {multiplicateur} × rendement (sans modificateur)","INVALID_TOKENS","INVALID_DEEPL_REPAIRED","{source} : {quality} · {multiplier} × rendement (sans modificateur)","DeepL evidence is invalid because it translated or damaged the stable placeholder identifiers; the wording was repaired or replaced editorially for “{source}: {quality} · {multiplier}× output (no modifier)”, with exact placeholders and protected tokens restored."
"power.tooltip.unknown","fr-FR","{source}: {quality}","8DC4D1F651257F48F5D24DD2A1FCA9B3E6ADF13061BA8ADA479B3351201BA517","Power quality label or explanatory tooltip. This is explanatory tooltip text.","HIGH","quality; source","","","{source}: {quality}","{source} : {qualité}","INVALID_TOKENS","INVALID_DEEPL_REPAIRED","{source} : {quality}","DeepL evidence is invalid because it translated or damaged the stable placeholder identifiers; the wording was repaired or replaced editorially for “{source}: {quality}”, with exact placeholders and protected tokens restored."
"production.empty","fr-FR","No local resources have been selected.","268C8F36EDA0EE5B32EE73CED9B8846849B570966A30A392F0E238D8BE80FFB1","Active Production section.","LOW","","","","No ressources locales have been sélectionné.","Aucune ressource locale n'a été sélectionnée.","SUBSTANTIVE","DEEPL","Aucune ressource locale n'a été sélectionnée.","DeepL chosen for “No local resources have been selected.” because it gives the clearer complete French rendering for the active production section. role; the Codex draft is more literal or incomplete."
"production.heading","fr-FR","Active Production","048E7E34826F22874A7BE1F38FAE424C9404D91569160C5ECBDF48139FC577CB","Active Production section. This is a visible heading.","LOW","","","glossary.active-production=Production active","Production actif","Production active","SUBSTANTIVE","DEEPL","Production active","DeepL chosen for “Active Production” because it gives the clearer complete French rendering for the active production section role; the Codex draft is more literal or incomplete."
"referenceFatal.diagnostic.actualDataset","fr-FR","Actual dataset ID","D1562EB9E94E9E96B380B70A6FA2EC27E2683DA11D1A723F052FF5B4E73B73EE","Tracker-authored application message.","LOW","","ID","","ID réel du jeu de données","ID réel de l'ensemble de données","SUBSTANTIVE","DEEPL","ID réel de l'ensemble de données","DeepL chosen for “Actual dataset ID” because it gives the clearer complete French rendering for the tracker-authored application message. role; the Codex draft is more literal or incomplete."
"referenceFatal.diagnostic.actualHash","fr-FR","Actual hash prefix","6C3A935D967CD3A1AFEF55578D3234F5CDD23EF1663F246DDD60A22293695A6A","Tracker-authored application message.","LOW","","","","Préfixe de hachage réel","Préfixe de hachage réel","IDENTICAL","AGREED","Préfixe de hachage réel","Shared wording “Préfixe de hachage réel” independently approved for “Actual hash prefix” in its tracker-authored application message. role; meaning, terminology, and token safety were checked."
"referenceFatal.diagnostic.asset","fr-FR","Asset","80D298C9F240900F00B327F5B611DC41AA785788D6FD3EDBE35812CA88F02E9A","Tracker-authored application message.","LOW","","","","Fichier","Ressource","SUBSTANTIVE","DEEPL","Ressource","DeepL chosen for “Asset” because it gives the clearer complete French rendering for the tracker-authored application message. role; the Codex draft is more literal or incomplete."
"referenceFatal.diagnostic.code","fr-FR","Error code","0570B384C3CECF819FB8EBE7AAB1CBB56C7238845FA99B34FC2D6494A7BACD9A","Tracker-authored application message.","LOW","","","","Code d’erreur","Code d'erreur","TYPOGRAPHIC_ONLY","DEEPL","Code d'erreur","DeepL chosen for “Error code” because its punctuation is the locale-appropriate presentation of the otherwise equivalent French wording."
"referenceFatal.diagnostic.expectedDataset","fr-FR","Expected dataset ID","F9BCC9C79CEE38D775E37506F08F6154E63833B5B2CC4160342F66FB6831CE6A","Tracker-authored application message.","LOW","","ID","","ID attendu du jeu de données","ID du jeu de données attendu","SUBSTANTIVE","DEEPL","ID du jeu de données attendu","DeepL chosen for “Expected dataset ID” because it gives the clearer complete French rendering for the tracker-authored application message. role; the Codex draft is more literal or incomplete."
"referenceFatal.diagnostic.expectedHash","fr-FR","Expected hash prefix","8963009395F38E55F0D16BC200A299AC116DC323DCE9E16B38C33BDCCAA14A39","Tracker-authored application message.","LOW","","","","Préfixe de hachage attendu","Préfixe de hachage attendu","IDENTICAL","AGREED","Préfixe de hachage attendu","Shared wording “Préfixe de hachage attendu” independently approved for “Expected hash prefix” in its tracker-authored application message. role; meaning, terminology, and token safety were checked."
"referenceFatal.diagnostic.locale","fr-FR","Locale","CA3DC612F47E3913B79F68EAC655D590812439EEC5865189C38A0D7623EFA0AA","Tracker-authored application message.","LOW","","","","Paramètres régionaux","Paramètres régionaux","IDENTICAL","AGREED","Paramètres régionaux","Shared wording “Paramètres régionaux” independently approved for “Locale” in its tracker-authored application message. role; meaning, terminology, and token safety were checked."
"referenceFatal.diagnostic.mediaType","fr-FR","Media type","080D69147E5E9D098F24C01D7413101E31A17DD6853E4F7BCCCE2D775D945B4B","Tracker-authored application message.","LOW","","","","Type de média","Type de média","IDENTICAL","AGREED","Type de média","Shared wording “Type de média” independently approved for “Media type” in its tracker-authored application message. role; meaning, terminology, and token safety were checked."
"referenceFatal.diagnostic.schemaVersion","fr-FR","Manifest schema version","10F91A96B0C00520302942A617346E2AADB048F20CDBF9885A054BF4608091CE","Tracker-authored application message.","LOW","","","","Version du schéma du manifeste","Version du schéma du manifeste","IDENTICAL","AGREED","Version du schéma du manifeste","Shared wording “Version du schéma du manifeste” independently approved for “Manifest schema version” in its tracker-authored application message. role; meaning, terminology, and token safety were checked."
"referenceFatal.diagnostic.status","fr-FR","HTTP status","0F7CF91F242CDF7ABB04BB4710C174D56643D01BC39ACC3E4334C716D06B660B","Tracker-authored application message.","LOW","","","","État HTTP","Statut HTTP","SUBSTANTIVE","DEEPL","Statut HTTP","DeepL chosen for “HTTP status” because it gives the clearer complete French rendering for the tracker-authored application message. role; the Codex draft is more literal or incomplete."
"referenceFatal.explanation","fr-FR","Required reference data could not be loaded correctly. The tracker has stopped to protect your saved work.","3EC004F7CA1FA38DB26295AFAE2403D503FD06CE9CFC32FAB2EF918F900445B6","Tracker-authored application message.","LOW","","","","Les données de référence requises n’ont pas pu être chargées correctement. Le tracker s’est arrêté afin de protéger votre travail enregistré.","Les données de référence requises n'ont pas pu être chargées correctement. Le tracker s'est arrêté pour protéger votre travail enregistré.","SUBSTANTIVE","DEEPL","Les données de référence requises n'ont pas pu être chargées correctement. Le tracker s'est arrêté pour protéger votre travail enregistré.","DeepL chosen for “Required reference data could not be loaded correctly. The tracker has stopped to protect…” because it gives the clearer complete French rendering for the tracker-authored application message. role; the Codex draft is more literal or incomplete."
"referenceFatal.heading","fr-FR","Reference data unavailable","7E97733458B49F2E75B96ED180A7A14D1CFE7562FA391AC12C8F59C7406AB8B9","Tracker-authored application message. This is a visible heading.","LOW","","","","Données de référence indisponibles","Données de référence indisponibles","IDENTICAL","AGREED","Données de référence indisponibles","Shared wording “Données de référence indisponibles” independently approved for “Reference data unavailable” in its tracker-authored application message role; meaning, terminology, and token safety were checked."
"referenceFatal.privacy","fr-FR","Reporting opens your email app and includes technical diagnostics only. No saved network data is included automatically.","303AC78FCAC8F3E34F83D4EB61798D823F0A7876AB00F9965161C611DBF8CDC1","Tracker-authored application message.","LOW","","","glossary.network=Réseau","Le signalement ouvre votre application de messagerie et contient uniquement des diagnostics techniques. Aucune donnée de réseau enregistrée n’est incluse automatiquement.","La création d'un rapport ouvre votre application de messagerie et ne contient que des diagnostics techniques. Aucune donnée réseau enregistrée n'est incluse automatiquement.","SUBSTANTIVE","DEEPL","La création d'un rapport ouvre votre application de messagerie et ne contient que des diagnostics techniques. Aucune donnée réseau enregistrée n'est incluse automatiquement.","DeepL chosen for “Reporting opens your email app and includes technical diagnostics only. No saved network …” because it gives the clearer complete French rendering for the tracker-authored application message. role; the Codex draft is more literal or incomplete."
"referenceFatal.reason.assetContentType","fr-FR","A required reference file was served with the wrong content type.","E4998173285DA086873408FE340C6AA619B3B0773F5A436F0FEB7049C644640B","Tracker-authored application message.","LOW","","","","Un fichier de référence requis a été fourni avec un type de contenu incorrect.","Un fichier de référence requis a été fourni avec un type de contenu incorrect.","IDENTICAL","AGREED","Un fichier de référence requis a été fourni avec un type de contenu incorrect.","Shared wording “Un fichier de référence requis a été fourni avec un type de contenu incorrect.” independently approved for “A required reference file was served with the wrong content type.” in its tracker-authored application message. role; meaning, terminology, and token safety were checked."
"referenceFatal.reason.assetFetch","fr-FR","A required reference file could not be retrieved.","3979D0E6E4FC27C9E487BB1CD34873B03145520CC9C6A55375F1E9E79ABEA888","Tracker-authored application message.","LOW","","","","A required reference file n’a pas pu être retrieved.","Un fichier de référence obligatoire n'a pas pu être récupéré.","SUBSTANTIVE","DEEPL","Un fichier de référence obligatoire n'a pas pu être récupéré.","DeepL chosen for “A required reference file could not be retrieved.” because it gives the clearer complete French rendering for the tracker-authored application message. role; the Codex draft is more literal or incomplete."
"referenceFatal.reason.assetHash","fr-FR","A required reference file does not match the manifest.","0B3186DA86F196F10755F0C83C70EAA1FA314A6B5D44A29116799ADCD2073959","Tracker-authored application message.","LOW","","","","Un fichier de référence requis ne correspond pas au manifeste.","Un fichier de référence obligatoire ne correspond pas au manifeste.","SUBSTANTIVE","DEEPL","Un fichier de référence obligatoire ne correspond pas au manifeste.","DeepL chosen for “A required reference file does not match the manifest.” because it gives the clearer complete French rendering for the tracker-authored application message. role; the Codex draft is more literal or incomplete."
"referenceFatal.reason.assetJson","fr-FR","A required reference file contains invalid JSON.","94C49FE1655FA6C35FCCD77C61FA4D7CA80A445E2E007011E1C4C9806E7CA89D","Tracker-authored application message.","LOW","","JSON","","A required reference file contient incorrect JSON.","Un fichier de référence obligatoire contient du code JSON non valide.","SUBSTANTIVE","DEEPL","Un fichier de référence obligatoire contient du code JSON non valide.","DeepL chosen for “A required reference file contains invalid JSON.” because it gives the clearer complete French rendering for the tracker-authored application message. role; the Codex draft is more literal or incomplete."
"referenceFatal.reason.assetSchema","fr-FR","A required reference file has an invalid structure.","C94A3A1F6EF842F8853A9E44C46EB1385D94E138889DA80DB70B9B410C0F9863","Tracker-authored application message.","LOW","","","","A required reference file has an incorrect structure.","Un fichier de référence obligatoire présente une structure non valide.","SUBSTANTIVE","DEEPL","Un fichier de référence obligatoire présente une structure non valide.","DeepL chosen for “A required reference file has an invalid structure.” because it gives the clearer complete French rendering for the tracker-authored application message. role; the Codex draft is more literal or incomplete."
"referenceFatal.reason.assetSize","fr-FR","A required reference file exceeds the size limit.","A797C74204B047426FF140E429B3BC277771670CCF5999F0C6A74E784EDAFB66","Tracker-authored application message.","LOW","","","","Un fichier de référence requis dépasse la taille maximale.","Un fichier de référence obligatoire dépasse la limite de taille.","SUBSTANTIVE","DEEPL","Un fichier de référence obligatoire dépasse la limite de taille.","DeepL chosen for “A required reference file exceeds the size limit.” because it gives the clearer complete French rendering for the tracker-authored application message. role; the Codex draft is more literal or incomplete."
"referenceFatal.reason.buildMismatch","fr-FR","The reference data belongs to a different app build.","3D7236B730DBA31DF9744B3F9A09535F33D61F6C8AEF8C6B6F5C700EC3068CAB","Tracker-authored application message.","LOW","","","","The données de référence belongs to a different app build.","Les données de référence appartiennent à une version différente de l'application.","SUBSTANTIVE","DEEPL","Les données de référence appartiennent à une version différente de l'application.","DeepL chosen for “The reference data belongs to a different app build.” because it gives the clearer complete French rendering for the tracker-authored application message. role; the Codex draft is more literal or incomplete."
"referenceFatal.reason.internal","fr-FR","The reference data integrity check could not complete.","C8BD867CDCD01CB72B305DA37244AB7AD7F3DEE94E525D460ED99C66214C484F","Tracker-authored application message.","LOW","","","","The données de référence integrity check n’a pas pu complete.","La vérification de l'intégrité des données de référence n'a pas pu être effectuée.","SUBSTANTIVE","DEEPL","La vérification de l'intégrité des données de référence n'a pas pu être effectuée.","DeepL chosen for “The reference data integrity check could not complete.” because it gives the clearer complete French rendering for the tracker-authored application message. role; the Codex draft is more literal or incomplete."
"referenceFatal.reason.manifestFetch","fr-FR","The reference manifest could not be retrieved.","077DAF53094553A2262D2E9B2FE0FE91E47B807ED53845BC0FA80EF62125B866","Tracker-authored application message.","LOW","","","","The reference manifest n’a pas pu être retrieved.","Le manifeste de référence n'a pas pu être récupéré.","SUBSTANTIVE","DEEPL","Le manifeste de référence n'a pas pu être récupéré.","DeepL chosen for “The reference manifest could not be retrieved.” because it gives the clearer complete French rendering for the tracker-authored application message. role; the Codex draft is more literal or incomplete."
"referenceFatal.reason.manifestInvalid","fr-FR","The reference manifest is invalid.","856BAD9547F9FCFC0FC3739C43F7BB29FEC0A60BB24ED9C6223890B50BFF15B8","Tracker-authored application message.","LOW","","","","The reference manifest is incorrect.","Le manifeste de référence n'est pas valide.","SUBSTANTIVE","DEEPL","Le manifeste de référence n'est pas valide.","DeepL chosen for “The reference manifest is invalid.” because it gives the clearer complete French rendering for the tracker-authored application message. role; the Codex draft is more literal or incomplete."
"referenceFatal.reason.manifestVersion","fr-FR","The reference manifest version is unsupported.","937951D077E320AE9746EEBBCD82288FC04A1F59E9931C027F9299AE2A8E52C7","Tracker-authored application message.","LOW","","","","La version du manifeste de référence n’est pas prise en charge.","La version du manifeste de référence n'est pas prise en charge.","TYPOGRAPHIC_ONLY","DEEPL","La version du manifeste de référence n'est pas prise en charge.","DeepL chosen for “The reference manifest version is unsupported.” because its punctuation is the locale-appropriate presentation of the otherwise equivalent French wording."
"referenceFatal.reload","fr-FR","Reload","BDC090EC61E3FCFC65F469951DFE00F3F2ECFC6003C44DEAC8E05B7237092DE6","Tracker-authored application message.","LOW","","","","Recharger","Recharger","IDENTICAL","AGREED","Recharger","Shared wording “Recharger” independently approved for “Reload” in its tracker-authored application message. role; meaning, terminology, and token safety were checked."
"referenceFatal.report","fr-FR","Report","B6CE788D9786917C9D19ADAA0D904213365607C7F683D7277F508DCF142B4CC2","Tracker-authored application message.","LOW","","","","Signaler","Signaler","IDENTICAL","AGREED","Signaler","Shared wording “Signaler” independently approved for “Report” in its tracker-authored application message. role; meaning, terminology, and token safety were checked."
"referenceFatal.report.body","fr-FR","The tracker stopped during reference data verification. Technical diagnostics:","06E2FE496D91F39F7D0D02747423E0EC5650D97E614BCA7621C24A94861CB697","Tracker-authored application message.","LOW","","","","The tracker stopped during données de référence verification. Technical diagnostics:","Le traqueur s'est arrêté pendant la vérification des données de référence. Diagnostics techniques :","SUBSTANTIVE","DEEPL","Le traqueur s'est arrêté pendant la vérification des données de référence. Diagnostics techniques :","DeepL chosen for “The tracker stopped during reference data verification. Technical diagnostics:” because it gives the clearer complete French rendering for the tracker-authored application message. role; the Codex draft is more literal or incomplete."
"referenceFatal.report.subject","fr-FR","Starfield Outpost Tracker reference data problem","D82EA728AF2C1BC3A41761E4959F9857FD8BABAE0396D8BD2B989ED28A6F8680","Tracker-authored application message.","LOW","","","term.outpost=Avant-poste; product.starfield=Starfield","Starfield Avant-poste Tracker données de référence problem","Problème lié aux données de référence du Starfield Outpost Tracker","SUBSTANTIVE","DEEPL","Problème lié aux données de référence du Starfield Outpost Tracker","DeepL chosen for “Starfield Outpost Tracker reference data problem” because it gives the more natural complete French sentence while satisfying term.outpost=Avant-poste; product.starfield=Starfield."
"search.autocomplete.product","fr-FR","Product","FB9EF894175C327470F768D95CA7BEE65E19853A0EAACE3805F8A7B8A12270DA","Item search control, result, state flag, or accessibility instruction.","MEDIUM","","","","Produit","Produit","IDENTICAL","AGREED","Produit","Shared wording “Produit” independently approved for “Product” in its item search control, result, state flag, or accessibility instruction. role; meaning, terminology, and token safety were checked."
"search.autocomplete.resource","fr-FR","Resource","EB7A842FF958C49C6BB5AC2610915C41B9625D8BB553A87DEAFF5D1884430F34","Item search control, result, state flag, or accessibility instruction.","MEDIUM","","","","Ressource","Ressource","IDENTICAL","AGREED","Ressource","Shared wording “Ressource” independently approved for “Resource” in its item search control, result, state flag, or accessibility instruction. role; meaning, terminology, and token safety were checked."
"search.input.description","fr-FR","Type an item name or abbreviation, then confirm the item to search.","C803DDEE972FC87FE16A018031103C2B8931A0944CB6B84D03271C1226C2F9FC","Item search control, result, state flag, or accessibility instruction. This is accessible or instructional text.","MEDIUM","","","","Saisissez le nom ou l’abréviation d’un élément, puis confirmez l’élément à rechercher.","Saisissez le nom ou l'abréviation d'un élément, puis confirmez l'élément à rechercher.","TYPOGRAPHIC_ONLY","DEEPL","Saisissez le nom ou l'abréviation d'un élément, puis confirmez l'élément à rechercher.","DeepL chosen for “Type an item name or abbreviation, then confirm the item to search.” because its punctuation is the locale-appropriate presentation of the otherwise equivalent French wording."
"search.input.label","fr-FR","Search for resources or products in your outposts.","5503C57D0D797724DCCB827B724DBDA0FC47192929CC9BC7022E5793A287C9A1","Item search control, result, state flag, or accessibility instruction. This is a form or control label.","MEDIUM","","","term.outpost=Avant-poste","Recherche for resources or products in your avant-postes.","Recherchez des ressources ou des produits dans vos avant-postes.","SUBSTANTIVE","DEEPL","Recherchez des ressources ou des produits dans vos avant-postes.","DeepL chosen for “Search for resources or products in your outposts.” because it gives the more natural complete French sentence while satisfying term.outpost=Avant-poste."
"search.input.placeholder","fr-FR","Search resources or products","BB2BEF585C633AB7724C054DFF24AF17C79912DE8A4459A109E7F06546D3D694","Item search control, result, state flag, or accessibility instruction.","MEDIUM","","","","Recherche resources or products","Rechercher des ressources ou des produits","SUBSTANTIVE","DEEPL","Rechercher des ressources ou des produits","DeepL chosen for “Search resources or products” because it gives the clearer complete French rendering for the item search control, result, state flag, or accessibility instruction. role; the Codex draft is more literal or incomplete."
"search.results.close","fr-FR","Close Search Results","F96E828A9092B71523FBB3C9A567DAF6722E1245B6496CF2B914D45FAD6970CD","Item search control, result, state flag, or accessibility instruction.","MEDIUM","","","","Fermer Résultats de recherche","Fermer les résultats de recherche","SUBSTANTIVE","DEEPL","Fermer les résultats de recherche","DeepL chosen for “Close Search Results” because it gives the clearer complete French rendering for the item search control, result, state flag, or accessibility instruction. role; the Codex draft is more literal or incomplete."
"search.results.dragInstructions","fr-FR","Move Search Results with the arrow keys. Hold Shift for larger steps.","959897EA69410FC9E83C495B5FAC4989501BE59DFDF33F9FDCB8AAEE31E9DC25","Item search control, result, state flag, or accessibility instruction.","HIGH","","Shift","","Déplacez les résultats de recherche avec les touches fléchées. Maintenez Shift pour effectuer des déplacements plus importants.","Déplacez-vous dans les résultats de recherche à l'aide des touches fléchées. Maintenez la touche Maj enfoncée pour des déplacements plus importants.","INVALID_TOKENS","INVALID_DEEPL_REPAIRED","Déplacez les résultats de recherche avec les touches fléchées. Maintenez Shift pour effectuer des déplacements plus importants.","DeepL evidence is invalid because it removed or altered protected token “Shift”; the independently token-safe Codex wording was selected for “Move Search Results with the arrow keys. Hold Shift for larger steps.”, with exact placeholders and protected tokens restored."
"search.results.flag.exporting","fr-FR","Exporting","EB9B51193618C1A172014167484EF491D9E9BA6B222F0E4DD993F1339B7DFEC0","Item search control, result, state flag, or accessibility instruction.","MEDIUM","","","","Exportation","Exportation","IDENTICAL","AGREED","Exportation","Shared wording “Exportation” independently approved for “Exporting” in its item search control, result, state flag, or accessibility instruction. role; meaning, terminology, and token safety were checked."
"search.results.flag.importing","fr-FR","Importing","D252FFFACBF0370776D720324538A0E7F77D2A01267BBEEF6CD43378DC68605B","Item search control, result, state flag, or accessibility instruction.","MEDIUM","","","","Importation","Importer","SUBSTANTIVE","DEEPL","Importer","DeepL chosen for “Importing” because it gives the clearer complete French rendering for the item search control, result, state flag, or accessibility instruction. role; the Codex draft is more literal or incomplete."
"search.results.flag.missingInputs","fr-FR","Missing Inputs","24BFB7E5906EA9DC87390942ECA120511DF604A3703F2C4EE588151E94E0C02C","Search-result state flag meaning required recipe or organic-production inputs are unavailable.","HIGH","","","glossary.inputs=Intrants","Missing Intrants","Données manquantes","SUBSTANTIVE","CUSTOM","Intrants manquants","Custom wording used for “Missing Inputs” because the final denotes unavailable production inputs rather than empty form fields; final wording “Intrants manquants” was checked independently."
"search.results.flag.plannedSupply","fr-FR","Planned Supply","3748580A9E100E8B05D1F36B32346EDAA2DF422A8256FA71DF620ACFEA43E4AD","Item search control, result, state flag, or accessibility instruction.","MEDIUM","","","glossary.planned-supply=Approvisionnement planifié","Approvisionnement planifié","Approvisionnement prévu","SUBSTANTIVE","CODEX","Approvisionnement planifié","Codex chosen for “Planned Supply” because it applies the row's approved terminology (glossary.planned-supply=Approvisionnement planifié) more faithfully in context; the DeepL alternative was not adopted."
"search.results.flag.present","fr-FR","Present","43F9B89C0B9D22D8110EAD813EA3949F20592A8BFC3C777D2D49E64DA3B0CC9B","Search-result state flag meaning the item/resource exists or can exist at the outpost; not temporal “currently”.","HIGH","","","glossary.present=Présence","Présence","Actuel","SUBSTANTIVE","CODEX","Présence","Codex chosen for “Present” because the final preserves the locative presence sense and avoids a temporal reading; the DeepL alternative was not adopted."
"search.results.flag.producing","fr-FR","Producing","6205C14B87A9F7261B6078D0347AAA6998853CC7BE936390846C6F1B95BF0B56","Search-result state flag meaning configured active production, without a throughput claim.","HIGH","","","glossary.producing=En production","En production","En cours de production","SUBSTANTIVE","CODEX","En production","Codex chosen for “Producing” because the final denotes configured production without implying throughput; the DeepL alternative was not adopted."
"search.results.found","fr-FR","{searchItem} was found at {count} {count, plural, one {outpost} other {outposts}}.","CEC1C6BE530D72128E3C3B1F80BCD0302F86340CBB7E52365511ABDF269D0D0F","Item search control, result, state flag, or accessibility instruction.","HIGH","count; searchItem","","term.outpost=Avant-poste","{searchItem} a été trouvé dans {count} {count, plural, one {outpost} other {outposts}}.","{searchItem} a été trouvé dans {count} {count, pluriel, un {avant-poste} ou d'autres {avant-postes}}.","INVALID_TOKENS","INVALID_DEEPL_REPAIRED","{searchItem} a été trouvé dans {count} {count, plural, one {avant-poste} other {avant-postes}}.","DeepL evidence is invalid because it translated or damaged the stable placeholder identifiers; the wording was repaired or replaced editorially for “{searchItem} was found at {count} {count, plural, one {outpost} other {outposts}}.”, with exact placeholders and protected tokens restored."
"search.results.notFound","fr-FR","{searchItem} was not found at any outpost.","6325CC94B352FEBCD190C61B84407AF02FFF65652F2F3945547C7FE702472233","Item search control, result, state flag, or accessibility instruction.","MEDIUM","searchItem","","term.outpost=Avant-poste","{searchItem} n’a été trouvé dans aucun avant-poste.","{searchItem} n'a été trouvé dans aucun avant-poste.","TYPOGRAPHIC_ONLY","DEEPL","{searchItem} n'a été trouvé dans aucun avant-poste.","DeepL chosen for “{searchItem} was not found at any outpost.” because its punctuation is the locale-appropriate presentation of the otherwise equivalent French wording."
"search.results.title","fr-FR","Search Results","39414102545E7861AEC25ED038FCB11AAFB75B34686705063F2A8FF268CBD368","Item search control, result, state flag, or accessibility instruction. This is a visible heading.","MEDIUM","","","","Résultats de recherche","Résultats de la recherche","SUBSTANTIVE","DEEPL","Résultats de la recherche","DeepL chosen for “Search Results” because it gives the clearer complete French rendering for the item search control, result, state flag, or accessibility instruction role; the Codex draft is more literal or incomplete."
"search.submit","fr-FR","Search for item","C33D54FDF7B51A525DEA1D4120CC4AD9AE71A9469DBD27A55C818275D425312C","Item search control, result, state flag, or accessibility instruction.","MEDIUM","","","","Recherche for item","Rechercher un objet","SUBSTANTIVE","DEEPL","Rechercher un objet","DeepL chosen for “Search for item” because it gives the clearer complete French rendering for the item search control, result, state flag, or accessibility instruction. role; the Codex draft is more literal or incomplete."
"shortcuts.action.addCargoLink","fr-FR","Add Cargo Link","85D0825E6F01A2CCB8FEBC0E71B2AFBD88E531B21869CBCDA43054E1F0D62520","Tracker-authored application message.","HIGH","","","term.cargo-link=Liaison","Ajouter Liaison","Ajouter un lien de fret","SUBSTANTIVE","CUSTOM","Ajouter une liaison","Custom wording used for “Add Cargo Link” because neither candidate combined natural French grammar with all approved terminology (term.cargo-link=Liaison); final wording “Ajouter une liaison” was checked independently."
"shortcuts.action.addOutpost","fr-FR","Add outpost","E918451B6D2EC69126402B9C3D175CBCF5114A80163A34073D64D10FE29E5D0A","Tracker-authored application message.","HIGH","","","term.outpost=Avant-poste","Ajouter un avant-poste","Ajouter un avant-poste","IDENTICAL","AGREED","Ajouter un avant-poste","Shared wording “Ajouter un avant-poste” independently approved for “Add outpost” in its tracker-authored application message. role; meaning, terminology, and token safety were checked."
"shortcuts.action.collapseAllCargoLinks","fr-FR","Collapse All","55988E28A4E8720A588C5C53FD47616D929A404D3D2AF7E6F8BA313DCE6DC3E4","Tracker-authored application message.","HIGH","","","","Réduire Tous","Réduire tout","SUBSTANTIVE","DEEPL","Réduire tout","DeepL chosen for “Collapse All” because it gives the clearer complete French rendering for the tracker-authored application message. role; the Codex draft is more literal or incomplete."
"shortcuts.action.expandAllCargoLinks","fr-FR","Expand All","9F5B023A413A7D0771CC3FB51B103DC0AAAAFE8F7B7C88C7258D43E3BC5B243D","Tracker-authored application message.","HIGH","","","","Développer Tous","Tout développer","SUBSTANTIVE","DEEPL","Tout développer","DeepL chosen for “Expand All” because it gives the clearer complete French rendering for the tracker-authored application message. role; the Codex draft is more literal or incomplete."
"shortcuts.action.export","fr-FR","Export","3664895579F0A7E68C4AA09C91316E20239BC74499010E6423ECE40CAD7C28F7","Tracker-authored application message.","HIGH","","","glossary.file-import-export=Importer / Exporter","Exporter","Exporter","IDENTICAL","AGREED","Exporter","Shared wording “Exporter” independently approved for “Export” in its tracker-authored application message. role; meaning, terminology, and token safety were checked."
"shortcuts.action.focusCargoLinks","fr-FR","Focus Cargo Links","F4802247A8CF7C50951763056B87DE24F432E305AD819ECB78EC62CDBDB9CCEC","Tracker-authored application message.","HIGH","","","term.cargo-link=Liaison","Placer le focus sur Liaisons","Liens de fret à surveiller","SUBSTANTIVE","CUSTOM","Placer le focus sur les liaisons","Custom wording used for “Focus Cargo Links” because neither candidate combined natural French grammar with all approved terminology (term.cargo-link=Liaison); final wording “Placer le focus sur les liaisons” was checked independently."
"shortcuts.action.focusFirstInorganic","fr-FR","Inorganic","897FDA90A70D9858F75D9CBD82D0E8F76C5D41753289E3FF619EB61863A5E91F","Keyboard-shortcut action label that focuses the first inorganic-resource control.","HIGH","","","glossary.inorganic=Inorganique","Inorganique","Non organique","SUBSTANTIVE","CODEX","Inorganique","Codex chosen for “Inorganic” because it is the clearer idiomatic French wording for the keyboard-shortcut action label that focuses the first inorganic-resource control. role; the DeepL alternative was not adopted."
"shortcuts.action.focusFirstOrganic","fr-FR","Organic","89B8CB68F4EDD75B5FB10DA9CC85802C15214A84CDA6D2F2D841BDF80E7109D3","Keyboard-shortcut action label that focuses the first organic-resource control.","HIGH","","","glossary.organic=Organique","Organique","Organiques","SUBSTANTIVE","CODEX","Organique","Codex chosen for “Organic” because it is the clearer idiomatic French wording for the keyboard-shortcut action label that focuses the first organic-resource control. role; the DeepL alternative was not adopted."
"shortcuts.action.focusManufacturingAction","fr-FR","Manufacturing","C6838ED989FD7D93BA9023466783C95230843EE13ACAFD63A355F9AD766CC39F","Keyboard-shortcut action label that focuses the manufacturing action control.","HIGH","","","glossary.manufacturing=Fabrication","Fabrication","Fabrication","IDENTICAL","AGREED","Fabrication","Shared wording “Fabrication” independently approved for “Manufacturing” in its keyboard-shortcut action label that focuses the manufacturing action control. role; meaning, terminology, and token safety were checked."
"shortcuts.action.focusNavigation","fr-FR","Focus Navigation","24472FE6FC2068AE80EFF6E0200D0189608B8827654850B8397875246837836A","Tracker-authored application message.","HIGH","","","","Placer le focus sur Navigation","Navigation Focus","SUBSTANTIVE","CUSTOM","Placer le focus sur la navigation","Custom wording used for “Focus Navigation” because neither candidate fully matched the tracker-authored application message. role and source meaning; final wording “Placer le focus sur la navigation” was checked independently."
"shortcuts.action.focusOutpostDetails","fr-FR","Focus Outpost Details","1EFC75B03DE8E0E05C3B26A40DF970DF16DBDED6A4BA7EF135D77C3CE32FC8A1","Tracker-authored application message.","HIGH","","","term.outpost=Avant-poste","Placer le focus sur Détails de l’avant-poste","Détails de l'avant-poste Focus","SUBSTANTIVE","CUSTOM","Placer le focus sur les détails de l’avant-poste","Custom wording used for “Focus Outpost Details” because neither candidate combined natural French grammar with all approved terminology (term.outpost=Avant-poste); final wording “Placer le focus sur les détails de l’avant-poste” was checked independently."
"shortcuts.action.focusPlannedSupply","fr-FR","Focus Planned Supply","8D7B0DB327DEFC26813D63F99B86FA49AE857C96BE45378D63C8AABCBEBCEB76","Tracker-authored application message.","HIGH","","","glossary.planned-supply=Approvisionnement planifié","Placer le focus sur Approvisionnement planifié","Offre prévue pour Focus","SUBSTANTIVE","CUSTOM","Placer le focus sur l’approvisionnement planifié","Custom wording used for “Focus Planned Supply” because neither candidate combined natural French grammar with all approved terminology (glossary.planned-supply=Approvisionnement planifié); final wording “Placer le focus sur l’approvisionnement planifié” was checked independently."
"shortcuts.action.focusResourceMatrix","fr-FR","Focus Resource Matrix","44E81583C2EBFA1AB02EDC63051DC5F04255344AA71DC1E9E51DFE53790E0360","Tracker-authored application message.","HIGH","","","glossary.resource-matrix=Matrice des ressources","Placer le focus sur Matrice des ressources","Matrice des ressources « Focus »","SUBSTANTIVE","CUSTOM","Placer le focus sur la matrice des ressources","Custom wording used for “Focus Resource Matrix” because neither candidate combined natural French grammar with all approved terminology (glossary.resource-matrix=Matrice des ressources); final wording “Placer le focus sur la matrice des ressources” was checked independently."
"shortcuts.action.focusSearch","fr-FR","Focus Search for Items","E51E72ED7EE8D908AA73626008C669625DC40E93D93CDBA207878E19975593EE","Tracker-authored application message.","HIGH","","","","Placer le focus sur Recherche for Items","Recherche ciblée d'éléments","SUBSTANTIVE","CUSTOM","Placer le focus sur la recherche d’éléments","Custom wording used for “Focus Search for Items” because neither candidate fully matched the tracker-authored application message. role and source meaning; final wording “Placer le focus sur la recherche d’éléments” was checked independently."
"shortcuts.action.focusSearchResults","fr-FR","Focus Search Results","FFEBFB20EA12F539C80BA1E36EAB2032B8F122C506A16FA3F78C8DEE8BD445D9","Tracker-authored application message.","HIGH","","","","Placer le focus sur Résultats de recherche","Résultats de la recherche Focus","SUBSTANTIVE","CUSTOM","Placer le focus sur les résultats de recherche","Custom wording used for “Focus Search Results” because neither candidate fully matched the tracker-authored application message. role and source meaning; final wording “Placer le focus sur les résultats de recherche” was checked independently."
"shortcuts.action.import","fr-FR","Import","2CFF9BAABF56CA002610E113BC94DEB6EDEDDDFC3C130365B6E88ED5195BF774","Tracker-authored application message.","HIGH","","","glossary.file-import-export=Importer / Exporter","Importer","Importer","IDENTICAL","AGREED","Importer","Shared wording “Importer” independently approved for “Import” in its tracker-authored application message. role; meaning, terminology, and token safety were checked."
"shortcuts.action.nextOutpost","fr-FR","Next outpost","DEF30461A56CB316B7129F4AC1BB0C120E21E68BBD25E48CFBF05CAF9CDFB87D","Tracker-authored application message.","HIGH","","","term.outpost=Avant-poste","Suivant avant-poste","Avant-poste suivant","SUBSTANTIVE","DEEPL","Avant-poste suivant","DeepL chosen for “Next outpost” because it gives the more natural complete French sentence while satisfying term.outpost=Avant-poste."
"shortcuts.action.previousOutpost","fr-FR","Previous outpost","7E593746F34E85C483B84F1A22D6BB02BFCB9596C3245646C40FB6ABE47FEBCD","Tracker-authored application message.","HIGH","","","term.outpost=Avant-poste","Précédent avant-poste","Avant-poste précédent","SUBSTANTIVE","DEEPL","Avant-poste précédent","DeepL chosen for “Previous outpost” because it gives the more natural complete French sentence while satisfying term.outpost=Avant-poste."
"shortcuts.action.redo","fr-FR","Redo","74273989B0966E2369B6D01AADB23AF4AD6A9E724643FA88F2BDE99202A36708","Tracker-authored application message.","HIGH","","","glossary.undo-redo=Annuler / Rétablir","Rétablir","Rétablir","IDENTICAL","AGREED","Rétablir","Shared wording “Rétablir” independently approved for “Redo” in its tracker-authored application message. role; meaning, terminology, and token safety were checked."
"shortcuts.action.toggleNavigation","fr-FR","Show/hide Navigation","7937955816AED06A1A324E2CE9ABA0262F65EDD01DD361D8080B3A60FB0D3A22","Tracker-authored application message.","HIGH","","","","Afficher/hide Navigation","Afficher/masquer la navigation","SUBSTANTIVE","DEEPL","Afficher/masquer la navigation","DeepL chosen for “Show/hide Navigation” because it gives the clearer complete French rendering for the tracker-authored application message. role; the Codex draft is more literal or incomplete."
"shortcuts.action.toggleValidation","fr-FR","Toggle Validation details","90928F457C0204375D13F06546F74A81ECB1ABE84E0AE421726A42F2D6859608","Tracker-authored application message.","HIGH","","","glossary.validation=Validation","Basculer Validation détails","Afficher/masquer les détails de validation","SUBSTANTIVE","DEEPL","Afficher/masquer les détails de validation","DeepL chosen for “Toggle Validation details” because it gives the more natural complete French sentence while satisfying glossary.validation=Validation."
"shortcuts.action.undo","fr-FR","Undo","A8283ADE31856F71220DB0E6F60A257C6889DC4DAD0F275F66AD44B9ED9BF8D5","Tracker-authored application message.","HIGH","","","glossary.undo-redo=Annuler / Rétablir","Annuler","Annuler","IDENTICAL","AGREED","Annuler","Shared wording “Annuler” independently approved for “Undo” in its tracker-authored application message. role; meaning, terminology, and token safety were checked."
"shortcuts.closeDialog","fr-FR","Close Keyboard Shortcuts dialog","7AD19E9AA61D97954761BDB3A883E60D71A78B7DF3887C8B172CC6BF9CA4C8E2","Tracker-authored application message.","HIGH","","","","Fermer Raccourcis clavier dialog","Fermer la boîte de dialogue « Raccourcis clavier »","SUBSTANTIVE","DEEPL","Fermer la boîte de dialogue « Raccourcis clavier »","DeepL chosen for “Close Keyboard Shortcuts dialog” because it gives the clearer complete French rendering for the tracker-authored application message. role; the Codex draft is more literal or incomplete."
"shortcuts.group.cargoLinks","fr-FR","Cargo Links","E9B8BE501BF399617C9333EAD8AF1489FBC8A33BC7E250C52EE05609CE8CB30F","Tracker-authored application message.","HIGH","","","term.cargo-link=Liaison","Liaisons","Liens Cargo","SUBSTANTIVE","CODEX","Liaisons","Codex chosen for “Cargo Links” because it applies the row's approved terminology (term.cargo-link=Liaison) more faithfully in context; the DeepL alternative was not adopted."
"shortcuts.group.history","fr-FR","History","0E769600933790607B2A13B33DDFADE0FA17810EB62C3B28EE23E59516516491","Tracker-authored application message.","HIGH","","","","Historique","Historique","IDENTICAL","AGREED","Historique","Shared wording “Historique” independently approved for “History” in its tracker-authored application message. role; meaning, terminology, and token safety were checked."
"shortcuts.group.importExport","fr-FR","Import / Export","6E061FABEF2190A6D7CB2576AE2B9DF184C8C6243C1156A860DBA3DAA5B4763B","Tracker-authored application message.","HIGH","","","glossary.file-import-export=Importer / Exporter","Importer / Exporter","Importation / Exportation","SUBSTANTIVE","CODEX","Importer / Exporter","Codex chosen because the file-operation heading uses the approved action wording; the competing wording contradicted or omitted the approved glossary sense."
"shortcuts.group.outpostNavigation","fr-FR","Outpost Navigation","BC71DCA632083ECF778E6CA2974F907E215DBDFC9D0C18C9838EEDDD1E5D3714","Tracker-authored application message.","HIGH","","","term.outpost=Avant-poste","Navigation des avant-postes","Navigation dans les avant-postes","SUBSTANTIVE","DEEPL","Navigation dans les avant-postes","DeepL chosen for “Outpost Navigation” because it gives the more natural complete French sentence while satisfying term.outpost=Avant-poste."
"shortcuts.group.resourceMatrix","fr-FR","Resource Matrix","0FF84E3776BFD5BC3F7CB4E19082D8AF196D2FE785AA1368744C9A46FAEA6569","Tracker-authored application message.","HIGH","","","glossary.resource-matrix=Matrice des ressources","Matrice des ressources","Matrice des ressources","IDENTICAL","AGREED","Matrice des ressources","Shared wording “Matrice des ressources” independently approved for “Resource Matrix” in its tracker-authored application message. role; meaning, terminology, and token safety were checked."
"shortcuts.group.search","fr-FR","Search","49C266BAAAA70981EA188FA714D5C40CF13830D786A861C9943AE0D26A7F3FE9","Tracker-authored application message.","HIGH","","","","Recherche","Recherche","IDENTICAL","AGREED","Recherche","Shared wording “Recherche” independently approved for “Search” in its tracker-authored application message. role; meaning, terminology, and token safety were checked."
"shortcuts.group.validation","fr-FR","Validation","68E1CA575295BB5604FEA711B5D2EFF44006CE4BD985481083A76B71FCE0DAEF","Tracker-authored application message.","HIGH","","","glossary.validation=Validation","Validation","Validation","IDENTICAL","AGREED","Validation","Shared wording “Validation” independently approved for “Validation” in its tracker-authored application message. role; meaning, terminology, and token safety were checked."
"shortcuts.group.workspace","fr-FR","Workspace","87BB59BA2F92F2A5A9F13E021FD58DD14AE5C065B1046146875E6E68D5EBC8B7","Tracker-authored application message.","HIGH","","","","Espace de travail","Espace de travail","IDENTICAL","AGREED","Espace de travail","Shared wording “Espace de travail” independently approved for “Workspace” in its tracker-authored application message. role; meaning, terminology, and token safety were checked."
"shortcuts.introduction","fr-FR","Global commands available throughout the application. Shortcuts yield to text editing and open dialogs where appropriate.","B84701CD597E0FCBEDAFB7592E3FDA66951E66E3C4CA6334E697F2A85B09D179","Tracker-authored application message.","HIGH","","","","Commandes globales disponibles dans toute l’application. Les raccourcis laissent la priorité à la saisie de texte et aux boîtes de dialogue ouvertes, le cas échéant.","Commandes globales disponibles dans toute l'application. Les raccourcis permettent d'accéder à l'édition de texte et d'ouvrir des boîtes de dialogue lorsque cela est nécessaire.","SUBSTANTIVE","CODEX","Commandes globales disponibles dans toute l’application. Les raccourcis laissent la priorité à la saisie de texte et aux boîtes de dialogue ouvertes, le cas échéant.","Codex chosen for “Global commands available throughout the application. Shortcuts yield to text editing and…” because it is the clearer idiomatic French wording for the tracker-authored application message. role; the DeepL alternative was not adopted."
"shortcuts.title","fr-FR","Keyboard Shortcuts","59CDAA26DD9DCD4CBCDED97A7B91029B396BCFDBFD927356FACBEB163283A3DF","Tracker-authored application message. This is a visible heading.","HIGH","","","","Raccourcis clavier","Raccourcis clavier","IDENTICAL","AGREED","Raccourcis clavier","Shared wording “Raccourcis clavier” independently approved for “Keyboard Shortcuts” in its tracker-authored application message role; meaning, terminology, and token safety were checked."
"status.dismiss","fr-FR","Dismiss status message","94752DF4A3AFA627C0EB04C2EBBEDA43BD3439B39B60AE69239B863D2DCB4B75","Status bar, import/export feedback, or reference-data feedback.","MEDIUM","","","","Fermer status message","Fermer le message d'état","SUBSTANTIVE","DEEPL","Fermer le message d'état","DeepL chosen for “Dismiss status message” because it gives the clearer complete French rendering for the status bar, import/export feedback, or reference-data feedback. role; the Codex draft is more literal or incomplete."
"status.dismiss.short","fr-FR","Dismiss","48845BFF334A50A59AAECF499F28A7A24C3B4B891B8B18A9F1169AD8E8A6B261","Status bar, import/export feedback, or reference-data feedback.","MEDIUM","","","","Fermer","Fermer","IDENTICAL","AGREED","Fermer","Shared wording “Fermer” independently approved for “Dismiss” in its status bar, import/export feedback, or reference-data feedback. role; meaning, terminology, and token safety were checked."
"status.drag.reorder","fr-FR","Drop to reorder · Esc to cancel","04DBC72920C2D3478E8566409B94F9FA5E979C63806DC33C25C9915DCC6E0B29","Status bar, import/export feedback, or reference-data feedback.","MEDIUM","","Esc","","Drop to reorder · Esc to annuler","Glisser pour réorganiser · Esc pour annuler","SUBSTANTIVE","DEEPL","Glisser pour réorganiser · Esc pour annuler","DeepL chosen for “Drop to reorder · Esc to cancel” because it gives the clearer complete French rendering for the status bar, import/export feedback, or reference-data feedback. role; the Codex draft is more literal or incomplete."
"status.export.success","fr-FR","Exported {fileName}.","51AA2FC44EBE53A80B7C2B4ACED6E02128DAC8591B73F3D3663AECD4183DEE0D","Status bar, import/export feedback, or reference-data feedback.","MEDIUM","fileName","","glossary.file-import-export=Importer / Exporter","Exporté {fileName}.","{fichier} exporté.","INVALID_TOKENS","INVALID_DEEPL_REPAIRED","{fileName} exporté.","DeepL evidence is invalid because it translated or damaged the stable placeholder identifiers; the wording was repaired or replaced editorially for “Exported {fileName}.”, with exact placeholders and protected tokens restored."
"status.import.aggregateLimitExceeded","fr-FR","This import contains too many items to open safely.","315AC334305B4FDC6E77D2CE6E1EE6B309A81078DAEA605265B16F152F223F9B","Status bar, import/export feedback, or reference-data feedback.","MEDIUM","","","glossary.file-import-export=Importer / Exporter","This import contient too many items to open safely.","Cette importation contient trop d'éléments pour être ouverte en toute sécurité.","SUBSTANTIVE","DEEPL","Cette importation contient trop d'éléments pour être ouverte en toute sécurité.","DeepL chosen for “This import contains too many items to open safely.” because it gives the clearer complete French rendering for the status bar, import/export feedback, or reference-data feedback. role; the Codex draft is more literal or incomplete."
"status.import.arrayLimitExceeded","fr-FR","This import contains too many items in one section.","A98517EB47338D0060C99A3B4C4497BA8064341BD2F207566A76A53557D85C9A","Status bar, import/export feedback, or reference-data feedback.","MEDIUM","","","glossary.file-import-export=Importer / Exporter","This import contient too many items in one section.","Cette importation contient trop d'éléments dans une seule section.","SUBSTANTIVE","DEEPL","Cette importation contient trop d'éléments dans une seule section.","DeepL chosen for “This import contains too many items in one section.” because it gives the clearer complete French rendering for the status bar, import/export feedback, or reference-data feedback. role; the Codex draft is more literal or incomplete."
"status.import.duplicateNetworkId","fr-FR","The selected collection contains duplicate network ID ""{id}"".","91035A72894723B9589D43C2AA37D0A3B2D5B91D4C70B3CC7E7F9ACAFC6233C5","Status bar, import/export feedback, or reference-data feedback.","MEDIUM","id","ID","glossary.network=Réseau; glossary.file-import-export=Importer / Exporter","The collection sélectionnée contient duplicate réseau ID ""{id}"".","La collection sélectionnée contient un ID de réseau en double « {id} ».","SUBSTANTIVE","DEEPL","La collection sélectionnée contient un ID de réseau en double « {id} ».","DeepL chosen for “The selected collection contains duplicate network ID ""{id}"".” because it gives the clearer complete French rendering for the status bar, import/export feedback, or reference-data feedback. role; the Codex draft is more literal or incomplete."
"status.import.emptyCollection","fr-FR","The selected collection does not contain any networks.","E7269044472AB120758726D2A7C0990ED93D5748D2F569051841FA9A0518D52A","Status bar, import/export feedback, or reference-data feedback.","MEDIUM","","","glossary.network=Réseau; glossary.file-import-export=Importer / Exporter","The collection sélectionnée ne contient pas any networks.","La collection sélectionnée ne contient aucun réseau.","SUBSTANTIVE","DEEPL","La collection sélectionnée ne contient aucun réseau.","DeepL chosen for “The selected collection does not contain any networks.” because it gives the clearer complete French rendering for the status bar, import/export feedback, or reference-data feedback. role; the Codex draft is more literal or incomplete."
"status.import.failed","fr-FR","Import failed for {fileName}: {reason}","D3FB408CD70B6735432BA3876C00A4C80909818B90AB34B7D19B4DD4B9A4139B","Status bar, import/export feedback, or reference-data feedback.","HIGH","fileName; reason","","glossary.file-import-export=Importer / Exporter","Importer failed for {fileName}: {reason}","Échec de l'importation de {fileName} : {reason}","SUBSTANTIVE","DEEPL","Échec de l'importation de {fileName} : {reason}","DeepL chosen for “Import failed for {fileName}: {reason}” because it gives the clearer complete French rendering for the status bar, import/export feedback, or reference-data feedback. role; the Codex draft is more literal or incomplete."
"status.import.fileTooLarge","fr-FR","This import is too large to open safely.","F52959415C0D566021375CABF4E3A7F283223439D0A0D4BA9C30395813B66EC0","Status bar, import/export feedback, or reference-data feedback.","MEDIUM","","","glossary.file-import-export=Importer / Exporter","Cette importation est trop volumineuse pour être ouverte en toute sécurité.","Cet import est trop volumineux pour être ouvert en toute sécurité.","SUBSTANTIVE","DEEPL","Cet import est trop volumineux pour être ouvert en toute sécurité.","DeepL chosen for “This import is too large to open safely.” because it gives the clearer complete French rendering for the status bar, import/export feedback, or reference-data feedback. role; the Codex draft is more literal or incomplete."
"status.import.invalid","fr-FR","The selected file could not be imported.","F57E852DBDF8D227D7235E37453E633147660194DE95861C6AA1FC2C19A9F61F","Status bar, import/export feedback, or reference-data feedback.","MEDIUM","","","glossary.file-import-export=Importer / Exporter","The fichier sélectionné n’a pas pu être imported.","Le fichier sélectionné n'a pas pu être importé.","SUBSTANTIVE","DEEPL","Le fichier sélectionné n'a pas pu être importé.","DeepL chosen for “The selected file could not be imported.” because it gives the clearer complete French rendering for the status bar, import/export feedback, or reference-data feedback. role; the Codex draft is more literal or incomplete."
"status.import.invalidCapabilities","fr-FR","The selected file contains invalid character capability data.","900B1DE022A8D5C5ECFAD8DAC2D811B438B9CE4B48B79362813CAF63C5F4D3CD","Status bar, import/export feedback, or reference-data feedback.","MEDIUM","","","glossary.file-import-export=Importer / Exporter","The fichier sélectionné contient incorrect character capability data.","Le fichier sélectionné contient des données de capacités de caractères non valides.","SUBSTANTIVE","DEEPL","Le fichier sélectionné contient des données de capacités de caractères non valides.","DeepL chosen for “The selected file contains invalid character capability data.” because it gives the clearer complete French rendering for the status bar, import/export feedback, or reference-data feedback. role; the Codex draft is more literal or incomplete."
"status.import.invalidCargoPad","fr-FR","The selected file contains an invalid cargo link.","80E6B31E945456F78A0D4D3C17FCA4E361E932AB067C78E1741EC72C7167CACF","Status bar, import/export feedback, or reference-data feedback.","MEDIUM","","","term.cargo-link=Liaison; glossary.file-import-export=Importer / Exporter","The fichier sélectionné contient an incorrect liaison.","Le fichier sélectionné contient un lien Cargo non valide.","SUBSTANTIVE","CUSTOM","Le fichier sélectionné contient une liaison non valide.","Custom wording used for “The selected file contains an invalid cargo link.” because neither candidate combined natural French grammar with all approved terminology (term.cargo-link=Liaison); final wording “Le fichier sélectionné contient une liaison non valide.” was checked independently."
"status.import.invalidCharacter","fr-FR","The selected file contains invalid character data.","BD5ED70C6173FF383408C7A38FCC554BE508D3E9D9CD39CC95B3BC8D1E68DCED","Status bar, import/export feedback, or reference-data feedback.","MEDIUM","","","glossary.file-import-export=Importer / Exporter","The fichier sélectionné contient incorrect character data.","Le fichier sélectionné contient des données de caractères non valides.","SUBSTANTIVE","DEEPL","Le fichier sélectionné contient des données de caractères non valides.","DeepL chosen for “The selected file contains invalid character data.” because it gives the clearer complete French rendering for the status bar, import/export feedback, or reference-data feedback. role; the Codex draft is more literal or incomplete."
"status.import.invalidCollection","fr-FR","The selected file is not a valid network collection.","BC66E649584981FB39CC26D61A389E2EAE742D59E4370E8B75A20E07232D5DB0","Status bar, import/export feedback, or reference-data feedback.","MEDIUM","","","glossary.network=Réseau; glossary.file-import-export=Importer / Exporter","The fichier sélectionné is not a valid réseau collection.","Le fichier sélectionné n'est pas une collection réseau valide.","SUBSTANTIVE","DEEPL","Le fichier sélectionné n'est pas une collection réseau valide.","DeepL chosen for “The selected file is not a valid network collection.” because it gives the clearer complete French rendering for the status bar, import/export feedback, or reference-data feedback. role; the Codex draft is more literal or incomplete."
"status.import.invalidExplicitPresence","fr-FR","The selected file contains invalid explicit resource presence data.","6D950D361F054D9460158DC85EC415B833AA7A17158D013089F02D5A71A750DB","Status bar, import/export feedback, or reference-data feedback.","MEDIUM","","","glossary.file-import-export=Importer / Exporter","The fichier sélectionné contient incorrect présence explicite de ressources data.","Le fichier sélectionné contient des données de présence de ressources explicites non valides.","SUBSTANTIVE","DEEPL","Le fichier sélectionné contient des données de présence de ressources explicites non valides.","DeepL chosen for “The selected file contains invalid explicit resource presence data.” because it gives the clearer complete French rendering for the status bar, import/export feedback, or reference-data feedback. role; the Codex draft is more literal or incomplete."
"status.import.invalidIdentity","fr-FR","The selected file contains an empty or duplicate stable identifier.","C9292F13386F46BB1F806B5ECDF57383D948809E7A468BB445BC0C67347B10BB","Status bar, import/export feedback, or reference-data feedback.","MEDIUM","","","glossary.file-import-export=Importer / Exporter","The fichier sélectionné contient an empty or duplicate stable identifier.","Le fichier sélectionné contient un identifiant stable vide ou en double.","SUBSTANTIVE","DEEPL","Le fichier sélectionné contient un identifiant stable vide ou en double.","DeepL chosen for “The selected file contains an empty or duplicate stable identifier.” because it gives the clearer complete French rendering for the status bar, import/export feedback, or reference-data feedback. role; the Codex draft is more literal or incomplete."
"status.import.invalidJson","fr-FR","The selected file does not contain valid JSON.","DD6FEB84D5535C61CC0FD35E39359A85A7F9882D1892BB4886B279770E414A7E","Status bar, import/export feedback, or reference-data feedback.","MEDIUM","","JSON","glossary.file-import-export=Importer / Exporter","The fichier sélectionné ne contient pas valid JSON.","Le fichier sélectionné ne contient pas de JSON valide.","SUBSTANTIVE","DEEPL","Le fichier sélectionné ne contient pas de JSON valide.","DeepL chosen for “The selected file does not contain valid JSON.” because it gives the clearer complete French rendering for the status bar, import/export feedback, or reference-data feedback. role; the Codex draft is more literal or incomplete."
"status.import.invalidNetwork","fr-FR","The selected file is not a valid outpost network.","8FD34F0BDDEB12638C2761BD955B5DDF84788A3599AD8776A8E61F224AFFC41F","Status bar, import/export feedback, or reference-data feedback.","MEDIUM","","","term.outpost=Avant-poste; glossary.network=Réseau; glossary.file-import-export=Importer / Exporter","The fichier sélectionné is not a valid avant-poste réseau.","Le fichier sélectionné ne correspond pas à un réseau d'avant-postes valide.","SUBSTANTIVE","DEEPL","Le fichier sélectionné ne correspond pas à un réseau d'avant-postes valide.","DeepL chosen for “The selected file is not a valid outpost network.” because it gives the more natural complete French sentence while satisfying term.outpost=Avant-poste."
"status.import.invalidOutpost","fr-FR","The selected file contains an invalid outpost.","4A0A96AD5328DE1716C0FB0301941D5D67914AF561C0FC6C0A8892A4BC1B641F","Status bar, import/export feedback, or reference-data feedback.","MEDIUM","","","term.outpost=Avant-poste; glossary.file-import-export=Importer / Exporter","The fichier sélectionné contient an incorrect avant-poste.","Le fichier sélectionné contient un avant-poste non valide.","SUBSTANTIVE","DEEPL","Le fichier sélectionné contient un avant-poste non valide.","DeepL chosen for “The selected file contains an invalid outpost.” because it gives the more natural complete French sentence while satisfying term.outpost=Avant-poste."
"status.import.invalidSkills","fr-FR","The selected file contains invalid character skill data.","F7470064AA2C994A5772856BD799B9B244ACF52CF1EF9B68B0D05F11338735C8","Status bar, import/export feedback, or reference-data feedback.","MEDIUM","","","glossary.file-import-export=Importer / Exporter","The fichier sélectionné contient incorrect character skill data.","Le fichier sélectionné contient des données de compétences de personnages non valides.","SUBSTANTIVE","DEEPL","Le fichier sélectionné contient des données de compétences de personnages non valides.","DeepL chosen for “The selected file contains invalid character skill data.” because it gives the clearer complete French rendering for the status bar, import/export feedback, or reference-data feedback. role; the Codex draft is more literal or incomplete."
"status.import.invalidStructure","fr-FR","The selected file contains malformed network data.","4DA93EEF49FE417BC9C4E0AFAE91FB6E81286154C45887C345D60CB0A8E962C9","Status bar, import/export feedback, or reference-data feedback.","MEDIUM","","","glossary.network=Réseau; glossary.file-import-export=Importer / Exporter","The fichier sélectionné contient malformed réseau data.","Le fichier sélectionné contient des données de réseau mal formées.","SUBSTANTIVE","DEEPL","Le fichier sélectionné contient des données de réseau mal formées.","DeepL chosen for “The selected file contains malformed network data.” because it gives the clearer complete French rendering for the status bar, import/export feedback, or reference-data feedback. role; the Codex draft is more literal or incomplete."
"status.import.malformedEntry","fr-FR","The selected collection contains a malformed network entry.","B2D75C5EB9F6C0542BA76BE66309F8CAA88C3E55CE91BEB7356C557080F6A8F1","Status bar, import/export feedback, or reference-data feedback.","MEDIUM","","","glossary.network=Réseau; glossary.file-import-export=Importer / Exporter","The collection sélectionnée contient a malformed réseau entry.","La collection sélectionnée contient une entrée de réseau mal formée.","SUBSTANTIVE","DEEPL","La collection sélectionnée contient une entrée de réseau mal formée.","DeepL chosen for “The selected collection contains a malformed network entry.” because it gives the clearer complete French rendering for the status bar, import/export feedback, or reference-data feedback. role; the Codex draft is more literal or incomplete."
"status.import.readFailed","fr-FR","The selected file could not be read.","3345DD67F1A33EC68CCD43BB945635E2E73480388F530D4DA81D48CEA751608D","Status bar, import/export feedback, or reference-data feedback.","MEDIUM","","","glossary.file-import-export=Importer / Exporter","The fichier sélectionné n’a pas pu être read.","Le fichier sélectionné n'a pas pu être lu.","SUBSTANTIVE","DEEPL","Le fichier sélectionné n'a pas pu être lu.","DeepL chosen for “The selected file could not be read.” because it gives the clearer complete French rendering for the status bar, import/export feedback, or reference-data feedback. role; the Codex draft is more literal or incomplete."
"status.import.stringTooLong","fr-FR","This import contains a text value that is too long.","3AA1FBFEECFDD6A6273A51BC3B923AA36BCF4EBFF8CD688086485F22D5A549B8","Status bar, import/export feedback, or reference-data feedback.","MEDIUM","","","glossary.file-import-export=Importer / Exporter","This import contient a text value that is too long.","Cette importation contient une valeur textuelle trop longue.","SUBSTANTIVE","DEEPL","Cette importation contient une valeur textuelle trop longue.","DeepL chosen for “This import contains a text value that is too long.” because it gives the clearer complete French rendering for the status bar, import/export feedback, or reference-data feedback. role; the Codex draft is more literal or incomplete."
"status.import.success","fr-FR","Imported {fileName}.","361B33E2DFEB7D4A86AF74DC9697F2C5FDF80431482DF7A17F704E1580BF4B6D","Status bar, import/export feedback, or reference-data feedback.","MEDIUM","fileName","","glossary.file-import-export=Importer / Exporter","Importé {fileName}.","Importation de {fileName} effectuée.","SUBSTANTIVE","DEEPL","Importation de {fileName} effectuée.","DeepL chosen for “Imported {fileName}.” because it gives the clearer complete French rendering for the status bar, import/export feedback, or reference-data feedback. role; the Codex draft is more literal or incomplete."
"status.import.tooManyNetworks","fr-FR","This import contains too many saved networks.","BC2B208D06D0EBEA9DE7DB854B08349D402BDC8836B468EE9579603443D6EB92","Status bar, import/export feedback, or reference-data feedback.","MEDIUM","","","glossary.network=Réseau; glossary.file-import-export=Importer / Exporter","This import contient too many saved networks.","Cette importation contient trop de réseaux enregistrés.","SUBSTANTIVE","DEEPL","Cette importation contient trop de réseaux enregistrés.","DeepL chosen for “This import contains too many saved networks.” because it gives the clearer complete French rendering for the status bar, import/export feedback, or reference-data feedback. role; the Codex draft is more literal or incomplete."
"status.import.unsupportedCollectionSchema","fr-FR","Unsupported network collection schema version: {version}","C52C0C7B92366B92F3849A01CA5ABB310C050005F0244638C0F2E690967B3D78","Status bar, import/export feedback, or reference-data feedback.","MEDIUM","version","","glossary.network=Réseau; glossary.file-import-export=Importer / Exporter","Non prise en charge : réseau collection schema version: {version}","Version du schéma de collection de réseaux non prise en charge : {version}","SUBSTANTIVE","DEEPL","Version du schéma de collection de réseaux non prise en charge : {version}","DeepL chosen for “Unsupported network collection schema version: {version}” because it gives the clearer complete French rendering for the status bar, import/export feedback, or reference-data feedback. role; the Codex draft is more literal or incomplete."
"status.import.unsupportedNetworkSchema","fr-FR","Unsupported network schema version: {version}","CE92D012A818B638C8CFAA69AF9F7F8217C53DD2B7359D433ED240657EF1B5CB","Status bar, import/export feedback, or reference-data feedback.","MEDIUM","version","","glossary.network=Réseau; glossary.file-import-export=Importer / Exporter","Non prise en charge : réseau schema version: {version}","Version du schéma de réseau non prise en charge : {version}","SUBSTANTIVE","DEEPL","Version du schéma de réseau non prise en charge : {version}","DeepL chosen for “Unsupported network schema version: {version}” because it gives the clearer complete French rendering for the status bar, import/export feedback, or reference-data feedback. role; the Codex draft is more literal or incomplete."
"status.referenceData.error","fr-FR","Reference data error: {detail}","5E61C384097B1E054857EA6EE27C83BDDD40E5B7165130E86FDB826C86790BFC","Status bar, import/export feedback, or reference-data feedback.","MEDIUM","detail","","","Données de référence error: {detail}","Erreur de données de référence : {detail}","SUBSTANTIVE","DEEPL","Erreur de données de référence : {detail}","DeepL chosen for “Reference data error: {detail}” because it gives the clearer complete French rendering for the status bar, import/export feedback, or reference-data feedback. role; the Codex draft is more literal or incomplete."
"status.referenceData.failed","fr-FR","Failed to load reference data.","DCB0208B9AE5F716F800A20585241ECC7CEACF1D45D812E4354439FA5BC88342","Status bar, import/export feedback, or reference-data feedback.","MEDIUM","","","","Échec du chargement des données de référence.","Échec du chargement des données de référence.","IDENTICAL","AGREED","Échec du chargement des données de référence.","Shared wording “Échec du chargement des données de référence.” independently approved for “Failed to load reference data.” in its status bar, import/export feedback, or reference-data feedback. role; meaning, terminology, and token safety were checked."
"status.referenceData.loaded","fr-FR","Reference data loaded: {systems} systems, {bodies} bodies, {resources} resources, {products} products.","441B2500B3CC624F74A47931F31DF0E20935EA33D87E26138D2BDF98B33CD5E7","Status bar, import/export feedback, or reference-data feedback.","HIGH","bodies; products; resources; systems","","term.planetary-body=Corps céleste; term.star-system=Système stellaire","Données de référence loaded: {systems} systems, {bodies} bodies, {resources} resources, {products} products.","Données de référence chargées : {systems} systèmes, {bodies} entités, {resources} ressources, {products} produits.","SUBSTANTIVE","CUSTOM","Données de référence chargées : {systems} systèmes stellaires, {bodies} corps célestes, {resources} ressources, {products} produits.","Custom wording used because the status counts inclusive planetary bodies and star systems; the competing wording contradicted or omitted the approved glossary sense."
"status.referenceData.reload","fr-FR","Reload Reference Data","04968B492913D179B6631E1BFF478E42E1F7B15CA1DFE6A86AFEA3EE095130F4","Status bar, import/export feedback, or reference-data feedback.","MEDIUM","","","","Recharger Reference Data","Recharger les données de référence","SUBSTANTIVE","DEEPL","Recharger les données de référence","DeepL chosen for “Reload Reference Data” because it gives the clearer complete French rendering for the status bar, import/export feedback, or reference-data feedback. role; the Codex draft is more literal or incomplete."
"status.storage.capacity","fr-FR","This collection is too large to save safely. Changes remain in memory.","37E321B51C2F69D6CE867123E547B4C72677619F342BA01FC15257A5E91CA75E","Status bar, import/export feedback, or reference-data feedback.","MEDIUM","","","","Cette collection est trop volumineuse pour être enregistrée en toute sécurité. Les modifications restent en mémoire.","Cette collection est trop volumineuse pour être enregistrée en toute sécurité. Les modifications restent en mémoire.","IDENTICAL","AGREED","Cette collection est trop volumineuse pour être enregistrée en toute sécurité. Les modifications restent en mémoire.","Shared wording “Cette collection est trop volumineuse pour être enregistrée en toute sécurité. Les modifi…” independently approved for “This collection is too large to save safely. Changes remain in memory.” in its status bar, import/export feedback, or reference-data feedback. role; meaning, terminology, and token safety were checked."
"status.storage.recovery","fr-FR","Saved browser data could not be restored. Using a temporary collection; the original is preserved until an edit.","1BE84B9FD262E5A82E90612CB354EF3DDCB0907733726FDD1EFE1F391D84F923","Status bar, import/export feedback, or reference-data feedback.","MEDIUM","","","","Les données enregistrées dans le navigateur n’ont pas pu être restaurées. Une collection temporaire est utilisée ; l’original est conservé jusqu’à la prochaine modification.","Les données enregistrées dans le navigateur n'ont pas pu être restaurées. Utilisation d'une collection temporaire ; l'original est conservé jusqu'à une modification.","SUBSTANTIVE","DEEPL","Les données enregistrées dans le navigateur n'ont pas pu être restaurées. Utilisation d'une collection temporaire ; l'original est conservé jusqu'à une modification.","DeepL chosen for “Saved browser data could not be restored. Using a temporary collection; the original is p…” because it gives the clearer complete French rendering for the status bar, import/export feedback, or reference-data feedback. role; the Codex draft is more literal or incomplete."
"status.storage.unavailable","fr-FR","Browser storage is unavailable. This collection is only in memory.","157D03CBEA973C44D2A332C5E0080EA8D42ABB5C84A67D15562E1A42827220DA","Status bar, import/export feedback, or reference-data feedback.","MEDIUM","","","","Le stockage du navigateur est indisponible. Cette collection est uniquement conservée en mémoire.","Le stockage du navigateur n'est pas disponible. Cette collection se trouve uniquement en mémoire.","SUBSTANTIVE","DEEPL","Le stockage du navigateur n'est pas disponible. Cette collection se trouve uniquement en mémoire.","DeepL chosen for “Browser storage is unavailable. This collection is only in memory.” because it gives the clearer complete French rendering for the status bar, import/export feedback, or reference-data feedback. role; the Codex draft is more literal or incomplete."
"status.storage.unsaved","fr-FR","Changes are only in memory and have not been saved in this browser.","D5BDF41E686368FB0D2ECA36CA35E9EBDEAAD96D84A3D18D09109722CA71754E","Status bar, import/export feedback, or reference-data feedback.","MEDIUM","","","","Les modifications sont uniquement en mémoire et n’ont pas été enregistrées dans ce navigateur.","Les modifications se trouvent uniquement en mémoire et n'ont pas été enregistrées dans ce navigateur.","SUBSTANTIVE","DEEPL","Les modifications se trouvent uniquement en mémoire et n'ont pas été enregistrées dans ce navigateur.","DeepL chosen for “Changes are only in memory and have not been saved in this browser.” because it gives the clearer complete French rendering for the status bar, import/export feedback, or reference-data feedback. role; the Codex draft is more literal or incomplete."
"transfer.export.button","fr-FR","Export","3664895579F0A7E68C4AA09C91316E20239BC74499010E6423ECE40CAD7C28F7","Whole-collection JSON import/export control.","MEDIUM","","","glossary.file-import-export=Importer / Exporter","Exporter","Exporter","IDENTICAL","AGREED","Exporter","Shared wording “Exporter” independently approved for “Export” in its whole-collection json import/export control. role; meaning, terminology, and token safety were checked."
"transfer.export.tooltip","fr-FR","Export all networks to JSON","299585BDC19610DDB02287483F51E0397FC5D295C5230190B039E0540F73F95D","Whole-collection JSON import/export control. This is explanatory tooltip text.","MEDIUM","","JSON","glossary.network=Réseau; glossary.file-import-export=Importer / Exporter","Exporter all networks to JSON","Exporter tous les réseaux au format JSON","SUBSTANTIVE","DEEPL","Exporter tous les réseaux au format JSON","DeepL chosen for “Export all networks to JSON” because it gives the clearer complete French rendering for the whole-collection json import/export control role; the Codex draft is more literal or incomplete."
"transfer.import.button","fr-FR","Import","2CFF9BAABF56CA002610E113BC94DEB6EDEDDDFC3C130365B6E88ED5195BF774","Whole-collection JSON import/export control.","MEDIUM","","","glossary.file-import-export=Importer / Exporter","Importer","Importer","IDENTICAL","AGREED","Importer","Shared wording “Importer” independently approved for “Import” in its whole-collection json import/export control. role; meaning, terminology, and token safety were checked."
"transfer.import.tooltip","fr-FR","Import all networks from JSON","ACE5CBE29BD01BF19418906273462FCC73B80F139B71EE2038D5CDBAAF18E5A6","Whole-collection JSON import/export control. This is explanatory tooltip text.","MEDIUM","","JSON","glossary.network=Réseau; glossary.file-import-export=Importer / Exporter","Importer all networks from JSON","Importer tous les réseaux depuis un fichier JSON","SUBSTANTIVE","DEEPL","Importer tous les réseaux depuis un fichier JSON","DeepL chosen for “Import all networks from JSON” because it gives the clearer complete French rendering for the whole-collection json import/export control role; the Codex draft is more literal or incomplete."
"validation.activeProductionInorganicInvalid","fr-FR","{resource} is marked as produced, but is not available for outpost extraction in {biomes}.","343A59EBAE1750C2E095CAE84BE65ECF2B40356B29B69886BF4A50D626E06FF8","Validation severity, diagnostic, context, or remediation.","HIGH","biomes; resource","","term.outpost=Avant-poste; term.biome=Biome","{resource} is marked as produced, but is indisponible for avant-poste extraction in {biomes}.","{resource} est marquée comme produite, mais n'est pas disponible pour l'extraction dans les avant-postes des {biomes}.","SUBSTANTIVE","CUSTOM","{resource} est marquée comme produite, mais ne peut pas être extraite par l’avant-poste dans {biomes}.","Custom wording used for “{resource} is marked as produced, but is not available for outpost extraction in {biomes}.” because neither candidate combined natural French grammar with all approved terminology (term.outpost=Avant-poste); final wording “{resource} est marquée comme produite, mais ne peut pas être extraite par l’avant-poste d…” was checked independently."
"validation.activeProductionInorganicInvalidMany","fr-FR","{resource} is marked as produced, but is not available for outpost extraction in {biomes} biomes.","BFFA154C806911B4861A9A7A75D9EC26BA3F8194E309AE0DB0982EAF8011BBD9","Validation severity, diagnostic, context, or remediation.","HIGH","biomes; resource","","term.outpost=Avant-poste; term.biome=Biome","{resource} is marked as produced, but is indisponible for avant-poste extraction in {biomes} biomes.","{resource} est marquée comme produite, mais n'est pas disponible pour l'extraction dans les avant-postes des biomes {biomes}.","SUBSTANTIVE","CUSTOM","{resource} est marquée comme produite, mais ne peut pas être extraite par l’avant-poste dans les biomes {biomes}.","Custom wording used for “{resource} is marked as produced, but is not available for outpost extraction in {biomes}…” because neither candidate combined natural French grammar with all approved terminology (term.outpost=Avant-poste); final wording “{resource} est marquée comme produite, mais ne peut pas être extraite par l’avant-poste d…” was checked independently."
"validation.activeProductionInorganicInvalidOne","fr-FR","{resource} is marked as produced, but is not available for outpost extraction in {biomes} biome.","FADF8014E84AA89E507B9D402163008BBE82235A11A07FF450BED88C5B743874","Validation severity, diagnostic, context, or remediation.","HIGH","biomes; resource","","term.outpost=Avant-poste; term.biome=Biome","{resource} is marked as produced, but is indisponible for avant-poste extraction in {biomes} biome.","{resource} est marquée comme produite, mais n'est pas disponible pour l'extraction dans les avant-postes du biome {biomes}.","SUBSTANTIVE","CUSTOM","{resource} est marquée comme produite, mais ne peut pas être extraite par l’avant-poste dans le biome {biomes}.","Custom wording used for “{resource} is marked as produced, but is not available for outpost extraction in {biomes}…” because neither candidate combined natural French grammar with all approved terminology (term.outpost=Avant-poste); final wording “{resource} est marquée comme produite, mais ne peut pas être extraite par l’avant-poste d…” was checked independently."
"validation.activeProductionOrganicInvalid","fr-FR","{resource} is marked as produced, but is not available for outpost harvesting in {biomes}.","6B374E2F42FCF3002184E5FA78DE4475BF4C3092A8291B5AC4643228591C7CA4","Validation severity, diagnostic, context, or remediation.","HIGH","biomes; resource","","term.outpost=Avant-poste; term.biome=Biome","{resource} is marked as produced, but is indisponible for avant-poste harvesting in {biomes}.","{resource} est marquée comme produite, mais n'est pas disponible pour la récolte dans les avant-postes des {biomes}.","SUBSTANTIVE","CUSTOM","{resource} est marquée comme produite, mais ne peut pas être récoltée par l’avant-poste dans {biomes}.","Custom wording used for “{resource} is marked as produced, but is not available for outpost harvesting in {biomes}.” because neither candidate combined natural French grammar with all approved terminology (term.outpost=Avant-poste); final wording “{resource} est marquée comme produite, mais ne peut pas être récoltée par l’avant-poste d…” was checked independently."
"validation.activeProductionOrganicInvalidMany","fr-FR","{resource} is marked as produced, but is not available for outpost harvesting in {biomes} biomes.","40CDB5188C81CA5A8309C5F82E856126B1F2DDD23975432F9C6E4671F0CE600D","Validation severity, diagnostic, context, or remediation.","HIGH","biomes; resource","","term.outpost=Avant-poste; term.biome=Biome","{resource} is marked as produced, but is indisponible for avant-poste harvesting in {biomes} biomes.","{resource} est marquée comme produite, mais n'est pas disponible pour la récolte dans les avant-postes des biomes {biomes}.","SUBSTANTIVE","CUSTOM","{resource} est marquée comme produite, mais ne peut pas être récoltée par l’avant-poste dans les biomes {biomes}.","Custom wording used for “{resource} is marked as produced, but is not available for outpost harvesting in {biomes}…” because neither candidate combined natural French grammar with all approved terminology (term.outpost=Avant-poste); final wording “{resource} est marquée comme produite, mais ne peut pas être récoltée par l’avant-poste d…” was checked independently."
"validation.activeProductionOrganicInvalidOne","fr-FR","{resource} is marked as produced, but is not available for outpost harvesting in {biomes} biome.","510D2A280451EA1F2A1E1C9CA575215D0997FAA3ED4E9E40CFA39CE8468A6D5B","Validation severity, diagnostic, context, or remediation.","HIGH","biomes; resource","","term.outpost=Avant-poste; term.biome=Biome","{resource} is marked as produced, but is indisponible for avant-poste harvesting in {biomes} biome.","{resource} est marquée comme produite, mais n'est pas disponible pour la récolte par l'avant-poste dans le biome {biomes}.","SUBSTANTIVE","CUSTOM","{resource} est marquée comme produite, mais ne peut pas être récoltée par l’avant-poste dans le biome {biomes}.","Custom wording used for “{resource} is marked as produced, but is not available for outpost harvesting in {biomes}…” because neither candidate combined natural French grammar with all approved terminology (term.outpost=Avant-poste); final wording “{resource} est marquée comme produite, mais ne peut pas être récoltée par l’avant-poste d…” was checked independently."
"validation.bodySystemMismatch","fr-FR","This outpost's selected planetary body does not belong to its selected star system.","665FF46A8B0020E578CB5C395BE5C1C6862BDFDEE41C4B4B306E10E372FBBED9","Validation severity, diagnostic, context, or remediation.","HIGH","","","term.outpost=Avant-poste; term.planetary-body=Corps céleste; term.star-system=Système stellaire","Le corps céleste sélectionné pour cet avant-poste n’appartient pas au système stellaire sélectionné.","Le corps céleste sélectionné pour cet avant-poste n'appartient pas au système stellaire sélectionné.","TYPOGRAPHIC_ONLY","DEEPL","Le corps céleste sélectionné pour cet avant-poste n'appartient pas au système stellaire sélectionné.","DeepL chosen for “This outpost's selected planetary body does not belong to its selected star system.” because its punctuation is the locale-appropriate presentation of the otherwise equivalent French wording."
"validation.cargoPadLinkedMultiple","fr-FR","This Cargo Link has more than one connection.","FCD89051E9CB532472031A914B324BEF8ADA243221C547604A09A13BDFFCCEE8","Validation severity, diagnostic, context, or remediation.","HIGH","","","term.cargo-link=Liaison","This Liaison has more than one connection.","Ce lien de fret comporte plusieurs connexions.","SUBSTANTIVE","CUSTOM","Cette liaison comporte plusieurs connexions.","Custom wording used for “This Cargo Link has more than one connection.” because neither candidate combined natural French grammar with all approved terminology (term.cargo-link=Liaison); final wording “Cette liaison comporte plusieurs connexions.” was checked independently."
"validation.cargoPadSkillLimit","fr-FR","This outpost has {count} cargo links, but the current {skill} level allows a maximum of {limit}.","0D4B4EC504FA591E5B87AC6D9D9D48704DB2E7C3FAD97D63FAFC367862119097","Validation severity, diagnostic, context, or remediation.","HIGH","count; limit; skill","","term.cargo-link=Liaison; term.outpost=Avant-poste","This avant-poste has {count} liaisons, but the current {skill} niveau allows a maximum of {limit}.","Cet avant-poste dispose de {count} liaisons de fret, mais le niveau actuel de {skill} n'autorise qu'un maximum de {limit}.","SUBSTANTIVE","CUSTOM","Cet avant-poste dispose de {count} liaisons, mais le niveau actuel de {skill} n'autorise qu'un maximum de {limit}.","Custom wording used for “This outpost has {count} cargo links, but the current {skill} level allows a maximum of {…” because neither candidate combined natural French grammar with all approved terminology (term.cargo-link=Liaison; term.outpost=Avant-poste); final wording “Cet avant-poste dispose de {count} liaisons, mais le niveau actuel de {skill} n'autorise …” was checked independently."
"validation.close","fr-FR","Close validation details","CA5D5310C383358C79F7A0FE35B48EDA45CE70634CC9046D5D37DA7AE23609B5","Validation severity, diagnostic, context, or remediation.","HIGH","","","glossary.validation=Validation","Fermer détails de validation","Fermer les détails de validation","SUBSTANTIVE","DEEPL","Fermer les détails de validation","DeepL chosen for “Close validation details” because it gives the more natural complete French sentence while satisfying glossary.validation=Validation."
"validation.context.pad","fr-FR","Cargo Link {ordinal}","EFB845F6ED747B80EB2821A9912CDC967497F7C7C6466595AABF814F4A25EFC6","Validation severity, diagnostic, context, or remediation.","HIGH","ordinal","","term.cargo-link=Liaison","Liaison {ordinal}","Liaison de fret {ordinal}","SUBSTANTIVE","CODEX","Liaison {ordinal}","Codex chosen for “Cargo Link {ordinal}” because it applies the row's approved terminology (term.cargo-link=Liaison) more faithfully in context; the DeepL alternative was not adopted."
"validation.context.separator","fr-FR","{outpost} · {pad}","3724D428153B755740BF4189602FF2B37B154948ECE74684C39EDBECAAF6CE81","Validation severity, diagnostic, context, or remediation.","HIGH","outpost; pad","","term.outpost=Avant-poste","{outpost} · {pad}","{avant-poste} · {plateforme}","INVALID_TOKENS","INVALID_DEEPL_REPAIRED","{outpost} · {pad}","DeepL evidence is invalid because it translated or damaged the stable placeholder identifiers; the independently token-safe Codex wording was selected for “{outpost} · {pad}”, with exact placeholders and protected tokens restored."
"validation.counts","fr-FR","{errors} errors · {warnings} warnings · {info} info","DA686744D7CB82372559F943895D7E118662B1F85B19FE5C587A573C860675F2","Validation severity, diagnostic, context, or remediation.","HIGH","errors; info; warnings","","glossary.validation-error=Erreur; glossary.validation-warning=Avertissement; glossary.validation-info=Information","{errors} erreurs · {warnings} avertissements · {info} info","{erreurs} erreurs · {avertissements} avertissements · {info} info","INVALID_TOKENS","INVALID_DEEPL_REPAIRED","{errors} erreurs · {warnings} avertissements · {info} informations","DeepL evidence remains invalid because it damaged protected placeholders or tokens; the repaired final also follows the newly complete glossary constraint because the validation severity is Information, not the abbreviated English label Info."
"validation.duplicateActiveProduction","fr-FR","{item} appears more than once in this outpost's active production.","408EF1531484F81EF82204FDC8AC014CD10136752AF8CE8BB63C6909DE609C3D","Validation severity, diagnostic, context, or remediation.","HIGH","item","","term.outpost=Avant-poste; glossary.active-production=Production active","{item} apparaît plusieurs fois in this avant-poste's production actif.","{item} apparaît plusieurs fois dans la production active de cet avant-poste.","SUBSTANTIVE","DEEPL","{item} apparaît plusieurs fois dans la production active de cet avant-poste.","DeepL chosen for “{item} appears more than once in this outpost's active production.” because it gives the more natural complete French sentence while satisfying term.outpost=Avant-poste."
"validation.duplicateBiome","fr-FR","{item} appears more than once in this outpost's biome selection.","98D4842D5357ED12DCAEE0CB21876314875296892807D9F0B4E8D5BF6B1D6DC4","Validation severity, diagnostic, context, or remediation.","HIGH","item","","term.outpost=Avant-poste; term.biome=Biome","{item} apparaît plusieurs fois in this avant-poste's biome selection.","{item} apparaît plusieurs fois dans la sélection de biomes de cet avant-poste.","SUBSTANTIVE","DEEPL","{item} apparaît plusieurs fois dans la sélection de biomes de cet avant-poste.","DeepL chosen for “{item} appears more than once in this outpost's biome selection.” because it gives the more natural complete French sentence while satisfying term.outpost=Avant-poste."
"validation.duplicateExplicitPresence","fr-FR","{item} appears more than once in this outpost's explicit resource presence.","7CD8AA72F3BB3FFD4303234B375FB45AE1AC996C70661B0579FB124DAB3A85B0","Validation severity, diagnostic, context, or remediation.","HIGH","item","","term.outpost=Avant-poste","{item} apparaît plusieurs fois in this avant-poste's présence explicite de ressources.","{item} apparaît plusieurs fois dans la présence explicite de ressources de cet avant-poste.","SUBSTANTIVE","DEEPL","{item} apparaît plusieurs fois dans la présence explicite de ressources de cet avant-poste.","DeepL chosen for “{item} appears more than once in this outpost's explicit resource presence.” because it gives the more natural complete French sentence while satisfying term.outpost=Avant-poste."
"validation.duplicateLocalResource","fr-FR","{item} appears more than once in this outpost's local resources.","98590D7EF4CF73812F603C54B05B2E992917A3EE655737A9C2D457E55374C51A","Validation severity, diagnostic, context, or remediation.","HIGH","item","","term.outpost=Avant-poste","{item} apparaît plusieurs fois in this avant-poste's ressources locales.","{item} apparaît plusieurs fois dans les ressources locales de cet avant-poste.","SUBSTANTIVE","DEEPL","{item} apparaît plusieurs fois dans les ressources locales de cet avant-poste.","DeepL chosen for “{item} appears more than once in this outpost's local resources.” because it gives the more natural complete French sentence while satisfying term.outpost=Avant-poste."
"validation.duplicateManufacturing","fr-FR","{item} appears more than once in this outpost's manufacturing list.","4A672C33903413951067839530919DA2B42703B982606FF49CFD4A9B2177D74C","Validation severity, diagnostic, context, or remediation.","HIGH","item","","term.outpost=Avant-poste; glossary.manufacturing=Fabrication","{item} apparaît plusieurs fois in this avant-poste's liste de fabrication.","{item} apparaît plusieurs fois dans la liste de fabrication de cet avant-poste.","SUBSTANTIVE","DEEPL","{item} apparaît plusieurs fois dans la liste de fabrication de cet avant-poste.","DeepL chosen for “{item} appears more than once in this outpost's manufacturing list.” because it gives the more natural complete French sentence while satisfying glossary.manufacturing=Fabrication; term.outpost=Avant-poste."
"validation.duplicateOutboundItem","fr-FR","{item} appears more than once in this Cargo Link's outbound items.","39E57ED738A1A8E969109EC4BFED550BB5F922390A5D4FF9304D8BA5F426ED02","Validation severity, diagnostic, context, or remediation.","HIGH","item","","term.cargo-link=Liaison","{item} apparaît plusieurs fois in this Liaison's éléments sortants.","{item} apparaît plusieurs fois dans les articles sortants de ce Cargo Link.","SUBSTANTIVE","CUSTOM","{item} apparaît plusieurs fois dans les articles sortants de ce liaison.","Custom wording used for “{item} appears more than once in this Cargo Link's outbound items.” because neither candidate combined natural French grammar with all approved terminology (term.cargo-link=Liaison); final wording “{item} apparaît plusieurs fois dans les articles sortants de ce liaison.” was checked independently."
"validation.duplicateOutpostName","fr-FR","{count} outposts are named ""{name}"". Unique outpost names are recommended to avoid ambiguity.","4C8312E1F6CCD26528398627BD8DE9C4025557A067D2F60A875E399608F5E6C4","Validation severity, diagnostic, context, or remediation.","HIGH","count; name","","term.outpost=Avant-poste","{count} avant-postes are named ""{name}"". Unique avant-poste names are recommended to avoid ambiguity.","{count} avant-postes portent le nom « {name} ». Il est recommandé de choisir des noms d'avant-postes uniques pour éviter toute ambiguïté.","SUBSTANTIVE","DEEPL","{count} avant-postes portent le nom « {name} ». Il est recommandé de choisir des noms d'avant-postes uniques pour éviter toute ambiguïté.","DeepL chosen for “{count} outposts are named ""{name}"". Unique outpost names are recommended to avoid ambigu…” because it gives the more natural complete French sentence while satisfying term.outpost=Avant-poste."
"validation.duplicatePlannedSupply","fr-FR","{item} appears more than once in this outpost's Planned Supply.","2D1491D5C8DB17E640841C670CA7202B62919A7E7B4399F17C2D7A20F01ED98D","Validation severity, diagnostic, context, or remediation.","HIGH","item","","term.outpost=Avant-poste; glossary.planned-supply=Approvisionnement planifié","{item} apparaît plusieurs fois in this avant-poste's Approvisionnement planifié.","{item} apparaît plusieurs fois dans l'approvisionnement prévu de cet avant-poste.","SUBSTANTIVE","CUSTOM","{item} apparaît plusieurs fois dans l'approvisionnement planifié de cet avant-poste.","Custom wording used for “{item} appears more than once in this outpost's Planned Supply.” because neither candidate combined natural French grammar with all approved terminology (glossary.planned-supply=Approvisionnement planifié; term.outpost=Avant-poste); final wording “{item} apparaît plusieurs fois dans l'approvisionnement planifié de cet avant-poste.” was checked independently."
"validation.filter.all","fr-FR","All","A52ACE420F2175D08B1577A1BEA5445E36801229C074EF9ED6C55A73401FD9C2","Validation severity, diagnostic, context, or remediation.","HIGH","","","","Tous","Toutes les","SUBSTANTIVE","DEEPL","Toutes les","DeepL chosen for “All” because it gives the clearer complete French rendering for the validation severity, diagnostic, context, or remediation. role; the Codex draft is more literal or incomplete."
"validation.filter.error","fr-FR","Errors","CB702378F31507EFA79A2A2C6046050BC9F578F149C88E3C0A3D9532AB4B5300","Validation severity, diagnostic, context, or remediation.","HIGH","","","glossary.validation-error=Erreur","Erreurs","erreurs","SUBSTANTIVE","CODEX","Erreurs","Codex chosen for “Errors” because it is the clearer idiomatic French wording for the validation severity, diagnostic, context, or remediation. role; the DeepL alternative was not adopted."
"validation.filter.info","fr-FR","Info","170322A32F3C35B2C61576A5553D352D7B3C8AE7086DAB78F15FC891A28C067C","Validation severity, diagnostic, context, or remediation.","HIGH","","","glossary.validation-info=Information","Information","Info","SUBSTANTIVE","CODEX","Information","Codex chosen because the validation severity is Information, not the abbreviated English label Info; the competing wording contradicted or omitted the approved glossary sense."
"validation.filter.warning","fr-FR","Warnings","0E04CD10F9AFD7E546E176B34B56A243D8C741198AA0BFEE27D7661A370DC043","Validation severity, diagnostic, context, or remediation.","HIGH","","","glossary.validation-warning=Avertissement","Avertissements","Avertissements","IDENTICAL","AGREED","Avertissements","Shared wording “Avertissements” independently approved for “Warnings” in its validation severity, diagnostic, context, or remediation. role; meaning, terminology, and token safety were checked."
"validation.heading","fr-FR","Validation","68E1CA575295BB5604FEA711B5D2EFF44006CE4BD985481083A76B71FCE0DAEF","Heading for domain validation results containing errors, warnings, and informational findings; not form submission validation alone. This is a visible heading.","HIGH","","","glossary.validation=Validation","Validation","Validation","IDENTICAL","AGREED","Validation","Shared wording “Validation” independently approved for “Validation” in its heading for domain validation results containing errors, warnings, and informational find… role; meaning, terminology, and token safety were checked."
"validation.interstellarHelium3","fr-FR","This Inter-System Cargo Link is sending cargo, but its outpost has no available Helium-3 supply.","5ACB93205A0583C817D0B8157F802B528C08E057BB0ADEAB9A916148D18F9171","Validation severity, diagnostic, context, or remediation.","HIGH","","","term.inter-system-cargo-link=Liaison intersystème; term.cargo-link=Liaison; term.outpost=Avant-poste","Cette liaison intersystème transporte du fret, mais son avant-poste ne dispose d’aucun approvisionnement en hélium-3.","Cette liaison inter-systèmes de fret expédie du fret, mais son avant-poste ne dispose d’aucun stock d’hélium-3.","SUBSTANTIVE","CUSTOM","Cette liaison intersystème transporte du fret, mais son avant-poste ne dispose d’aucun approvisionnement en He-3.","Custom wording used for “This Inter-System Cargo Link is sending cargo, but its outpost has no available Helium-3 …” because neither candidate combined natural French grammar with all approved terminology (term.inter-system-cargo-link=Liaison intersystème; term.cargo-link=Liaison; term.outpost=Avant-poste); final wording “Cette liaison intersystème transporte du fret, mais son avant-poste ne dispose d’aucun ap…” was checked independently."
"validation.invalidCharacterLevel","fr-FR","Character level is {level}, but a recorded character level must be a whole number from {minimum} to {maximum}.","557A628B5FD3728FAAC1175E6D6EAF7F8D41ED8CB896805EB05788BB52ADF1A6","Validation severity, diagnostic, context, or remediation.","HIGH","level; maximum; minimum","","","Personnage niveau is {level}, but a enregistré character niveau must be a whole number from {minimum} to {maximum}.","Le niveau du personnage est {level}, mais le niveau enregistré doit être un nombre entier compris entre {minimum} et {maximum}.","SUBSTANTIVE","DEEPL","Le niveau du personnage est {level}, mais le niveau enregistré doit être un nombre entier compris entre {minimum} et {maximum}.","DeepL chosen for “Character level is {level}, but a recorded character level must be a whole number from {m…” because it gives the clearer complete French rendering for the validation severity, diagnostic, context, or remediation. role; the Codex draft is more literal or incomplete."
"validation.invalidSkillLevel","fr-FR","{skill} has level {level}, but valid skill levels are integers {minimum} through {maximum}.","479C20E3082325683BBB0FD99CD53B56C8C4A7A002923C68D54B6E9487411C86","Validation severity, diagnostic, context, or remediation.","HIGH","level; maximum; minimum; skill","","","{skill} has niveau {level}, but valid skill levels are integers {minimum} through {maximum}.","La compétence {skill} a le niveau {level}, mais les niveaux de compétence valides sont des nombres entiers compris entre {minimum} et {maximum}.","SUBSTANTIVE","DEEPL","La compétence {skill} a le niveau {level}, mais les niveaux de compétence valides sont des nombres entiers compris entre {minimum} et {maximum}.","DeepL chosen for “{skill} has level {level}, but valid skill levels are integers {minimum} through {maximum…” because it gives the clearer complete French rendering for the validation severity, diagnostic, context, or remediation. role; the Codex draft is more literal or incomplete."
"validation.issueCount","fr-FR","Validation: {count} {count, plural, one {issue} other {issues}}","F0C30AE770A0C8A8C672000A3292FF3FE8F3D0A23945D4079779B5A408A675C4","Validation severity, diagnostic, context, or remediation.","HIGH","count","","glossary.validation=Validation","Validation : {count} {count, plural, one {problème} other {problèmes}}","Validation : {count} {count, pluriel, un {problème} ou plusieurs {problèmes}}","INVALID_TOKENS","INVALID_DEEPL_REPAIRED","Validation : {count} {count, plural, one {problème} other {problèmes}}","DeepL evidence is invalid because it translated or damaged the stable placeholder identifiers; the independently token-safe Codex wording was selected for “Validation: {count} {count, plural, one {issue} other {issues}}”, with exact placeholders and protected tokens restored."
"validation.manufacturingInputUnavailable","fr-FR","{product} requires {input}, but {input} is not available at this outpost.","5D636D52EEFF0A72CE322FD0388383DD6783828EE5AC9DA99242EE7CA9F7CE4F","Validation severity, diagnostic, context, or remediation.","HIGH","input; product","","term.outpost=Avant-poste; glossary.inputs=Intrants","{product} nécessite {input}, mais {input} n’est pas disponible dans cet avant-poste.","{product} nécessite {input}, mais {input} n'est pas disponible dans cet avant-poste.","TYPOGRAPHIC_ONLY","DEEPL","{product} nécessite {input}, mais {input} n'est pas disponible dans cet avant-poste.","DeepL chosen for “{product} requires {input}, but {input} is not available at this outpost.” because its punctuation is the locale-appropriate presentation of the otherwise equivalent French wording."
"validation.missingCargoEndpoint","fr-FR","This cargo connection refers to a missing outpost or Cargo Link endpoint.","DE666AA19EEA71AF84123F9502737CCA410AEA2B9EA680E0DBB0DA1B22BCD1EB","Validation severity, diagnostic, context, or remediation.","HIGH","","","term.cargo-link=Liaison; term.outpost=Avant-poste","Cette connexion de fret fait référence à un avant-poste ou à une extrémité de liaison manquants.","Cette connexion de fret fait référence à un avant-poste ou à un point d’arrivée Cargo Link manquant.","SUBSTANTIVE","CODEX","Cette connexion de fret fait référence à un avant-poste ou à une extrémité de liaison manquants.","Codex chosen for “This cargo connection refers to a missing outpost or Cargo Link endpoint.” because it applies the row's approved terminology (term.cargo-link=Liaison; term.outpost=Avant-poste) more faithfully in context; the DeepL alternative was not adopted."
"validation.none","fr-FR","No validation issues.","21D05437FB5BF4D6620AD3FEB0A477B311E4FE078083DD371C526972FEAEEF5C","Validation severity, diagnostic, context, or remediation.","HIGH","","","glossary.validation=Validation","Aucun problème de validation.","Aucun problème de validation.","IDENTICAL","AGREED","Aucun problème de validation.","Shared wording “Aucun problème de validation.” independently approved for “No validation issues.” in its validation severity, diagnostic, context, or remediation. role; meaning, terminology, and token safety were checked."
"validation.open","fr-FR","Open validation details","77DDEF905E8B93BB72AE88AD640D48A41D25FB28E2530E59996DCF1A94822ECA","Validation severity, diagnostic, context, or remediation.","HIGH","","","glossary.validation=Validation","Ouvrir détails de validation","Afficher les détails de la validation","SUBSTANTIVE","DEEPL","Afficher les détails de la validation","DeepL chosen for “Open validation details” because it gives the more natural complete French sentence while satisfying glossary.validation=Validation."
"validation.organicInputUnavailable","fr-FR","{species} requires {input}, but {input} is not available at this outpost.","6C9034CE1B9DD269D679570EB922B190B3A495B01898426091DF8323B7C6517F","Validation severity, diagnostic, context, or remediation.","HIGH","input; species","","term.outpost=Avant-poste; glossary.inputs=Intrants","{species} nécessite {input}, but {input} is indisponible at this avant-poste.","{espèce} nécessite {entrée}, mais {entrée} n'est pas disponible dans cet avant-poste.","INVALID_TOKENS","INVALID_DEEPL_REPAIRED","{species} nécessite {input}, mais {input} n'est pas disponible dans cet avant-poste.","DeepL evidence is invalid because it translated or damaged the stable placeholder identifiers; the wording was repaired or replaced editorially for “{species} requires {input}, but {input} is not available at this outpost.”, with exact placeholders and protected tokens restored."
"validation.outpostBodyNotEligible","fr-FR","This outpost is located on a body that cannot host outposts.","2A2282A192939493A1C1868D1A1C14D95443D82432460E1B0D29B81953D33AE1","Validation severity, diagnostic, context, or remediation.","HIGH","","","term.outpost=Avant-poste; term.planetary-body=Corps céleste","This avant-poste is located on a body that cannot host avant-postes.","Cet avant-poste est situé sur un corps céleste qui ne peut pas accueillir d'avant-postes.","SUBSTANTIVE","DEEPL","Cet avant-poste est situé sur un corps céleste qui ne peut pas accueillir d'avant-postes.","DeepL chosen for “This outpost is located on a body that cannot host outposts.” because it gives the more natural complete French sentence while satisfying term.outpost=Avant-poste."
"validation.outpostNameLength","fr-FR","Starfield normally limits outpost names to 25 characters; longer modded names remain supported.","E784CAB57A18B4483195176094C6A818AE3FBEFF92674F7355962C05A1877A44","Validation severity, diagnostic, context, or remediation.","HIGH","","","term.outpost=Avant-poste; product.starfield=Starfield","Starfield limite normalement les noms d’avant-poste à 25 caractères ; les noms plus longs ajoutés par des mods restent pris en charge.","Starfield limite normalement la longueur des noms d'avant-postes à 25 caractères ; les noms plus longs issus de mods restent pris en charge.","SUBSTANTIVE","DEEPL","Starfield limite normalement la longueur des noms d'avant-postes à 25 caractères ; les noms plus longs issus de mods restent pris en charge.","DeepL chosen for “Starfield normally limits outpost names to 25 characters; longer modded names remain supp…” because it gives the more natural complete French sentence while satisfying term.outpost=Avant-poste; product.starfield=Starfield."
"validation.outpostSkillLimit","fr-FR","This network has {count} outposts, but the current {skill} level allows a maximum of {limit}.","4D1CE1DF98BDA2E18E1BEA5735B16B8AD97CCC63E5B2E324E8E39BF4A1E4489F","Validation severity, diagnostic, context, or remediation.","HIGH","count; limit; skill","","term.outpost=Avant-poste; glossary.network=Réseau","This réseau has {count} avant-postes, but the current {skill} niveau allows a maximum of {limit}.","Ce réseau compte {count} avant-postes, mais le niveau actuel de {skill} n'autorise qu'un maximum de {limit}.","SUBSTANTIVE","DEEPL","Ce réseau compte {count} avant-postes, mais le niveau actuel de {skill} n'autorise qu'un maximum de {limit}.","DeepL chosen for “This network has {count} outposts, but the current {skill} level allows a maximum of {lim…” because it gives the more natural complete French sentence while satisfying term.outpost=Avant-poste."
"validation.planetaryHabitationRequirement","fr-FR","This outpost requires {skill} rank {required}, but the recorded character rank is {recorded}.","F45CBAADE159B507024D0485DB395C0F14F2DB63F6C23FB7CD5712E1935E5EA9","Validation severity, diagnostic, context, or remediation.","HIGH","recorded; required; skill","","term.outpost=Avant-poste","This avant-poste nécessite {skill} rang {required}, but the enregistré character rang is {recorded}.","Cet avant-poste nécessite le rang {skill} {required}, mais le rang enregistré du personnage est {recorded}.","SUBSTANTIVE","DEEPL","Cet avant-poste nécessite le rang {skill} {required}, mais le rang enregistré du personnage est {recorded}.","DeepL chosen for “This outpost requires {skill} rank {required}, but the recorded character rank is {record…” because it gives the more natural complete French sentence while satisfying term.outpost=Avant-poste."
"validation.plannedSupplyUnresolved","fr-FR","{count} {count, plural, one {item} other {items}} in Planned Supply: {itemList}.","BE7699EC7C1923EA45A34F86ED126C15EF94933206CDB8839A9C6FAE4310BF48","Validation severity, diagnostic, context, or remediation.","HIGH","count; itemList","","glossary.planned-supply=Approvisionnement planifié","{count} {count, plural, one {élément} other {éléments}} dans l’approvisionnement planifié : {itemList}.","{count} {count, pluriel, un {item} et d’autres {items}} dans l’approvisionnement prévu : {itemList}.","INVALID_TOKENS","INVALID_DEEPL_REPAIRED","{count} {count, plural, one {élément} other {éléments}} dans l’approvisionnement planifié : {itemList}.","DeepL evidence is invalid because it damaged the required plural/message syntax; the independently token-safe Codex wording was selected for “{count} {count, plural, one {item} other {items}} in Planned Supply: {itemList}.”, with exact placeholders and protected tokens restored."
"validation.regularPadCrossSystem","fr-FR","This Cargo Link is connected to an outpost in another star system; use an Inter-System Cargo Link instead.","0036D346FA2E3589A83E0C1E156EB47038633D52DD365DF5CD83EED4B3C9A2FB","Validation severity, diagnostic, context, or remediation.","HIGH","","","term.inter-system-cargo-link=Liaison intersystème; term.cargo-link=Liaison; term.outpost=Avant-poste; term.star-system=Système stellaire","Cette liaison est connectée à un avant-poste situé dans un autre système stellaire ; utilisez plutôt une liaison intersystème.","Ce lien de fret est connecté à un avant-poste situé dans un autre système stellaire ; utilisez plutôt un lien de fret intersystémique.","SUBSTANTIVE","CODEX","Cette liaison est connectée à un avant-poste situé dans un autre système stellaire ; utilisez plutôt une liaison intersystème.","Codex chosen for “This Cargo Link is connected to an outpost in another star system; use an Inter-System Ca…” because it applies the row's approved terminology (term.inter-system-cargo-link=Liaison intersystème; term.cargo-link=Liaison; term.outpost=Avant-poste) more faithfully in context; the DeepL alternative was not adopted."
"validation.remediation.extraction","fr-FR","Available for extraction in: {biomes}","033652C06FCF14E7028EFC79DED08BDC6242BAF35CBC75A969F66CF88E50189F","Validation severity, diagnostic, context, or remediation.","HIGH","biomes","","term.biome=Biome","Extraction possible dans : {biomes}","Disponible pour l'extraction dans : {biomes}","SUBSTANTIVE","DEEPL","Disponible pour l'extraction dans : {biomes}","DeepL chosen for “Available for extraction in: {biomes}” because it gives the clearer complete French rendering for the validation severity, diagnostic, context, or remediation. role; the Codex draft is more literal or incomplete."
"validation.remediation.harvesting","fr-FR","Available for harvesting in: {biomes}","FAE957E97B0F9EF61CB62E87B9E083C560CD16BB015219DD1B3D64FAC1979E77","Validation severity, diagnostic, context, or remediation.","HIGH","biomes","","term.biome=Biome","Récolte possible dans : {biomes}","Disponible pour la récolte dans : {biomes}","SUBSTANTIVE","DEEPL","Disponible pour la récolte dans : {biomes}","DeepL chosen for “Available for harvesting in: {biomes}” because it gives the clearer complete French rendering for the validation severity, diagnostic, context, or remediation. role; the Codex draft is more literal or incomplete."
"validation.remediation.organicSources","fr-FR","Available from: {sources}","079E06CF1CE43D59E4122D165732D4D39B7405F6EA48021A2BFF063549D71012","Validation severity, diagnostic, context, or remediation.","HIGH","sources","","glossary.source=Source","Disponible auprès de: {sources}","Disponible à partir de : {sources}","SUBSTANTIVE","DEEPL","Disponible à partir de : {sources}","DeepL chosen for “Available from: {sources}” because it gives the clearer complete French rendering for the validation severity, diagnostic, context, or remediation. role; the Codex draft is more literal or incomplete."
"validation.selectedBiomeInvalid","fr-FR","This selected biome belongs to a different planetary body.","6D576D3401E2A28EF6D6D90BE82FEF4E4A34C47FDEC0102556426FBE7EC1E066","Validation severity, diagnostic, context, or remediation.","HIGH","","","term.biome=Biome; term.planetary-body=Corps céleste","This sélectionné biome belongs to a different corps céleste.","Le biome sélectionné appartient à un autre corps planétaire.","SUBSTANTIVE","CUSTOM","Le biome sélectionné appartient à un autre corps céleste.","Custom wording used because the diagnostic must cover planets, moons, and orbitals; the competing wording contradicted or omitted the approved glossary sense."
"validation.selfLinkedCargoPad","fr-FR","This cargo connection uses the same Cargo Link at both endpoints.","37A36CCB8D15AE9949772C22FE628AE24C43622ECBA3A4618483EE8B495D65E1","Validation severity, diagnostic, context, or remediation.","HIGH","","","term.cargo-link=Liaison","This cargo connection uses the same Liaison at both endpoints.","Cette liaison de fret utilise la même liaison de fret aux deux extrémités.","SUBSTANTIVE","CUSTOM","Cette connexion de fret utilise la même liaison aux deux extrémités.","Custom wording used for “This cargo connection uses the same Cargo Link at both endpoints.” because neither candidate combined natural French grammar with all approved terminology (term.cargo-link=Liaison); final wording “Cette connexion de fret utilise la même liaison aux deux extrémités.” was checked independently."
"validation.severity.error","fr-FR","Error","54A0E8C17EBB21A11F8A25B8042786EF7EFE52441E6CC87E92C67E0C4C0C6E78","Validation severity, diagnostic, context, or remediation.","HIGH","","","glossary.validation-error=Erreur","Erreur","Erreur","IDENTICAL","AGREED","Erreur","Shared wording “Erreur” independently approved for “Error” in its validation severity, diagnostic, context, or remediation. role; meaning, terminology, and token safety were checked."
"validation.severity.info","fr-FR","Info","170322A32F3C35B2C61576A5553D352D7B3C8AE7086DAB78F15FC891A28C067C","Validation severity, diagnostic, context, or remediation.","HIGH","","","glossary.validation-info=Information","Information","Info","SUBSTANTIVE","CODEX","Information","Codex chosen because the validation severity is Information, not the abbreviated English label Info; the competing wording contradicted or omitted the approved glossary sense."
"validation.severity.warning","fr-FR","Warning","E981DDAE45D8F4CA53F1CCBE613AD254A041DACF65A06026099A6302D332113B","Validation severity, diagnostic, context, or remediation.","HIGH","","","glossary.validation-warning=Avertissement","Avertissement","Avertissement","IDENTICAL","AGREED","Avertissement","Shared wording “Avertissement” independently approved for “Warning” in its validation severity, diagnostic, context, or remediation. role; meaning, terminology, and token safety were checked."
"validation.unknownBiome","fr-FR","This outpost refers to unknown body-biome ID ""{id}"".","E1DA964E2CA929F08EAB04CB1BDC0647323400630396D29DE66A0DA4ECC75ACD","Validation severity, diagnostic, context, or remediation.","HIGH","id","ID","term.outpost=Avant-poste; term.biome=Biome; term.planetary-body=Corps céleste","This avant-poste refers to inconnu body-biome ID ""{id}"".","Cet avant-poste fait référence à un identifiant de corps céleste-biome inconnu « {id} ».","INVALID_TOKENS","INVALID_DEEPL_REPAIRED","Cet avant-poste fait référence à l’ID de biome de corps céleste inconnu « {id} ».","DeepL evidence remains invalid because it damaged protected placeholders or tokens; the repaired final also follows the newly complete glossary constraint because the identifier belongs to the inclusive planetary-body biome model."
"validation.unknownBody","fr-FR","This outpost refers to unknown planetary body ID ""{id}"".","DA5ED3FC64770A5D1CB08189EC222343D0D13D7169E01214381323FCB25228E2","Validation severity, diagnostic, context, or remediation.","HIGH","id","ID","term.outpost=Avant-poste; term.planetary-body=Corps céleste","This avant-poste refers to inconnu corps céleste ID ""{id}"".","Cet avant-poste fait référence à un identifiant de corps planétaire inconnu « {id} ».","INVALID_TOKENS","INVALID_DEEPL_REPAIRED","Cet avant-poste fait référence à l’ID de corps céleste inconnu « {id} ».","DeepL evidence is invalid because it removed or altered protected token “ID”; the wording was repaired or replaced editorially for “This outpost refers to unknown planetary body ID ""{id}"".”, with exact placeholders and protected tokens restored."
"validation.unknownExplicitResource","fr-FR","This outpost refers to unknown resource ID ""{id}"" in its explicit resource presence.","FD98EB6E83DF87E0D8F039DEAB0DBEB6B9FF1057B00476AB6E52CF432263451E","Validation severity, diagnostic, context, or remediation.","HIGH","id","ID","term.outpost=Avant-poste","This avant-poste refers to inconnu ressource ID ""{id}"" in its présence explicite de ressources.","Cet avant-poste fait référence à un identifiant de ressource inconnu « {id} » dans sa liste explicite de ressources.","INVALID_TOKENS","INVALID_DEEPL_REPAIRED","Cet avant-poste fait référence à l’ID de ressource inconnu « {id} » dans sa présence explicite de ressources.","DeepL evidence is invalid because it removed or altered protected token “ID”; the wording was repaired or replaced editorially for “This outpost refers to unknown resource ID ""{id}"" in its explicit resource presence.”, with exact placeholders and protected tokens restored."
"validation.unknownLocalResource","fr-FR","This outpost refers to unknown resource ID ""{id}"" in its local resources.","25EF5B070F2192423A3417D425AD2BD968121472069DE0634ABEAD4478721816","Validation severity, diagnostic, context, or remediation.","HIGH","id","ID","term.outpost=Avant-poste","This avant-poste refers to inconnu ressource ID ""{id}"" in its ressources locales.","Cet avant-poste fait référence à un identifiant de ressource inconnu « {id} » dans ses ressources locales.","INVALID_TOKENS","INVALID_DEEPL_REPAIRED","Cet avant-poste fait référence à l’ID de ressource inconnu « {id} » dans ses ressources locales.","DeepL evidence is invalid because it removed or altered protected token “ID”; the wording was repaired or replaced editorially for “This outpost refers to unknown resource ID ""{id}"" in its local resources.”, with exact placeholders and protected tokens restored."
"validation.unknownManufacturingProduct","fr-FR","This outpost refers to unknown product ID ""{id}"" in its manufacturing list.","676EECBDA18952E4E1337C7209F730A4681D85259A469B433214A9CBF262FBCC","Validation severity, diagnostic, context, or remediation.","HIGH","id","ID","term.outpost=Avant-poste; glossary.manufacturing=Fabrication","This avant-poste refers to inconnu produit ID ""{id}"" in its liste de fabrication.","Cet avant-poste fait référence à un identifiant de produit inconnu « {id} » dans sa liste de fabrication.","INVALID_TOKENS","INVALID_DEEPL_REPAIRED","Cet avant-poste fait référence à l’ID de produit inconnu « {id} » dans sa liste de fabrication.","DeepL evidence is invalid because it removed or altered protected token “ID”; the wording was repaired or replaced editorially for “This outpost refers to unknown product ID ""{id}"" in its manufacturing list.”, with exact placeholders and protected tokens restored."
"validation.unknownOutboundItem","fr-FR","This Cargo Link refers to unknown {kind} ID ""{id}"" in its outbound items.","B7A414025A12F066B07642528EBBBB6E1B2E00F8550F92A95603AD724FBD69D9","Validation severity, diagnostic, context, or remediation.","HIGH","id; kind","ID","term.cargo-link=Liaison","This Liaison refers to inconnu {kind} ID ""{id}"" in its éléments sortants.","Ce Cargo Link fait référence à un identifiant {kind} inconnu « {id} » dans ses articles sortants.","INVALID_TOKENS","INVALID_DEEPL_REPAIRED","Cette liaison fait référence à l’ID {kind} inconnu « {id} » dans ses éléments sortants.","DeepL evidence is invalid because it removed or altered protected token “ID”; the wording was repaired or replaced editorially for “This Cargo Link refers to unknown {kind} ID ""{id}"" in its outbound items.”, with exact placeholders and protected tokens restored."
"validation.unknownPlannedItem","fr-FR","This outpost refers to unknown {kind} ID ""{id}"" in Planned Supply.","9F80386C805E2AE70EC4A6E593CE774C919F328FBA406EC4447940E86F3E3FC7","Validation severity, diagnostic, context, or remediation.","HIGH","id; kind","ID","term.outpost=Avant-poste; glossary.planned-supply=Approvisionnement planifié","This avant-poste refers to inconnu {kind} ID ""{id}"" in Approvisionnement planifié.","Cet avant-poste fait référence à un identifiant {kind} inconnu « {id} » dans son approvisionnement prévu.","INVALID_TOKENS","INVALID_DEEPL_REPAIRED","Cet avant-poste fait référence à l’ID {kind} inconnu « {id} » dans son approvisionnement planifié.","DeepL evidence is invalid because it removed or altered protected token “ID”; the wording was repaired or replaced editorially for “This outpost refers to unknown {kind} ID ""{id}"" in Planned Supply.”, with exact placeholders and protected tokens restored."
"validation.unknownProductionResource","fr-FR","This outpost refers to unknown resource ID ""{id}"" in its active production.","283D486D59E6085AAFBC0B201C46CB2A08618E9E64205A13AD35087A2EA8ECD7","Validation severity, diagnostic, context, or remediation.","HIGH","id","ID","term.outpost=Avant-poste; glossary.active-production=Production active","This avant-poste refers to inconnu ressource ID ""{id}"" in its production actif.","Cet avant-poste fait référence à un identifiant de ressource inconnu « {id} » dans sa production active.","INVALID_TOKENS","INVALID_DEEPL_REPAIRED","Cet avant-poste fait référence à l’ID de ressource inconnu « {id} » dans sa production active.","DeepL evidence is invalid because it removed or altered protected token “ID”; the wording was repaired or replaced editorially for “This outpost refers to unknown resource ID ""{id}"" in its active production.”, with exact placeholders and protected tokens restored."
"validation.unknownProductionSpecies","fr-FR","This outpost refers to unknown species ID ""{id}"" in its active production.","91A800002BC1CE2AF9CEFD856D1CBD18D7773ACDE7BBE005AEF527092A252C17","Validation severity, diagnostic, context, or remediation.","HIGH","id","ID","term.outpost=Avant-poste; glossary.active-production=Production active","This avant-poste refers to inconnu species ID ""{id}"" in its production actif.","Cet avant-poste fait référence à un identifiant d'espèce inconnu « {id} » dans sa production active.","INVALID_TOKENS","INVALID_DEEPL_REPAIRED","Cet avant-poste fait référence à l’ID d’espèce inconnu « {id} » dans sa production active.","DeepL evidence is invalid because it removed or altered protected token “ID”; the wording was repaired or replaced editorially for “This outpost refers to unknown species ID ""{id}"" in its active production.”, with exact placeholders and protected tokens restored."
"validation.unknownSystem","fr-FR","This outpost refers to unknown star system ID ""{id}"".","8432E06037C7C251B843C3EDD4B1A1D078A462F6362C19D2D5FD11D5A39AF2FF","Validation severity, diagnostic, context, or remediation.","HIGH","id","ID","term.outpost=Avant-poste; term.star-system=Système stellaire","This avant-poste refers to inconnu système stellaire ID ""{id}"".","Cet avant-poste fait référence à un identifiant de système stellaire inconnu « {id} ».","INVALID_TOKENS","INVALID_DEEPL_REPAIRED","Cet avant-poste fait référence à l’ID de système stellaire inconnu « {id} ».","DeepL evidence is invalid because it removed or altered protected token “ID”; the wording was repaired or replaced editorially for “This outpost refers to unknown star system ID ""{id}"".”, with exact placeholders and protected tokens restored."
"validation.unresolvedCargoExport","fr-FR","This cargo export has no actual source.","9EAACCEA3A841501964523BCF982FD87C47D6757074376F1BC1CB8D66A5C4C43","Validation severity, diagnostic, context, or remediation.","HIGH","","","glossary.source=Source","Cette exportation de fret ne possède aucune source réelle.","Cette exportation de fret n'a pas de source réelle.","SUBSTANTIVE","DEEPL","Cette exportation de fret n'a pas de source réelle.","DeepL chosen for “This cargo export has no actual source.” because it gives the clearer complete French rendering for the validation severity, diagnostic, context, or remediation. role; the Codex draft is more literal or incomplete."
"validation.unspecifiedOrganicSource","fr-FR","{resource} is recorded as produced, but no flora or fauna source has been specified.","056A3D5076F6B12651B3FB863784E24F15758949E1FCE79C6C9F4EB67B5AB577","Validation severity, diagnostic, context, or remediation.","HIGH","resource","","glossary.source=Source","{resource} is enregistré as produced, but no flora or fauna source has been specified.","La {ressource} est enregistrée comme produite, mais aucune source végétale ou animale n’a été spécifiée.","INVALID_TOKENS","INVALID_DEEPL_REPAIRED","La {resource} est enregistrée comme produite, mais aucune source végétale ou animale n’a été spécifiée.","DeepL evidence is invalid because it translated or damaged the stable placeholder identifiers; the wording was repaired or replaced editorially for “{resource} is recorded as produced, but no flora or fauna source has been specified.”, with exact placeholders and protected tokens restored."
"validation.xTechCapabilityPresent","fr-FR","{resource} is recorded as present, but the character lacks the required extraction capability.","4932C2D2FC3BBD2ED3859E703D8D1C96C8F12B70E305639170B4F35DD787C001","Validation severity, diagnostic, context, or remediation.","HIGH","resource","","glossary.present=Présence","{resource} is enregistré as present, but the character lacks the required extraction capability.","{ressource} est enregistrée comme présente, mais le personnage ne dispose pas de la capacité d'extraction requise.","INVALID_TOKENS","INVALID_DEEPL_REPAIRED","{resource} est enregistrée comme présente, mais le personnage ne dispose pas de la capacité d'extraction requise.","DeepL evidence is invalid because it translated or damaged the stable placeholder identifiers; the wording was repaired or replaced editorially for “{resource} is recorded as present, but the character lacks the required extraction capabi…”, with exact placeholders and protected tokens restored."
"validation.xTechCapabilityProduced","fr-FR","{resource} is recorded as produced, but the character lacks the required extraction capability.","1753E5EEEAA84EE6B9C7B00083238621AA9239C11E55991E503F168B1A50975E","Validation severity, diagnostic, context, or remediation.","HIGH","resource","","","{resource} is enregistré as produced, but the character lacks the required extraction capability.","{resource} est enregistrée comme produite, mais le personnage ne dispose pas de la capacité d'extraction requise.","SUBSTANTIVE","DEEPL","{resource} est enregistrée comme produite, mais le personnage ne dispose pas de la capacité d'extraction requise.","DeepL chosen for “{resource} is recorded as produced, but the character lacks the required extraction capab…” because it gives the clearer complete French rendering for the validation severity, diagnostic, context, or remediation. role; the Codex draft is more literal or incomplete."
"validation.xTechRequiresPresence","fr-FR","{resource} is recorded as produced, but it is not explicitly recorded as present at this outpost.","D3303EB03DD18D210409EA33E566B86C34E4EC8108714854E26C2D17E70EDFBC","Validation severity, diagnostic, context, or remediation.","HIGH","resource","","term.outpost=Avant-poste; glossary.present=Présence","{resource} is enregistré as produced, but it is not explicitly enregistré as present at this avant-poste.","{resource} est répertoriée comme produite, mais sa présence n'est pas explicitement mentionnée dans cet avant-poste.","SUBSTANTIVE","DEEPL","{resource} est répertoriée comme produite, mais sa présence n'est pas explicitement mentionnée dans cet avant-poste.","DeepL chosen for “{resource} is recorded as produced, but it is not explicitly recorded as present at this …” because it gives the more natural complete French sentence while satisfying term.outpost=Avant-poste."
