"Key","Locale","EnglishSource","EnglishSourceSha256","Context","Risk","Parameters","ProtectedTokens","OfficialTermConstraints","CodexTranslation","DeepLTranslation","ComparisonStatus","AdjudicationDecision","FinalTranslation","ReviewerNote"
"about.artwork","it-IT","Favicon artwork (separate license):","1672A1543E07F4A17985250AA236981FA83C925A274E16BF29EC9C1F55B0D8BC","About dialog content or accessible control.","LOW","","","","Grafica dell’icona del sito (licenza distinta):","","MISSING","CODEX","Grafica dell’icona del sito (licenza distinta):","Release preparation copy: Codex drafted and reviewed about.artwork against the approved meaning, UI role and literal identifiers; no new DeepL or native review. License scope, voluntary support and local-data boundaries are explanatory copy, not replacement legal terms."
"about.attribution","it-IT","designed by gravisio from Flaticon","EEE6A4550C16EA33E2D314F4E77291D12838FEBE646600010632735BD446F848","About dialog content or accessible control.","LOW","","designed by gravisio from Flaticon","","designed by gravisio from Flaticon","","MISSING","CODEX","designed by gravisio from Flaticon","Release preparation copy: Codex drafted and reviewed about.attribution against the approved meaning, UI role and literal identifiers; no new DeepL or native review. Certificate-prescribed invariant credit replaces the obsolete source wording; previous provider evidence remains in Git history."
"about.backup","it-IT","Saved in this browser profile on this site, with no account sync or server backup. Export before clearing browser data or moving devices. Import replaces the collection. If saving fails, export your in-memory work.","10F42C0EC190FB9BC14FEB95922B54DD9FCF4066DE775F65BDFA39C4211B89CC","About dialog content or accessible control.","LOW","","","","Salvataggio in questo profilo del browser su questo sito, senza sincronizzazione dell’account né backup sul server. Esporta prima di cancellare i dati del browser o cambiare dispositivo. L’importazione sostituisce la raccolta. Se il salvataggio fallisce, esporta il lavoro in memoria.","","MISSING","CODEX","Salvataggio in questo profilo del browser su questo sito, senza sincronizzazione dell’account né backup sul server. Esporta prima di cancellare i dati del browser o cambiare dispositivo. L’importazione sostituisce la raccolta. Se il salvataggio fallisce, esporta il lavoro in memoria.","Release preparation copy: Codex drafted and reviewed about.backup against the approved meaning, UI role and literal identifiers; no new DeepL or native review. License scope, voluntary support and local-data boundaries are explanatory copy, not replacement legal terms."
"about.build","it-IT","Build {commit}","954964A8306F874AF4BE2DC50620E52967203BE81589FE546C3E4A3AA7CBE200","About dialog content or accessible control.","LOW","commit","","","Compilazione {commit}","","MISSING","CODEX","Compilazione {commit}","Release preparation copy: Codex drafted and reviewed about.build against the approved meaning, UI role and literal identifiers; no new DeepL or native review. License scope, voluntary support and local-data boundaries are explanatory copy, not replacement legal terms."
"about.buildSource","it-IT","Source for this build","A952E15E6036338D5314516EC646C3D0140D5F85553A0BBFF71782F105BE2B34","About dialog content or accessible control.","LOW","","","","Sorgente di questa compilazione","","MISSING","CODEX","Sorgente di questa compilazione","Release preparation copy: Codex drafted and reviewed about.buildSource against the approved meaning, UI role and literal identifiers; no new DeepL or native review. License scope, voluntary support and local-data boundaries are explanatory copy, not replacement legal terms."
"about.closeDialog","it-IT","Close About dialog","BADE4BD70A7F5829AD34BCB1FAEFF8663832F5D9974F5FA0DA112D256E12ED78","About dialog content or accessible control.","LOW","","","","Chiudi la finestra Informazioni","Chiudi finestra di dialogo ""Informazioni""","SUBSTANTIVE","DEEPL","Chiudi finestra di dialogo ""Informazioni""","DeepL is selected for “Close About dialog” (about.closeDialog) because it provides clearer, more idiomatic accessible or instructional wording; placeholders and protected tokens remain exact."
"about.contact","it-IT","Private / alternative contact","2478C099EF6FA9CC5B8EB8823F0AC76B59AB28B766CD2E877B34BF326FD9EE4F","About dialog content or accessible control.","LOW","","","","Contatto privato / alternativo","","MISSING","CODEX","Contatto privato / alternativo","Release preparation copy: Codex drafted and reviewed about.contact against the approved meaning, UI role and literal identifiers; no new DeepL or native review. License scope, voluntary support and local-data boundaries are explanatory copy, not replacement legal terms."
"about.description","it-IT","A tracking tool for Starfield outpost networks.","A385DFA0EF4B91EF17C72901A82FD98B4A6C087F914E97981E2E268B448516F3","About dialog content or accessible control. This is accessible or instructional text.","LOW","","","term.outpost=Avamposto [strategy=semantic-concept, variants=avamposto | avamposti]; product.starfield=Starfield [strategy=phrase]; glossary.network=Rete [strategy=semantic-concept]","Uno strumento per registrare le reti di avamposti di Starfield.","Uno strumento di monitoraggio per le reti di avamposti di Starfield.","SUBSTANTIVE","CODEX","Uno strumento per registrare le reti di avamposti di Starfield.","Codex is selected for “A tracking tool for Starfield outpost networks.” (about.description) because it preserves the row's approved product vocabulary (term.outpost=Avamposto [strategy=semantic-concept, variants=avamposto | avamposti]; product.starfield=Starfield [strategy=phrase]; glossary.network=Rete [strategy=semantic-concept]); the fluent DeepL alternative diverges from at least one binding term or semantic label in this UI context."
"about.funding","it-IT","Voluntary support for the developer’s Bethesda modding and tools work. Released projects are free to use; tips or memberships buy no extra features, exclusives, access, priority support or delivery commitments.","55A68A1559BB9A73544E561602840875D641A4388BCC9E9762C932188FB14895","About dialog content or accessible control.","LOW","","Bethesda","","Sostegno volontario al lavoro dello sviluppatore su mod e strumenti Bethesda. I progetti pubblicati sono gratuiti; mance o abbonamenti non acquistano funzioni aggiuntive, esclusive, accesso, assistenza prioritaria o impegni di consegna.","","MISSING","CODEX","Sostegno volontario al lavoro dello sviluppatore su mod e strumenti Bethesda. I progetti pubblicati sono gratuiti; mance o abbonamenti non acquistano funzioni aggiuntive, esclusive, accesso, assistenza prioritaria o impegni di consegna.","Release preparation copy: Codex drafted and reviewed about.funding against the approved meaning, UI role and literal identifiers; no new DeepL or native review. License scope, voluntary support and local-data boundaries are explanatory copy, not replacement legal terms."
"about.issues","it-IT","Bugs and suggestions","3D83AC7A899CF17CD7C4E6401362ADF1136BEA46005C64EC8CBF95C6D4122E1B","About dialog content or accessible control.","LOW","","","","Errori e suggerimenti","","MISSING","CODEX","Errori e suggerimenti","Release preparation copy: Codex drafted and reviewed about.issues against the approved meaning, UI role and literal identifiers; no new DeepL or native review. License scope, voluntary support and local-data boundaries are explanatory copy, not replacement legal terms."
"about.license","it-IT","Full license","6B43E03E00A846DD4FD35C0FCCEC63C88AC637DB2805DBBD91216FB3A3F99D92","About dialog content or accessible control.","LOW","","","","Licenza completa","","MISSING","CODEX","Licenza completa","Release preparation copy: Codex drafted and reviewed about.license against the approved meaning, UI role and literal identifiers; no new DeepL or native review. License scope, voluntary support and local-data boundaries are explanatory copy, not replacement legal terms."
"about.licenseSummary","it-IT","Project-authored code: GPL-3.0-or-later, without warranty. Artwork and game-derived content have separate rights.","6D474223C94DC984542DC5DF4CF3EBBC97D01EE7FE65F58C3BB43F70946AD7EE","About dialog content or accessible control.","LOW","","GPL-3.0-or-later","","Codice creato per il progetto: GPL-3.0-or-later, senza garanzia. La grafica e i contenuti derivati dal gioco sono soggetti a diritti distinti.","","MISSING","CODEX","Codice creato per il progetto: GPL-3.0-or-later, senza garanzia. La grafica e i contenuti derivati dal gioco sono soggetti a diritti distinti.","Release preparation copy: Codex drafted and reviewed about.licenseSummary against the approved meaning, UI role and literal identifiers; no new DeepL or native review. License scope, voluntary support and local-data boundaries are explanatory copy, not replacement legal terms."
"about.modified","it-IT","local / modified","C1302006893E644718C30E10D063F83982E7F59DCF8F74FD1AB12B22C14DC4E5","About dialog content or accessible control.","LOW","","","","locale / modificata","","MISSING","CODEX","locale / modificata","Release preparation copy: Codex drafted and reviewed about.modified against the approved meaning, UI role and literal identifiers; no new DeepL or native review. License scope, voluntary support and local-data boundaries are explanatory copy, not replacement legal terms."
"about.notices","it-IT","Third-party notices","8FADBC8DE2733658492151AFBEF233902D6D43DE12EEA937B8773D938BCBC8E3","About dialog content or accessible control.","LOW","","","","Note di terze parti","","MISSING","CODEX","Note di terze parti","Release preparation copy: Codex drafted and reviewed about.notices against the approved meaning, UI role and literal identifiers; no new DeepL or native review. License scope, voluntary support and local-data boundaries are explanatory copy, not replacement legal terms."
"about.repository","it-IT","Source repository","53DB3B48E1AD4170808C3842C52F9BEE1ED27C66B9B192E91EC3C2C678064994","About dialog content or accessible control.","LOW","","","","Archivio del codice sorgente","","MISSING","CODEX","Archivio del codice sorgente","Release preparation copy: Codex drafted and reviewed about.repository against the approved meaning, UI role and literal identifiers; no new DeepL or native review. License scope, voluntary support and local-data boundaries are explanatory copy, not replacement legal terms."
"about.support","it-IT","Support Gooberpede","C40D81D65A7CC6A059703CA6F930DAEF7FE8BC3A1BE0AF54B8C0AE5071133B54","About dialog content or accessible control.","LOW","","Gooberpede","","Sostieni Gooberpede","","MISSING","CODEX","Sostieni Gooberpede","Release preparation copy: Codex drafted and reviewed about.support against the approved meaning, UI role and literal identifiers; no new DeepL or native review. License scope, voluntary support and local-data boundaries are explanatory copy, not replacement legal terms."
"about.unknown","it-IT","local / unverified","C4C51655D0B244AA84D5C83768F8C4647017F63DE666E7C09652954A91F7A274","About dialog content or accessible control.","LOW","","","","locale / non verificata","","MISSING","CODEX","locale / non verificata","Release preparation copy: Codex drafted and reviewed about.unknown against the approved meaning, UI role and literal identifiers; no new DeepL or native review. License scope, voluntary support and local-data boundaries are explanatory copy, not replacement legal terms."
"about.unofficial","it-IT","Independent, unofficial project; not affiliated with or endorsed by Bethesda Game Studios or Microsoft.","BDA9BA76D3844680CA77725C6F65D21A66086862794E3A9E2E38886305DC4054","About dialog content or accessible control.","LOW","","Bethesda Game Studios; Microsoft","","Progetto indipendente e non ufficiale, non affiliato né approvato da Bethesda Game Studios o Microsoft.","","MISSING","CODEX","Progetto indipendente e non ufficiale, non affiliato né approvato da Bethesda Game Studios o Microsoft.","Release preparation copy: Codex drafted and reviewed about.unofficial against the approved meaning, UI role and literal identifiers; no new DeepL or native review. License scope, voluntary support and local-data boundaries are explanatory copy, not replacement legal terms."
"about.version","it-IT","Version {version}","A18745121BB8AF6D1A0C689CFB3C2A2245D10D5FE3B37FF37C8B69FD74773DFA","About dialog content or accessible control.","LOW","version","","","Versione {version}","","MISSING","CODEX","Versione {version}","Release preparation copy: Codex drafted and reviewed about.version against the approved meaning, UI role and literal identifiers; no new DeepL or native review. License scope, voluntary support and local-data boundaries are explanatory copy, not replacement legal terms."
"cargo.add","it-IT","Add cargo link","53FAE1C321AAC37F6E1F73EC7A82A17C25779F4656987058445CA620C9E848A1","Cargo Link, destination, or export UI.","MEDIUM","","","term.cargo-link=Collegamento merci [strategy=phrase]","Aggiungi collegamento merci","Aggiungi collegamento di carico","SUBSTANTIVE","CODEX","Aggiungi collegamento merci","Codex is selected for “Add cargo link” (cargo.add) because it preserves the row's approved product vocabulary (term.cargo-link=Collegamento merci [strategy=phrase]); the fluent DeepL alternative diverges from at least one binding term or semantic label in this UI context."
"cargo.addButton","it-IT","+ Add Cargo Link","D2211C3FDC73278A6EC7B28F2F322486D54D76EF53402B5C1EA6E5FAE2F3FB2C","Cargo Link, destination, or export UI.","MEDIUM","","","term.cargo-link=Collegamento merci [strategy=phrase]","+ Aggiungi Collegamento merci","+ Aggiungi collegamento di carico","SUBSTANTIVE","CODEX","+ Aggiungi Collegamento merci","Codex is selected for “+ Add Cargo Link” (cargo.addButton) because it preserves the row's approved product vocabulary (term.cargo-link=Collegamento merci [strategy=phrase]); the fluent DeepL alternative diverges from at least one binding term or semantic label in this UI context."
"cargo.addWithLimit","it-IT","Add cargo link ({count} of {limit})","A4CF04E083D4098E72C8FA76DC07141B3F2233D71D5D719788CADE708B40044F","Cargo Link, destination, or export UI.","HIGH","count; limit","","term.cargo-link=Collegamento merci [strategy=phrase]","Aggiungi collegamento merci ({count} di {limit})","Aggiungi collegamento di carico ({count} di {limit})","SUBSTANTIVE","CODEX","Aggiungi collegamento merci ({count} di {limit})","Codex is selected for “Add cargo link ({count} of {limit})” (cargo.addWithLimit) because it preserves the row's approved product vocabulary (term.cargo-link=Collegamento merci [strategy=phrase]); the fluent DeepL alternative diverges from at least one binding term or semantic label in this UI context."
"cargo.collapseAll","it-IT","Collapse all","25F7B3721119F1EC7FDF7C8C66E779EE9999E2049E569AFC3B00A9FBDEECE7DB","Cargo Link, destination, or export UI.","MEDIUM","","","","Comprimi tutto","Comprimi tutto","IDENTICAL","AGREED","Comprimi tutto","Both independent witnesses agree for “Collapse all” (cargo.collapseAll); the shared wording is clear in the recorded UI context and preserves the required syntax."
"cargo.destination.linkedLocator","it-IT","{outpost} / {pad}","E3F588AC487BF246C4AEBCEED554F74BC9D737A9B31D9689304A6DF69D9A9CE2","Cargo Link, destination, or export UI.","HIGH","outpost; pad","","term.outpost=Avamposto [strategy=semantic-concept, variants=avamposto | avamposti]; glossary.destination=Destinazione [strategy=semantic-concept]","{outpost} / {pad}","{avamposto} / {piattaforma}","INVALID_TOKENS","INVALID_DEEPL_REPAIRED","{outpost} / {pad}","DeepL is structurally invalid for “{outpost} / {pad}” (cargo.destination.linkedLocator) because one or more required placeholder names were translated, removed, or changed. The independently reviewed Codex wording is retained as the natural token-safe repair with the exact repository placeholders, plural form, and protected tokens restored."
"cargo.destination.noPads","it-IT","{outpost} — no cargo links","DA54B44E36D3853E5A719426F6B58F79D702F8D63C98A289C15B05C5DF5230DF","Cargo Link, destination, or export UI.","MEDIUM","outpost","","term.cargo-link=Collegamento merci [strategy=phrase]; term.outpost=Avamposto [strategy=semantic-concept, variants=avamposto | avamposti]; glossary.destination=Destinazione [strategy=semantic-concept]","{outpost} — nessun collegamento merci","{avamposto} — nessun collegamento di carico","INVALID_TOKENS","INVALID_DEEPL_REPAIRED","{outpost} — nessun collegamento merci","DeepL is structurally invalid for “{outpost} — no cargo links” (cargo.destination.noPads) because one or more required placeholder names were translated, removed, or changed. The independently reviewed Codex wording is retained as the natural token-safe repair with the exact repository placeholders, plural form, and protected tokens restored."
"cargo.destination.nothing","it-IT","nothing","1785CFC3BC6AC7738E8B38CDCCD1AF12563C2B9070E07AF336A1BF8C0F772B6A","Cargo Link, destination, or export UI.","MEDIUM","","","glossary.destination=Destinazione [strategy=semantic-concept]","niente","niente","IDENTICAL","AGREED","niente","Both independent witnesses agree for “nothing” (cargo.destination.nothing); the shared wording is clear in the recorded UI context and preserves the required syntax."
"cargo.destination.outpost","it-IT","Destination outpost","46A7B7798BF8C076C932ADE71CE877EFDE16D0E06263BFC372CF0D700949E83F","Cargo Link, destination, or export UI.","MEDIUM","","","term.outpost=Avamposto [strategy=semantic-concept, variants=avamposto | avamposti]; glossary.destination=Destinazione [strategy=semantic-concept]","Destinazione avamposto","Avamposto di destinazione","SUBSTANTIVE","DEEPL","Avamposto di destinazione","DeepL is selected for “Destination outpost” (cargo.destination.outpost) because it already combines natural target-language word order with the approved glossary vocabulary; the other witness uses a literal or conflicting construction."
"cargo.destination.pad","it-IT","Destination cargo link","6CCAD8677D177EDD2552DF915A90B9E51BB8C8B6E28093F9D86BAEC22387121B","Cargo Link, destination, or export UI.","MEDIUM","","","term.cargo-link=Collegamento merci [strategy=phrase]; glossary.destination=Destinazione [strategy=semantic-concept]","Destinazione collegamento merci","Collegamento di carico di destinazione","SUBSTANTIVE","CUSTOM","Collegamento merci di destinazione","A custom rendering is used for “Destination cargo link” (cargo.destination.pad): it keeps the natural target-language word order evidenced by DeepL while replacing its conflicting product term with the approved glossary wording and avoiding the Codex draft's literal ordering."
"cargo.destination.padContents","it-IT","{pad}: ({contents})","46C4E560ED412E5E91CC2809ACDDFF9A902694FC19310541DB444D9DA539A9DF","Cargo Link, destination, or export UI.","HIGH","contents; pad","","glossary.destination=Destinazione [strategy=semantic-concept]","{pad}: ({contents})","{pad}: ({contenuto})","INVALID_TOKENS","INVALID_DEEPL_REPAIRED","{pad}: ({contents})","DeepL is structurally invalid for “{pad}: ({contents})” (cargo.destination.padContents) because one or more required placeholder names were translated, removed, or changed. The independently reviewed Codex wording is retained as the natural token-safe repair with the exact repository placeholders, plural form, and protected tokens restored."
"cargo.destination.padContentsLinked","it-IT","{pad}: ({contents}) — linked to {destination}","0CDFF888723D4F5B2F31DC1F49E83C2A8078560E4B8D26A2E12C1674CF04028C","Cargo Link, destination, or export UI.","HIGH","contents; destination; pad","","glossary.destination=Destinazione [strategy=semantic-concept]","{pad}: ({contents}) — collegato a {destination}","{pad}: ({contenuto}) — collegato a {destinazione}","INVALID_TOKENS","INVALID_DEEPL_REPAIRED","{pad}: ({contents}) — collegato a {destination}","DeepL is structurally invalid for “{pad}: ({contents}) — linked to {destination}” (cargo.destination.padContentsLinked) because one or more required placeholder names were translated, removed, or changed. The independently reviewed Codex wording is retained as the natural token-safe repair with the exact repository placeholders, plural form, and protected tokens restored."
"cargo.destination.selectPad","it-IT","Select cargo link...","0C06C8F77EE648241D2AEF00115499EE25AAA6DD865860141BDE71A7172DE88D","Cargo Link, destination, or export UI.","MEDIUM","","","term.cargo-link=Collegamento merci [strategy=phrase]; glossary.destination=Destinazione [strategy=semantic-concept]","Seleziona collegamento merci...","Seleziona collegamento merci...","IDENTICAL","AGREED","Seleziona collegamento merci...","Both independent witnesses agree for “Select cargo link...” (cargo.destination.selectPad); the shared wording is clear in the recorded UI context and preserves the required syntax."
"cargo.destination.unknownPad","it-IT","Unknown cargo link","986ADDDD7490611B32FC3E1060624621C2336F0803BABC1EECF9E2F039E58A12","Cargo Link, destination, or export UI.","MEDIUM","","","term.cargo-link=Collegamento merci [strategy=phrase]; glossary.destination=Destinazione [strategy=semantic-concept]","Sconosciuto collegamento merci","Collegamento merci sconosciuto","SUBSTANTIVE","DEEPL","Collegamento merci sconosciuto","DeepL is selected for “Unknown cargo link” (cargo.destination.unknownPad) because it already combines natural target-language word order with the approved glossary vocabulary; the other witness uses a literal or conflicting construction."
"cargo.destination.unknownPadInline","it-IT","unknown cargo link","442FB1860DD920A894B5F436CDB708ACF518300BE6D959474056852299E3116E","Cargo Link, destination, or export UI.","MEDIUM","","","term.cargo-link=Collegamento merci [strategy=phrase]; glossary.destination=Destinazione [strategy=semantic-concept]","sconosciuto collegamento merci","collegamento merci sconosciuto","SUBSTANTIVE","DEEPL","collegamento merci sconosciuto","DeepL is selected for “unknown cargo link” (cargo.destination.unknownPadInline) because it already combines natural target-language word order with the approved glossary vocabulary; the other witness uses a literal or conflicting construction."
"cargo.destination.unlinked","it-IT","Unlinked","1E690B5815BE5BF48D2EB8F1DA6D951667E1F4003ED8C3A1015989004358BF11","Cargo Link, destination, or export UI.","MEDIUM","","","glossary.destination=Destinazione [strategy=semantic-concept]","Non collegato","Non collegato","IDENTICAL","AGREED","Non collegato","Both independent witnesses agree for “Unlinked” (cargo.destination.unlinked); the shared wording is clear in the recorded UI context and preserves the required syntax."
"cargo.expandAll","it-IT","Expand all","A3E586BE3EFF5FB9F768C0846035DB47CCF0F0E10727B0F14D829FF3A5913324","Cargo Link, destination, or export UI.","MEDIUM","","","","Espandi tutto","Espandi tutto","IDENTICAL","AGREED","Espandi tutto","Both independent witnesses agree for “Expand all” (cargo.expandAll); the shared wording is clear in the recorded UI context and preserves the required syntax."
"cargo.export.toggle","it-IT","Toggle export for {item}","867731F380025E7C28E0513647868E7DB3665B77CFF914373499D3D3A7F5FF69","Cargo Link, destination, or export UI.","MEDIUM","item","","","Attiva/disattiva l’esportazione di {item}","Attiva/disattiva l'esportazione per {elemento}","INVALID_TOKENS","INVALID_DEEPL_REPAIRED","Attiva/disattiva l’esportazione di {item}","DeepL is structurally invalid for “Toggle export for {item}” (cargo.export.toggle) because one or more required placeholder names were translated, removed, or changed. The independently reviewed Codex wording is retained as the natural token-safe repair with the exact repository placeholders, plural form, and protected tokens restored."
"cargo.exports.empty","it-IT","No items available to export.","1553E216F5D6C9DEDE00C63081AFE00F232C07089697F3FA257F121E275608DE","Cargo Link, destination, or export UI.","MEDIUM","","","","Nessun elemento disponibile per l’esportazione.","Nessun elemento disponibile per l'esportazione.","TYPOGRAPHIC_ONLY","CODEX","Nessun elemento disponibile per l’esportazione.","Codex is selected for “No items available to export.” (cargo.exports.empty) because its target-language apostrophe and punctuation style matches the locale glossary's typography guidance; meaning and syntax otherwise agree."
"cargo.exports.heading","it-IT","Exports","2F4DCF59FF0CC41C77E519CA3D451220B2943856177BB20A634F2499F61610FE","Cargo Link, destination, or export UI. This is a visible heading.","MEDIUM","","","","Esportazioni","Esportazioni","IDENTICAL","AGREED","Esportazioni","Both independent witnesses agree for “Exports” (cargo.exports.heading); the shared wording is clear in the recorded UI context and preserves the required syntax."
"cargo.finishReshuffle","it-IT","Finish reshuffling cargo links","DE6771ED000ECD9E652637A426CBF9ED582C779884763A3B2885A07927EED8C9","Cargo Link, destination, or export UI.","MEDIUM","","","term.cargo-link=Collegamento merci [strategy=phrase]; glossary.reshuffle=Riordina [strategy=key-scoped, variants=riordina | termina riordino]","Termina il riordino dei collegamenti merci","Completa il riorganizzazione dei collegamenti di carico","SUBSTANTIVE","CODEX","Termina il riordino dei collegamenti merci","Codex is selected for “Finish reshuffling cargo links” (cargo.finishReshuffle) because it preserves the row's approved product vocabulary (term.cargo-link=Collegamento merci [strategy=phrase]; glossary.reshuffle=Riordina [strategy=key-scoped, variants=riordina | termina riordino]); the fluent DeepL alternative diverges from at least one binding term or semantic label in this UI context."
"cargo.heading","it-IT","Cargo Links","E9B8BE501BF399617C9333EAD8AF1489FBC8A33BC7E250C52EE05609CE8CB30F","Cargo Link, destination, or export UI. This is a visible heading.","MEDIUM","","","term.cargo-link=Collegamento merci [strategy=phrase]","Collegamenti merci","Collegamenti di carico","SUBSTANTIVE","CODEX","Collegamenti merci","Codex is selected for “Cargo Links” (cargo.heading) because it preserves the row's approved product vocabulary (term.cargo-link=Collegamento merci [strategy=phrase]); the fluent DeepL alternative diverges from at least one binding term or semantic label in this UI context."
"cargo.interSystem.button","it-IT","Inter-System","74A7AD9B6748097BC975C51D06631E4C04DEB46CF8A8E3C56AE474EC598DC359","Cargo Link, destination, or export UI.","MEDIUM","","","","Intersistema","Intersistemici","SUBSTANTIVE","DEEPL","Intersistemici","DeepL is selected for “Inter-System” (cargo.interSystem.button) because it provides more natural target-language grammar without changing the source meaning; placeholders and protected tokens remain exact."
"cargo.interSystem.context","it-IT","Inter-System Cargo Links","7A411DB1C8AC75256E3606688FECC60E1FE9D580FB322FBE48E6EC1F40B82875","Cargo Link, destination, or export UI.","MEDIUM","","","term.inter-system-cargo-link=Collegamento merci intersistema [strategy=phrase]; term.cargo-link=Collegamento merci [strategy=phrase]","Collegamenti merci intersistema","Collegamenti di carico intersistemici","SUBSTANTIVE","CODEX","Collegamenti merci intersistema","Codex is selected for “Inter-System Cargo Links” (cargo.interSystem.context) because it preserves the row's approved product vocabulary (term.inter-system-cargo-link=Collegamento merci intersistema [strategy=phrase]; term.cargo-link=Collegamento merci [strategy=phrase]); the fluent DeepL alternative diverges from at least one binding term or semantic label in this UI context."
"cargo.interstellar","it-IT","Inter-System Cargo Link","DAD8480F89FA1500A3C89CD78F12984A6F3C58387856BC5DC6D3D3EE7719F6F1","Cargo Link, destination, or export UI.","MEDIUM","","","term.inter-system-cargo-link=Collegamento merci intersistema [strategy=phrase]; term.cargo-link=Collegamento merci [strategy=phrase]","Collegamento merci intersistema","Collegamento merci intersistemico","SUBSTANTIVE","CODEX","Collegamento merci intersistema","Codex is selected for “Inter-System Cargo Link” (cargo.interstellar) because it preserves the row's approved product vocabulary (term.inter-system-cargo-link=Collegamento merci intersistema [strategy=phrase]; term.cargo-link=Collegamento merci [strategy=phrase]); the fluent DeepL alternative diverges from at least one binding term or semantic label in this UI context."
"cargo.lockOrder","it-IT","Lock order","7502440CB9BF3D736CC75C78D7491D37DC186DA7164CA35F318B8F2D2FF6E851","Button that exits cargo-link reordering mode and prevents further reordering; “lock” is an ordering action, not security or login.","HIGH","","","glossary.lock-order=Blocca l'ordine [strategy=key-scoped]","Blocca l'ordine","Blocca ordine","SUBSTANTIVE","CODEX","Blocca l'ordine","Codex is selected for “Lock order” (cargo.lockOrder) because it preserves the row's approved product vocabulary (glossary.lock-order=Blocca l'ordine [strategy=key-scoped]); the fluent DeepL alternative diverges from at least one binding term or semantic label in this UI context."
"cargo.pad.count","it-IT","{count} {count, plural, one {cargo link} other {cargo links}}","9A6DC79391FEDF484957800C0CEF991D69CA0091EFDEDEADB653ED9874EDE079","Cargo Link, destination, or export UI.","MEDIUM","count","","term.cargo-link=Collegamento merci [strategy=phrase]","{count} {count, plural, one {collegamento merci} other {collegamenti merci}}","{count} {count, plurale, un {collegamento di carico} altri {collegamenti di carico}}","INVALID_TOKENS","INVALID_DEEPL_REPAIRED","{count} {count, plural, one {collegamento merci} other {collegamenti merci}}","DeepL is structurally invalid for “{count} {count, plural, one {cargo link} other {cargo links}}” (cargo.pad.count) because the ICU plural syntax or its plural parameter/category structure was altered. The independently reviewed Codex wording is retained as the natural token-safe repair with the exact repository placeholders, plural form, and protected tokens restored."
"cargo.pad.emptyExports","it-IT","No exports","832A865AC1D9ED0631ADA7C0BA36E531E11412F822C15003C319882181948B6A","Cargo Link, destination, or export UI.","MEDIUM","","","","Nessuna esportazione","Nessuna esportazione","IDENTICAL","AGREED","Nessuna esportazione","Both independent witnesses agree for “No exports” (cargo.pad.emptyExports); the shared wording is clear in the recorded UI context and preserves the required syntax."
"cargo.pad.linkType.interSystem","it-IT","Inter-System Cargo Link","DAD8480F89FA1500A3C89CD78F12984A6F3C58387856BC5DC6D3D3EE7719F6F1","Cargo Link, destination, or export UI.","MEDIUM","","","term.inter-system-cargo-link=Collegamento merci intersistema [strategy=phrase]; term.cargo-link=Collegamento merci [strategy=phrase]","Collegamento merci intersistema","Collegamento merci intersistemico","SUBSTANTIVE","CODEX","Collegamento merci intersistema","Codex is selected for “Inter-System Cargo Link” (cargo.pad.linkType.interSystem) because it preserves the row's approved product vocabulary (term.inter-system-cargo-link=Collegamento merci intersistema [strategy=phrase]; term.cargo-link=Collegamento merci [strategy=phrase]); the fluent DeepL alternative diverges from at least one binding term or semantic label in this UI context."
"cargo.pad.linkType.standard","it-IT","Standard Cargo Link","37BFFE86EC5D5F97A6735C8489B407D60AA6C1E58876C32E1CFFE4A8A9C559E9","Cargo Link, destination, or export UI.","MEDIUM","","","term.cargo-link=Collegamento merci [strategy=phrase]","Standard Collegamento merci","Collegamento merci standard","SUBSTANTIVE","DEEPL","Collegamento merci standard","DeepL is selected for “Standard Cargo Link” (cargo.pad.linkType.standard) because it already combines natural target-language word order with the approved glossary vocabulary; the other witness uses a literal or conflicting construction."
"cargo.pad.linkedTo","it-IT","Linked to {outpost}","9B270A455E565319B43E4DCD3BD021F3EF43E7A91110BEE4014BADFE3B886E58","Cargo Link, destination, or export UI.","MEDIUM","outpost","","term.outpost=Avamposto [strategy=semantic-concept, variants=avamposto | avamposti]; glossary.destination=Destinazione [strategy=semantic-concept]","Collegato a {outpost}","Collegato a {avamposto}","INVALID_TOKENS","INVALID_DEEPL_REPAIRED","Collegato a {outpost}","DeepL is structurally invalid for “Linked to {outpost}” (cargo.pad.linkedTo) because one or more required placeholder names were translated, removed, or changed. The independently reviewed Codex wording is retained as the natural token-safe repair with the exact repository placeholders, plural form, and protected tokens restored."
"cargo.pad.noDestination","it-IT","Unlinked","1E690B5815BE5BF48D2EB8F1DA6D951667E1F4003ED8C3A1015989004358BF11","Cargo Link, destination, or export UI.","MEDIUM","","","glossary.destination=Destinazione [strategy=semantic-concept]","Non collegato","Non collegato","IDENTICAL","AGREED","Non collegato","Both independent witnesses agree for “Unlinked” (cargo.pad.noDestination); the shared wording is clear in the recorded UI context and preserves the required syntax."
"cargo.pad.noInboundCargo","it-IT","No inbound cargo","AAFB78702B148BC725669B35884D9E6EE22E98BB0EC65B38FB212CA412A7AE61","Cargo Link, destination, or export UI.","MEDIUM","","","","Nessuna merce in entrata","Nessun carico in arrivo","SUBSTANTIVE","DEEPL","Nessun carico in arrivo","DeepL is selected for “No inbound cargo” (cargo.pad.noInboundCargo) because it provides more natural target-language grammar without changing the source meaning; placeholders and protected tokens remain exact."
"cargo.pad.noOutboundCargo","it-IT","No outbound cargo","AA0E00F725DDC52B23BCECAAE97C2AE9B03099E23AF8C81FA0EA96D3F46C6505","Cargo Link, destination, or export UI.","MEDIUM","","","","Nessuna merce in uscita","Nessun carico in uscita","SUBSTANTIVE","DEEPL","Nessun carico in uscita","DeepL is selected for “No outbound cargo” (cargo.pad.noOutboundCargo) because it provides more natural target-language grammar without changing the source meaning; placeholders and protected tokens remain exact."
"cargo.pad.remove","it-IT","Remove {pad}","9FD22A4B7B210E0D60CA99E2F566705EC366AF0C1D7405DCD560BF5DB1259A74","Cargo Link, destination, or export UI.","MEDIUM","pad","","","Rimuovi {pad}","Rimuovi {pad}","IDENTICAL","AGREED","Rimuovi {pad}","Both independent witnesses agree for “Remove {pad}” (cargo.pad.remove); the shared wording is clear in the recorded UI context and preserves the required syntax."
"cargo.pad.semanticSummary","it-IT","Destination {destination}. Outbound: {outbound}. Inbound: {inbound}. {linkType}.","A8FD06193EC26210033876EDCA16BDBA192077C57A765A1B0A8166E5750C635F","Cargo Link, destination, or export UI.","HIGH","destination; inbound; linkType; outbound","","glossary.destination=Destinazione [strategy=semantic-concept]","Destinazione: {destination}. In uscita: {outbound}. In entrata: {inbound}. {linkType}.","Destinazione {destination}. In uscita: {outbound}. In entrata: {inbound}. {linkType}.","SUBSTANTIVE","DEEPL","Destinazione {destination}. In uscita: {outbound}. In entrata: {inbound}. {linkType}.","DeepL is selected for “Destination {destination}. Outbound: {outbound}. Inbound: {inbound}. {linkType}.” (cargo.pad.semanticSummary) because it provides more natural target-language grammar without changing the source meaning while retaining the approved terminology (glossary.destination=Destinazione [strategy=semantic-concept]); placeholders and protected tokens remain exact."
"cargo.pad.summary","it-IT","Cargo Link {ordinal}","EFB845F6ED747B80EB2821A9912CDC967497F7C7C6466595AABF814F4A25EFC6","Cargo Link, destination, or export UI.","MEDIUM","ordinal","","term.cargo-link=Collegamento merci [strategy=phrase]","Collegamento merci {ordinal}","Collegamento carico {ordinale}","INVALID_TOKENS","INVALID_DEEPL_REPAIRED","Collegamento merci {ordinal}","DeepL is structurally invalid for “Cargo Link {ordinal}” (cargo.pad.summary) because one or more required placeholder names were translated, removed, or changed. The independently reviewed Codex wording is retained as the natural token-safe repair with the exact repository placeholders, plural form, and protected tokens restored."
"cargo.remove","it-IT","Remove","C3812FC4ACB861D5182FC2B8155F327F736FBE5E5EB86A7BD7AFCB6DC5497282","Cargo Link, destination, or export UI.","MEDIUM","","","","Rimuovi","Rimuovi","IDENTICAL","AGREED","Rimuovi","Both independent witnesses agree for “Remove” (cargo.remove); the shared wording is clear in the recorded UI context and preserves the required syntax."
"cargo.reshuffle","it-IT","Reshuffle cargo links","E0A5AB1F1B266318FE16026151B449CE54535894A23C69CC4C3CA45570372E30","Cargo Link, destination, or export UI.","MEDIUM","","","term.cargo-link=Collegamento merci [strategy=phrase]; glossary.reshuffle=Riordina [strategy=key-scoped, variants=riordina | termina riordino]","Riordina collegamenti merci","Riorganizza i collegamenti di carico","SUBSTANTIVE","CODEX","Riordina collegamenti merci","Codex is selected for “Reshuffle cargo links” (cargo.reshuffle) because it preserves the row's approved product vocabulary (term.cargo-link=Collegamento merci [strategy=phrase]; glossary.reshuffle=Riordina [strategy=key-scoped, variants=riordina | termina riordino]); the fluent DeepL alternative diverges from at least one binding term or semantic label in this UI context."
"cargo.reshuffleButton","it-IT","Reshuffle","24AB205A02FFFE0FE0223DC041BE048135351B78CAE94C04C035FCA9BCEA8BD8","Button that enters manual cargo-link reordering mode; it does not randomize the order.","HIGH","","","glossary.reshuffle=Riordina [strategy=key-scoped, variants=riordina | termina riordino]","Riordina","Riorganizza","SUBSTANTIVE","CODEX","Riordina","Codex is selected for “Reshuffle” (cargo.reshuffleButton) because it preserves the row's approved product vocabulary (glossary.reshuffle=Riordina [strategy=key-scoped, variants=riordina | termina riordino]); the fluent DeepL alternative diverges from at least one binding term or semantic label in this UI context."
"character.level","it-IT","Level","1709305C9FA966D14F56F0DA3C3614BBC10ADCF53D72F90341BB96D24AFCFCA3","Character details field or Starfield skill label.","LOW","","","","Livello","Livello","IDENTICAL","AGREED","Livello","Both independent witnesses agree for “Level” (character.level); the shared wording is clear in the recorded UI context and preserves the required syntax."
"character.level.rejectedEmpty","it-IT","Invalid level. Previous value restored. Enter a level from 1 to 999.","BDEB729B08E505155C537651FFB36F2AB266DABE7B1358C25CBFFD149F771CA4","Character details field or Starfield skill label.","LOW","","","","Livello non valido. È stato ripristinato il valore precedente. Inserisci un livello da 1 a 999.","Livello non valido. Valore precedente ripristinato. Inserisci un livello compreso tra 1 e 999.","SUBSTANTIVE","DEEPL","Livello non valido. Valore precedente ripristinato. Inserisci un livello compreso tra 1 e 999.","DeepL is selected for “Invalid level. Previous value restored. Enter a level from 1 to 999.” (character.level.rejectedEmpty) because it provides a more idiomatic, immediately understandable control label; placeholders and protected tokens remain exact."
"character.level.rejectedRestored","it-IT","Invalid level. Restored to {value}. Enter a level from 1 to 999.","B40532B6F8E6F20DB8FD5DAF994D9D07DD9FEA96A4FC445761C35D242F5E2A34","Character details field or Starfield skill label.","LOW","value","","","Livello non valido. È stato ripristinato {value}. Inserisci un livello da 1 a 999.","Livello non valido. Ripristinato a {valore}. Inserisci un livello compreso tra 1 e 999.","INVALID_TOKENS","INVALID_DEEPL_REPAIRED","Livello non valido. È stato ripristinato {value}. Inserisci un livello da 1 a 999.","DeepL is structurally invalid for “Invalid level. Restored to {value}. Enter a level from 1 to 999.” (character.level.rejectedRestored) because one or more required placeholder names were translated, removed, or changed. The independently reviewed Codex wording is retained as the natural token-safe repair with the exact repository placeholders, plural form, and protected tokens restored."
"character.name","it-IT","Character","1405A63E8A78B85C1B035B3C5277E3CC39FA98621C110BC522C85547D8AFAB1A","Character details field or Starfield skill label.","LOW","","","","Personaggio","Personaggio","IDENTICAL","AGREED","Personaggio","Both independent witnesses agree for “Character” (character.name); the shared wording is clear in the recorded UI context and preserves the required syntax."
"character.skill.outpostEngineering","it-IT","Outpost Engineering","19B32438AE32FD11528B4BBFB3C1D8ED87226BEF897CAD12F3CD9568427BFFEE","Character details field or Starfield skill label.","LOW","","","term.outpost=Avamposto [strategy=semantic-concept, variants=avamposto | avamposti]; skill.outpost-engineering=Ingegneria avamposti [strategy=phrase]","Ingegneria avamposti","Ingegneria dell'avamposto","SUBSTANTIVE","CODEX","Ingegneria avamposti","Codex is selected for “Outpost Engineering” (character.skill.outpostEngineering) because it preserves the row's approved product vocabulary (term.outpost=Avamposto [strategy=semantic-concept, variants=avamposto | avamposti]; skill.outpost-engineering=Ingegneria avamposti [strategy=phrase]); the fluent DeepL alternative diverges from at least one binding term or semantic label in this UI context."
"character.skill.outpostManagement","it-IT","Outpost Management","A58D0772E0598F067CC037FC206CE9FE005398D2505F7084E015C455B23D81A3","Character details field or Starfield skill label.","LOW","","","term.outpost=Avamposto [strategy=semantic-concept, variants=avamposto | avamposti]; skill.outpost-management=Gestione avamposto [strategy=phrase]","Gestione avamposto","Gestione avamposti","SUBSTANTIVE","CODEX","Gestione avamposto","Codex is selected for “Outpost Management” (character.skill.outpostManagement) because it preserves the row's approved product vocabulary (term.outpost=Avamposto [strategy=semantic-concept, variants=avamposto | avamposti]; skill.outpost-management=Gestione avamposto [strategy=phrase]); the fluent DeepL alternative diverges from at least one binding term or semantic label in this UI context."
"character.skill.planetaryHabitation","it-IT","Planetary Habitation","3913EC7627467F60C60459292711D981A72B4A06F40562C4267989A25FD6E55C","Character details field or Starfield skill label.","LOW","","","skill.planetary-habitation=Insediamento planetario [strategy=phrase]","Insediamento planetario","Insediamento planetario","IDENTICAL","AGREED","Insediamento planetario","Both independent witnesses agree for “Planetary Habitation” (character.skill.planetaryHabitation); the shared wording is clear in the recorded UI context and preserves the required syntax."
"character.skill.researchMethods","it-IT","Research Methods","3D3F20B68B19BC1402226BFB8BF596BAFF6A66CDC5FC89F0D7F8F42CB5A8850A","Character details field or Starfield skill label.","LOW","","","skill.research-methods=Metodi di ricerca [strategy=phrase]","Metodi di ricerca","Metodi di ricerca","IDENTICAL","AGREED","Metodi di ricerca","Both independent witnesses agree for “Research Methods” (character.skill.researchMethods); the shared wording is clear in the recorded UI context and preserves the required syntax."
"character.skill.specialProjects","it-IT","Special Projects","DD0B829F63D765DE8A7C303E0B5C3C3A11F0D6CEDB1AE54268B6373FA0869C0C","Character details field or Starfield skill label.","LOW","","","skill.special-projects=Progetti speciali [strategy=phrase]","Progetti speciali","Progetti speciali","IDENTICAL","AGREED","Progetti speciali","Both independent witnesses agree for “Special Projects” (character.skill.specialProjects); the shared wording is clear in the recorded UI context and preserves the required syntax."
"character.skillRank.rejectedEmpty","it-IT","Invalid rank. Previous value restored. Enter a rank from 0 to 4.","80B7EA62FF82C306ABC8F9CFDFE0F0B5B4402943FB259F48F37AB5FE57C5622D","Character details field or Starfield skill label.","LOW","","","","Grado non valido. È stato ripristinato il valore precedente. Inserisci un grado da 0 a 4.","Grado non valido. Valore precedente ripristinato. Inserisci un grado compreso tra 0 e 4.","SUBSTANTIVE","DEEPL","Grado non valido. Valore precedente ripristinato. Inserisci un grado compreso tra 0 e 4.","DeepL is selected for “Invalid rank. Previous value restored. Enter a rank from 0 to 4.” (character.skillRank.rejectedEmpty) because it provides a more idiomatic, immediately understandable control label; placeholders and protected tokens remain exact."
"character.skillRank.rejectedRestored","it-IT","Invalid rank. Restored to {value}. Enter a rank from 0 to 4.","CB679CAFE2CD502C03EF32A1B042F11037CA7AEC55E96FF1EF292907E57319D0","Character details field or Starfield skill label.","LOW","value","","","Grado non valido. È stato ripristinato {value}. Inserisci un grado da 0 a 4.","Grado non valido. Ripristinato a {valore}. Inserisci un grado compreso tra 0 e 4.","INVALID_TOKENS","INVALID_DEEPL_REPAIRED","Grado non valido. È stato ripristinato {value}. Inserisci un grado da 0 a 4.","DeepL is structurally invalid for “Invalid rank. Restored to {value}. Enter a rank from 0 to 4.” (character.skillRank.rejectedRestored) because one or more required placeholder names were translated, removed, or changed. The independently reviewed Codex wording is retained as the natural token-safe repair with the exact repository placeholders, plural form, and protected tokens restored."
"common.about","it-IT","About","4EFCA0D10C5FEB8E9B35EB1D994F2905BB71714E6A271F511D713B539EA5FAA1","Shared visible or accessible UI action.","LOW","","","","Informazioni","Informazioni","IDENTICAL","AGREED","Informazioni","Both independent witnesses agree for “About” (common.about); the shared wording is clear in the recorded UI context and preserves the required syntax."
"common.add","it-IT","+ Add","C007258C23B0C011FB7751C141B02F926CF3DAAED1BF1B5AD2630166FBD7ACDB","Shared visible or accessible UI action.","LOW","","","","+ Aggiungi","+ Aggiungi","IDENTICAL","AGREED","+ Aggiungi","Both independent witnesses agree for “+ Add” (common.add); the shared wording is clear in the recorded UI context and preserves the required syntax."
"common.cancel","it-IT","Cancel","19766ED6CCB2F4A32778EED80D1928D2C87A18D7C275CCB163EC6709D3EB2E27","Shared visible or accessible UI action.","LOW","","","","Annulla","Annulla","IDENTICAL","AGREED","Annulla","Both independent witnesses agree for “Cancel” (common.cancel); the shared wording is clear in the recorded UI context and preserves the required syntax."
"common.cancel.lower","it-IT","cancel","2374D91794B79F4FB4EC9587D2CF00AECC4F9953FAB3ED1DD12AB147A0B721F9","Shared visible or accessible UI action.","LOW","","","","annullare","Annulla","SUBSTANTIVE","DEEPL","Annulla","DeepL is selected for “cancel” (common.cancel.lower) because it provides clearer, more idiomatic accessible or instructional wording; placeholders and protected tokens remain exact."
"common.close","it-IT","Close","7D9EB7ACB13E24625C404401D8E88B2350E32162455885F18276CF802F7701ED","Shared visible or accessible UI action.","LOW","","","","Chiudi","Chiudi","IDENTICAL","AGREED","Chiudi","Both independent witnesses agree for “Close” (common.close); the shared wording is clear in the recorded UI context and preserves the required syntax."
"common.collapseItem","it-IT","Collapse {item}","BF6FAF0BEE16AF0AB30A12FB946BC8EE9DAEBCEF91215A311C56FDEDF1110FE6","Shared visible or accessible UI action.","LOW","item","","","Comprimi {item}","Comprimi {elemento}","INVALID_TOKENS","INVALID_DEEPL_REPAIRED","Comprimi {item}","DeepL is structurally invalid for “Collapse {item}” (common.collapseItem) because one or more required placeholder names were translated, removed, or changed. The independently reviewed Codex wording is retained as the natural token-safe repair with the exact repository placeholders, plural form, and protected tokens restored."
"common.dragToReorder","it-IT","Drag {item} to reorder","EC1FB0D17C7786E584A4058C2615E2FC72DB167628A213FD87B7876A9923B29A","Shared visible or accessible UI action.","LOW","item","","","Trascina {item} per riordinare","Trascina {elemento} per riordinare","INVALID_TOKENS","INVALID_DEEPL_REPAIRED","Trascina {item} per riordinare","DeepL is structurally invalid for “Drag {item} to reorder” (common.dragToReorder) because one or more required placeholder names were translated, removed, or changed. The independently reviewed Codex wording is retained as the natural token-safe repair with the exact repository placeholders, plural form, and protected tokens restored."
"common.edit","it-IT","edit","262121C5372BE8AF3AE6FF0D3D138D9E6E1249335222C7F0E02535E35073BB0B","Shared visible or accessible UI action.","LOW","","","","modificare","modifica","SUBSTANTIVE","DEEPL","modifica","DeepL is selected for “edit” (common.edit) because it provides clearer, more idiomatic accessible or instructional wording; placeholders and protected tokens remain exact."
"common.expandItem","it-IT","Expand {item}","71095F43C84CE024864DF4D831022C695F5245837BB3C2980944C62FDECB82D3","Shared visible or accessible UI action.","LOW","item","","","Espandi {item}","Espandi {elemento}","INVALID_TOKENS","INVALID_DEEPL_REPAIRED","Espandi {item}","DeepL is structurally invalid for “Expand {item}” (common.expandItem) because one or more required placeholder names were translated, removed, or changed. The independently reviewed Codex wording is retained as the natural token-safe repair with the exact repository placeholders, plural form, and protected tokens restored."
"common.help","it-IT","Help","B79CAC926E0B2E347E72CC91D5174037C9E17AE7733FD7BDB570F71B10CD7BFC","Shared visible or accessible UI action.","LOW","","","","Aiuto","Aiuto","IDENTICAL","AGREED","Aiuto","Both independent witnesses agree for “Help” (common.help); the shared wording is clear in the recorded UI context and preserves the required syntax."
"common.moveDown","it-IT","Move {item} down","28EAD9D3C31C004FA025649ED35F6F211E2196D6F0B2687D36C7306ACE5DD6F8","Shared visible or accessible UI action.","LOW","item","","","Sposta {item} in basso","Sposta {elemento} in basso","INVALID_TOKENS","INVALID_DEEPL_REPAIRED","Sposta {item} in basso","DeepL is structurally invalid for “Move {item} down” (common.moveDown) because one or more required placeholder names were translated, removed, or changed. The independently reviewed Codex wording is retained as the natural token-safe repair with the exact repository placeholders, plural form, and protected tokens restored."
"common.moveUp","it-IT","Move {item} up","309715D5ABC4A5809F1D97EF0A26EED13CC4B3879E4AD02F5E928F66B52AEA24","Shared visible or accessible UI action.","LOW","item","","","Sposta {item} in alto","Sposta {elemento} verso l'alto","INVALID_TOKENS","INVALID_DEEPL_REPAIRED","Sposta {item} in alto","DeepL is structurally invalid for “Move {item} up” (common.moveUp) because one or more required placeholder names were translated, removed, or changed. The independently reviewed Codex wording is retained as the natural token-safe repair with the exact repository placeholders, plural form, and protected tokens restored."
"common.removeItem","it-IT","Remove {item}","C0CB17362DDA768865C711B4460785556EB374DEC3D9B97A21485F558716FDD9","Shared visible or accessible UI action.","LOW","item","","","Rimuovi {item}","Rimuovi {elemento}","INVALID_TOKENS","INVALID_DEEPL_REPAIRED","Rimuovi {item}","DeepL is structurally invalid for “Remove {item}” (common.removeItem) because one or more required placeholder names were translated, removed, or changed. The independently reviewed Codex wording is retained as the natural token-safe repair with the exact repository placeholders, plural form, and protected tokens restored."
"common.save","it-IT","save","157DCA92E4250458339D4B835250D44C238F3355E1B7986195188EE434E9BAFF","Shared visible or accessible UI action.","LOW","","","","salvare","Salva","SUBSTANTIVE","DEEPL","Salva","DeepL is selected for “save” (common.save) because it provides clearer, more idiomatic accessible or instructional wording; placeholders and protected tokens remain exact."
"help.biomes","it-IT","Selected biomes limit inorganic resource availability to resources that can occur in those biomes.","386453983957C7E075D5FCFA61B432C4A83E9299DB3723C0B82B74E2C754F9C0","Contextual help, tooltip, or explanatory guidance.","HIGH","","","term.biome=Bioma [strategy=semantic-concept, variants=bioma | biomi]","I biomi selezionati limitano la disponibilità delle risorse inorganiche a quelle che possono comparire al loro interno.","","MISSING","CODEX","I biomi selezionati limitano la disponibilità delle risorse inorganiche a quelle che possono comparire al loro interno.","Planet-level organic farming semantics were reviewed for this correction; prior biome-bound source evidence is intentionally retired."
"help.contextLabel","it-IT","Help for {context}","2305D35987B5CA25ED9BE3778B9BEBD0839ED05B57FC7B9AA1AE16EE7C8232C3","Contextual help, tooltip, or explanatory guidance.","HIGH","context","","","Aiuto per {context}","Aiuto per {contesto}","INVALID_TOKENS","INVALID_DEEPL_REPAIRED","Aiuto per {context}","DeepL is structurally invalid for “Help for {context}” (help.contextLabel) because one or more required placeholder names were translated, removed, or changed. The independently reviewed Codex wording is retained as the natural token-safe repair with the exact repository placeholders, plural form, and protected tokens restored."
"help.forContext","it-IT","Help for {context}","2305D35987B5CA25ED9BE3778B9BEBD0839ED05B57FC7B9AA1AE16EE7C8232C3","Contextual help, tooltip, or explanatory guidance.","HIGH","context","","","Aiuto per {context}","Aiuto per {contesto}","INVALID_TOKENS","INVALID_DEEPL_REPAIRED","Aiuto per {context}","DeepL is structurally invalid for “Help for {context}” (help.forContext) because one or more required placeholder names were translated, removed, or changed. The independently reviewed Codex wording is retained as the natural token-safe repair with the exact repository placeholders, plural form, and protected tokens restored."
"help.inorganicPresentPossible","it-IT","{resource} may be present at this outpost.","7A19C93E01E0E0F539BDAF043D2BAD406A1C2A5F84AE2D7D0C584433E5F19E20","Contextual help, tooltip, or explanatory guidance.","HIGH","resource","","term.outpost=Avamposto [strategy=semantic-concept, variants=avamposto | avamposti]; glossary.present=Presenza [strategy=key-scoped, variants=presenza | presente | disponibile]","{resource} potrebbe essere presente in questo avamposto.","{risorsa} potrebbe essere presente in questo avamposto.","INVALID_TOKENS","INVALID_DEEPL_REPAIRED","{resource} potrebbe essere presente in questo avamposto.","DeepL is structurally invalid for “{resource} may be present at this outpost.” (help.inorganicPresentPossible) because one or more required placeholder names were translated, removed, or changed. The independently reviewed Codex wording is retained as the natural token-safe repair with the exact repository placeholders, plural form, and protected tokens restored."
"help.inorganicPresentRecorded","it-IT","{resource} is recorded as present at this outpost.","5433476C752DD4838F551A5F46C13FD312C09B6D942EAB5E8DB76CC58CF48A5B","Contextual help, tooltip, or explanatory guidance.","HIGH","resource","","term.outpost=Avamposto [strategy=semantic-concept, variants=avamposto | avamposti]; glossary.present=Presenza [strategy=key-scoped, variants=presenza | presente | disponibile]","{resource} risulta presente in questo avamposto.","{risorsa} risulta presente in questo avamposto.","INVALID_TOKENS","INVALID_DEEPL_REPAIRED","{resource} risulta presente in questo avamposto.","DeepL is structurally invalid for “{resource} is recorded as present at this outpost.” (help.inorganicPresentRecorded) because one or more required placeholder names were translated, removed, or changed. The independently reviewed Codex wording is retained as the natural token-safe repair with the exact repository placeholders, plural form, and protected tokens restored."
"help.interSystem","it-IT","Inter-System Cargo Links can connect outposts in different star systems and require Helium-3.","839122CE4B7D22320D6B55D17FC1A1B44D8E7EF980015E244A88E6C3DA9EA8E5","Contextual help, tooltip, or explanatory guidance.","HIGH","","","term.inter-system-cargo-link=Collegamento merci intersistema [strategy=phrase]; term.cargo-link=Collegamento merci [strategy=phrase]; term.outpost=Avamposto [strategy=semantic-concept, variants=avamposto | avamposti]; term.star-system=Sistema stellare [strategy=semantic-concept, variants=sistema stellare | sistemi stellari]","I collegamenti merci intersistema possono connettere avamposti in sistemi stellari diversi e richiedono elio-3.","I collegamenti inter-sistemici per il trasporto merci possono collegare avamposti in diversi sistemi stellari e richiedono elio-3.","SUBSTANTIVE","CODEX","I collegamenti merci intersistema possono connettere avamposti in sistemi stellari diversi e richiedono elio-3.","Codex is selected for “Inter-System Cargo Links can connect outposts in different star systems and require Hel...” (help.interSystem) because it preserves the row's approved product vocabulary (term.inter-system-cargo-link=Collegamento merci intersistema [strategy=phrase]; term.cargo-link=Collegamento merci [strategy=phrase]; term.outpost=Avamposto [strategy=semantic-concept, variants=avamposto | avamposti]; term.star-system=Sistema stellare [strategy=semantic-concept, variants=sistema stellare | sistemi stellari]); the fluent DeepL alternative diverges from at least one binding term or semantic label in this UI context."
"help.logistics","it-IT","Items currently assigned to cargo links are displayed here.","9AACF81A4429C8A3204D369D51D6C7415852888BC9345C9FF418364A0E6F20A3","Contextual help, tooltip, or explanatory guidance.","HIGH","","","term.cargo-link=Collegamento merci [strategy=phrase]; glossary.logistics=Logistica [strategy=key-scoped]","Qui sono mostrati gli elementi attualmente assegnati ai collegamenti merci.","Qui vengono visualizzati gli oggetti attualmente assegnati ai collegamenti di trasporto merci.","SUBSTANTIVE","CODEX","Qui sono mostrati gli elementi attualmente assegnati ai collegamenti merci.","Codex is selected for “Items currently assigned to cargo links are displayed here.” (help.logistics) because it preserves the row's approved product vocabulary (term.cargo-link=Collegamento merci [strategy=phrase]; glossary.logistics=Logistica [strategy=key-scoped]); the fluent DeepL alternative diverges from at least one binding term or semantic label in this UI context."
"help.organic.availableBiome","it-IT","{resource} is available from a domesticable species on this planet.","800288FB8556213CA1A000007CD9B7A9ED0A679F2F4CF3F485FA0E43F812EDF4","Contextual help, tooltip, or explanatory guidance.","HIGH","resource","","term.planet=Pianeta [strategy=semantic-concept, variants=pianeta | pianeti]","{resource} è disponibile da una specie domesticabile su questo pianeta.","","MISSING","CODEX","{resource} è disponibile da una specie domesticabile su questo pianeta.","Planet-level organic farming semantics were reviewed for this correction; prior biome-bound source evidence is intentionally retired."
"help.organic.availableBiomes","it-IT","{resource} is available from a domesticable species on this planet.","800288FB8556213CA1A000007CD9B7A9ED0A679F2F4CF3F485FA0E43F812EDF4","Contextual help, tooltip, or explanatory guidance.","HIGH","resource","","term.planet=Pianeta [strategy=semantic-concept, variants=pianeta | pianeti]","{resource} è disponibile da una specie domesticabile su questo pianeta.","","MISSING","CODEX","{resource} è disponibile da una specie domesticabile su questo pianeta.","Planet-level organic farming semantics were reviewed for this correction; prior biome-bound source evidence is intentionally retired."
"help.organic.availablePlanet","it-IT","{resource} is available from a domesticable species on this planet.","800288FB8556213CA1A000007CD9B7A9ED0A679F2F4CF3F485FA0E43F812EDF4","Contextual help, tooltip, or explanatory guidance.","HIGH","resource","","term.planet=Pianeta [strategy=semantic-concept, variants=pianeta | pianeti]","{resource} è disponibile da una specie domesticabile su questo pianeta.","","MISSING","CODEX","{resource} è disponibile da una specie domesticabile su questo pianeta.","Planet-level organic farming semantics were reviewed for this correction; prior biome-bound source evidence is intentionally retired."
"help.organic.availableSelectedBiome","it-IT","{resource} is available from a domesticable species on this planet.","800288FB8556213CA1A000007CD9B7A9ED0A679F2F4CF3F485FA0E43F812EDF4","Contextual help, tooltip, or explanatory guidance.","HIGH","resource","","term.planet=Pianeta [strategy=semantic-concept, variants=pianeta | pianeti]","{resource} è disponibile da una specie domesticabile su questo pianeta.","","MISSING","CODEX","{resource} è disponibile da una specie domesticabile su questo pianeta.","Planet-level organic farming semantics were reviewed for this correction; prior biome-bound source evidence is intentionally retired."
"help.organic.unavailableBiome","it-IT","{resource} is not available from this domesticable species on this planet.","62532143EA01F6A47D6146772E4EC2B1AC5AEE3776D976EC7AA0DEC13AFB33CE","Contextual help, tooltip, or explanatory guidance.","HIGH","resource","","term.planet=Pianeta [strategy=semantic-concept, variants=pianeta | pianeti]","{resource} non è disponibile da questa specie domesticabile su questo pianeta.","","MISSING","CODEX","{resource} non è disponibile da questa specie domesticabile su questo pianeta.","Planet-level organic farming semantics were reviewed for this correction; prior biome-bound source evidence is intentionally retired."
"help.organic.unavailableBiomes","it-IT","{resource} is not available from this domesticable species on this planet.","62532143EA01F6A47D6146772E4EC2B1AC5AEE3776D976EC7AA0DEC13AFB33CE","Contextual help, tooltip, or explanatory guidance.","HIGH","resource","","term.planet=Pianeta [strategy=semantic-concept, variants=pianeta | pianeti]","{resource} non è disponibile da questa specie domesticabile su questo pianeta.","","MISSING","CODEX","{resource} non è disponibile da questa specie domesticabile su questo pianeta.","Planet-level organic farming semantics were reviewed for this correction; prior biome-bound source evidence is intentionally retired."
"help.organic.unavailablePlanet","it-IT","{resource} is not available from this domesticable species on this planet.","62532143EA01F6A47D6146772E4EC2B1AC5AEE3776D976EC7AA0DEC13AFB33CE","Contextual help, tooltip, or explanatory guidance.","HIGH","resource","","term.planet=Pianeta [strategy=semantic-concept, variants=pianeta | pianeti]","{resource} non è disponibile da questa specie domesticabile su questo pianeta.","","MISSING","CODEX","{resource} non è disponibile da questa specie domesticabile su questo pianeta.","Planet-level organic farming semantics were reviewed for this correction; prior biome-bound source evidence is intentionally retired."
"help.plannedSupply","it-IT","Selected items act as placeholders until local or imported supply is established.","CAFFBA1914AB60D9E102CB58E0FE0B10E353579F43CB8BB67FB90AE5A8468DCE","Contextual help, tooltip, or explanatory guidance.","HIGH","","","","Gli elementi selezionati fungono da segnaposto finché non viene stabilita una fornitura locale o importata.","Gli elementi selezionati fungono da segnaposto fino a quando non viene stabilita una fornitura locale o importata.","SUBSTANTIVE","DEEPL","Gli elementi selezionati fungono da segnaposto fino a quando non viene stabilita una fornitura locale o importata.","DeepL is selected for “Selected items act as placeholders until local or imported supply is established.” (help.plannedSupply) because it provides more natural target-language grammar without changing the source meaning; placeholders and protected tokens remain exact."
"help.present","it-IT","Shows whether a resource can be present at this outpost.","2D44B13D06D4C5D9586131A1C16DB22686334E21758E9EF6EB8B045DD15E34CE","Contextual help, tooltip, or explanatory guidance.","HIGH","","","term.outpost=Avamposto [strategy=semantic-concept, variants=avamposto | avamposti]; glossary.present=Presenza [strategy=key-scoped, variants=presenza | presente | disponibile]","Indica se una risorsa può essere presente in questo avamposto.","Indica se una risorsa può essere presente in questo avamposto.","IDENTICAL","AGREED","Indica se una risorsa può essere presente in questo avamposto.","Both independent witnesses agree for “Shows whether a resource can be present at this outpost.” (help.present); the shared wording is clear in the recorded UI context and preserves the required syntax."
"help.producing","it-IT","Shows whether this outpost is currently set to produce the resource or product.","29DCDE55AD1D0CD4D37C40CF36C7B456875A6C5B7140B102FABFB09C0F0AABC7","Contextual help, tooltip, or explanatory guidance.","HIGH","","","term.outpost=Avamposto [strategy=semantic-concept, variants=avamposto | avamposti]; glossary.producing=In produzione [strategy=key-scoped, variants=in produzione | produrre | interrompere la produzione]","Indica se questo avamposto è attualmente configurato per produrre la risorsa o il prodotto.","Indica se questo avamposto è attualmente impostato per produrre la risorsa o il prodotto.","SUBSTANTIVE","CODEX","Indica se questo avamposto è attualmente configurato per produrre la risorsa o il prodotto.","Codex is selected for “Shows whether this outpost is currently set to produce the resource or product.” (help.producing) because it preserves the row's approved product vocabulary (term.outpost=Avamposto [strategy=semantic-concept, variants=avamposto | avamposti]; glossary.producing=In produzione [strategy=key-scoped, variants=in produzione | produrre | interrompere la produzione]); the fluent DeepL alternative diverges from at least one binding term or semantic label in this UI context."
"help.validation","it-IT","Errors identify invalid states, warnings identify incomplete or inconsistent states, and info highlights useful follow-up items.","789745A39ED1260E4E0F45198AA483207C2B651ED1DDF801C4077D03D1FD3FE4","Contextual help, tooltip, or explanatory guidance.","HIGH","","","glossary.validation-error=Errore [strategy=semantic-concept]; glossary.validation-warning=Avviso [strategy=semantic-concept]; glossary.validation-info=Informazione [strategy=semantic-concept]","Gli errori indicano stati non validi, gli avvisi stati incompleti o incoerenti e le informazioni evidenziano utili azioni successive.","Gli errori indicano stati non validi, gli avvisi indicano stati incompleti o incoerenti e le informazioni evidenziano elementi utili da approfondire.","SUBSTANTIVE","CODEX","Gli errori indicano stati non validi, gli avvisi stati incompleti o incoerenti e le informazioni evidenziano utili azioni successive.","Codex is selected for “Errors identify invalid states, warnings identify incomplete or inconsistent states, an...” (help.validation) because it preserves the row's approved product vocabulary (glossary.validation-error=Errore [strategy=semantic-concept]; glossary.validation-warning=Avviso [strategy=semantic-concept]; glossary.validation-info=Informazione [strategy=semantic-concept]); the fluent DeepL alternative diverges from at least one binding term or semantic label in this UI context."
"history.addBiome","it-IT","Add biome selection for {outpost}","893FBD42D6863BBAA9AD361602DFACB90A7E9E91C64ADF3AD34E922E34081731","Relocalizable Undo/Redo action description.","MEDIUM","outpost","","term.outpost=Avamposto [strategy=semantic-concept, variants=avamposto | avamposti]; term.biome=Bioma [strategy=semantic-concept, variants=bioma | biomi]","Aggiungi una selezione di bioma a {outpost}","Aggiungi selezione del bioma per {avamposto}","INVALID_TOKENS","INVALID_DEEPL_REPAIRED","Aggiungi una selezione di bioma a {outpost}","DeepL is structurally invalid for “Add biome selection for {outpost}” (history.addBiome) because one or more required placeholder names were translated, removed, or changed. The independently reviewed Codex wording is retained as the natural token-safe repair with the exact repository placeholders, plural form, and protected tokens restored."
"history.addCargoPad","it-IT","Add {outpost} / {pad}","416B79340A29487BC0F3C9C6D7675C5D6969D3347B5826DBD8F0FD415399FDBC","Relocalizable Undo/Redo action description.","HIGH","outpost; pad","","term.outpost=Avamposto [strategy=semantic-concept, variants=avamposto | avamposti]","Aggiungi {outpost} / {pad}","Aggiungi {avamposto} / {piattaforma}","INVALID_TOKENS","INVALID_DEEPL_REPAIRED","Aggiungi {outpost} / {pad}","DeepL is structurally invalid for “Add {outpost} / {pad}” (history.addCargoPad) because one or more required placeholder names were translated, removed, or changed. The independently reviewed Codex wording is retained as the natural token-safe repair with the exact repository placeholders, plural form, and protected tokens restored."
"history.addExplicitResource","it-IT","Add explicit resource {resource} to {outpost}","EB0C15D35B7EEA055EBD46086D374FED5D3BD2D8461A1BA3CBD5DCCF5F65B798","Relocalizable Undo/Redo action description.","HIGH","outpost; resource","","term.outpost=Avamposto [strategy=semantic-concept, variants=avamposto | avamposti]","Aggiungi la risorsa esplicita {resource} a {outpost}","Aggiungi la risorsa esplicita {risorsa} a {avamposto}","INVALID_TOKENS","INVALID_DEEPL_REPAIRED","Aggiungi la risorsa esplicita {resource} a {outpost}","DeepL is structurally invalid for “Add explicit resource {resource} to {outpost}” (history.addExplicitResource) because one or more required placeholder names were translated, removed, or changed. The independently reviewed Codex wording is retained as the natural token-safe repair with the exact repository placeholders, plural form, and protected tokens restored."
"history.addExport","it-IT","Add export {item} to {outpost} / {pad}","8BF72E540F447BEE04AB301D6FABBC89D0547E89B3BB831228853173EEE1DBD1","Relocalizable Undo/Redo action description.","HIGH","item; outpost; pad","","term.outpost=Avamposto [strategy=semantic-concept, variants=avamposto | avamposti]","Aggiungi l’esportazione {item} a {outpost} / {pad}","Aggiungi esportazione di {item} a {avamposto} / {piattaforma}","INVALID_TOKENS","INVALID_DEEPL_REPAIRED","Aggiungi l’esportazione {item} a {outpost} / {pad}","DeepL is structurally invalid for “Add export {item} to {outpost} / {pad}” (history.addExport) because one or more required placeholder names were translated, removed, or changed. The independently reviewed Codex wording is retained as the natural token-safe repair with the exact repository placeholders, plural form, and protected tokens restored."
"history.addLocalResource","it-IT","Add local resource {resource} to {outpost}","1A568B9382CE83A903BF161A3A89A3B665BCFC58BECD028E0FE8C3CA285714EA","Relocalizable Undo/Redo action description.","HIGH","outpost; resource","","term.outpost=Avamposto [strategy=semantic-concept, variants=avamposto | avamposti]","Aggiungi la risorsa locale {resource} a {outpost}","Aggiungi la risorsa locale {resource} a {outpost}","IDENTICAL","AGREED","Aggiungi la risorsa locale {resource} a {outpost}","Both independent witnesses agree for “Add local resource {resource} to {outpost}” (history.addLocalResource); the shared wording is clear in the recorded UI context and preserves the required syntax."
"history.addNetwork","it-IT","Add network","0B6A12F5D7070417ADA9474DD5F213744693BC727D2504C94C2D8055A0826A84","Relocalizable Undo/Redo action description.","MEDIUM","","","glossary.network=Rete [strategy=semantic-concept]","Aggiungi rete","Aggiungi rete","IDENTICAL","AGREED","Aggiungi rete","Both independent witnesses agree for “Add network” (history.addNetwork); the shared wording is clear in the recorded UI context and preserves the required syntax."
"history.addOutpost","it-IT","Add outpost","E918451B6D2EC69126402B9C3D175CBCF5114A80163A34073D64D10FE29E5D0A","Relocalizable Undo/Redo action description.","MEDIUM","","","term.outpost=Avamposto [strategy=semantic-concept, variants=avamposto | avamposti]","Aggiungi avamposto","Aggiungi avamposto","IDENTICAL","AGREED","Aggiungi avamposto","Both independent witnesses agree for “Add outpost” (history.addOutpost); the shared wording is clear in the recorded UI context and preserves the required syntax."
"history.addPlannedSupply","it-IT","Add Planned Supply {item}","01C358D6681105870D2F96A2246E9D9AB36C48D17786F9CF4149585D613D4765","Relocalizable Undo/Redo action description.","MEDIUM","item","","glossary.planned-supply=Fornitura pianificata [strategy=semantic-concept]","Aggiungi Fornitura pianificata {item}","Aggiungi rifornimento pianificato {item}","SUBSTANTIVE","CODEX","Aggiungi Fornitura pianificata {item}","Codex is selected for “Add Planned Supply {item}” (history.addPlannedSupply) because it preserves the row's approved product vocabulary (glossary.planned-supply=Fornitura pianificata [strategy=semantic-concept]); the fluent DeepL alternative diverges from at least one binding term or semantic label in this UI context."
"history.benchmark","it-IT","{label}","1F0B60B0B03A95C72373255490256B7384E30D23C62AB3477558ED6209C312AB","Relocalizable Undo/Redo action description.","MEDIUM","label","","","{label}","{label}","IDENTICAL","AGREED","{label}","Both independent witnesses agree for “{label}” (history.benchmark); the shared wording is clear in the recorded UI context and preserves the required syntax."
"history.changeBody","it-IT","Change {outpost} body to {body}","E8CD919D877A72EB0730C959C5ADA078D7B1E61E118C01B0B0F941A009166594","Relocalizable Undo/Redo action description.","HIGH","body; outpost","","term.outpost=Avamposto [strategy=semantic-concept, variants=avamposto | avamposti]; term.planetary-body=Corpo celeste [strategy=semantic-concept, variants=corpo celeste | corpi celesti]","Cambia il corpo celeste di {outpost} in {body}","Modifica il corpo di {avamposto} in {corpo}","INVALID_TOKENS","INVALID_DEEPL_REPAIRED","Cambia il corpo celeste di {outpost} in {body}","DeepL is structurally invalid for “Change {outpost} body to {body}” (history.changeBody) because one or more required placeholder names were translated, removed, or changed. The independently reviewed Codex wording is retained as the natural token-safe repair with the exact repository placeholders, plural form, and protected tokens restored."
"history.changeCargoLink","it-IT","Change link for {localOutpost} / {localPad} to {remoteOutpost} / {remotePad}","108A2278E01EABCE4807854AAEFFA410B9EA645F0DDA2A6C0660D30F417DF617","Relocalizable Undo/Redo action description.","HIGH","localOutpost; localPad; remoteOutpost; remotePad","","","Cambia il collegamento di {localOutpost} / {localPad} in {remoteOutpost} / {remotePad}","Cambia il collegamento per {avampostoLocale} / {piattaformaLocale} in {avampostoRemoto} / {piattaformaRemota}","INVALID_TOKENS","INVALID_DEEPL_REPAIRED","Cambia il collegamento di {localOutpost} / {localPad} in {remoteOutpost} / {remotePad}","DeepL is structurally invalid for “Change link for {localOutpost} / {localPad} to {remoteOutpost} / {remotePad}” (history.changeCargoLink) because one or more required placeholder names were translated, removed, or changed. The independently reviewed Codex wording is retained as the natural token-safe repair with the exact repository placeholders, plural form, and protected tokens restored."
"history.changeCargoPadType","it-IT","Change {outpost} / {pad} to {type}","86065BEEC14B2BCDE4BF7F722D54A067C374AAEACE2FB0DD7123629A8F00604A","Relocalizable Undo/Redo action description.","HIGH","outpost; pad; type","","term.outpost=Avamposto [strategy=semantic-concept, variants=avamposto | avamposti]","Cambia {outpost} / {pad} in {type}","Cambia {avamposto} / {pad} in {tipo}","INVALID_TOKENS","INVALID_DEEPL_REPAIRED","Cambia {outpost} / {pad} in {type}","DeepL is structurally invalid for “Change {outpost} / {pad} to {type}” (history.changeCargoPadType) because one or more required placeholder names were translated, removed, or changed. The independently reviewed Codex wording is retained as the natural token-safe repair with the exact repository placeholders, plural form, and protected tokens restored."
"history.changeCharacterLevel","it-IT","Change character level from {previousLevel} to {level}","2C4695DE4208CE65326C97BB6474FA50C6BAB491933ECBEE2DF644BD98B55271","Relocalizable Undo/Redo action description.","HIGH","level; previousLevel","","","Cambia il livello del personaggio da {previousLevel} a {level}","Cambia il livello del personaggio da {previousLevel} a {level}","IDENTICAL","AGREED","Cambia il livello del personaggio da {previousLevel} a {level}","Both independent witnesses agree for “Change character level from {previousLevel} to {level}” (history.changeCharacterLevel); the shared wording is clear in the recorded UI context and preserves the required syntax."
"history.changeSkill","it-IT","Change {skill} from {previousRank} to {rank}","05B1667E5AEB74081B3E9764FB39D361EA2993FA87EBC8EFB7245BD6F929321E","Relocalizable Undo/Redo action description.","HIGH","previousRank; rank; skill","","","Cambia {skill} da {previousRank} a {rank}","Cambia {skill} da {previousRank} a {rank}","IDENTICAL","AGREED","Cambia {skill} da {previousRank} a {rank}","Both independent witnesses agree for “Change {skill} from {previousRank} to {rank}” (history.changeSkill); the shared wording is clear in the recorded UI context and preserves the required syntax."
"history.changeSystem","it-IT","Change {outpost} system to {system}","434BE195B40DA835328B4169238A89FDE6CBFD1E8A050CB109C88FC287C9EE56","Relocalizable Undo/Redo action description.","HIGH","outpost; system","","term.outpost=Avamposto [strategy=semantic-concept, variants=avamposto | avamposti]; term.star-system=Sistema stellare [strategy=semantic-concept, variants=sistema stellare | sistemi stellari]","Cambia il sistema di {outpost} in {system}","Sostituisci il sistema {outpost} con {system}","SUBSTANTIVE","CODEX","Cambia il sistema di {outpost} in {system}","Codex is selected for “Change {outpost} system to {system}” (history.changeSystem) because it preserves the row's approved product vocabulary (term.outpost=Avamposto [strategy=semantic-concept, variants=avamposto | avamposti]; term.star-system=Sistema stellare [strategy=semantic-concept, variants=sistema stellare | sistemi stellari]); the fluent DeepL alternative diverges from at least one binding term or semantic label in this UI context."
"history.clearBody","it-IT","Clear body for {outpost}","9EE9E438B559F3E1D27076737BCFB1C7CCE220987BA38D8AFAB970C17F04BB50","Relocalizable Undo/Redo action description.","MEDIUM","outpost","","term.outpost=Avamposto [strategy=semantic-concept, variants=avamposto | avamposti]; term.planetary-body=Corpo celeste [strategy=semantic-concept, variants=corpo celeste | corpi celesti]","Cancella il corpo celeste di {outpost}","Cancella il testo di {outpost}","SUBSTANTIVE","CODEX","Cancella il corpo celeste di {outpost}","Codex is selected for “Clear body for {outpost}” (history.clearBody) because it preserves the row's approved product vocabulary (term.outpost=Avamposto [strategy=semantic-concept, variants=avamposto | avamposti]; term.planetary-body=Corpo celeste [strategy=semantic-concept, variants=corpo celeste | corpi celesti]); the fluent DeepL alternative diverges from at least one binding term or semantic label in this UI context."
"history.clearCharacterLevel","it-IT","Clear character level","53C89A49BC93F1FD145A2A8A7BCAD56512B91602445B68A48D31A42CAF6B1DCA","Relocalizable Undo/Redo action description.","MEDIUM","","","","Cancella il livello del personaggio","Azzerare il livello del personaggio","SUBSTANTIVE","DEEPL","Azzerare il livello del personaggio","DeepL is selected for “Clear character level” (history.clearCharacterLevel) because it provides more natural target-language grammar without changing the source meaning; placeholders and protected tokens remain exact."
"history.clearSkill","it-IT","Clear {skill}","C786683A01571783C5CEE701248E06C1E2DF39C77F491D7B91CA2ACD5BE7C5C0","Relocalizable Undo/Redo action description.","MEDIUM","skill","","","Cancella {skill}","Azzerare {abilità}","INVALID_TOKENS","INVALID_DEEPL_REPAIRED","Cancella {skill}","DeepL is structurally invalid for “Clear {skill}” (history.clearSkill) because one or more required placeholder names were translated, removed, or changed. The independently reviewed Codex wording is retained as the natural token-safe repair with the exact repository placeholders, plural form, and protected tokens restored."
"history.clearSystem","it-IT","Clear system for {outpost}","9A97C0059A13680B72EAE571F32117DDB8F15163B7B3BAFD2D4941CB0F3B0C2C","Relocalizable Undo/Redo action description.","MEDIUM","outpost","","term.outpost=Avamposto [strategy=semantic-concept, variants=avamposto | avamposti]; term.star-system=Sistema stellare [strategy=semantic-concept, variants=sistema stellare | sistemi stellari]","Cancella il sistema di {outpost}","Azzerare il sistema di {avamposto}","INVALID_TOKENS","INVALID_DEEPL_REPAIRED","Cancella il sistema di {outpost}","DeepL is structurally invalid for “Clear system for {outpost}” (history.clearSystem) because one or more required placeholder names were translated, removed, or changed. The independently reviewed Codex wording is retained as the natural token-safe repair with the exact repository placeholders, plural form, and protected tokens restored."
"history.deleteCargoPad","it-IT","Delete {outpost} / {pad}","F82A5ADC1AD6ADB5B5873FF6288E72228D4736CEB5896DC680E0167E1A4CDFBE","Relocalizable Undo/Redo action description.","HIGH","outpost; pad","","term.outpost=Avamposto [strategy=semantic-concept, variants=avamposto | avamposti]","Elimina {outpost} / {pad}","Elimina {avamposto} / {pad}","INVALID_TOKENS","INVALID_DEEPL_REPAIRED","Elimina {outpost} / {pad}","DeepL is structurally invalid for “Delete {outpost} / {pad}” (history.deleteCargoPad) because one or more required placeholder names were translated, removed, or changed. The independently reviewed Codex wording is retained as the natural token-safe repair with the exact repository placeholders, plural form, and protected tokens restored."
"history.deleteNetwork","it-IT","Delete network","C791F434B1DC472E954E4B21607059C30827A221DDC3D04919AB8229F846D500","Relocalizable Undo/Redo action description.","MEDIUM","","","glossary.network=Rete [strategy=semantic-concept]","Elimina rete","Elimina rete","IDENTICAL","AGREED","Elimina rete","Both independent witnesses agree for “Delete network” (history.deleteNetwork); the shared wording is clear in the recorded UI context and preserves the required syntax."
"history.deleteOutpost","it-IT","Delete outpost {outpost}","79C589562212E521272A6E54394BF20BC22128C297D348F35D42C0DD140A797A","Relocalizable Undo/Redo action description.","MEDIUM","outpost","","term.outpost=Avamposto [strategy=semantic-concept, variants=avamposto | avamposti]","Elimina avamposto {outpost}","Elimina avamposto {avamposto}","INVALID_TOKENS","INVALID_DEEPL_REPAIRED","Elimina avamposto {outpost}","DeepL is structurally invalid for “Delete outpost {outpost}” (history.deleteOutpost) because one or more required placeholder names were translated, removed, or changed. The independently reviewed Codex wording is retained as the natural token-safe repair with the exact repository placeholders, plural form, and protected tokens restored."
"history.editManufacturing","it-IT","Edit manufacturing at {outpost}","C9AFE37FB5D66D5F7AC538C1EED10DD229AB717193B4225A90B34AF5A1FEF8CC","Relocalizable Undo/Redo action description.","MEDIUM","outpost","","term.outpost=Avamposto [strategy=semantic-concept, variants=avamposto | avamposti]; glossary.manufacturing=Fabbricazione [strategy=semantic-concept]","Modifica la fabbricazione in {outpost}","Modifica produzione presso {avamposto}","INVALID_TOKENS","INVALID_DEEPL_REPAIRED","Modifica la fabbricazione in {outpost}","DeepL is structurally invalid for “Edit manufacturing at {outpost}” (history.editManufacturing) because one or more required placeholder names were translated, removed, or changed. The independently reviewed Codex wording is retained as the natural token-safe repair with the exact repository placeholders, plural form, and protected tokens restored."
"history.importNetworks","it-IT","Import networks","84098C98A37E069A64F1531E4CEAC2C1CCE108FF2CB8B62332E877C9BA57D580","Relocalizable Undo/Redo action description.","MEDIUM","","","glossary.network=Rete [strategy=semantic-concept]; glossary.file-import-export=Importa / Esporta [strategy=key-scoped]","Importa reti","Importa reti","IDENTICAL","AGREED","Importa reti","Both independent witnesses agree for “Import networks” (history.importNetworks); the shared wording is clear in the recorded UI context and preserves the required syntax."
"history.linkCargoPad","it-IT","Link {localOutpost} / {localPad} to {remoteOutpost} / {remotePad}","88EE5C1148024FD285A212393D75507FE47480AFD766F6B54F5AA5CC956488D4","Relocalizable Undo/Redo action description.","HIGH","localOutpost; localPad; remoteOutpost; remotePad","","","Collega {localOutpost} / {localPad} a {remoteOutpost} / {remotePad}","Collega {avampostoLocale} / {piattaformaLocale} a {avampostoRemoto} / {piattaformaRemota}","INVALID_TOKENS","INVALID_DEEPL_REPAIRED","Collega {localOutpost} / {localPad} a {remoteOutpost} / {remotePad}","DeepL is structurally invalid for “Link {localOutpost} / {localPad} to {remoteOutpost} / {remotePad}” (history.linkCargoPad) because one or more required placeholder names were translated, removed, or changed. The independently reviewed Codex wording is retained as the natural token-safe repair with the exact repository placeholders, plural form, and protected tokens restored."
"history.moveCargoPad","it-IT","Move {outpost} / {pad} to position {position}","6E7E6A017CC6BDF02F26F2324E39AFA81B6F1A60C38CFF35107A3E228D0E2F47","Relocalizable Undo/Redo action description.","HIGH","outpost; pad; position","","term.outpost=Avamposto [strategy=semantic-concept, variants=avamposto | avamposti]","Sposta {outpost} / {pad} alla posizione {position}","Sposta {avamposto} / {pad} nella posizione {posizione}","INVALID_TOKENS","INVALID_DEEPL_REPAIRED","Sposta {outpost} / {pad} alla posizione {position}","DeepL is structurally invalid for “Move {outpost} / {pad} to position {position}” (history.moveCargoPad) because one or more required placeholder names were translated, removed, or changed. The independently reviewed Codex wording is retained as the natural token-safe repair with the exact repository placeholders, plural form, and protected tokens restored."
"history.moveOutpost","it-IT","Move {outpost} to position {position}","3B3006733CC17E27FD128D53A7968132F9ABBB1C1486BCD51F6DB29EC38443EE","Relocalizable Undo/Redo action description.","HIGH","outpost; position","","term.outpost=Avamposto [strategy=semantic-concept, variants=avamposto | avamposti]","Sposta {outpost} alla posizione {position}","Sposta {avamposto} nella posizione {posizione}","INVALID_TOKENS","INVALID_DEEPL_REPAIRED","Sposta {outpost} alla posizione {position}","DeepL is structurally invalid for “Move {outpost} to position {position}” (history.moveOutpost) because one or more required placeholder names were translated, removed, or changed. The independently reviewed Codex wording is retained as the natural token-safe repair with the exact repository placeholders, plural form, and protected tokens restored."
"history.networkContext","it-IT","Network {ordinal}: {action}","1E82C6A8AA649F636D185126B84DC803B03D803FA3E6F8B1949064CE4B371ADF","Relocalizable Undo/Redo action description.","HIGH","action; ordinal","","glossary.network=Rete [strategy=semantic-concept]","Rete {ordinal}: {action}","Rete {ordinal}: {action}","IDENTICAL","AGREED","Rete {ordinal}: {action}","Both independent witnesses agree for “Network {ordinal}: {action}” (history.networkContext); the shared wording is clear in the recorded UI context and preserves the required syntax."
"history.redo","it-IT","Redo","74273989B0966E2369B6D01AADB23AF4AD6A9E724643FA88F2BDE99202A36708","Relocalizable Undo/Redo action description.","MEDIUM","","","glossary.undo-redo=Annulla / Ripeti [strategy=key-scoped]","Ripeti","Ripeti","IDENTICAL","AGREED","Ripeti","Both independent witnesses agree for “Redo” (history.redo); the shared wording is clear in the recorded UI context and preserves the required syntax."
"history.redo.action","it-IT","Redo: {action}","B547829FEB3803DBDD25DAB483F1901FBD919E143CF04C05762190B5DE1BB758","Relocalizable Undo/Redo action description.","MEDIUM","action","","glossary.undo-redo=Annulla / Ripeti [strategy=key-scoped]","Ripeti: {action}","Ripeti: {azione}","INVALID_TOKENS","INVALID_DEEPL_REPAIRED","Ripeti: {action}","DeepL is structurally invalid for “Redo: {action}” (history.redo.action) because one or more required placeholder names were translated, removed, or changed. The independently reviewed Codex wording is retained as the natural token-safe repair with the exact repository placeholders, plural form, and protected tokens restored."
"history.redo.none","it-IT","Nothing to redo","4AAF2710A06093447959EBE89E9476D48AD0A7D243FBBE9977CE51C595876B55","Relocalizable Undo/Redo action description.","MEDIUM","","","glossary.undo-redo=Annulla / Ripeti [strategy=key-scoped]","Niente da ripetere","Niente da rifare","SUBSTANTIVE","CODEX","Niente da ripetere","Codex is selected for “Nothing to redo” (history.redo.none) because it preserves the row's approved product vocabulary (glossary.undo-redo=Annulla / Ripeti [strategy=key-scoped]); the fluent DeepL alternative diverges from at least one binding term or semantic label in this UI context."
"history.removeBiome","it-IT","Remove biome selection for {outpost}","969F3EA42820E901A14033E682789514084F6D170128CBFB3EBE9704B15BD4D5","Relocalizable Undo/Redo action description.","MEDIUM","outpost","","term.outpost=Avamposto [strategy=semantic-concept, variants=avamposto | avamposti]; term.biome=Bioma [strategy=semantic-concept, variants=bioma | biomi]","Rimuovi una selezione di bioma da {outpost}","Rimuovi la selezione del bioma per {avamposto}","INVALID_TOKENS","INVALID_DEEPL_REPAIRED","Rimuovi una selezione di bioma da {outpost}","DeepL is structurally invalid for “Remove biome selection for {outpost}” (history.removeBiome) because one or more required placeholder names were translated, removed, or changed. The independently reviewed Codex wording is retained as the natural token-safe repair with the exact repository placeholders, plural form, and protected tokens restored."
"history.removeExplicitResource","it-IT","Remove explicit resource {resource} from {outpost}","9C3EFF7493C2FD697060EC06B55B6E909891DD72F270CFE8AF967D58AD468D13","Relocalizable Undo/Redo action description.","HIGH","outpost; resource","","term.outpost=Avamposto [strategy=semantic-concept, variants=avamposto | avamposti]","Rimuovi la risorsa esplicita {resource} da {outpost}","Rimuovi la risorsa esplicita {risorsa} da {avamposto}","INVALID_TOKENS","INVALID_DEEPL_REPAIRED","Rimuovi la risorsa esplicita {resource} da {outpost}","DeepL is structurally invalid for “Remove explicit resource {resource} from {outpost}” (history.removeExplicitResource) because one or more required placeholder names were translated, removed, or changed. The independently reviewed Codex wording is retained as the natural token-safe repair with the exact repository placeholders, plural form, and protected tokens restored."
"history.removeExport","it-IT","Remove export {item} from {outpost} / {pad}","F56A09E0EA0D5AFE4297842F244021A1886029E3AFD252A720D8AAD9E8131574","Relocalizable Undo/Redo action description.","HIGH","item; outpost; pad","","term.outpost=Avamposto [strategy=semantic-concept, variants=avamposto | avamposti]","Rimuovi l’esportazione {item} da {outpost} / {pad}","Rimuovi l'esportazione di {oggetto} da {avamposto} / {piattaforma}","INVALID_TOKENS","INVALID_DEEPL_REPAIRED","Rimuovi l’esportazione {item} da {outpost} / {pad}","DeepL is structurally invalid for “Remove export {item} from {outpost} / {pad}” (history.removeExport) because one or more required placeholder names were translated, removed, or changed. The independently reviewed Codex wording is retained as the natural token-safe repair with the exact repository placeholders, plural form, and protected tokens restored."
"history.removeLocalResource","it-IT","Remove local resource {resource} from {outpost}","3D62E4624BCD438245F262B2E9C5C42B787739DEB56A721898CAABD659145AD5","Relocalizable Undo/Redo action description.","HIGH","outpost; resource","","term.outpost=Avamposto [strategy=semantic-concept, variants=avamposto | avamposti]","Rimuovi la risorsa locale {resource} da {outpost}","Rimuovi la risorsa locale {risorsa} da {avamposto}","INVALID_TOKENS","INVALID_DEEPL_REPAIRED","Rimuovi la risorsa locale {resource} da {outpost}","DeepL is structurally invalid for “Remove local resource {resource} from {outpost}” (history.removeLocalResource) because one or more required placeholder names were translated, removed, or changed. The independently reviewed Codex wording is retained as the natural token-safe repair with the exact repository placeholders, plural form, and protected tokens restored."
"history.removePlannedSupply","it-IT","Remove Planned Supply {item}","948C1F6C5869D505D4D42C229E5FC4B3AA89D81EEF2C938A732156C427A06F29","Relocalizable Undo/Redo action description.","MEDIUM","item","","glossary.planned-supply=Fornitura pianificata [strategy=semantic-concept]","Rimuovi Fornitura pianificata {item}","Rimuovere la fornitura pianificata {item}","SUBSTANTIVE","DEEPL","Rimuovere la fornitura pianificata {item}","DeepL is selected for “Remove Planned Supply {item}” (history.removePlannedSupply) because it provides more natural target-language grammar without changing the source meaning while retaining the approved terminology (glossary.planned-supply=Fornitura pianificata [strategy=semantic-concept]); placeholders and protected tokens remain exact."
"history.renameCharacter","it-IT","Rename character {previousName} to {name}","8D4BCA97AE9F42035389F0C55B63FF4E2C4A05C16E28C85DC0FCDB4DF13806DD","Relocalizable Undo/Redo action description.","HIGH","name; previousName","","","Rinomina il personaggio da {previousName} a {name}","Rinomina il personaggio {previousName} in {name}","SUBSTANTIVE","DEEPL","Rinomina il personaggio {previousName} in {name}","DeepL is selected for “Rename character {previousName} to {name}” (history.renameCharacter) because it provides more natural target-language grammar without changing the source meaning; placeholders and protected tokens remain exact."
"history.renameOutpost","it-IT","Rename outpost {previousName} to {name}","8F0926A3817A8249DE5756C3295E233FF53C310F6A9E6C6AECF9AFE9D2A1BC4C","Relocalizable Undo/Redo action description.","HIGH","name; previousName","","term.outpost=Avamposto [strategy=semantic-concept, variants=avamposto | avamposti]","Rinomina l’avamposto da {previousName} a {name}","Rinomina l'avamposto {previousName} in {name}","SUBSTANTIVE","DEEPL","Rinomina l'avamposto {previousName} in {name}","DeepL is selected for “Rename outpost {previousName} to {name}” (history.renameOutpost) because it provides more natural target-language grammar without changing the source meaning while retaining the approved terminology (term.outpost=Avamposto [strategy=semantic-concept, variants=avamposto | avamposti]); placeholders and protected tokens remain exact."
"history.resetNetwork","it-IT","Reset network","4A609854AE08898CAE2C4B634B016AFD1FDC3BEB4F84342B1239EC55DD8EEF6F","Relocalizable Undo/Redo action description.","MEDIUM","","","glossary.network=Rete [strategy=semantic-concept]","Ripristina rete","Reimposta la rete","SUBSTANTIVE","DEEPL","Reimposta la rete","DeepL is selected for “Reset network” (history.resetNetwork) because it provides more natural target-language grammar without changing the source meaning while retaining the approved terminology (glossary.network=Rete [strategy=semantic-concept]); placeholders and protected tokens remain exact."
"history.setCharacterLevel","it-IT","Set character level to {level}","780B89077917658A4A33F5391C437D7C839EAC9A75DFBF2ED43D19B8E44C2889","Relocalizable Undo/Redo action description.","MEDIUM","level","","","Imposta il livello del personaggio su {level}","Imposta il livello del personaggio su {level}","IDENTICAL","AGREED","Imposta il livello del personaggio su {level}","Both independent witnesses agree for “Set character level to {level}” (history.setCharacterLevel); the shared wording is clear in the recorded UI context and preserves the required syntax."
"history.setSkill","it-IT","Set {skill} to {rank}","77319DA02DA0DBEE04C21303E9C8460EA452D1CB980B146CF12582679109EAD6","Relocalizable Undo/Redo action description.","HIGH","rank; skill","","","Imposta {skill} su {rank}","Imposta {abilità} a {grado}","INVALID_TOKENS","INVALID_DEEPL_REPAIRED","Imposta {skill} su {rank}","DeepL is structurally invalid for “Set {skill} to {rank}” (history.setSkill) because one or more required placeholder names were translated, removed, or changed. The independently reviewed Codex wording is retained as the natural token-safe repair with the exact repository placeholders, plural form, and protected tokens restored."
"history.startProducing","it-IT","Start producing {resource} at {outpost}","A19EAEEBCA12AC4C3545C0B61AB4A78E7056468D7B8AE2CC203C0401ADF421F6","Relocalizable Undo/Redo action description.","HIGH","outpost; resource","","term.outpost=Avamposto [strategy=semantic-concept, variants=avamposto | avamposti]; glossary.producing=In produzione [strategy=key-scoped, variants=in produzione | produrre | interrompere la produzione]","Avvia la produzione di {resource} in {outpost}","Avvia la produzione di {risorsa} presso {avamposto}","INVALID_TOKENS","INVALID_DEEPL_REPAIRED","Avvia la produzione di {resource} in {outpost}","DeepL is structurally invalid for “Start producing {resource} at {outpost}” (history.startProducing) because one or more required placeholder names were translated, removed, or changed. The independently reviewed Codex wording is retained as the natural token-safe repair with the exact repository placeholders, plural form, and protected tokens restored."
"history.stopProducing","it-IT","Stop producing {resource} at {outpost}","2790D53F2BF7B708F26E90199DE17B9513C9139A68F79CB1DEB82265FEF538C1","Relocalizable Undo/Redo action description.","HIGH","outpost; resource","","term.outpost=Avamposto [strategy=semantic-concept, variants=avamposto | avamposti]; glossary.producing=In produzione [strategy=key-scoped, variants=in produzione | produrre | interrompere la produzione]","Interrompi la produzione di {resource} in {outpost}","Interrompi la produzione di {risorsa} presso {avamposto}","INVALID_TOKENS","INVALID_DEEPL_REPAIRED","Interrompi la produzione di {resource} in {outpost}","DeepL is structurally invalid for “Stop producing {resource} at {outpost}” (history.stopProducing) because one or more required placeholder names were translated, removed, or changed. The independently reviewed Codex wording is retained as the natural token-safe repair with the exact repository placeholders, plural form, and protected tokens restored."
"history.undo","it-IT","Undo","A8283ADE31856F71220DB0E6F60A257C6889DC4DAD0F275F66AD44B9ED9BF8D5","Relocalizable Undo/Redo action description.","MEDIUM","","","glossary.undo-redo=Annulla / Ripeti [strategy=key-scoped]","Annulla","Annulla","IDENTICAL","AGREED","Annulla","Both independent witnesses agree for “Undo” (history.undo); the shared wording is clear in the recorded UI context and preserves the required syntax."
"history.undo.action","it-IT","Undo: {action}","A6CB877C6B435FF3EF0D9ABAD3387FFFCC47FA869E27199FE203B086E36A51E8","Relocalizable Undo/Redo action description.","MEDIUM","action","","glossary.undo-redo=Annulla / Ripeti [strategy=key-scoped]","Annulla: {action}","Annulla: {azione}","INVALID_TOKENS","INVALID_DEEPL_REPAIRED","Annulla: {action}","DeepL is structurally invalid for “Undo: {action}” (history.undo.action) because one or more required placeholder names were translated, removed, or changed. The independently reviewed Codex wording is retained as the natural token-safe repair with the exact repository placeholders, plural form, and protected tokens restored."
"history.undo.none","it-IT","Nothing to undo","8329007820D54938FE5DBF93C1D1CA8D76CD0657AD4C882689605F572E4AE6F0","Relocalizable Undo/Redo action description.","MEDIUM","","","glossary.undo-redo=Annulla / Ripeti [strategy=key-scoped]","Niente da annullare","Niente da annullare","IDENTICAL","AGREED","Niente da annullare","Both independent witnesses agree for “Nothing to undo” (history.undo.none); the shared wording is clear in the recorded UI context and preserves the required syntax."
"history.unlinkCargoPad","it-IT","Unlink {outpost} / {pad}","7D8EBF7B409B216684FF93170EEAE15F2111513D9D1262FF30E02F9A4DE5A668","Relocalizable Undo/Redo action description.","HIGH","outpost; pad","","term.outpost=Avamposto [strategy=semantic-concept, variants=avamposto | avamposti]","Scollega {outpost} / {pad}","Scollega {avamposto} / {piattaforma}","INVALID_TOKENS","INVALID_DEEPL_REPAIRED","Scollega {outpost} / {pad}","DeepL is structurally invalid for “Unlink {outpost} / {pad}” (history.unlinkCargoPad) because one or more required placeholder names were translated, removed, or changed. The independently reviewed Codex wording is retained as the natural token-safe repair with the exact repository placeholders, plural form, and protected tokens restored."
"locale.selector.automatic","it-IT","Automatic ({locale})","F139A462E854752156E3389DC3276EC53EC63E5840856D9649163DB4D1E08FD5","Language selector and effective-locale presentation.","LOW","locale","","","Automatico ({locale})","Automatico ({locale})","IDENTICAL","AGREED","Automatico ({locale})","Both independent witnesses agree for “Automatic ({locale})” (locale.selector.automatic); the shared wording is clear in the recorded UI context and preserves the required syntax."
"locale.selector.current","it-IT","Language and region: {locale}","4130B7241194E6419EDB302D6D20F78FB64719872DA27A1790711E229321E8A1","Language selector and effective-locale presentation.","LOW","locale","","","Lingua e regione: {locale}","Lingua e regione: {locale}","IDENTICAL","AGREED","Lingua e regione: {locale}","Both independent witnesses agree for “Language and region: {locale}” (locale.selector.current); the shared wording is clear in the recorded UI context and preserves the required syntax."
"locale.selector.label","it-IT","Language and region","4F9555CD54EADE38887A7B1D16435E6487A41C92F684BD78E01F20EA991C8E7D","Language selector and effective-locale presentation. This is a form or control label.","LOW","","","","Lingua e regione","Lingua e regione","IDENTICAL","AGREED","Lingua e regione","Both independent witnesses agree for “Language and region” (locale.selector.label); the shared wording is clear in the recorded UI context and preserves the required syntax."
"matrix.action.toggle","it-IT","{action} {item}","DC8B8B32CEB833991863B5F3DACF816862F17865C8B68302C2CEAE5E445FA49D","Resource Matrix label, action, state, or tooltip.","HIGH","action; item","","","{action} {item}","{azione} {elemento}","INVALID_TOKENS","INVALID_DEEPL_REPAIRED","{action} {item}","DeepL is structurally invalid for “{action} {item}” (matrix.action.toggle) because one or more required placeholder names were translated, removed, or changed. The independently reviewed Codex wording is retained as the natural token-safe repair with the exact repository placeholders, plural form, and protected tokens restored."
"matrix.action.togglePresent","it-IT","Toggle Present for {item}","3B1861C21786E4B797EA34D360FBA067E9B75766F21067D01CC9F3EA3655C739","Resource Matrix label, action, state, or tooltip.","MEDIUM","item","","glossary.present=Presenza [strategy=key-scoped, variants=presenza | presente | disponibile]","Attiva/disattiva la presenza di {item}","Attiva/disattiva ""Presente"" per {item}","SUBSTANTIVE","CODEX","Attiva/disattiva la presenza di {item}","Codex is selected for “Toggle Present for {item}” (matrix.action.togglePresent) because it preserves the row's approved product vocabulary (glossary.present=Presenza [strategy=key-scoped, variants=presenza | presente | disponibile]); the fluent DeepL alternative diverges from at least one binding term or semantic label in this UI context."
"matrix.action.toggleProducing","it-IT","Toggle Producing for {item}","83C0CBABA203A6B13DF5A148B7872FFE8D686A15440DA523539073C54D1703BE","Resource Matrix label, action, state, or tooltip.","MEDIUM","item","","glossary.producing=In produzione [strategy=key-scoped, variants=in produzione | produrre | interrompere la produzione]","Attiva/disattiva la produzione di {item}","Attiva/disattiva ""Produzione da {source}"" per {item}","INVALID_TOKENS","INVALID_DEEPL_REPAIRED","Attiva/disattiva la produzione di {item}","DeepL is structurally invalid for “Toggle Producing for {item}” (matrix.action.toggleProducing) because one or more required placeholder names were translated, removed, or changed. The independently reviewed Codex wording is retained as the natural token-safe repair with the exact repository placeholders, plural form, and protected tokens restored."
"matrix.action.toggleProducingSource","it-IT","Toggle Producing from {source} for {item}","42793C59523D94302785651913A4291213010AD11779FCE9378B7782B43BB2B5","Resource Matrix label, action, state, or tooltip.","HIGH","item; source","","glossary.producing=In produzione [strategy=key-scoped, variants=in produzione | produrre | interrompere la produzione]; glossary.source=Origine [strategy=semantic-concept]","Attiva/disattiva la produzione di {item} da {source}","Attiva/disattiva la produzione da {source} per {item}","SUBSTANTIVE","CODEX","Attiva/disattiva la produzione di {item} da {source}","Codex is selected for “Toggle Producing from {source} for {item}” (matrix.action.toggleProducingSource) because it preserves the row's approved product vocabulary (glossary.producing=In produzione [strategy=key-scoped, variants=in produzione | produrre | interrompere la produzione]; glossary.source=Origine [strategy=semantic-concept]); the fluent DeepL alternative diverges from at least one binding term or semantic label in this UI context."
"matrix.action.xTech.add","it-IT","Add {resource} as present","48E58826798CF2E5504DCE63D53A13988656582AED2B000DD05BC58F134C0666","Resource Matrix label, action, state, or tooltip.","MEDIUM","resource","","glossary.present=Presenza [strategy=key-scoped, variants=presenza | presente | disponibile]","Aggiungi {resource} come presente","Aggiungi {risorsa} come presente","INVALID_TOKENS","INVALID_DEEPL_REPAIRED","Aggiungi {resource} come presente","DeepL is structurally invalid for “Add {resource} as present” (matrix.action.xTech.add) because one or more required placeholder names were translated, removed, or changed. The independently reviewed Codex wording is retained as the natural token-safe repair with the exact repository placeholders, plural form, and protected tokens restored."
"matrix.column.inputs","it-IT","Inputs","7ABC49DFA87BC183179762B87F9914CEADC46C29A5621493A4A91E54D401C1ED","Compact Resource Matrix column for items required by configured recipes or organic production; not data-entry fields.","HIGH","","","glossary.inputs=Materiali richiesti [strategy=semantic-concept, variants=materiali richiesti | risorse richieste | materiali necessari]","Materiali richiesti","Input","SUBSTANTIVE","CODEX","Materiali richiesti","Codex is selected for “Inputs” (matrix.column.inputs) because it preserves the row's approved product vocabulary (glossary.inputs=Materiali richiesti [strategy=semantic-concept, variants=materiali richiesti | risorse richieste | materiali necessari]); the fluent DeepL alternative diverges from at least one binding term or semantic label in this UI context."
"matrix.column.item","it-IT","Item","652BCC3A478428893CC505AE19F847B49BE52F861BEDC64BB192CEED409FA733","Resource Matrix label, action, state, or tooltip.","MEDIUM","","","","Elemento","Oggetto","SUBSTANTIVE","DEEPL","Oggetto","DeepL is selected for “Item” (matrix.column.item) because it provides a more idiomatic, immediately understandable control label; placeholders and protected tokens remain exact."
"matrix.column.logistics","it-IT","Logistics","AE6E98909C98E7C973D920A2D6868685D2E2F25DB3E98683EF3D0DBAE00BF7D6","Compact Resource Matrix column for items actually assigned to routed cargo exports; not merely items that could be exported.","HIGH","","","glossary.logistics=Logistica [strategy=key-scoped]","Logistica","Logistica","IDENTICAL","AGREED","Logistica","Both independent witnesses agree for “Logistics” (matrix.column.logistics); the shared wording is clear in the recorded UI context and preserves the required syntax."
"matrix.column.present","it-IT","Present","43F9B89C0B9D22D8110EAD813EA3949F20592A8BFC3C777D2D49E64DA3B0CC9B","Compact Resource Matrix column label meaning the item/resource exists or can exist at this outpost/location; not temporal “currently”.","HIGH","","","glossary.present=Presenza [strategy=key-scoped, variants=presenza | presente | disponibile]","Presenza","Presente","SUBSTANTIVE","CODEX","Presenza","Codex is selected for “Present” (matrix.column.present) because it preserves the row's approved product vocabulary (glossary.present=Presenza [strategy=key-scoped, variants=presenza | presente | disponibile]); the fluent DeepL alternative diverges from at least one binding term or semantic label in this UI context."
"matrix.column.producing","it-IT","Producing","6205C14B87A9F7261B6078D0347AAA6998853CC7BE936390846C6F1B95BF0B56","Compact Resource Matrix state meaning this outpost is configured to extract, harvest, or manufacture the item; no throughput is implied.","HIGH","","","glossary.producing=In produzione [strategy=key-scoped, variants=in produzione | produrre | interrompere la produzione]","In produzione","Produzione","SUBSTANTIVE","CODEX","In produzione","Codex is selected for “Producing” (matrix.column.producing) because it preserves the row's approved product vocabulary (glossary.producing=In produzione [strategy=key-scoped, variants=in produzione | produrre | interrompere la produzione]); the fluent DeepL alternative diverges from at least one binding term or semantic label in this UI context."
"matrix.column.source","it-IT","Source","0E570CA6FABE24F94E52C1833F3FFD25567022BEB826FA16891F3322051BC221","Resource Matrix label, action, state, or tooltip.","MEDIUM","","","glossary.source=Origine [strategy=semantic-concept]","Origine","Fonte","SUBSTANTIVE","CODEX","Origine","Codex is selected for “Source” (matrix.column.source) because it preserves the row's approved product vocabulary (glossary.source=Origine [strategy=semantic-concept]); the fluent DeepL alternative diverges from at least one binding term or semantic label in this UI context."
"matrix.heading","it-IT","Resource Matrix","0FF84E3776BFD5BC3F7CB4E19082D8AF196D2FE785AA1368744C9A46FAEA6569","Heading for the Resource Matrix, a tabular view of resource presence, active production, recipe inputs, and routed logistics. This is a visible heading.","HIGH","","","glossary.resource-matrix=Matrice delle risorse [strategy=phrase]","Matrice delle risorse","Matrice delle risorse","IDENTICAL","AGREED","Matrice delle risorse","Both independent witnesses agree for “Resource Matrix” (matrix.heading); the shared wording is clear in the recorded UI context and preserves the required syntax."
"matrix.imports.empty","it-IT","No imports.","0D77E00016DF198643A2253AFBFBE2438E9B062704280FD31A6401F534C29C89","Resource Matrix label, action, state, or tooltip.","MEDIUM","","","","Nessuna importazione.","Nessuna importazione.","IDENTICAL","AGREED","Nessuna importazione.","Both independent witnesses agree for “No imports.” (matrix.imports.empty); the shared wording is clear in the recorded UI context and preserves the required syntax."
"matrix.manufacturing.add","it-IT","Add manufactured product","9121C16E7EDB9925D309961B06EE2F11B3E7B1F05E2FA48ABA47B1F2B63FB0EA","Resource Matrix label, action, state, or tooltip.","MEDIUM","","","glossary.manufacturing=Fabbricazione [strategy=semantic-concept]","Aggiungi prodotto fabbricato","Aggiungi prodotto fabbricato","IDENTICAL","AGREED","Aggiungi prodotto fabbricato","Both independent witnesses agree for “Add manufactured product” (matrix.manufacturing.add); the shared wording is clear in the recorded UI context and preserves the required syntax."
"matrix.manufacturing.addLabel","it-IT","Add product","61C2739652DED96551EFED256FE50CD2B163432AFC860F3DE72E67B389419350","Resource Matrix label, action, state, or tooltip.","MEDIUM","","","glossary.manufacturing=Fabbricazione [strategy=semantic-concept]","Aggiungi prodotto","Aggiungi prodotto","IDENTICAL","AGREED","Aggiungi prodotto","Both independent witnesses agree for “Add product” (matrix.manufacturing.addLabel); the shared wording is clear in the recorded UI context and preserves the required syntax."
"matrix.manufacturing.empty","it-IT","No manufacturing recorded.","99A796FE6FA135735F0A14B99075E5C0042639AA22F89F176B3E6E5C5FF962A4","Resource Matrix label, action, state, or tooltip.","MEDIUM","","","glossary.manufacturing=Fabbricazione [strategy=semantic-concept]","Nessuna fabbricazione registrata.","Nessuna produzione registrata.","SUBSTANTIVE","CODEX","Nessuna fabbricazione registrata.","Codex is selected for “No manufacturing recorded.” (matrix.manufacturing.empty) because it preserves the row's approved product vocabulary (glossary.manufacturing=Fabbricazione [strategy=semantic-concept]); the fluent DeepL alternative diverges from at least one binding term or semantic label in this UI context."
"matrix.manufacturing.select","it-IT","Select product...","BC94A3C3810455749C1271E4F7F3326D0E62558B83CA19258D3DDE4DE99923B8","Resource Matrix label, action, state, or tooltip.","MEDIUM","","","glossary.manufacturing=Fabbricazione [strategy=semantic-concept]","Seleziona prodotto...","Seleziona prodotto...","IDENTICAL","AGREED","Seleziona prodotto...","Both independent witnesses agree for “Select product...” (matrix.manufacturing.select); the shared wording is clear in the recorded UI context and preserves the required syntax."
"matrix.section.imports","it-IT","Imports","7DF60B64E7EF61E31FC47CAA6F57B0DDCE2FBBD9EB6A49D425EA04F34F5A542C","Resource Matrix label, action, state, or tooltip.","MEDIUM","","","","Importazioni","Importazioni","IDENTICAL","AGREED","Importazioni","Both independent witnesses agree for “Imports” (matrix.section.imports); the shared wording is clear in the recorded UI context and preserves the required syntax."
"matrix.section.inorganic","it-IT","Inorganic","897FDA90A70D9858F75D9CBD82D0E8F76C5D41753289E3FF619EB61863A5E91F","Resource Matrix section heading for mineral/inorganic resources.","HIGH","","","glossary.inorganic=Inorganico [strategy=semantic-concept, variants=inorganico | inorganica | inorganici | inorganiche]","Inorganico","Inorganici","SUBSTANTIVE","CODEX","Inorganico","Codex is selected for “Inorganic” (matrix.section.inorganic) because it preserves the row's approved product vocabulary (glossary.inorganic=Inorganico [strategy=semantic-concept, variants=inorganico | inorganica | inorganici | inorganiche]); the fluent DeepL alternative diverges from at least one binding term or semantic label in this UI context."
"matrix.section.manufacturing","it-IT","Manufacturing","C6838ED989FD7D93BA9023466783C95230843EE13ACAFD63A355F9AD766CC39F","Resource Matrix section heading for configured product manufacturing; no throughput is modeled.","HIGH","","","glossary.manufacturing=Fabbricazione [strategy=semantic-concept]","Fabbricazione","Produzione","SUBSTANTIVE","CODEX","Fabbricazione","Codex is selected for “Manufacturing” (matrix.section.manufacturing) because it preserves the row's approved product vocabulary (glossary.manufacturing=Fabbricazione [strategy=semantic-concept]); the fluent DeepL alternative diverges from at least one binding term or semantic label in this UI context."
"matrix.section.organic","it-IT","Organic","89B8CB68F4EDD75B5FB10DA9CC85802C15214A84CDA6D2F2D841BDF80E7109D3","Resource Matrix section heading for resources obtained from flora or fauna.","HIGH","","","glossary.organic=Organico [strategy=semantic-concept, variants=organico | organica | organici | organiche]","Organico","Organici","SUBSTANTIVE","CODEX","Organico","Codex is selected for “Organic” (matrix.section.organic) because it preserves the row's approved product vocabulary (glossary.organic=Organico [strategy=semantic-concept, variants=organico | organica | organici | organiche]); the fluent DeepL alternative diverges from at least one binding term or semantic label in this UI context."
"matrix.source.unspecified","it-IT","Unspecified","5B8AA0BF3C59DAEC38E2D0C690A1A62513208D1E2075DAD62A32CA0B9440B1A1","Resource Matrix label, action, state, or tooltip.","MEDIUM","","","glossary.source=Origine [strategy=semantic-concept]","Non specificata","Non specificato","SUBSTANTIVE","CODEX","Non specificata","Codex is selected for “Unspecified” (matrix.source.unspecified) because it preserves the row's approved product vocabulary (glossary.source=Origine [strategy=semantic-concept]); the fluent DeepL alternative diverges from at least one binding term or semantic label in this UI context."
"matrix.state.active","it-IT","{item}: active","C5842642495AB6998996C229C92496708FC4AC40E64CABBF5D42D2C105D54505","Resource Matrix label, action, state, or tooltip.","MEDIUM","item","","","{item}: attivo","{item}: attivo","IDENTICAL","AGREED","{item}: attivo","Both independent witnesses agree for “{item}: active” (matrix.state.active); the shared wording is clear in the recorded UI context and preserves the required syntax."
"matrix.state.inactive","it-IT","{item}: inactive","6A8DF3F499FC4DBF092E8D8BA000DA986477895629A19B6E0F4D0D1585B62630","Resource Matrix label, action, state, or tooltip.","MEDIUM","item","","","{item}: inattivo","{item}: inattivo","IDENTICAL","AGREED","{item}: inattivo","Both independent witnesses agree for “{item}: inactive” (matrix.state.inactive); the shared wording is clear in the recorded UI context and preserves the required syntax."
"matrix.tooltip.export.active","it-IT","{item} is being exported to {destinations}.","055BBD5D2C929206E046EC3F250A6E5E18CA49A54ABAD1F5BB25F548EC20368F","Resource Matrix label, action, state, or tooltip. This is explanatory tooltip text.","HIGH","destinations; item","","glossary.destination=Destinazione [strategy=semantic-concept]","{item} viene esportato a {destinations}.","{item} viene esportato verso {destinazioni}.","INVALID_TOKENS","INVALID_DEEPL_REPAIRED","{item} viene esportato a {destinations}.","DeepL is structurally invalid for “{item} is being exported to {destinations}.” (matrix.tooltip.export.active) because one or more required placeholder names were translated, removed, or changed. The independently reviewed Codex wording is retained as the natural token-safe repair with the exact repository placeholders, plural form, and protected tokens restored."
"matrix.tooltip.export.inactive","it-IT","{item} is not being exported.","3D5C74ACC064244CA844A5985D467922DF00655889AA20E9E09D1D734B70A9A7","Resource Matrix label, action, state, or tooltip. This is explanatory tooltip text.","MEDIUM","item","","","{item} non viene esportato.","{item} non viene esportato.","IDENTICAL","AGREED","{item} non viene esportato.","Both independent witnesses agree for “{item} is not being exported.” (matrix.tooltip.export.inactive); the shared wording is clear in the recorded UI context and preserves the required syntax."
"matrix.tooltip.import.active","it-IT","{item} is being imported.","22B78023B0061204A0DAAD357D2E134A358394AEF6B2B56014E7F962FABBF63C","Resource Matrix label, action, state, or tooltip. This is explanatory tooltip text.","MEDIUM","item","","","{item} viene importato.","{item} è in fase di importazione.","SUBSTANTIVE","DEEPL","{item} è in fase di importazione.","DeepL is selected for “{item} is being imported.” (matrix.tooltip.import.active) because it provides a more idiomatic, immediately understandable control label; placeholders and protected tokens remain exact."
"matrix.tooltip.input.available","it-IT","{item} is available at this outpost.","7E957480BD17FC93AD8CCF3CCF75C1D611C2A0F1062E1B1EF3CE52149B52A5EF","Resource Matrix label, action, state, or tooltip. This is explanatory tooltip text.","MEDIUM","item","","term.outpost=Avamposto [strategy=semantic-concept, variants=avamposto | avamposti]; glossary.inputs=Materiali richiesti [strategy=semantic-concept, variants=materiali richiesti | risorse richieste | materiali necessari]","{item} è disponibile in questo avamposto.","{item} è disponibile in questo avamposto.","IDENTICAL","AGREED","{item} è disponibile in questo avamposto.","Both independent witnesses agree for “{item} is available at this outpost.” (matrix.tooltip.input.available); the shared wording is clear in the recorded UI context and preserves the required syntax."
"matrix.tooltip.input.unavailable","it-IT","{item} is not available at this outpost.","CD51B09CECAF9938958EC84ED6BBD41ED9F65CCCA813377987402991246A0CD5","Resource Matrix label, action, state, or tooltip. This is explanatory tooltip text.","MEDIUM","item","","term.outpost=Avamposto [strategy=semantic-concept, variants=avamposto | avamposti]; glossary.inputs=Materiali richiesti [strategy=semantic-concept, variants=materiali richiesti | risorse richieste | materiali necessari]","{item} non è disponibile in questo avamposto.","{item} non è disponibile in questo avamposto.","IDENTICAL","AGREED","{item} non è disponibile in questo avamposto.","Both independent witnesses agree for “{item} is not available at this outpost.” (matrix.tooltip.input.unavailable); the shared wording is clear in the recorded UI context and preserves the required syntax."
"matrix.tooltip.manufacturing.blocked","it-IT","{item} is not being produced at this outpost due to missing inputs.","6B5041B4E9ACD713834127A9C03F6511181DAD863E498E96483D2310DD98D6A9","Resource Matrix label, action, state, or tooltip. This is explanatory tooltip text.","MEDIUM","item","","term.outpost=Avamposto [strategy=semantic-concept, variants=avamposto | avamposti]; glossary.inputs=Materiali richiesti [strategy=semantic-concept, variants=materiali richiesti | risorse richieste | materiali necessari]","{item} non è in produzione in questo avamposto perché mancano i materiali richiesti.","{item} non viene prodotto in questo avamposto a causa della mancanza di materie prime.","SUBSTANTIVE","CODEX","{item} non è in produzione in questo avamposto perché mancano i materiali richiesti.","Codex is selected for “{item} is not being produced at this outpost due to missing inputs.” (matrix.tooltip.manufacturing.blocked) because it preserves the row's approved product vocabulary (term.outpost=Avamposto [strategy=semantic-concept, variants=avamposto | avamposti]; glossary.inputs=Materiali richiesti [strategy=semantic-concept, variants=materiali richiesti | risorse richieste | materiali necessari]); the fluent DeepL alternative diverges from at least one binding term or semantic label in this UI context."
"matrix.tooltip.producing.active","it-IT","{item} is being produced at this outpost.","89F21A9639298627054AC3918E70BF648B4396E095781366BE34464D13526799","Resource Matrix label, action, state, or tooltip. This is explanatory tooltip text.","MEDIUM","item","","term.outpost=Avamposto [strategy=semantic-concept, variants=avamposto | avamposti]; glossary.producing=In produzione [strategy=key-scoped, variants=in produzione | produrre | interrompere la produzione]","{item} è in produzione in questo avamposto.","{item} viene prodotto in questo avamposto.","SUBSTANTIVE","CODEX","{item} è in produzione in questo avamposto.","Codex is selected for “{item} is being produced at this outpost.” (matrix.tooltip.producing.active) because it preserves the row's approved product vocabulary (term.outpost=Avamposto [strategy=semantic-concept, variants=avamposto | avamposti]; glossary.producing=In produzione [strategy=key-scoped, variants=in produzione | produrre | interrompere la produzione]); the fluent DeepL alternative diverges from at least one binding term or semantic label in this UI context."
"matrix.tooltip.producing.inactive","it-IT","{item} is not being produced at this outpost.","B3AFCA938B63F0F57D691FE84D631E6D4437FDE13C97F357C38C8F382BD7AFED","Resource Matrix label, action, state, or tooltip. This is explanatory tooltip text.","MEDIUM","item","","term.outpost=Avamposto [strategy=semantic-concept, variants=avamposto | avamposti]; glossary.producing=In produzione [strategy=key-scoped, variants=in produzione | produrre | interrompere la produzione]","{item} non è in produzione in questo avamposto.","{item} non viene prodotto in questo avamposto.","SUBSTANTIVE","CODEX","{item} non è in produzione in questo avamposto.","Codex is selected for “{item} is not being produced at this outpost.” (matrix.tooltip.producing.inactive) because it preserves the row's approved product vocabulary (term.outpost=Avamposto [strategy=semantic-concept, variants=avamposto | avamposti]; glossary.producing=In produzione [strategy=key-scoped, variants=in produzione | produrre | interrompere la produzione]); the fluent DeepL alternative diverges from at least one binding term or semantic label in this UI context."
"matrix.tooltip.xTech.add","it-IT","Add {resource} as present. It can be extracted at any outpost if X-Tech Power Cores are available.","E34F279A7F5A3549EA040DD701E16C40D9F8249A016812C77F881DABCB4C403E","Resource Matrix label, action, state, or tooltip. This is explanatory tooltip text.","MEDIUM","resource","","term.outpost=Avamposto [strategy=semantic-concept, variants=avamposto | avamposti]; term.x-tech-power-core=Nucleo energetico di X-Tech [strategy=semantic-concept, variants=nucleo energetico di X-Tech | nucleo energetico X-Tech]; term.x-tech=X-Tech [strategy=phrase]; glossary.present=Presenza [strategy=key-scoped, variants=presenza | presente | disponibile]","Aggiungi {resource} come presente. Può essere estratta in qualsiasi avamposto se sono disponibili nuclei energetici di X-Tech.","Aggiungi {risorsa} come presente. Può essere estratta in qualsiasi avamposto se sono disponibili nuclei energetici X-Tech.","INVALID_TOKENS","INVALID_DEEPL_REPAIRED","Aggiungi {resource} come presente. Può essere estratta in qualsiasi avamposto se sono disponibili nuclei energetici di X-Tech.","DeepL is structurally invalid for “Add {resource} as present. It can be extracted at any outpost if X-Tech Power Cores are...” (matrix.tooltip.xTech.add) because one or more required placeholder names were translated, removed, or changed. The independently reviewed Codex wording is retained as the natural token-safe repair with the exact repository placeholders, plural form, and protected tokens restored."
"matrix.tooltip.xTech.present","it-IT","{resource} has been explicitly recorded as present at this outpost.","89CF62DE4E95AA5CEAB06EE75ABBE42F751A04010C1ECACB0EE9465EC3AB67D1","Resource Matrix label, action, state, or tooltip. This is explanatory tooltip text.","MEDIUM","resource","","term.outpost=Avamposto [strategy=semantic-concept, variants=avamposto | avamposti]; glossary.present=Presenza [strategy=key-scoped, variants=presenza | presente | disponibile]","{resource} è stata registrata esplicitamente come presente in questo avamposto.","{risorsa} è stata esplicitamente registrata come presente in questo avamposto.","INVALID_TOKENS","INVALID_DEEPL_REPAIRED","{resource} è stata registrata esplicitamente come presente in questo avamposto.","DeepL is structurally invalid for “{resource} has been explicitly recorded as present at this outpost.” (matrix.tooltip.xTech.present) because one or more required placeholder names were translated, removed, or changed. The independently reviewed Codex wording is retained as the natural token-safe repair with the exact repository placeholders, plural form, and protected tokens restored."
"network.active","it-IT","Active network","0B957FC62D5C68AF27552AB97A19DBF3AA3CCD23B5170F2C4019C60ABE8BE776","Network navigation, creation, reset, or deletion UI.","LOW","","","glossary.network=Rete [strategy=semantic-concept]","Attiva rete","Rete attiva","SUBSTANTIVE","DEEPL","Rete attiva","DeepL is selected for “Active network” (network.active) because it provides more natural target-language grammar without changing the source meaning while retaining the approved terminology (glossary.network=Rete [strategy=semantic-concept]); placeholders and protected tokens remain exact."
"network.add","it-IT","Add Network","E9DCB1FBEC276039EE2BAEEB66B84C21F9F8CCF54E2CB460172D516912A22600","Network navigation, creation, reset, or deletion UI.","LOW","","","glossary.network=Rete [strategy=semantic-concept]","Aggiungi Rete","Aggiungi rete","SUBSTANTIVE","DEEPL","Aggiungi rete","DeepL is selected for “Add Network” (network.add) because it provides more natural target-language grammar without changing the source meaning while retaining the approved terminology (glossary.network=Rete [strategy=semantic-concept]); placeholders and protected tokens remain exact."
"network.delete.button","it-IT","Delete Network","AA4090A876BCC1C8E2C1AF6A01D0A7A3734FD6D3CFD09BFA89A385770CB5E5BF","Network navigation, creation, reset, or deletion UI.","LOW","","","glossary.network=Rete [strategy=semantic-concept]","Elimina Rete","Elimina rete","SUBSTANTIVE","DEEPL","Elimina rete","DeepL is selected for “Delete Network” (network.delete.button) because it provides more natural target-language grammar without changing the source meaning while retaining the approved terminology (glossary.network=Rete [strategy=semantic-concept]); placeholders and protected tokens remain exact."
"network.delete.confirmTitle","it-IT","DELETE NETWORK","11DC8262799793DF1CF2986AF191074D48FF37E294CF28AFC9AB48F73B560E94","Network navigation, creation, reset, or deletion UI.","LOW","","","glossary.network=Rete [strategy=semantic-concept]","ELIMINA RETE","ELIMINA RETE","IDENTICAL","AGREED","ELIMINA RETE","Both independent witnesses agree for “DELETE NETWORK” (network.delete.confirmTitle); the shared wording is clear in the recorded UI context and preserves the required syntax."
"network.delete.explanation","it-IT","Remove the current network from this collection?","76DEDAA619A8B2E99FB971B9FB03C7B9CB0FEDB7F1ECB70E271D503F14ABEB2C","Network navigation, creation, reset, or deletion UI.","HIGH","","","glossary.network=Rete [strategy=semantic-concept]","Rimuovere la rete corrente da questa raccolta?","Rimuovere la rete corrente da questa raccolta?","IDENTICAL","AGREED","Rimuovere la rete corrente da questa raccolta?","Both independent witnesses agree for “Remove the current network from this collection?” (network.delete.explanation); the shared wording is clear in the recorded UI context and preserves the required syntax."
"network.delete.undoHint","it-IT","You can undo this action during the current session.","BF0AF22DD2EC6095FEE0D256A95B2DFD2A94A640EB3A49DA284B3702CFE01361","Network navigation, creation, reset, or deletion UI.","HIGH","","","glossary.undo-redo=Annulla / Ripeti [strategy=key-scoped]","Puoi annullare questa azione durante la sessione corrente.","È possibile annullare questa azione durante la sessione corrente.","SUBSTANTIVE","CODEX","Puoi annullare questa azione durante la sessione corrente.","Codex is selected for “You can undo this action during the current session.” (network.delete.undoHint) because it preserves the row's approved product vocabulary (glossary.undo-redo=Annulla / Ripeti [strategy=key-scoped]); the fluent DeepL alternative diverges from at least one binding term or semantic label in this UI context."
"network.label","it-IT","NETWORK","B5A9716FCD63F4A279E2F6DF8F6DE89DCE75FF38FAD8C7E04EBB2D8E2227E2EB","Network navigation, creation, reset, or deletion UI. This is a form or control label.","LOW","","","glossary.network=Rete [strategy=semantic-concept]","RETE","RETE","IDENTICAL","AGREED","RETE","Both independent witnesses agree for “NETWORK” (network.label); the shared wording is clear in the recorded UI context and preserves the required syntax."
"network.next","it-IT","Next Network","F450398F4C7903569B56638D94C9011C735664B10737251BFA7F4C0101F284E1","Network navigation, creation, reset, or deletion UI.","LOW","","","glossary.network=Rete [strategy=semantic-concept]","Successivo Rete","Rete successiva","SUBSTANTIVE","DEEPL","Rete successiva","DeepL is selected for “Next Network” (network.next) because it provides more natural target-language grammar without changing the source meaning while retaining the approved terminology (glossary.network=Rete [strategy=semantic-concept]); placeholders and protected tokens remain exact."
"network.previous","it-IT","Previous Network","E295D9F36D309D7BD32F382E55F37078BE9A0F210F595FC041A9263CAD8F7CD6","Network navigation, creation, reset, or deletion UI.","LOW","","","glossary.network=Rete [strategy=semantic-concept]","Precedente Rete","Rete precedente","SUBSTANTIVE","DEEPL","Rete precedente","DeepL is selected for “Previous Network” (network.previous) because it provides more natural target-language grammar without changing the source meaning while retaining the approved terminology (glossary.network=Rete [strategy=semantic-concept]); placeholders and protected tokens remain exact."
"network.reset.button","it-IT","Reset Network","9D09E8E28CBDF80525D2F7764BF37218267BA965A5FAB20169CCD79D006D468B","Network navigation, creation, reset, or deletion UI.","LOW","","","glossary.network=Rete [strategy=semantic-concept]","Ripristina Rete","Reimposta rete","SUBSTANTIVE","DEEPL","Reimposta rete","DeepL is selected for “Reset Network” (network.reset.button) because it provides more natural target-language grammar without changing the source meaning while retaining the approved terminology (glossary.network=Rete [strategy=semantic-concept]); placeholders and protected tokens remain exact."
"network.reset.confirmTitle","it-IT","RESET NETWORK","5766579AA160E3F4BDCFE9D0A1F3CDCDCA184EA4DC775A8DB8F1483BE23DF912","Network navigation, creation, reset, or deletion UI.","LOW","","","glossary.network=Rete [strategy=semantic-concept]","RIPRISTINA RETE","REIMPOSTA RETE","SUBSTANTIVE","DEEPL","REIMPOSTA RETE","DeepL is selected for “RESET NETWORK” (network.reset.confirmTitle) because it provides more natural target-language grammar without changing the source meaning while retaining the approved terminology (glossary.network=Rete [strategy=semantic-concept]); placeholders and protected tokens remain exact."
"network.reset.explanation","it-IT","Reset the current network to a fresh default state?","C205E1A69D327991E52083EF9CB8C9D02EA17B4BA75F19A5481FC2AFF56A3709","Network navigation, creation, reset, or deletion UI.","HIGH","","","glossary.network=Rete [strategy=semantic-concept]","Ripristinare la rete corrente a un nuovo stato predefinito?","Vuoi ripristinare la rete corrente alle impostazioni predefinite?","SUBSTANTIVE","DEEPL","Vuoi ripristinare la rete corrente alle impostazioni predefinite?","DeepL is selected for “Reset the current network to a fresh default state?” (network.reset.explanation) because it provides more natural target-language grammar without changing the source meaning while retaining the approved terminology (glossary.network=Rete [strategy=semantic-concept]); placeholders and protected tokens remain exact."
"outpost.biomes.label","it-IT","Biomes","923B13B59420A08EB268290B93A1C70D296A8B817CE8947ADB6A49F366EF5ACE","Outpost navigation or details UI. This is a form or control label.","LOW","","","term.biome=Bioma [strategy=semantic-concept, variants=bioma | biomi]","Biomi","Biomi","IDENTICAL","AGREED","Biomi","Both independent witnesses agree for “Biomes” (outpost.biomes.label); the shared wording is clear in the recorded UI context and preserves the required syntax."
"outpost.body.label","it-IT","Body","6CCAA6415B5EE449E3C5C716F57B4608EBE3B780F5AA6B077BC5D8EEE5D961F9","Outpost navigation or details UI. This is a form or control label.","LOW","","","term.planetary-body=Corpo celeste [strategy=semantic-concept, variants=corpo celeste | corpi celesti]","Corpo celeste","Corpo","SUBSTANTIVE","CODEX","Corpo celeste","Codex is selected for “Body” (outpost.body.label) because it preserves the row's approved product vocabulary (term.planetary-body=Corpo celeste [strategy=semantic-concept, variants=corpo celeste | corpi celesti]); the fluent DeepL alternative diverges from at least one binding term or semantic label in this UI context."
"outpost.body.select","it-IT","Select body...","90F280224A8D610BF8D4DCAE00626AA3D4690006D09C8B5B9569751376DCD80F","Outpost navigation or details UI.","LOW","","","term.planetary-body=Corpo celeste [strategy=semantic-concept, variants=corpo celeste | corpi celesti]","Seleziona corpo celeste...","Seleziona corpo...","SUBSTANTIVE","CODEX","Seleziona corpo celeste...","Codex is selected for “Select body...” (outpost.body.select) because it preserves the row's approved product vocabulary (term.planetary-body=Corpo celeste [strategy=semantic-concept, variants=corpo celeste | corpi celesti]); the fluent DeepL alternative diverges from at least one binding term or semantic label in this UI context."
"outpost.defaultName","it-IT","New Outpost","8D0546F4F9854D2F963190B3A1BD9EC4B7B39AE1C5E37B6B295673313CC0F0A3","Outpost navigation or details UI.","LOW","","","term.outpost=Avamposto [strategy=semantic-concept, variants=avamposto | avamposti]","Nuovo avamposto","Nuovo avamposto","IDENTICAL","AGREED","Nuovo avamposto","Both independent witnesses agree for “New Outpost” (outpost.defaultName); the shared wording is clear in the recorded UI context and preserves the required syntax."
"outpost.delete","it-IT","Delete Outpost","7C7C8CE5EBE3BA6F5320C09AF897EA8E5F727E9A6750952C79BBC17E555B1F2B","Outpost navigation or details UI.","LOW","","","term.outpost=Avamposto [strategy=semantic-concept, variants=avamposto | avamposti]","Elimina avamposto","Elimina avamposto","IDENTICAL","AGREED","Elimina avamposto","Both independent witnesses agree for “Delete Outpost” (outpost.delete); the shared wording is clear in the recorded UI context and preserves the required syntax."
"outpost.details.heading","it-IT","Outpost Details","7D886EAAF7F4BC15858F5417447819FCB5985CD60478E216E028EF0F213D4182","Outpost navigation or details UI. This is a visible heading.","LOW","","","term.outpost=Avamposto [strategy=semantic-concept, variants=avamposto | avamposti]","Dettagli avamposto","Dettagli avamposto","IDENTICAL","AGREED","Dettagli avamposto","Both independent witnesses agree for “Outpost Details” (outpost.details.heading); the shared wording is clear in the recorded UI context and preserves the required syntax."
"outpost.name.label","it-IT","Outpost name","3BD68489C2D0581A28EE1F1CE5DAB3BC21CE46D1FD761B4640DA783A41C3D457","Outpost navigation or details UI. This is a form or control label.","LOW","","","term.outpost=Avamposto [strategy=semantic-concept, variants=avamposto | avamposti]","Nome avamposto","Nome dell'avamposto","SUBSTANTIVE","DEEPL","Nome dell'avamposto","DeepL is selected for “Outpost name” (outpost.name.label) because it provides a more idiomatic, immediately understandable control label while retaining the approved terminology (term.outpost=Avamposto [strategy=semantic-concept, variants=avamposto | avamposti]); placeholders and protected tokens remain exact."
"outpost.navigation.add","it-IT","Add outpost","E918451B6D2EC69126402B9C3D175CBCF5114A80163A34073D64D10FE29E5D0A","Outpost navigation or details UI.","MEDIUM","","","term.outpost=Avamposto [strategy=semantic-concept, variants=avamposto | avamposti]","Aggiungi avamposto","Aggiungi avamposto","IDENTICAL","AGREED","Aggiungi avamposto","Both independent witnesses agree for “Add outpost” (outpost.navigation.add); the shared wording is clear in the recorded UI context and preserves the required syntax."
"outpost.navigation.addButton","it-IT","+ Add Outpost","06AD289BA37366FCBA4775FB277122AC18D8606595C6352F0E5C9BE65D9B5110","Outpost navigation or details UI.","MEDIUM","","","term.outpost=Avamposto [strategy=semantic-concept, variants=avamposto | avamposti]","+ Aggiungi Avamposto","+ Aggiungi avamposto","SUBSTANTIVE","DEEPL","+ Aggiungi avamposto","DeepL is selected for “+ Add Outpost” (outpost.navigation.addButton) because it provides more natural target-language grammar without changing the source meaning while retaining the approved terminology (term.outpost=Avamposto [strategy=semantic-concept, variants=avamposto | avamposti]); placeholders and protected tokens remain exact."
"outpost.navigation.addWithLimit","it-IT","Add outpost ({count} of {limit})","4928A704D273269A24171CBD44B902B9D71A29FB8DB6C1949798C197A98B4965","Outpost navigation or details UI.","HIGH","count; limit","","term.outpost=Avamposto [strategy=semantic-concept, variants=avamposto | avamposti]","Aggiungi avamposto ({count} di {limit})","Aggiungi avamposto ({count} di {limit})","IDENTICAL","AGREED","Aggiungi avamposto ({count} di {limit})","Both independent witnesses agree for “Add outpost ({count} of {limit})” (outpost.navigation.addWithLimit); the shared wording is clear in the recorded UI context and preserves the required syntax."
"outpost.navigation.finishReshuffle","it-IT","Finish reshuffling outposts","423DB1152FC67CD3D44FBB11830AF6E0791A279C6506F60456C664EFB193B6C6","Outpost navigation or details UI.","MEDIUM","","","term.outpost=Avamposto [strategy=semantic-concept, variants=avamposto | avamposti]; glossary.reshuffle=Riordina [strategy=key-scoped, variants=riordina | termina riordino]","Termina il riordino degli avamposti","Completa il rimescolamento degli avamposti","SUBSTANTIVE","CODEX","Termina il riordino degli avamposti","Codex is selected for “Finish reshuffling outposts” (outpost.navigation.finishReshuffle) because it preserves the row's approved product vocabulary (term.outpost=Avamposto [strategy=semantic-concept, variants=avamposto | avamposti]; glossary.reshuffle=Riordina [strategy=key-scoped, variants=riordina | termina riordino]); the fluent DeepL alternative diverges from at least one binding term or semantic label in this UI context."
"outpost.navigation.heading","it-IT","Outposts","33E85B75FFC107AC8534734E5B71351017A834D0565B34B2ED638D6F126018ED","Outpost navigation or details UI. This is a visible heading.","MEDIUM","","","term.outpost=Avamposto [strategy=semantic-concept, variants=avamposto | avamposti]","Avamposti","Avamposti","IDENTICAL","AGREED","Avamposti","Both independent witnesses agree for “Outposts” (outpost.navigation.heading); the shared wording is clear in the recorded UI context and preserves the required syntax."
"outpost.navigation.hide","it-IT","Hide outpost navigation","B839ADB9654CA0364F08C1339E3E4236761EFFE604E3E4F04DA5A812F37B9700","Outpost navigation or details UI.","MEDIUM","","","term.outpost=Avamposto [strategy=semantic-concept, variants=avamposto | avamposti]","Nascondi navigazione avamposti","Nascondi la navigazione degli avamposti","SUBSTANTIVE","CODEX","Nascondi navigazione avamposti","Codex is selected for “Hide outpost navigation” (outpost.navigation.hide) because it preserves the row's approved product vocabulary (term.outpost=Avamposto [strategy=semantic-concept, variants=avamposto | avamposti]); the fluent DeepL alternative diverges from at least one binding term or semantic label in this UI context."
"outpost.navigation.lockOrder","it-IT","Lock order","7502440CB9BF3D736CC75C78D7491D37DC186DA7164CA35F318B8F2D2FF6E851","Button that exits outpost reordering mode and prevents further reordering; “lock” is an ordering action, not security or login.","HIGH","","","glossary.lock-order=Blocca l'ordine [strategy=key-scoped]","Blocca l'ordine","Blocca ordine","SUBSTANTIVE","CODEX","Blocca l'ordine","Codex is selected for “Lock order” (outpost.navigation.lockOrder) because it preserves the row's approved product vocabulary (glossary.lock-order=Blocca l'ordine [strategy=key-scoped]); the fluent DeepL alternative diverges from at least one binding term or semantic label in this UI context."
"outpost.navigation.reshuffle","it-IT","Reshuffle outposts","58EA58B8292536DC1E5774C5F2A981EBE1F2E73AC2B7E353CA8F79684F327E7B","Outpost navigation or details UI.","MEDIUM","","","term.outpost=Avamposto [strategy=semantic-concept, variants=avamposto | avamposti]; glossary.reshuffle=Riordina [strategy=key-scoped, variants=riordina | termina riordino]","Riordina avamposti","Riorganizza gli avamposti","SUBSTANTIVE","CODEX","Riordina avamposti","Codex is selected for “Reshuffle outposts” (outpost.navigation.reshuffle) because it preserves the row's approved product vocabulary (term.outpost=Avamposto [strategy=semantic-concept, variants=avamposto | avamposti]; glossary.reshuffle=Riordina [strategy=key-scoped, variants=riordina | termina riordino]); the fluent DeepL alternative diverges from at least one binding term or semantic label in this UI context."
"outpost.navigation.reshuffleButton","it-IT","Reshuffle","24AB205A02FFFE0FE0223DC041BE048135351B78CAE94C04C035FCA9BCEA8BD8","Button that enters manual outpost reordering mode; it does not randomize the order.","HIGH","","","glossary.reshuffle=Riordina [strategy=key-scoped, variants=riordina | termina riordino]","Riordina","Riorganizza","SUBSTANTIVE","CODEX","Riordina","Codex is selected for “Reshuffle” (outpost.navigation.reshuffleButton) because it preserves the row's approved product vocabulary (glossary.reshuffle=Riordina [strategy=key-scoped, variants=riordina | termina riordino]); the fluent DeepL alternative diverges from at least one binding term or semantic label in this UI context."
"outpost.navigation.show","it-IT","Show outpost navigation","BA0B278C43B4D6DE0A8FD21B2E975995EF957087C6C82264B85227AD7F74B397","Outpost navigation or details UI.","MEDIUM","","","term.outpost=Avamposto [strategy=semantic-concept, variants=avamposto | avamposti]","Mostra navigazione avamposti","Mostra navigazione avamposti","IDENTICAL","AGREED","Mostra navigazione avamposti","Both independent witnesses agree for “Show outpost navigation” (outpost.navigation.show); the shared wording is clear in the recorded UI context and preserves the required syntax."
"outpost.referenceData.empty","it-IT","No resource reference data found for this body.","866A6B8F00387269E5B2FA19103325087600910327518293F88B2F6B5A7650EB","Outpost navigation or details UI.","LOW","","","term.planetary-body=Corpo celeste [strategy=semantic-concept, variants=corpo celeste | corpi celesti]","Nessun dato di riferimento delle risorse trovato per questo corpo celeste.","Nessun dato di riferimento sulle risorse trovato per questo corpo.","SUBSTANTIVE","CODEX","Nessun dato di riferimento delle risorse trovato per questo corpo celeste.","Codex is selected for “No resource reference data found for this body.” (outpost.referenceData.empty) because it preserves the row's approved product vocabulary (term.planetary-body=Corpo celeste [strategy=semantic-concept, variants=corpo celeste | corpi celesti]); the fluent DeepL alternative diverges from at least one binding term or semantic label in this UI context."
"outpost.solar.label","it-IT","Solar","31CE6E79178093B714406B55954C625A9FD47B70C7A6802D5FB5E744422E475C","Outpost navigation or details UI. This is a form or control label.","LOW","","","","Solare","Solare","IDENTICAL","AGREED","Solare","Both independent witnesses agree for “Solar” (outpost.solar.label); the shared wording is clear in the recorded UI context and preserves the required syntax."
"outpost.system.label","it-IT","System","6725E7BBCD28F3A8A586FA34BF191FD72DDE8B61756932CD3237C17A6F196F1A","Outpost navigation or details UI. This is a form or control label.","LOW","","","term.star-system=Sistema stellare [strategy=semantic-concept, variants=sistema stellare | sistemi stellari]","Sistema","Sistema","IDENTICAL","AGREED","Sistema","Both independent witnesses agree for “System” (outpost.system.label); the shared wording is clear in the recorded UI context and preserves the required syntax."
"outpost.system.select","it-IT","Select system...","431B1B70F97562CE0F87841BA9BA411218AB24EDE4C350C23A3545DFBE18689C","Outpost navigation or details UI.","LOW","","","term.star-system=Sistema stellare [strategy=semantic-concept, variants=sistema stellare | sistemi stellari]","Seleziona sistema...","Seleziona sistema...","IDENTICAL","AGREED","Seleziona sistema...","Both independent witnesses agree for “Select system...” (outpost.system.select); the shared wording is clear in the recorded UI context and preserves the required syntax."
"outpost.wind.label","it-IT","Wind","D151346FE7EEA3C6A0865199579CA6017487DBF981D59CDD1FCADADB03518DC8","Outpost navigation or details UI. This is a form or control label.","LOW","","","","Eolica","Eolico","SUBSTANTIVE","DEEPL","Eolico","DeepL is selected for “Wind” (outpost.wind.label) because it provides a more idiomatic, immediately understandable control label; placeholders and protected tokens remain exact."
"plannedSupply.add","it-IT","Add {item} to Planned Supply","A8539A127A899BB2398BA3906312BBEE81A35C0D58EC399A484FCD0B41CF02C9","Planned Supply planning UI; virtual supply, not inventory.","MEDIUM","item","","glossary.planned-supply=Fornitura pianificata [strategy=semantic-concept]","Aggiungi {item} a Fornitura pianificata","Aggiungi {elemento} alla fornitura pianificata","INVALID_TOKENS","INVALID_DEEPL_REPAIRED","Aggiungi {item} a Fornitura pianificata","DeepL is structurally invalid for “Add {item} to Planned Supply” (plannedSupply.add) because one or more required placeholder names were translated, removed, or changed. The independently reviewed Codex wording is retained as the natural token-safe repair with the exact repository placeholders, plural form, and protected tokens restored."
"plannedSupply.addItems","it-IT","Add items to Planned Supply","5C46C1CF781EA9B9D66DEE794383D0121D9D2FC5F4BB6201E73E61D10329E312","Planned Supply planning UI; virtual supply, not inventory.","MEDIUM","","","glossary.planned-supply=Fornitura pianificata [strategy=semantic-concept]","Aggiungi elementi a Fornitura pianificata","Aggiungi articoli alla fornitura pianificata","SUBSTANTIVE","DEEPL","Aggiungi articoli alla fornitura pianificata","DeepL is selected for “Add items to Planned Supply” (plannedSupply.addItems) because it provides more natural target-language grammar without changing the source meaning while retaining the approved terminology (glossary.planned-supply=Fornitura pianificata [strategy=semantic-concept]); placeholders and protected tokens remain exact."
"plannedSupply.collapse","it-IT","Collapse Planned Supply","E15065C5BD181D7F121DAD0EB15A70975340E090B66B202E5F92A2CB8631406D","Planned Supply planning UI; virtual supply, not inventory.","MEDIUM","","","glossary.planned-supply=Fornitura pianificata [strategy=semantic-concept]","Comprimi Fornitura pianificata","Comprimi la fornitura pianificata","SUBSTANTIVE","DEEPL","Comprimi la fornitura pianificata","DeepL is selected for “Collapse Planned Supply” (plannedSupply.collapse) because it provides more natural target-language grammar without changing the source meaning while retaining the approved terminology (glossary.planned-supply=Fornitura pianificata [strategy=semantic-concept]); placeholders and protected tokens remain exact."
"plannedSupply.empty","it-IT","No planned supply.","3C83B844C6CE9EE6706973FCF39E55A35FF7AB50C29EEF75CE86FA07EA3A6FFB","Planned Supply planning UI; virtual supply, not inventory.","MEDIUM","","","glossary.planned-supply=Fornitura pianificata [strategy=semantic-concept]","Nessuna fornitura pianificata.","Nessuna fornitura pianificata.","IDENTICAL","AGREED","Nessuna fornitura pianificata.","Both independent witnesses agree for “No planned supply.” (plannedSupply.empty); the shared wording is clear in the recorded UI context and preserves the required syntax."
"plannedSupply.expand","it-IT","Expand Planned Supply","8CCC084632C6908601B2EBACF0F20E85D93E881534F95C3268243A4E215B6527","Planned Supply planning UI; virtual supply, not inventory.","MEDIUM","","","glossary.planned-supply=Fornitura pianificata [strategy=semantic-concept]","Espandi Fornitura pianificata","Espandi la fornitura pianificata","SUBSTANTIVE","DEEPL","Espandi la fornitura pianificata","DeepL is selected for “Expand Planned Supply” (plannedSupply.expand) because it provides more natural target-language grammar without changing the source meaning while retaining the approved terminology (glossary.planned-supply=Fornitura pianificata [strategy=semantic-concept]); placeholders and protected tokens remain exact."
"plannedSupply.heading","it-IT","Planned Supply","3748580A9E100E8B05D1F36B32346EDAA2DF422A8256FA71DF620ACFEA43E4AD","Feature heading for virtual future supply intent. It is not current inventory, a reservation, or an actual delivery. This is a visible heading.","HIGH","","","glossary.planned-supply=Fornitura pianificata [strategy=semantic-concept]","Fornitura pianificata","Fornitura pianificata","IDENTICAL","AGREED","Fornitura pianificata","Both independent witnesses agree for “Planned Supply” (plannedSupply.heading); the shared wording is clear in the recorded UI context and preserves the required syntax."
"plannedSupply.remove","it-IT","Remove {item} from Planned Supply","00837F0F710BA09B864290FD9F8FD8FA53E364D3BC5F24FF6B06C3E7E02D0DD3","Planned Supply planning UI; virtual supply, not inventory.","MEDIUM","item","","glossary.planned-supply=Fornitura pianificata [strategy=semantic-concept]","Rimuovi {item} da Fornitura pianificata","Rimuovi {elemento} dalla fornitura pianificata","INVALID_TOKENS","INVALID_DEEPL_REPAIRED","Rimuovi {item} da Fornitura pianificata","DeepL is structurally invalid for “Remove {item} from Planned Supply” (plannedSupply.remove) because one or more required placeholder names were translated, removed, or changed. The independently reviewed Codex wording is retained as the natural token-safe repair with the exact repository placeholders, plural form, and protected tokens restored."
"plannedSupply.removeAll","it-IT","Remove all Planned Supply","CF751884A0857D7CD62B5716C0F7BB082E80D3FE85CB229ABFFB1E013F81EE38","Planned Supply planning UI; virtual supply, not inventory.","MEDIUM","","","glossary.planned-supply=Fornitura pianificata [strategy=semantic-concept]","Rimuovi tutto da Fornitura pianificata","Rimuovi tutte le forniture pianificate","SUBSTANTIVE","CODEX","Rimuovi tutto da Fornitura pianificata","Codex is selected for “Remove all Planned Supply” (plannedSupply.removeAll) because it preserves the row's approved product vocabulary (glossary.planned-supply=Fornitura pianificata [strategy=semantic-concept]); the fluent DeepL alternative diverges from at least one binding term or semantic label in this UI context."
"plannedSupply.section.inorganic","it-IT","Inorganic Resources","CE416CB725F503F7401314798FE1EAA2BB694AAFAE04907EB650C510ADCB4D08","Planned Supply planning UI; virtual supply, not inventory.","MEDIUM","","","glossary.inorganic=Inorganico [strategy=semantic-concept, variants=inorganico | inorganica | inorganici | inorganiche]","Risorse inorganiche","Risorse inorganiche","IDENTICAL","AGREED","Risorse inorganiche","Both independent witnesses agree for “Inorganic Resources” (plannedSupply.section.inorganic); the shared wording is clear in the recorded UI context and preserves the required syntax."
"plannedSupply.section.organic","it-IT","Organic Resources","D04832A3DBACE8F178D1E7DD0767F251B538562419634813F2ACC771E7960289","Planned Supply planning UI; virtual supply, not inventory.","MEDIUM","","","glossary.organic=Organico [strategy=semantic-concept, variants=organico | organica | organici | organiche]","Risorse organiche","Risorse organiche","IDENTICAL","AGREED","Risorse organiche","Both independent witnesses agree for “Organic Resources” (plannedSupply.section.organic); the shared wording is clear in the recorded UI context and preserves the required syntax."
"plannedSupply.section.products","it-IT","Manufactured Products","B125CB525C552EA33D1B71C7588D5324CE7E9E281940068F317C74B4B2BB32CC","Planned Supply planning UI; virtual supply, not inventory.","MEDIUM","","","glossary.manufacturing=Fabbricazione [strategy=semantic-concept]","Prodotti fabbricati","Prodotti manifatturieri","SUBSTANTIVE","CODEX","Prodotti fabbricati","Codex is selected for “Manufactured Products” (plannedSupply.section.products) because it preserves the row's approved product vocabulary (glossary.manufacturing=Fabbricazione [strategy=semantic-concept]); the fluent DeepL alternative diverges from at least one binding term or semantic label in this UI context."
"power.label.good","it-IT","Good","C939327CA16DCF97CA32521D8B834BF1DE16573D21DEDA3BB2A337CF403787A6","Power quality label or explanatory tooltip. This is a form or control label.","MEDIUM","","","","Buona","Merce","SUBSTANTIVE","CUSTOM","Buono","Custom wording “Buono” corrects power.label.good because the previous DeepL choice “Merce” used the merchandise/goods sense rather than a qualitative rating. The corrected compact label matches the qualitative sense of power.quality.good; neither frozen witness supplies the required final form."
"power.label.none","it-IT","None","DC937B59892604F5A86AC96936CD7FF09E25F18AE6B758E8014A24C7FA039E91","Power quality label or explanatory tooltip. This is a form or control label.","MEDIUM","","","","Nessuna","Nessuna","IDENTICAL","AGREED","Nessuna","Both independent witnesses agree for “None” (power.label.none); the shared wording is clear in the recorded UI context and preserves the required syntax."
"power.label.normal","it-IT","Norm.","DEF003CB8AA2673D2417E0330782C9CE706F4759178EC19C75921F652B5F9DC1","Power quality label or explanatory tooltip. This is a form or control label.","MEDIUM","","","","Norm.","Normale","SUBSTANTIVE","DEEPL","Normale","DeepL is selected for “Norm.” (power.label.normal) because it provides a more idiomatic, immediately understandable control label; placeholders and protected tokens remain exact."
"power.label.poor","it-IT","Poor","94DFD46D9DAE63E6C692415BBAB8E266C777E87CDD77BEAB02583B8ED7BD874D","Power quality label or explanatory tooltip. This is a form or control label.","MEDIUM","","","","Scarsa","Scadente","SUBSTANTIVE","DEEPL","Scadente","DeepL is selected for “Poor” (power.label.poor) because it provides a more idiomatic, immediately understandable control label; placeholders and protected tokens remain exact."
"power.label.unknown","it-IT","—","BDA050585A00F0F6CB502350559D75532AE3B244C9498B996E7C5DF2D98DFC8D","Power quality label or explanatory tooltip. This is a form or control label.","MEDIUM","","","","—","—","IDENTICAL","AGREED","—","Both independent witnesses agree for “—” (power.label.unknown); the shared wording is clear in the recorded UI context and preserves the required syntax."
"power.label.veryPoor","it-IT","V.Poor","23711E1D8AD43AB27CCCCF34CD8A62C0AA722733DD32706AE2BF55B8CF1D0116","Power quality label or explanatory tooltip. This is a form or control label.","MEDIUM","","","","M. scarsa","Molto scarso","SUBSTANTIVE","DEEPL","Molto scarso","DeepL is selected for “V.Poor” (power.label.veryPoor) because it provides a more idiomatic, immediately understandable control label; placeholders and protected tokens remain exact."
"power.quality.good","it-IT","Good","C939327CA16DCF97CA32521D8B834BF1DE16573D21DEDA3BB2A337CF403787A6","Power quality label or explanatory tooltip.","MEDIUM","","","","Buona","Buono","SUBSTANTIVE","DEEPL","Buono","DeepL is selected for “Good” (power.quality.good) because it provides a more idiomatic, immediately understandable control label; placeholders and protected tokens remain exact."
"power.quality.none","it-IT","None","DC937B59892604F5A86AC96936CD7FF09E25F18AE6B758E8014A24C7FA039E91","Power quality label or explanatory tooltip.","MEDIUM","","","","Nessuna","Nessuno","SUBSTANTIVE","DEEPL","Nessuno","DeepL is selected for “None” (power.quality.none) because it provides a more idiomatic, immediately understandable control label; placeholders and protected tokens remain exact."
"power.quality.normal","it-IT","Normal","A7248EEB45EB1CE247F81693283E22E8B39E8A50890CECD22D02E75025547D90","Power quality label or explanatory tooltip.","MEDIUM","","","","Normale","Normale","IDENTICAL","AGREED","Normale","Both independent witnesses agree for “Normal” (power.quality.normal); the shared wording is clear in the recorded UI context and preserves the required syntax."
"power.quality.poor","it-IT","Poor","94DFD46D9DAE63E6C692415BBAB8E266C777E87CDD77BEAB02583B8ED7BD874D","Power quality label or explanatory tooltip.","MEDIUM","","","","Scarsa","Scarso","SUBSTANTIVE","DEEPL","Scarso","DeepL is selected for “Poor” (power.quality.poor) because it provides a more idiomatic, immediately understandable control label; placeholders and protected tokens remain exact."
"power.quality.unknown","it-IT","Unknown","B764CDC0EAB7137467211272FA539F1260D1BF2E71BCF6FF3BDC960F5C16AA14","Power quality label or explanatory tooltip.","MEDIUM","","","","Sconosciuto","Sconosciuto","IDENTICAL","AGREED","Sconosciuto","Both independent witnesses agree for “Unknown” (power.quality.unknown); the shared wording is clear in the recorded UI context and preserves the required syntax."
"power.quality.veryPoor","it-IT","Very Poor","58D10B9584397B0B71A4A877E0243F8B4202B3F642BE3B4E02A61BBBF4182F32","Power quality label or explanatory tooltip.","MEDIUM","","","","Molto scarsa","Molto scarso","SUBSTANTIVE","DEEPL","Molto scarso","DeepL is selected for “Very Poor” (power.quality.veryPoor) because it provides a more idiomatic, immediately understandable control label; placeholders and protected tokens remain exact."
"power.tooltip.modified","it-IT","{source}: {quality} · {multiplier}× output ({modifier})","37B2719E6183F1811D2561A29EEF38307F671674FAAF90F2C4729E18B20599D8","Power quality label or explanatory tooltip. This is explanatory tooltip text.","HIGH","modifier; multiplier; quality; source","","","{source}: {quality} · {multiplier}× produzione ({modifier})","{fonte}: {qualità} · {moltiplicatore}× output ({modificatore})","INVALID_TOKENS","INVALID_DEEPL_REPAIRED","{source}: {quality} · {multiplier}× produzione ({modifier})","DeepL is structurally invalid for “{source}: {quality} · {multiplier}× output ({modifier})” (power.tooltip.modified) because one or more required placeholder names were translated, removed, or changed. The independently reviewed Codex wording is retained as the natural token-safe repair with the exact repository placeholders, plural form, and protected tokens restored."
"power.tooltip.noModifier","it-IT","{source}: {quality} · {multiplier}× output (no modifier)","082FBB8B5BC3BDFF1C71A7FF8F77A6DFA933011266DC6784C78974CF1309B04B","Power quality label or explanatory tooltip. This is explanatory tooltip text.","HIGH","multiplier; quality; source","","","{source}: {quality} · {multiplier}× produzione (senza modificatore)","{fonte}: {qualità} · {moltiplicatore} × output (senza modificatore)","INVALID_TOKENS","INVALID_DEEPL_REPAIRED","{source}: {quality} · {multiplier}× produzione (senza modificatore)","DeepL is structurally invalid for “{source}: {quality} · {multiplier}× output (no modifier)” (power.tooltip.noModifier) because one or more required placeholder names were translated, removed, or changed. The independently reviewed Codex wording is retained as the natural token-safe repair with the exact repository placeholders, plural form, and protected tokens restored."
"power.tooltip.unknown","it-IT","{source}: {quality}","8DC4D1F651257F48F5D24DD2A1FCA9B3E6ADF13061BA8ADA479B3351201BA517","Power quality label or explanatory tooltip. This is explanatory tooltip text.","HIGH","quality; source","","","{source}: {quality}","{fonte}: {qualità}","INVALID_TOKENS","INVALID_DEEPL_REPAIRED","{source}: {quality}","DeepL is structurally invalid for “{source}: {quality}” (power.tooltip.unknown) because one or more required placeholder names were translated, removed, or changed. The independently reviewed Codex wording is retained as the natural token-safe repair with the exact repository placeholders, plural form, and protected tokens restored."
"production.empty","it-IT","No local resources have been selected.","268C8F36EDA0EE5B32EE73CED9B8846849B570966A30A392F0E238D8BE80FFB1","Active Production section.","LOW","","","","Nessuna risorsa locale selezionata.","Non sono state selezionate risorse locali.","SUBSTANTIVE","DEEPL","Non sono state selezionate risorse locali.","DeepL is selected for “No local resources have been selected.” (production.empty) because it provides more natural target-language grammar without changing the source meaning; placeholders and protected tokens remain exact."
"production.heading","it-IT","Active Production","048E7E34826F22874A7BE1F38FAE424C9404D91569160C5ECBDF48139FC577CB","Active Production section. This is a visible heading.","LOW","","","glossary.active-production=Produzione attiva [strategy=semantic-concept]","Produzione attiva","Produzione attiva","IDENTICAL","AGREED","Produzione attiva","Both independent witnesses agree for “Active Production” (production.heading); the shared wording is clear in the recorded UI context and preserves the required syntax."
"referenceFatal.diagnostic.actualDataset","it-IT","Actual dataset ID","D1562EB9E94E9E96B380B70A6FA2EC27E2683DA11D1A723F052FF5B4E73B73EE","Tracker-authored application message.","LOW","","ID","","ID effettivo del set di dati","ID effettivo del set di dati","IDENTICAL","AGREED","ID effettivo del set di dati","Both independent witnesses agree for “Actual dataset ID” (referenceFatal.diagnostic.actualDataset); the shared wording is clear in the recorded UI context and preserves the required syntax."
"referenceFatal.diagnostic.actualHash","it-IT","Actual hash prefix","6C3A935D967CD3A1AFEF55578D3234F5CDD23EF1663F246DDD60A22293695A6A","Tracker-authored application message.","LOW","","","","Prefisso hash effettivo","Prefisso hash effettivo","IDENTICAL","AGREED","Prefisso hash effettivo","Both independent witnesses agree for “Actual hash prefix” (referenceFatal.diagnostic.actualHash); the shared wording is clear in the recorded UI context and preserves the required syntax."
"referenceFatal.diagnostic.asset","it-IT","Asset","80D298C9F240900F00B327F5B611DC41AA785788D6FD3EDBE35812CA88F02E9A","Tracker-authored application message.","LOW","","","","File","Risorsa","SUBSTANTIVE","DEEPL","Risorsa","DeepL is selected for “Asset” (referenceFatal.diagnostic.asset) because it provides more natural target-language grammar without changing the source meaning; placeholders and protected tokens remain exact."
"referenceFatal.diagnostic.code","it-IT","Error code","0570B384C3CECF819FB8EBE7AAB1CBB56C7238845FA99B34FC2D6494A7BACD9A","Tracker-authored application message.","LOW","","","","Codice di errore","Codice di errore","IDENTICAL","AGREED","Codice di errore","Both independent witnesses agree for “Error code” (referenceFatal.diagnostic.code); the shared wording is clear in the recorded UI context and preserves the required syntax."
"referenceFatal.diagnostic.expectedDataset","it-IT","Expected dataset ID","F9BCC9C79CEE38D775E37506F08F6154E63833B5B2CC4160342F66FB6831CE6A","Tracker-authored application message.","LOW","","ID","","ID previsto del set di dati","ID del set di dati previsto","SUBSTANTIVE","DEEPL","ID del set di dati previsto","DeepL is selected for “Expected dataset ID” (referenceFatal.diagnostic.expectedDataset) because it provides more natural target-language grammar without changing the source meaning; placeholders and protected tokens remain exact."
"referenceFatal.diagnostic.expectedHash","it-IT","Expected hash prefix","8963009395F38E55F0D16BC200A299AC116DC323DCE9E16B38C33BDCCAA14A39","Tracker-authored application message.","LOW","","","","Prefisso hash previsto","Prefisso hash previsto","IDENTICAL","AGREED","Prefisso hash previsto","Both independent witnesses agree for “Expected hash prefix” (referenceFatal.diagnostic.expectedHash); the shared wording is clear in the recorded UI context and preserves the required syntax."
"referenceFatal.diagnostic.locale","it-IT","Locale","CA3DC612F47E3913B79F68EAC655D590812439EEC5865189C38A0D7623EFA0AA","Tracker-authored application message.","LOW","","","","Impostazioni locali","Impostazioni locali","IDENTICAL","AGREED","Impostazioni locali","Both independent witnesses agree for “Locale” (referenceFatal.diagnostic.locale); the shared wording is clear in the recorded UI context and preserves the required syntax."
"referenceFatal.diagnostic.mediaType","it-IT","Media type","080D69147E5E9D098F24C01D7413101E31A17DD6853E4F7BCCCE2D775D945B4B","Tracker-authored application message.","LOW","","","","Tipo di contenuto","Tipo di media","SUBSTANTIVE","CODEX","Tipo di contenuto","Codex is selected for “Media type” (referenceFatal.diagnostic.mediaType) because it expresses the intended UI action or diagnostic fully in it-IT; DeepL leaves the English residue “media” in the target-language sentence."
"referenceFatal.diagnostic.schemaVersion","it-IT","Manifest schema version","10F91A96B0C00520302942A617346E2AADB048F20CDBF9885A054BF4608091CE","Tracker-authored application message.","LOW","","","","Versione dello schema del manifesto","Versione dello schema del manifesto","IDENTICAL","AGREED","Versione dello schema del manifesto","Both independent witnesses agree for “Manifest schema version” (referenceFatal.diagnostic.schemaVersion); the shared wording is clear in the recorded UI context and preserves the required syntax."
"referenceFatal.diagnostic.status","it-IT","HTTP status","0F7CF91F242CDF7ABB04BB4710C174D56643D01BC39ACC3E4334C716D06B660B","Tracker-authored application message.","LOW","","","","Stato HTTP","Stato HTTP","IDENTICAL","AGREED","Stato HTTP","Both independent witnesses agree for “HTTP status” (referenceFatal.diagnostic.status); the shared wording is clear in the recorded UI context and preserves the required syntax."
"referenceFatal.explanation","it-IT","Required reference data could not be loaded correctly. The tracker has stopped to protect your saved work.","3EC004F7CA1FA38DB26295AFAE2403D503FD06CE9CFC32FAB2EF918F900445B6","Tracker-authored application message.","LOW","","","","Non è stato possibile caricare correttamente i dati di riferimento richiesti. L’applicazione si è arrestata per proteggere il lavoro salvato.","Non è stato possibile caricare correttamente i dati di riferimento richiesti. Il tracker si è arrestato per proteggere il lavoro salvato.","SUBSTANTIVE","CODEX","Non è stato possibile caricare correttamente i dati di riferimento richiesti. L’applicazione si è arrestata per proteggere il lavoro salvato.","Codex is selected for “Required reference data could not be loaded correctly. The tracker has stopped to protect your saved work.” (referenceFatal.explanation) because it expresses the intended UI action or diagnostic fully in it-IT; DeepL leaves the English residue “tracker” in the target-language sentence."
"referenceFatal.heading","it-IT","Reference data unavailable","7E97733458B49F2E75B96ED180A7A14D1CFE7562FA391AC12C8F59C7406AB8B9","Tracker-authored application message. This is a visible heading.","LOW","","","","Dati di riferimento non disponibili","Dati di riferimento non disponibili","IDENTICAL","AGREED","Dati di riferimento non disponibili","Both independent witnesses agree for “Reference data unavailable” (referenceFatal.heading); the shared wording is clear in the recorded UI context and preserves the required syntax."
"referenceFatal.privacy","it-IT","Reporting opens your email app and includes technical diagnostics only. No saved network data is included automatically.","303AC78FCAC8F3E34F83D4EB61798D823F0A7876AB00F9965161C611DBF8CDC1","Tracker-authored application message.","LOW","","","glossary.network=Rete [strategy=semantic-concept]","La segnalazione apre l’app di posta elettronica e include solo dati diagnostici tecnici. I dati di rete salvati non vengono inclusi automaticamente.","La generazione del report apre l'app di posta elettronica e include solo la diagnostica tecnica. Nessun dato di rete salvato viene incluso automaticamente.","SUBSTANTIVE","DEEPL","La generazione del report apre l'app di posta elettronica e include solo la diagnostica tecnica. Nessun dato di rete salvato viene incluso automaticamente.","DeepL is selected for “Reporting opens your email app and includes technical diagnostics only. No saved networ...” (referenceFatal.privacy) because it provides more natural target-language grammar without changing the source meaning while retaining the approved terminology (glossary.network=Rete [strategy=semantic-concept]); placeholders and protected tokens remain exact."
"referenceFatal.reason.assetContentType","it-IT","A required reference file was served with the wrong content type.","E4998173285DA086873408FE340C6AA619B3B0773F5A436F0FEB7049C644640B","Tracker-authored application message.","LOW","","","","Un file di riferimento richiesto è stato fornito con un tipo di contenuto errato.","Un file di riferimento richiesto è stato fornito con un tipo di contenuto errato.","IDENTICAL","AGREED","Un file di riferimento richiesto è stato fornito con un tipo di contenuto errato.","Both independent witnesses agree for “A required reference file was served with the wrong content type.” (referenceFatal.reason.assetContentType); the shared wording is clear in the recorded UI context and preserves the required syntax."
"referenceFatal.reason.assetFetch","it-IT","A required reference file could not be retrieved.","3979D0E6E4FC27C9E487BB1CD34873B03145520CC9C6A55375F1E9E79ABEA888","Tracker-authored application message.","LOW","","","","Un file di riferimento richiesto non è stato possibile recuperare.","Non è stato possibile recuperare un file di riferimento richiesto.","SUBSTANTIVE","DEEPL","Non è stato possibile recuperare un file di riferimento richiesto.","DeepL is selected for “A required reference file could not be retrieved.” (referenceFatal.reason.assetFetch) because it provides more natural target-language grammar without changing the source meaning; placeholders and protected tokens remain exact."
"referenceFatal.reason.assetHash","it-IT","A required reference file does not match the manifest.","0B3186DA86F196F10755F0C83C70EAA1FA314A6B5D44A29116799ADCD2073959","Tracker-authored application message.","LOW","","","","Un file di riferimento richiesto non corrisponde al manifesto.","Un file di riferimento richiesto non corrisponde al manifesto.","IDENTICAL","AGREED","Un file di riferimento richiesto non corrisponde al manifesto.","Both independent witnesses agree for “A required reference file does not match the manifest.” (referenceFatal.reason.assetHash); the shared wording is clear in the recorded UI context and preserves the required syntax."
"referenceFatal.reason.assetJson","it-IT","A required reference file contains invalid JSON.","94C49FE1655FA6C35FCCD77C61FA4D7CA80A445E2E007011E1C4C9806E7CA89D","Tracker-authored application message.","LOW","","JSON","","Un file di riferimento richiesto contiene JSON non valido.","Un file di riferimento richiesto contiene un JSON non valido.","SUBSTANTIVE","DEEPL","Un file di riferimento richiesto contiene un JSON non valido.","DeepL is selected for “A required reference file contains invalid JSON.” (referenceFatal.reason.assetJson) because it provides more natural target-language grammar without changing the source meaning; placeholders and protected tokens remain exact."
"referenceFatal.reason.assetSchema","it-IT","A required reference file has an invalid structure.","C94A3A1F6EF842F8853A9E44C46EB1385D94E138889DA80DB70B9B410C0F9863","Tracker-authored application message.","LOW","","","","Un file di riferimento richiesto ha una struttura non valida.","Un file di riferimento richiesto presenta una struttura non valida.","SUBSTANTIVE","DEEPL","Un file di riferimento richiesto presenta una struttura non valida.","DeepL is selected for “A required reference file has an invalid structure.” (referenceFatal.reason.assetSchema) because it provides more natural target-language grammar without changing the source meaning; placeholders and protected tokens remain exact."
"referenceFatal.reason.assetSize","it-IT","A required reference file exceeds the size limit.","A797C74204B047426FF140E429B3BC277771670CCF5999F0C6A74E784EDAFB66","Tracker-authored application message.","LOW","","","","Un file di riferimento richiesto supera il limite di dimensione.","Un file di riferimento obbligatorio supera il limite di dimensione.","SUBSTANTIVE","DEEPL","Un file di riferimento obbligatorio supera il limite di dimensione.","DeepL is selected for “A required reference file exceeds the size limit.” (referenceFatal.reason.assetSize) because it provides more natural target-language grammar without changing the source meaning; placeholders and protected tokens remain exact."
"referenceFatal.reason.buildMismatch","it-IT","The reference data belongs to a different app build.","3D7236B730DBA31DF9744B3F9A09535F33D61F6C8AEF8C6B6F5C700EC3068CAB","Tracker-authored application message.","LOW","","","","I dati di riferimento appartengono a una versione diversa dell’app.","I dati di riferimento appartengono a una build diversa dell'app.","SUBSTANTIVE","CODEX","I dati di riferimento appartengono a una versione diversa dell’app.","Codex is selected for “The reference data belongs to a different app build.” (referenceFatal.reason.buildMismatch) because it expresses the intended UI action or diagnostic fully in it-IT; DeepL leaves the English residue “build” in the target-language sentence."
"referenceFatal.reason.internal","it-IT","The reference data integrity check could not complete.","C8BD867CDCD01CB72B305DA37244AB7AD7F3DEE94E525D460ED99C66214C484F","Tracker-authored application message.","LOW","","","","Non è stato possibile completare il controllo di integrità dei dati di riferimento.","Non è stato possibile completare il controllo di integrità dei dati di riferimento.","IDENTICAL","AGREED","Non è stato possibile completare il controllo di integrità dei dati di riferimento.","Both independent witnesses agree for “The reference data integrity check could not complete.” (referenceFatal.reason.internal); the shared wording is clear in the recorded UI context and preserves the required syntax."
"referenceFatal.reason.manifestFetch","it-IT","The reference manifest could not be retrieved.","077DAF53094553A2262D2E9B2FE0FE91E47B807ED53845BC0FA80EF62125B866","Tracker-authored application message.","LOW","","","","Non è stato possibile recuperare il manifesto dei dati di riferimento.","Impossibile recuperare il manifesto di riferimento.","SUBSTANTIVE","DEEPL","Impossibile recuperare il manifesto di riferimento.","DeepL is selected for “The reference manifest could not be retrieved.” (referenceFatal.reason.manifestFetch) because it provides more natural target-language grammar without changing the source meaning; placeholders and protected tokens remain exact."
"referenceFatal.reason.manifestInvalid","it-IT","The reference manifest is invalid.","856BAD9547F9FCFC0FC3739C43F7BB29FEC0A60BB24ED9C6223890B50BFF15B8","Tracker-authored application message.","LOW","","","","Il manifesto dei dati di riferimento non è valido.","Il manifesto di riferimento non è valido.","SUBSTANTIVE","DEEPL","Il manifesto di riferimento non è valido.","DeepL is selected for “The reference manifest is invalid.” (referenceFatal.reason.manifestInvalid) because it provides more natural target-language grammar without changing the source meaning; placeholders and protected tokens remain exact."
"referenceFatal.reason.manifestVersion","it-IT","The reference manifest version is unsupported.","937951D077E320AE9746EEBBCD82288FC04A1F59E9931C027F9299AE2A8E52C7","Tracker-authored application message.","LOW","","","","La versione del manifesto dei dati di riferimento non è supportata.","La versione del manifesto di riferimento non è supportata.","SUBSTANTIVE","DEEPL","La versione del manifesto di riferimento non è supportata.","DeepL is selected for “The reference manifest version is unsupported.” (referenceFatal.reason.manifestVersion) because it provides more natural target-language grammar without changing the source meaning; placeholders and protected tokens remain exact."
"referenceFatal.reload","it-IT","Reload","BDC090EC61E3FCFC65F469951DFE00F3F2ECFC6003C44DEAC8E05B7237092DE6","Tracker-authored application message.","LOW","","","","Ricarica","Aggiorna","SUBSTANTIVE","DEEPL","Aggiorna","DeepL is selected for “Reload” (referenceFatal.reload) because it provides more natural target-language grammar without changing the source meaning; placeholders and protected tokens remain exact."
"referenceFatal.report","it-IT","Report","B6CE788D9786917C9D19ADAA0D904213365607C7F683D7277F508DCF142B4CC2","Tracker-authored application message.","LOW","","","","Segnala","Segnala","IDENTICAL","AGREED","Segnala","Both independent witnesses agree for “Report” (referenceFatal.report); the shared wording is clear in the recorded UI context and preserves the required syntax."
"referenceFatal.report.body","it-IT","The tracker stopped during reference data verification. Technical diagnostics:","06E2FE496D91F39F7D0D02747423E0EC5650D97E614BCA7621C24A94861CB697","Tracker-authored application message.","LOW","","","","L’applicazione si è arrestata durante la verifica dei dati di riferimento. Diagnostica tecnica:","Il tracker si è arrestato durante la verifica dei dati di riferimento. Diagnostica tecnica:","SUBSTANTIVE","CODEX","L’applicazione si è arrestata durante la verifica dei dati di riferimento. Diagnostica tecnica:","Codex is selected for “The tracker stopped during reference data verification. Technical diagnostics:” (referenceFatal.report.body) because it expresses the intended UI action or diagnostic fully in it-IT; DeepL leaves the English residue “tracker” in the target-language sentence."
"referenceFatal.report.subject","it-IT","Starfield Outpost Tracker reference data problem","D82EA728AF2C1BC3A41761E4959F9857FD8BABAE0396D8BD2B989ED28A6F8680","Tracker-authored application message.","LOW","","","term.outpost=Avamposto [strategy=semantic-concept, variants=avamposto | avamposti]; product.starfield=Starfield [strategy=phrase]","Problema con i dati di riferimento dell’applicazione per avamposti di Starfield","Problema con i dati di riferimento di Starfield Outpost Tracker","SUBSTANTIVE","CODEX","Problema con i dati di riferimento dell’applicazione per avamposti di Starfield","Codex is selected for “Starfield Outpost Tracker reference data problem” (referenceFatal.report.subject) because it preserves the row's approved product vocabulary (term.outpost=Avamposto [strategy=semantic-concept, variants=avamposto | avamposti]; product.starfield=Starfield [strategy=phrase]); the fluent DeepL alternative diverges from at least one binding term or semantic label in this UI context."
"search.autocomplete.product","it-IT","Product","FB9EF894175C327470F768D95CA7BEE65E19853A0EAACE3805F8A7B8A12270DA","Item search control, result, state flag, or accessibility instruction.","MEDIUM","","","","Prodotto","Prodotto","IDENTICAL","AGREED","Prodotto","Both independent witnesses agree for “Product” (search.autocomplete.product); the shared wording is clear in the recorded UI context and preserves the required syntax."
"search.autocomplete.resource","it-IT","Resource","EB7A842FF958C49C6BB5AC2610915C41B9625D8BB553A87DEAFF5D1884430F34","Item search control, result, state flag, or accessibility instruction.","MEDIUM","","","","Risorsa","Risorsa","IDENTICAL","AGREED","Risorsa","Both independent witnesses agree for “Resource” (search.autocomplete.resource); the shared wording is clear in the recorded UI context and preserves the required syntax."
"search.input.description","it-IT","Type an item name or abbreviation, then confirm the item to search.","C803DDEE972FC87FE16A018031103C2B8931A0944CB6B84D03271C1226C2F9FC","Item search control, result, state flag, or accessibility instruction. This is accessible or instructional text.","MEDIUM","","","","Digita il nome o l’abbreviazione di un elemento, quindi conferma l’elemento da cercare.","Digita il nome o l'abbreviazione di un oggetto, quindi conferma l'oggetto da cercare.","SUBSTANTIVE","DEEPL","Digita il nome o l'abbreviazione di un oggetto, quindi conferma l'oggetto da cercare.","DeepL is selected for “Type an item name or abbreviation, then confirm the item to search.” (search.input.description) because it provides clearer, more idiomatic accessible or instructional wording; placeholders and protected tokens remain exact."
"search.input.label","it-IT","Search for resources or products in your outposts.","5503C57D0D797724DCCB827B724DBDA0FC47192929CC9BC7022E5793A287C9A1","Item search control, result, state flag, or accessibility instruction. This is a form or control label.","MEDIUM","","","term.outpost=Avamposto [strategy=semantic-concept, variants=avamposto | avamposti]","Cerca risorse o prodotti negli avamposti.","Cerca risorse o prodotti nei tuoi avamposti.","SUBSTANTIVE","CODEX","Cerca risorse o prodotti negli avamposti.","Codex is selected for “Search for resources or products in your outposts.” (search.input.label) because it preserves the row's approved product vocabulary (term.outpost=Avamposto [strategy=semantic-concept, variants=avamposto | avamposti]); the fluent DeepL alternative diverges from at least one binding term or semantic label in this UI context."
"search.input.placeholder","it-IT","Search resources or products","BB2BEF585C633AB7724C054DFF24AF17C79912DE8A4459A109E7F06546D3D694","Item search control, result, state flag, or accessibility instruction.","MEDIUM","","","","Cerca risorse o prodotti","Cerca risorse o prodotti","IDENTICAL","AGREED","Cerca risorse o prodotti","Both independent witnesses agree for “Search resources or products” (search.input.placeholder); the shared wording is clear in the recorded UI context and preserves the required syntax."
"search.results.close","it-IT","Close Search Results","F96E828A9092B71523FBB3C9A567DAF6722E1245B6496CF2B914D45FAD6970CD","Item search control, result, state flag, or accessibility instruction.","MEDIUM","","","","Chiudi Risultati di ricerca","Chiudi i risultati della ricerca","SUBSTANTIVE","DEEPL","Chiudi i risultati della ricerca","DeepL is selected for “Close Search Results” (search.results.close) because it provides clearer, more idiomatic accessible or instructional wording; placeholders and protected tokens remain exact."
"search.results.dragInstructions","it-IT","Move Search Results with the arrow keys. Hold Shift for larger steps.","959897EA69410FC9E83C495B5FAC4989501BE59DFDF33F9FDCB8AAEE31E9DC25","Item search control, result, state flag, or accessibility instruction.","HIGH","","Shift","","Sposta i risultati di ricerca con i tasti freccia. Tieni premuto Shift per spostamenti più ampi.","Spostare i risultati della ricerca con i tasti freccia. Tenere premuto Shift per spostamenti più ampi.","SUBSTANTIVE","DEEPL","Spostare i risultati della ricerca con i tasti freccia. Tenere premuto Shift per spostamenti più ampi.","DeepL is selected for “Move Search Results with the arrow keys. Hold Shift for larger steps.” (search.results.dragInstructions) because it provides clearer, more idiomatic accessible or instructional wording; placeholders and protected tokens remain exact."
"search.results.flag.exporting","it-IT","Exporting","EB9B51193618C1A172014167484EF491D9E9BA6B222F0E4DD993F1339B7DFEC0","Item search control, result, state flag, or accessibility instruction.","MEDIUM","","","","Esportazione","Esportazione","IDENTICAL","AGREED","Esportazione","Both independent witnesses agree for “Exporting” (search.results.flag.exporting); the shared wording is clear in the recorded UI context and preserves the required syntax."
"search.results.flag.importing","it-IT","Importing","D252FFFACBF0370776D720324538A0E7F77D2A01267BBEEF6CD43378DC68605B","Item search control, result, state flag, or accessibility instruction.","MEDIUM","","","","Importazione","Importazione","IDENTICAL","AGREED","Importazione","Both independent witnesses agree for “Importing” (search.results.flag.importing); the shared wording is clear in the recorded UI context and preserves the required syntax."
"search.results.flag.missingInputs","it-IT","Missing Inputs","24BFB7E5906EA9DC87390942ECA120511DF604A3703F2C4EE588151E94E0C02C","Search-result state flag meaning required recipe or organic-production inputs are unavailable.","HIGH","","","glossary.inputs=Materiali richiesti [strategy=semantic-concept, variants=materiali richiesti | risorse richieste | materiali necessari]","Materiali richiesti mancanti","Dati mancanti","SUBSTANTIVE","CODEX","Materiali richiesti mancanti","Codex is selected for “Missing Inputs” (search.results.flag.missingInputs) because it preserves the row's approved product vocabulary (glossary.inputs=Materiali richiesti [strategy=semantic-concept, variants=materiali richiesti | risorse richieste | materiali necessari]); the fluent DeepL alternative diverges from at least one binding term or semantic label in this UI context."
"search.results.flag.plannedSupply","it-IT","Planned Supply","3748580A9E100E8B05D1F36B32346EDAA2DF422A8256FA71DF620ACFEA43E4AD","Item search control, result, state flag, or accessibility instruction.","MEDIUM","","","glossary.planned-supply=Fornitura pianificata [strategy=semantic-concept]","Fornitura pianificata","Fornitura pianificata","IDENTICAL","AGREED","Fornitura pianificata","Both independent witnesses agree for “Planned Supply” (search.results.flag.plannedSupply); the shared wording is clear in the recorded UI context and preserves the required syntax."
"search.results.flag.present","it-IT","Present","43F9B89C0B9D22D8110EAD813EA3949F20592A8BFC3C777D2D49E64DA3B0CC9B","Search-result state flag meaning the item/resource exists or can exist at the outpost; not temporal “currently”.","HIGH","","","glossary.present=Presenza [strategy=key-scoped, variants=presenza | presente | disponibile]","Presenza","Attuale","SUBSTANTIVE","CODEX","Presenza","Codex is selected for “Present” (search.results.flag.present) because it preserves the row's approved product vocabulary (glossary.present=Presenza [strategy=key-scoped, variants=presenza | presente | disponibile]); the fluent DeepL alternative diverges from at least one binding term or semantic label in this UI context."
"search.results.flag.producing","it-IT","Producing","6205C14B87A9F7261B6078D0347AAA6998853CC7BE936390846C6F1B95BF0B56","Search-result state flag meaning configured active production, without a throughput claim.","HIGH","","","glossary.producing=In produzione [strategy=key-scoped, variants=in produzione | produrre | interrompere la produzione]","In produzione","In produzione","IDENTICAL","AGREED","In produzione","Both independent witnesses agree for “Producing” (search.results.flag.producing); the shared wording is clear in the recorded UI context and preserves the required syntax."
"search.results.found","it-IT","{searchItem} was found at {count} {count, plural, one {outpost} other {outposts}}.","CEC1C6BE530D72128E3C3B1F80BCD0302F86340CBB7E52365511ABDF269D0D0F","Item search control, result, state flag, or accessibility instruction.","HIGH","count; searchItem","","term.outpost=Avamposto [strategy=semantic-concept, variants=avamposto | avamposti]","{searchItem} è stato trovato in {count} {count, plural, one {avamposto} other {avamposti}}.","{searchItem} è stato trovato in {count} {count, plurale, un {avamposto} o altri {avamposti}}.","INVALID_TOKENS","INVALID_DEEPL_REPAIRED","{searchItem} è stato trovato in {count} {count, plural, one {avamposto} other {avamposti}}.","DeepL is structurally invalid for “{searchItem} was found at {count} {count, plural, one {outpost} other {outposts}}.” (search.results.found) because the ICU plural syntax or its plural parameter/category structure was altered. The independently reviewed Codex wording is retained as the natural token-safe repair with the exact repository placeholders, plural form, and protected tokens restored."
"search.results.notFound","it-IT","{searchItem} was not found at any outpost.","6325CC94B352FEBCD190C61B84407AF02FFF65652F2F3945547C7FE702472233","Item search control, result, state flag, or accessibility instruction.","MEDIUM","searchItem","","term.outpost=Avamposto [strategy=semantic-concept, variants=avamposto | avamposti]","{searchItem} non è stato trovato in alcun avamposto.","{searchItem} non è stato trovato in nessun avamposto.","SUBSTANTIVE","DEEPL","{searchItem} non è stato trovato in nessun avamposto.","DeepL is selected for “{searchItem} was not found at any outpost.” (search.results.notFound) because it provides clearer, more idiomatic accessible or instructional wording while retaining the approved terminology (term.outpost=Avamposto [strategy=semantic-concept, variants=avamposto | avamposti]); placeholders and protected tokens remain exact."
"search.results.title","it-IT","Search Results","39414102545E7861AEC25ED038FCB11AAFB75B34686705063F2A8FF268CBD368","Item search control, result, state flag, or accessibility instruction. This is a visible heading.","MEDIUM","","","","Risultati di ricerca","Risultati della ricerca","SUBSTANTIVE","DEEPL","Risultati della ricerca","DeepL is selected for “Search Results” (search.results.title) because it provides clearer, more idiomatic accessible or instructional wording; placeholders and protected tokens remain exact."
"search.submit","it-IT","Search for item","C33D54FDF7B51A525DEA1D4120CC4AD9AE71A9469DBD27A55C818275D425312C","Item search control, result, state flag, or accessibility instruction.","MEDIUM","","","","Cerca elemento","Cerca oggetto","SUBSTANTIVE","DEEPL","Cerca oggetto","DeepL is selected for “Search for item” (search.submit) because it provides clearer, more idiomatic accessible or instructional wording; placeholders and protected tokens remain exact."
"shortcuts.action.addCargoLink","it-IT","Add Cargo Link","85D0825E6F01A2CCB8FEBC0E71B2AFBD88E531B21869CBCDA43054E1F0D62520","Tracker-authored application message.","HIGH","","","term.cargo-link=Collegamento merci [strategy=phrase]","Aggiungi Collegamento merci","Aggiungi collegamento al carico","SUBSTANTIVE","CODEX","Aggiungi Collegamento merci","Codex is selected for “Add Cargo Link” (shortcuts.action.addCargoLink) because it preserves the row's approved product vocabulary (term.cargo-link=Collegamento merci [strategy=phrase]); the fluent DeepL alternative diverges from at least one binding term or semantic label in this UI context."
"shortcuts.action.addOutpost","it-IT","Add outpost","E918451B6D2EC69126402B9C3D175CBCF5114A80163A34073D64D10FE29E5D0A","Tracker-authored application message.","HIGH","","","term.outpost=Avamposto [strategy=semantic-concept, variants=avamposto | avamposti]","Aggiungi avamposto","Aggiungi avamposto","IDENTICAL","AGREED","Aggiungi avamposto","Both independent witnesses agree for “Add outpost” (shortcuts.action.addOutpost); the shared wording is clear in the recorded UI context and preserves the required syntax."
"shortcuts.action.collapseAllCargoLinks","it-IT","Collapse All","55988E28A4E8720A588C5C53FD47616D929A404D3D2AF7E6F8BA313DCE6DC3E4","Tracker-authored application message.","HIGH","","","","Comprimi Tutti","Comprimi tutto","SUBSTANTIVE","DEEPL","Comprimi tutto","DeepL is selected for “Collapse All” (shortcuts.action.collapseAllCargoLinks) because it provides more natural target-language grammar without changing the source meaning; placeholders and protected tokens remain exact."
"shortcuts.action.expandAllCargoLinks","it-IT","Expand All","9F5B023A413A7D0771CC3FB51B103DC0AAAAFE8F7B7C88C7258D43E3BC5B243D","Tracker-authored application message.","HIGH","","","","Espandi Tutti","Espandi tutto","SUBSTANTIVE","DEEPL","Espandi tutto","DeepL is selected for “Expand All” (shortcuts.action.expandAllCargoLinks) because it provides more natural target-language grammar without changing the source meaning; placeholders and protected tokens remain exact."
"shortcuts.action.export","it-IT","Export","3664895579F0A7E68C4AA09C91316E20239BC74499010E6423ECE40CAD7C28F7","Tracker-authored application message.","HIGH","","","glossary.file-import-export=Importa / Esporta [strategy=key-scoped]","Esporta","Esporta","IDENTICAL","AGREED","Esporta","Both independent witnesses agree for “Export” (shortcuts.action.export); the shared wording is clear in the recorded UI context and preserves the required syntax."
"shortcuts.action.focusCargoLinks","it-IT","Focus Cargo Links","F4802247A8CF7C50951763056B87DE24F432E305AD819ECB78EC62CDBDB9CCEC","Tracker-authored application message.","HIGH","","","term.cargo-link=Collegamento merci [strategy=phrase]","Attiva Collegamenti merci","Collegamenti Cargo in primo piano","SUBSTANTIVE","CODEX","Attiva Collegamenti merci","Codex is selected for “Focus Cargo Links” (shortcuts.action.focusCargoLinks) because it preserves the row's approved product vocabulary (term.cargo-link=Collegamento merci [strategy=phrase]); the fluent DeepL alternative diverges from at least one binding term or semantic label in this UI context."
"shortcuts.action.focusFirstInorganic","it-IT","Inorganic","897FDA90A70D9858F75D9CBD82D0E8F76C5D41753289E3FF619EB61863A5E91F","Keyboard-shortcut action label that focuses the first inorganic-resource control.","HIGH","","","glossary.inorganic=Inorganico [strategy=semantic-concept, variants=inorganico | inorganica | inorganici | inorganiche]","Inorganico","Inorganici","SUBSTANTIVE","CODEX","Inorganico","Codex is selected for “Inorganic” (shortcuts.action.focusFirstInorganic) because it preserves the row's approved product vocabulary (glossary.inorganic=Inorganico [strategy=semantic-concept, variants=inorganico | inorganica | inorganici | inorganiche]); the fluent DeepL alternative diverges from at least one binding term or semantic label in this UI context."
"shortcuts.action.focusFirstOrganic","it-IT","Organic","89B8CB68F4EDD75B5FB10DA9CC85802C15214A84CDA6D2F2D841BDF80E7109D3","Keyboard-shortcut action label that focuses the first organic-resource control.","HIGH","","","glossary.organic=Organico [strategy=semantic-concept, variants=organico | organica | organici | organiche]","Organico","Organici","SUBSTANTIVE","CODEX","Organico","Codex is selected for “Organic” (shortcuts.action.focusFirstOrganic) because it preserves the row's approved product vocabulary (glossary.organic=Organico [strategy=semantic-concept, variants=organico | organica | organici | organiche]); the fluent DeepL alternative diverges from at least one binding term or semantic label in this UI context."
"shortcuts.action.focusManufacturingAction","it-IT","Manufacturing","C6838ED989FD7D93BA9023466783C95230843EE13ACAFD63A355F9AD766CC39F","Keyboard-shortcut action label that focuses the manufacturing action control.","HIGH","","","glossary.manufacturing=Fabbricazione [strategy=semantic-concept]","Fabbricazione","Produzione","SUBSTANTIVE","CODEX","Fabbricazione","Codex is selected for “Manufacturing” (shortcuts.action.focusManufacturingAction) because it preserves the row's approved product vocabulary (glossary.manufacturing=Fabbricazione [strategy=semantic-concept]); the fluent DeepL alternative diverges from at least one binding term or semantic label in this UI context."
"shortcuts.action.focusNavigation","it-IT","Focus Navigation","24472FE6FC2068AE80EFF6E0200D0189608B8827654850B8397875246837836A","Tracker-authored application message.","HIGH","","","","Attiva la navigazione","Focus sulla navigazione","SUBSTANTIVE","CODEX","Attiva la navigazione","Codex is selected for “Focus Navigation” (shortcuts.action.focusNavigation) because it expresses the intended UI action or diagnostic fully in it-IT; DeepL leaves the English residue “focus” in the target-language sentence."
"shortcuts.action.focusOutpostDetails","it-IT","Focus Outpost Details","1EFC75B03DE8E0E05C3B26A40DF970DF16DBDED6A4BA7EF135D77C3CE32FC8A1","Tracker-authored application message.","HIGH","","","term.outpost=Avamposto [strategy=semantic-concept, variants=avamposto | avamposti]","Attiva i dettagli dell’avamposto","Dettagli avamposto in primo piano","SUBSTANTIVE","DEEPL","Dettagli avamposto in primo piano","DeepL is selected for “Focus Outpost Details” (shortcuts.action.focusOutpostDetails) because it provides more natural target-language grammar without changing the source meaning while retaining the approved terminology (term.outpost=Avamposto [strategy=semantic-concept, variants=avamposto | avamposti]); placeholders and protected tokens remain exact."
"shortcuts.action.focusPlannedSupply","it-IT","Focus Planned Supply","8D7B0DB327DEFC26813D63F99B86FA49AE857C96BE45378D63C8AABCBEBCEB76","Tracker-authored application message.","HIGH","","","glossary.planned-supply=Fornitura pianificata [strategy=semantic-concept]","Attiva Fornitura pianificata","Focus: fornitura prevista","SUBSTANTIVE","CODEX","Attiva Fornitura pianificata","Codex is selected for “Focus Planned Supply” (shortcuts.action.focusPlannedSupply) because it preserves the row's approved product vocabulary (glossary.planned-supply=Fornitura pianificata [strategy=semantic-concept]); the fluent DeepL alternative diverges from at least one binding term or semantic label in this UI context."
"shortcuts.action.focusResourceMatrix","it-IT","Focus Resource Matrix","44E81583C2EBFA1AB02EDC63051DC5F04255344AA71DC1E9E51DFE53790E0360","Tracker-authored application message.","HIGH","","","glossary.resource-matrix=Matrice delle risorse [strategy=phrase]","Attiva Matrice delle risorse","Matrice delle risorse di Focus","SUBSTANTIVE","CODEX","Attiva Matrice delle risorse","Codex is selected for “Focus Resource Matrix” (shortcuts.action.focusResourceMatrix) because it expresses the intended UI action or diagnostic fully in it-IT; DeepL leaves the English residue “focus” in the target-language sentence."
"shortcuts.action.focusSearch","it-IT","Focus Search for Items","E51E72ED7EE8D908AA73626008C669625DC40E93D93CDBA207878E19975593EE","Tracker-authored application message.","HIGH","","","","Attiva la ricerca di elementi","Ricerca mirata per articoli","SUBSTANTIVE","DEEPL","Ricerca mirata per articoli","DeepL is selected for “Focus Search for Items” (shortcuts.action.focusSearch) because it provides more natural target-language grammar without changing the source meaning; placeholders and protected tokens remain exact."
"shortcuts.action.focusSearchResults","it-IT","Focus Search Results","FFEBFB20EA12F539C80BA1E36EAB2032B8F122C506A16FA3F78C8DEE8BD445D9","Tracker-authored application message.","HIGH","","","","Attiva i risultati di ricerca","Risultati della ricerca per argomento","SUBSTANTIVE","DEEPL","Risultati della ricerca per argomento","DeepL is selected for “Focus Search Results” (shortcuts.action.focusSearchResults) because it provides more natural target-language grammar without changing the source meaning; placeholders and protected tokens remain exact."
"shortcuts.action.import","it-IT","Import","2CFF9BAABF56CA002610E113BC94DEB6EDEDDDFC3C130365B6E88ED5195BF774","Tracker-authored application message.","HIGH","","","glossary.file-import-export=Importa / Esporta [strategy=key-scoped]","Importa","Importa","IDENTICAL","AGREED","Importa","Both independent witnesses agree for “Import” (shortcuts.action.import); the shared wording is clear in the recorded UI context and preserves the required syntax."
"shortcuts.action.nextOutpost","it-IT","Next outpost","DEF30461A56CB316B7129F4AC1BB0C120E21E68BBD25E48CFBF05CAF9CDFB87D","Tracker-authored application message.","HIGH","","","term.outpost=Avamposto [strategy=semantic-concept, variants=avamposto | avamposti]","Successivo avamposto","Avamposto successivo","SUBSTANTIVE","DEEPL","Avamposto successivo","DeepL is selected for “Next outpost” (shortcuts.action.nextOutpost) because it provides more natural target-language grammar without changing the source meaning while retaining the approved terminology (term.outpost=Avamposto [strategy=semantic-concept, variants=avamposto | avamposti]); placeholders and protected tokens remain exact."
"shortcuts.action.previousOutpost","it-IT","Previous outpost","7E593746F34E85C483B84F1A22D6BB02BFCB9596C3245646C40FB6ABE47FEBCD","Tracker-authored application message.","HIGH","","","term.outpost=Avamposto [strategy=semantic-concept, variants=avamposto | avamposti]","Precedente avamposto","Avamposto precedente","SUBSTANTIVE","DEEPL","Avamposto precedente","DeepL is selected for “Previous outpost” (shortcuts.action.previousOutpost) because it provides more natural target-language grammar without changing the source meaning while retaining the approved terminology (term.outpost=Avamposto [strategy=semantic-concept, variants=avamposto | avamposti]); placeholders and protected tokens remain exact."
"shortcuts.action.redo","it-IT","Redo","74273989B0966E2369B6D01AADB23AF4AD6A9E724643FA88F2BDE99202A36708","Tracker-authored application message.","HIGH","","","glossary.undo-redo=Annulla / Ripeti [strategy=key-scoped]","Ripeti","Ripeti","IDENTICAL","AGREED","Ripeti","Both independent witnesses agree for “Redo” (shortcuts.action.redo); the shared wording is clear in the recorded UI context and preserves the required syntax."
"shortcuts.action.toggleNavigation","it-IT","Show/hide Navigation","7937955816AED06A1A324E2CE9ABA0262F65EDD01DD361D8080B3A60FB0D3A22","Tracker-authored application message.","HIGH","","","","Mostra o nascondi la navigazione","Mostra/nascondi navigazione","SUBSTANTIVE","DEEPL","Mostra/nascondi navigazione","DeepL is selected for “Show/hide Navigation” (shortcuts.action.toggleNavigation) because it provides more natural target-language grammar without changing the source meaning; placeholders and protected tokens remain exact."
"shortcuts.action.toggleValidation","it-IT","Toggle Validation details","90928F457C0204375D13F06546F74A81ECB1ABE84E0AE421726A42F2D6859608","Tracker-authored application message.","HIGH","","","glossary.validation=Convalida [strategy=semantic-concept]","Attiva/disattiva i dettagli della convalida","Attiva/disattiva Dettagli di convalida","SUBSTANTIVE","DEEPL","Attiva/disattiva Dettagli di convalida","DeepL is selected for “Toggle Validation details” (shortcuts.action.toggleValidation) because it provides more natural target-language grammar without changing the source meaning while retaining the approved terminology (glossary.validation=Convalida [strategy=semantic-concept]); placeholders and protected tokens remain exact."
"shortcuts.action.undo","it-IT","Undo","A8283ADE31856F71220DB0E6F60A257C6889DC4DAD0F275F66AD44B9ED9BF8D5","Tracker-authored application message.","HIGH","","","glossary.undo-redo=Annulla / Ripeti [strategy=key-scoped]","Annulla","Annulla","IDENTICAL","AGREED","Annulla","Both independent witnesses agree for “Undo” (shortcuts.action.undo); the shared wording is clear in the recorded UI context and preserves the required syntax."
"shortcuts.closeDialog","it-IT","Close Keyboard Shortcuts dialog","7AD19E9AA61D97954761BDB3A883E60D71A78B7DF3887C8B172CC6BF9CA4C8E2","Tracker-authored application message.","HIGH","","","","Chiudi la finestra Scorciatoie da tastiera","Chiudi finestra di dialogo ""Scorciatoie da tastiera""","SUBSTANTIVE","DEEPL","Chiudi finestra di dialogo ""Scorciatoie da tastiera""","DeepL is selected for “Close Keyboard Shortcuts dialog” (shortcuts.closeDialog) because it provides more natural target-language grammar without changing the source meaning; placeholders and protected tokens remain exact."
"shortcuts.group.cargoLinks","it-IT","Cargo Links","E9B8BE501BF399617C9333EAD8AF1489FBC8A33BC7E250C52EE05609CE8CB30F","Tracker-authored application message.","HIGH","","","term.cargo-link=Collegamento merci [strategy=phrase]","Collegamenti merci","Collegamenti Cargo","SUBSTANTIVE","CODEX","Collegamenti merci","Codex is selected for “Cargo Links” (shortcuts.group.cargoLinks) because it preserves the row's approved product vocabulary (term.cargo-link=Collegamento merci [strategy=phrase]); the fluent DeepL alternative diverges from at least one binding term or semantic label in this UI context."
"shortcuts.group.history","it-IT","History","0E769600933790607B2A13B33DDFADE0FA17810EB62C3B28EE23E59516516491","Tracker-authored application message.","HIGH","","","","Cronologia","Cronologia","IDENTICAL","AGREED","Cronologia","Both independent witnesses agree for “History” (shortcuts.group.history); the shared wording is clear in the recorded UI context and preserves the required syntax."
"shortcuts.group.importExport","it-IT","Import / Export","6E061FABEF2190A6D7CB2576AE2B9DF184C8C6243C1156A860DBA3DAA5B4763B","Tracker-authored application message.","HIGH","","","glossary.file-import-export=Importa / Esporta [strategy=key-scoped]","Importa / Esporta","Importa / Esporta","IDENTICAL","AGREED","Importa / Esporta","Both independent witnesses agree for “Import / Export” (shortcuts.group.importExport); the shared wording is clear in the recorded UI context and preserves the required syntax."
"shortcuts.group.outpostNavigation","it-IT","Outpost Navigation","BC71DCA632083ECF778E6CA2974F907E215DBDFC9D0C18C9838EEDDD1E5D3714","Tracker-authored application message.","HIGH","","","term.outpost=Avamposto [strategy=semantic-concept, variants=avamposto | avamposti]","Navigazione avamposti","Navigazione avamposto","SUBSTANTIVE","DEEPL","Navigazione avamposto","DeepL is selected for “Outpost Navigation” (shortcuts.group.outpostNavigation) because it provides more natural target-language grammar without changing the source meaning while retaining the approved terminology (term.outpost=Avamposto [strategy=semantic-concept, variants=avamposto | avamposti]); placeholders and protected tokens remain exact."
"shortcuts.group.resourceMatrix","it-IT","Resource Matrix","0FF84E3776BFD5BC3F7CB4E19082D8AF196D2FE785AA1368744C9A46FAEA6569","Tracker-authored application message.","HIGH","","","glossary.resource-matrix=Matrice delle risorse [strategy=phrase]","Matrice delle risorse","Matrice delle risorse","IDENTICAL","AGREED","Matrice delle risorse","Both independent witnesses agree for “Resource Matrix” (shortcuts.group.resourceMatrix); the shared wording is clear in the recorded UI context and preserves the required syntax."
"shortcuts.group.search","it-IT","Search","49C266BAAAA70981EA188FA714D5C40CF13830D786A861C9943AE0D26A7F3FE9","Tracker-authored application message.","HIGH","","","","Cerca","Ricerca","SUBSTANTIVE","DEEPL","Ricerca","DeepL is selected for “Search” (shortcuts.group.search) because it provides more natural target-language grammar without changing the source meaning; placeholders and protected tokens remain exact."
"shortcuts.group.validation","it-IT","Validation","68E1CA575295BB5604FEA711B5D2EFF44006CE4BD985481083A76B71FCE0DAEF","Tracker-authored application message.","HIGH","","","glossary.validation=Convalida [strategy=semantic-concept]","Convalida","Convalida","IDENTICAL","AGREED","Convalida","Both independent witnesses agree for “Validation” (shortcuts.group.validation); the shared wording is clear in the recorded UI context and preserves the required syntax."
"shortcuts.group.workspace","it-IT","Workspace","87BB59BA2F92F2A5A9F13E021FD58DD14AE5C065B1046146875E6E68D5EBC8B7","Tracker-authored application message.","HIGH","","","","Area di lavoro","Area di lavoro","IDENTICAL","AGREED","Area di lavoro","Both independent witnesses agree for “Workspace” (shortcuts.group.workspace); the shared wording is clear in the recorded UI context and preserves the required syntax."
"shortcuts.introduction","it-IT","Global commands available throughout the application. Shortcuts yield to text editing and open dialogs where appropriate.","B84701CD597E0FCBEDAFB7592E3FDA66951E66E3C4CA6334E697F2A85B09D179","Tracker-authored application message.","HIGH","","","","Comandi globali disponibili in tutta l’applicazione. Le scorciatoie lasciano la precedenza alla modifica del testo e alle finestre di dialogo aperte quando necessario.","Comandi globali disponibili in tutta l'applicazione. Le scorciatoie consentono la modifica del testo e aprono finestre di dialogo dove opportuno.","SUBSTANTIVE","DEEPL","Comandi globali disponibili in tutta l'applicazione. Le scorciatoie consentono la modifica del testo e aprono finestre di dialogo dove opportuno.","DeepL is selected for “Global commands available throughout the application. Shortcuts yield to text editing a...” (shortcuts.introduction) because it provides more natural target-language grammar without changing the source meaning; placeholders and protected tokens remain exact."
"shortcuts.title","it-IT","Keyboard Shortcuts","59CDAA26DD9DCD4CBCDED97A7B91029B396BCFDBFD927356FACBEB163283A3DF","Tracker-authored application message. This is a visible heading.","HIGH","","","","Scorciatoie da tastiera","Scorciatoie da tastiera","IDENTICAL","AGREED","Scorciatoie da tastiera","Both independent witnesses agree for “Keyboard Shortcuts” (shortcuts.title); the shared wording is clear in the recorded UI context and preserves the required syntax."
"status.dismiss","it-IT","Dismiss status message","94752DF4A3AFA627C0EB04C2EBBEDA43BD3439B39B60AE69239B863D2DCB4B75","Status bar, import/export feedback, or reference-data feedback.","MEDIUM","","","","Ignora il messaggio di stato","Chiudi messaggio di stato","SUBSTANTIVE","DEEPL","Chiudi messaggio di stato","DeepL is selected for “Dismiss status message” (status.dismiss) because it provides more natural target-language grammar without changing the source meaning; placeholders and protected tokens remain exact."
"status.dismiss.short","it-IT","Dismiss","48845BFF334A50A59AAECF499F28A7A24C3B4B891B8B18A9F1169AD8E8A6B261","Status bar, import/export feedback, or reference-data feedback.","MEDIUM","","","","Ignora","Chiudi","SUBSTANTIVE","DEEPL","Chiudi","DeepL is selected for “Dismiss” (status.dismiss.short) because it provides more natural target-language grammar without changing the source meaning; placeholders and protected tokens remain exact."
"status.drag.reorder","it-IT","Drop to reorder · Esc to cancel","04DBC72920C2D3478E8566409B94F9FA5E979C63806DC33C25C9915DCC6E0B29","Status bar, import/export feedback, or reference-data feedback.","MEDIUM","","Esc","","Rilascia per riordinare · Esc per annullare","Trascinare per riordinare · Esc per annullare","SUBSTANTIVE","DEEPL","Trascinare per riordinare · Esc per annullare","DeepL is selected for “Drop to reorder · Esc to cancel” (status.drag.reorder) because it provides more natural target-language grammar without changing the source meaning; placeholders and protected tokens remain exact."
"status.export.success","it-IT","Exported {fileName}.","51AA2FC44EBE53A80B7C2B4ACED6E02128DAC8591B73F3D3663AECD4183DEE0D","Status bar, import/export feedback, or reference-data feedback.","MEDIUM","fileName","","glossary.file-import-export=Importa / Esporta [strategy=key-scoped]","Esportato {fileName}.","{fileName} esportato.","SUBSTANTIVE","CODEX","Esportato {fileName}.","Codex is selected for “Exported {fileName}.” (status.export.success) because it preserves the row's approved product vocabulary (glossary.file-import-export=Importa / Esporta [strategy=key-scoped]); the fluent DeepL alternative diverges from at least one binding term or semantic label in this UI context."
"status.import.aggregateLimitExceeded","it-IT","This import contains too many items to open safely.","315AC334305B4FDC6E77D2CE6E1EE6B309A81078DAEA605265B16F152F223F9B","Status bar, import/export feedback, or reference-data feedback.","MEDIUM","","","glossary.file-import-export=Importa / Esporta [strategy=key-scoped]","Questa importazione contiene troppi elementi per essere aperta in sicurezza.","Questa importazione contiene troppi elementi per essere aperta in sicurezza.","IDENTICAL","AGREED","Questa importazione contiene troppi elementi per essere aperta in sicurezza.","Both independent witnesses agree for “This import contains too many items to open safely.” (status.import.aggregateLimitExceeded); the shared wording is clear in the recorded UI context and preserves the required syntax."
"status.import.arrayLimitExceeded","it-IT","This import contains too many items in one section.","A98517EB47338D0060C99A3B4C4497BA8064341BD2F207566A76A53557D85C9A","Status bar, import/export feedback, or reference-data feedback.","MEDIUM","","","glossary.file-import-export=Importa / Esporta [strategy=key-scoped]","Questa importazione contiene troppi elementi in una sezione.","Questa importazione contiene troppi elementi in un'unica sezione.","SUBSTANTIVE","CODEX","Questa importazione contiene troppi elementi in una sezione.","Codex is selected for “This import contains too many items in one section.” (status.import.arrayLimitExceeded) because it preserves the row's approved product vocabulary (glossary.file-import-export=Importa / Esporta [strategy=key-scoped]); the fluent DeepL alternative diverges from at least one binding term or semantic label in this UI context."
"status.import.duplicateNetworkId","it-IT","The selected collection contains duplicate network ID ""{id}"".","91035A72894723B9589D43C2AA37D0A3B2D5B91D4C70B3CC7E7F9ACAFC6233C5","Status bar, import/export feedback, or reference-data feedback.","MEDIUM","id","ID","glossary.network=Rete [strategy=semantic-concept]; glossary.file-import-export=Importa / Esporta [strategy=key-scoped]","La raccolta selezionata contiene l’ID rete duplicato «{id}».","La raccolta selezionata contiene un ID di rete duplicato ""{id}"".","SUBSTANTIVE","CODEX","La raccolta selezionata contiene l’ID rete duplicato «{id}».","Codex is selected for “The selected collection contains duplicate network ID ""{id}"".” (status.import.duplicateNetworkId) because it preserves the row's approved product vocabulary (glossary.network=Rete [strategy=semantic-concept]; glossary.file-import-export=Importa / Esporta [strategy=key-scoped]); the fluent DeepL alternative diverges from at least one binding term or semantic label in this UI context."
"status.import.emptyCollection","it-IT","The selected collection does not contain any networks.","E7269044472AB120758726D2A7C0990ED93D5748D2F569051841FA9A0518D52A","Status bar, import/export feedback, or reference-data feedback.","MEDIUM","","","glossary.network=Rete [strategy=semantic-concept]; glossary.file-import-export=Importa / Esporta [strategy=key-scoped]","La raccolta selezionata non contiene reti.","La raccolta selezionata non contiene alcuna rete.","SUBSTANTIVE","CODEX","La raccolta selezionata non contiene reti.","Codex is selected for “The selected collection does not contain any networks.” (status.import.emptyCollection) because it preserves the row's approved product vocabulary (glossary.network=Rete [strategy=semantic-concept]; glossary.file-import-export=Importa / Esporta [strategy=key-scoped]); the fluent DeepL alternative diverges from at least one binding term or semantic label in this UI context."
"status.import.failed","it-IT","Import failed for {fileName}: {reason}","D3FB408CD70B6735432BA3876C00A4C80909818B90AB34B7D19B4DD4B9A4139B","Status bar, import/export feedback, or reference-data feedback.","HIGH","fileName; reason","","glossary.file-import-export=Importa / Esporta [strategy=key-scoped]","Importazione di {fileName} non riuscita: {reason}","Importazione non riuscita per {fileName}: {motivo}","INVALID_TOKENS","INVALID_DEEPL_REPAIRED","Importazione di {fileName} non riuscita: {reason}","DeepL is structurally invalid for “Import failed for {fileName}: {reason}” (status.import.failed) because one or more required placeholder names were translated, removed, or changed. The independently reviewed Codex wording is retained as the natural token-safe repair with the exact repository placeholders, plural form, and protected tokens restored."
"status.import.fileTooLarge","it-IT","This import is too large to open safely.","F52959415C0D566021375CABF4E3A7F283223439D0A0D4BA9C30395813B66EC0","Status bar, import/export feedback, or reference-data feedback.","MEDIUM","","","glossary.file-import-export=Importa / Esporta [strategy=key-scoped]","Questa importazione è troppo grande per essere aperta in sicurezza.","Questa importazione è troppo grande per essere aperta in modo sicuro.","SUBSTANTIVE","CODEX","Questa importazione è troppo grande per essere aperta in sicurezza.","Codex is selected for “This import is too large to open safely.” (status.import.fileTooLarge) because it preserves the row's approved product vocabulary (glossary.file-import-export=Importa / Esporta [strategy=key-scoped]); the fluent DeepL alternative diverges from at least one binding term or semantic label in this UI context."
"status.import.invalid","it-IT","The selected file could not be imported.","F57E852DBDF8D227D7235E37453E633147660194DE95861C6AA1FC2C19A9F61F","Status bar, import/export feedback, or reference-data feedback.","MEDIUM","","","glossary.file-import-export=Importa / Esporta [strategy=key-scoped]","Non è stato possibile importare il file selezionato.","Impossibile importare il file selezionato.","SUBSTANTIVE","CODEX","Non è stato possibile importare il file selezionato.","Codex is selected for “The selected file could not be imported.” (status.import.invalid) because it preserves the row's approved product vocabulary (glossary.file-import-export=Importa / Esporta [strategy=key-scoped]); the fluent DeepL alternative diverges from at least one binding term or semantic label in this UI context."
"status.import.invalidCapabilities","it-IT","The selected file contains invalid character capability data.","900B1DE022A8D5C5ECFAD8DAC2D811B438B9CE4B48B79362813CAF63C5F4D3CD","Status bar, import/export feedback, or reference-data feedback.","MEDIUM","","","glossary.file-import-export=Importa / Esporta [strategy=key-scoped]","Il file selezionato contiene dati sulle capacità del personaggio non validi.","Il file selezionato contiene dati relativi alle funzionalità dei caratteri non validi.","SUBSTANTIVE","CODEX","Il file selezionato contiene dati sulle capacità del personaggio non validi.","Codex is selected for “The selected file contains invalid character capability data.” (status.import.invalidCapabilities) because it preserves the row's approved product vocabulary (glossary.file-import-export=Importa / Esporta [strategy=key-scoped]); the fluent DeepL alternative diverges from at least one binding term or semantic label in this UI context."
"status.import.invalidCargoPad","it-IT","The selected file contains an invalid cargo link.","80E6B31E945456F78A0D4D3C17FCA4E361E932AB067C78E1741EC72C7167CACF","Status bar, import/export feedback, or reference-data feedback.","MEDIUM","","","term.cargo-link=Collegamento merci [strategy=phrase]; glossary.file-import-export=Importa / Esporta [strategy=key-scoped]","Il file selezionato contiene un collegamento merci non valido.","Il file selezionato contiene un collegamento cargo non valido.","SUBSTANTIVE","CODEX","Il file selezionato contiene un collegamento merci non valido.","Codex is selected for “The selected file contains an invalid cargo link.” (status.import.invalidCargoPad) because it preserves the row's approved product vocabulary (term.cargo-link=Collegamento merci [strategy=phrase]; glossary.file-import-export=Importa / Esporta [strategy=key-scoped]); the fluent DeepL alternative diverges from at least one binding term or semantic label in this UI context."
"status.import.invalidCharacter","it-IT","The selected file contains invalid character data.","BD5ED70C6173FF383408C7A38FCC554BE508D3E9D9CD39CC95B3BC8D1E68DCED","Status bar, import/export feedback, or reference-data feedback.","MEDIUM","","","glossary.file-import-export=Importa / Esporta [strategy=key-scoped]","Il file selezionato contiene dati del personaggio non validi.","Il file selezionato contiene dati relativi ai personaggi non validi.","SUBSTANTIVE","CODEX","Il file selezionato contiene dati del personaggio non validi.","Codex is selected for “The selected file contains invalid character data.” (status.import.invalidCharacter) because it preserves the row's approved product vocabulary (glossary.file-import-export=Importa / Esporta [strategy=key-scoped]); the fluent DeepL alternative diverges from at least one binding term or semantic label in this UI context."
"status.import.invalidCollection","it-IT","The selected file is not a valid network collection.","BC66E649584981FB39CC26D61A389E2EAE742D59E4370E8B75A20E07232D5DB0","Status bar, import/export feedback, or reference-data feedback.","MEDIUM","","","glossary.network=Rete [strategy=semantic-concept]; glossary.file-import-export=Importa / Esporta [strategy=key-scoped]","Il file selezionato non è una raccolta di reti valida.","Il file selezionato non è una raccolta di rete valida.","SUBSTANTIVE","CODEX","Il file selezionato non è una raccolta di reti valida.","Codex is selected for “The selected file is not a valid network collection.” (status.import.invalidCollection) because it preserves the row's approved product vocabulary (glossary.network=Rete [strategy=semantic-concept]; glossary.file-import-export=Importa / Esporta [strategy=key-scoped]); the fluent DeepL alternative diverges from at least one binding term or semantic label in this UI context."
"status.import.invalidExplicitPresence","it-IT","The selected file contains invalid explicit resource presence data.","6D950D361F054D9460158DC85EC415B833AA7A17158D013089F02D5A71A750DB","Status bar, import/export feedback, or reference-data feedback.","MEDIUM","","","glossary.file-import-export=Importa / Esporta [strategy=key-scoped]","Il file selezionato contiene dati di presenza esplicita delle risorse non validi.","Il file selezionato contiene dati di presenza delle risorse esplicite non validi.","SUBSTANTIVE","CODEX","Il file selezionato contiene dati di presenza esplicita delle risorse non validi.","Codex is selected for “The selected file contains invalid explicit resource presence data.” (status.import.invalidExplicitPresence) because it preserves the row's approved product vocabulary (glossary.file-import-export=Importa / Esporta [strategy=key-scoped]); the fluent DeepL alternative diverges from at least one binding term or semantic label in this UI context."
"status.import.invalidIdentity","it-IT","The selected file contains an empty or duplicate stable identifier.","C9292F13386F46BB1F806B5ECDF57383D948809E7A468BB445BC0C67347B10BB","Status bar, import/export feedback, or reference-data feedback.","MEDIUM","","","glossary.file-import-export=Importa / Esporta [strategy=key-scoped]","Il file selezionato contiene un identificatore stabile vuoto o duplicato.","Il file selezionato contiene un identificatore stabile vuoto o duplicato.","IDENTICAL","AGREED","Il file selezionato contiene un identificatore stabile vuoto o duplicato.","Both independent witnesses agree for “The selected file contains an empty or duplicate stable identifier.” (status.import.invalidIdentity); the shared wording is clear in the recorded UI context and preserves the required syntax."
"status.import.invalidJson","it-IT","The selected file does not contain valid JSON.","DD6FEB84D5535C61CC0FD35E39359A85A7F9882D1892BB4886B279770E414A7E","Status bar, import/export feedback, or reference-data feedback.","MEDIUM","","JSON","glossary.file-import-export=Importa / Esporta [strategy=key-scoped]","Il file selezionato non contiene JSON valido.","Il file selezionato non contiene un JSON valido.","SUBSTANTIVE","CODEX","Il file selezionato non contiene JSON valido.","Codex is selected for “The selected file does not contain valid JSON.” (status.import.invalidJson) because it preserves the row's approved product vocabulary (glossary.file-import-export=Importa / Esporta [strategy=key-scoped]); the fluent DeepL alternative diverges from at least one binding term or semantic label in this UI context."
"status.import.invalidNetwork","it-IT","The selected file is not a valid outpost network.","8FD34F0BDDEB12638C2761BD955B5DDF84788A3599AD8776A8E61F224AFFC41F","Status bar, import/export feedback, or reference-data feedback.","MEDIUM","","","term.outpost=Avamposto [strategy=semantic-concept, variants=avamposto | avamposti]; glossary.network=Rete [strategy=semantic-concept]; glossary.file-import-export=Importa / Esporta [strategy=key-scoped]","Il file selezionato non è una rete di avamposti valida.","Il file selezionato non è una rete di avamposti valida.","IDENTICAL","AGREED","Il file selezionato non è una rete di avamposti valida.","Both independent witnesses agree for “The selected file is not a valid outpost network.” (status.import.invalidNetwork); the shared wording is clear in the recorded UI context and preserves the required syntax."
"status.import.invalidOutpost","it-IT","The selected file contains an invalid outpost.","4A0A96AD5328DE1716C0FB0301941D5D67914AF561C0FC6C0A8892A4BC1B641F","Status bar, import/export feedback, or reference-data feedback.","MEDIUM","","","term.outpost=Avamposto [strategy=semantic-concept, variants=avamposto | avamposti]; glossary.file-import-export=Importa / Esporta [strategy=key-scoped]","Il file selezionato contiene un avamposto non valido.","Il file selezionato contiene un avamposto non valido.","IDENTICAL","AGREED","Il file selezionato contiene un avamposto non valido.","Both independent witnesses agree for “The selected file contains an invalid outpost.” (status.import.invalidOutpost); the shared wording is clear in the recorded UI context and preserves the required syntax."
"status.import.invalidSkills","it-IT","The selected file contains invalid character skill data.","F7470064AA2C994A5772856BD799B9B244ACF52CF1EF9B68B0D05F11338735C8","Status bar, import/export feedback, or reference-data feedback.","MEDIUM","","","glossary.file-import-export=Importa / Esporta [strategy=key-scoped]","Il file selezionato contiene dati sulle abilità del personaggio non validi.","Il file selezionato contiene dati non validi relativi alle abilità dei personaggi.","SUBSTANTIVE","CODEX","Il file selezionato contiene dati sulle abilità del personaggio non validi.","Codex is selected for “The selected file contains invalid character skill data.” (status.import.invalidSkills) because it preserves the row's approved product vocabulary (glossary.file-import-export=Importa / Esporta [strategy=key-scoped]); the fluent DeepL alternative diverges from at least one binding term or semantic label in this UI context."
"status.import.invalidStructure","it-IT","The selected file contains malformed network data.","4DA93EEF49FE417BC9C4E0AFAE91FB6E81286154C45887C345D60CB0A8E962C9","Status bar, import/export feedback, or reference-data feedback.","MEDIUM","","","glossary.network=Rete [strategy=semantic-concept]; glossary.file-import-export=Importa / Esporta [strategy=key-scoped]","Il file selezionato contiene dati di rete non validi.","Il file selezionato contiene dati di rete non corretti.","SUBSTANTIVE","CODEX","Il file selezionato contiene dati di rete non validi.","Codex is selected for “The selected file contains malformed network data.” (status.import.invalidStructure) because it preserves the row's approved product vocabulary (glossary.network=Rete [strategy=semantic-concept]; glossary.file-import-export=Importa / Esporta [strategy=key-scoped]); the fluent DeepL alternative diverges from at least one binding term or semantic label in this UI context."
"status.import.malformedEntry","it-IT","The selected collection contains a malformed network entry.","B2D75C5EB9F6C0542BA76BE66309F8CAA88C3E55CE91BEB7356C557080F6A8F1","Status bar, import/export feedback, or reference-data feedback.","MEDIUM","","","glossary.network=Rete [strategy=semantic-concept]; glossary.file-import-export=Importa / Esporta [strategy=key-scoped]","La raccolta selezionata contiene una voce di rete non valida.","La raccolta selezionata contiene una voce di rete non valida.","IDENTICAL","AGREED","La raccolta selezionata contiene una voce di rete non valida.","Both independent witnesses agree for “The selected collection contains a malformed network entry.” (status.import.malformedEntry); the shared wording is clear in the recorded UI context and preserves the required syntax."
"status.import.readFailed","it-IT","The selected file could not be read.","3345DD67F1A33EC68CCD43BB945635E2E73480388F530D4DA81D48CEA751608D","Status bar, import/export feedback, or reference-data feedback.","MEDIUM","","","glossary.file-import-export=Importa / Esporta [strategy=key-scoped]","Non è stato possibile leggere il file selezionato.","Impossibile leggere il file selezionato.","SUBSTANTIVE","CODEX","Non è stato possibile leggere il file selezionato.","Codex is selected for “The selected file could not be read.” (status.import.readFailed) because it preserves the row's approved product vocabulary (glossary.file-import-export=Importa / Esporta [strategy=key-scoped]); the fluent DeepL alternative diverges from at least one binding term or semantic label in this UI context."
"status.import.stringTooLong","it-IT","This import contains a text value that is too long.","3AA1FBFEECFDD6A6273A51BC3B923AA36BCF4EBFF8CD688086485F22D5A549B8","Status bar, import/export feedback, or reference-data feedback.","MEDIUM","","","glossary.file-import-export=Importa / Esporta [strategy=key-scoped]","Questa importazione contiene un valore di testo troppo lungo.","Questa importazione contiene un valore di testo troppo lungo.","IDENTICAL","AGREED","Questa importazione contiene un valore di testo troppo lungo.","Both independent witnesses agree for “This import contains a text value that is too long.” (status.import.stringTooLong); the shared wording is clear in the recorded UI context and preserves the required syntax."
"status.import.success","it-IT","Imported {fileName}.","361B33E2DFEB7D4A86AF74DC9697F2C5FDF80431482DF7A17F704E1580BF4B6D","Status bar, import/export feedback, or reference-data feedback.","MEDIUM","fileName","","glossary.file-import-export=Importa / Esporta [strategy=key-scoped]","Importato {fileName}.","{fileName} importato.","SUBSTANTIVE","CODEX","Importato {fileName}.","Codex is selected for “Imported {fileName}.” (status.import.success) because it preserves the row's approved product vocabulary (glossary.file-import-export=Importa / Esporta [strategy=key-scoped]); the fluent DeepL alternative diverges from at least one binding term or semantic label in this UI context."
"status.import.tooManyNetworks","it-IT","This import contains too many saved networks.","BC2B208D06D0EBEA9DE7DB854B08349D402BDC8836B468EE9579603443D6EB92","Status bar, import/export feedback, or reference-data feedback.","MEDIUM","","","glossary.network=Rete [strategy=semantic-concept]; glossary.file-import-export=Importa / Esporta [strategy=key-scoped]","Questa importazione contiene troppe reti salvate.","Questa importazione contiene troppe reti salvate.","IDENTICAL","AGREED","Questa importazione contiene troppe reti salvate.","Both independent witnesses agree for “This import contains too many saved networks.” (status.import.tooManyNetworks); the shared wording is clear in the recorded UI context and preserves the required syntax."
"status.import.unsupportedCollectionSchema","it-IT","Unsupported network collection schema version: {version}","C52C0C7B92366B92F3849A01CA5ABB310C050005F0244638C0F2E690967B3D78","Status bar, import/export feedback, or reference-data feedback.","MEDIUM","version","","glossary.network=Rete [strategy=semantic-concept]; glossary.file-import-export=Importa / Esporta [strategy=key-scoped]","Versione dello schema della raccolta di reti non supportata: {version}","Versione dello schema della raccolta di reti non supportata: {version}","IDENTICAL","AGREED","Versione dello schema della raccolta di reti non supportata: {version}","Both independent witnesses agree for “Unsupported network collection schema version: {version}” (status.import.unsupportedCollectionSchema); the shared wording is clear in the recorded UI context and preserves the required syntax."
"status.import.unsupportedNetworkSchema","it-IT","Unsupported network schema version: {version}","CE92D012A818B638C8CFAA69AF9F7F8217C53DD2B7359D433ED240657EF1B5CB","Status bar, import/export feedback, or reference-data feedback.","MEDIUM","version","","glossary.network=Rete [strategy=semantic-concept]; glossary.file-import-export=Importa / Esporta [strategy=key-scoped]","Versione dello schema di rete non supportata: {version}","Versione dello schema di rete non supportata: {version}","IDENTICAL","AGREED","Versione dello schema di rete non supportata: {version}","Both independent witnesses agree for “Unsupported network schema version: {version}” (status.import.unsupportedNetworkSchema); the shared wording is clear in the recorded UI context and preserves the required syntax."
"status.referenceData.error","it-IT","Reference data error: {detail}","5E61C384097B1E054857EA6EE27C83BDDD40E5B7165130E86FDB826C86790BFC","Status bar, import/export feedback, or reference-data feedback.","MEDIUM","detail","","","Errore dei dati di riferimento: {detail}","Errore nei dati di riferimento: {detail}","SUBSTANTIVE","DEEPL","Errore nei dati di riferimento: {detail}","DeepL is selected for “Reference data error: {detail}” (status.referenceData.error) because it provides more natural target-language grammar without changing the source meaning; placeholders and protected tokens remain exact."
"status.referenceData.failed","it-IT","Failed to load reference data.","DCB0208B9AE5F716F800A20585241ECC7CEACF1D45D812E4354439FA5BC88342","Status bar, import/export feedback, or reference-data feedback.","MEDIUM","","","","Caricamento dei dati di riferimento non riuscito.","Impossibile caricare i dati di riferimento.","SUBSTANTIVE","DEEPL","Impossibile caricare i dati di riferimento.","DeepL is selected for “Failed to load reference data.” (status.referenceData.failed) because it provides more natural target-language grammar without changing the source meaning; placeholders and protected tokens remain exact."
"status.referenceData.loaded","it-IT","Reference data loaded: {systems} systems, {bodies} bodies, {resources} resources, {products} products.","441B2500B3CC624F74A47931F31DF0E20935EA33D87E26138D2BDF98B33CD5E7","Status bar, import/export feedback, or reference-data feedback.","HIGH","bodies; products; resources; systems","","term.planetary-body=Corpo celeste [strategy=semantic-concept, variants=corpo celeste | corpi celesti]; term.star-system=Sistema stellare [strategy=semantic-concept, variants=sistema stellare | sistemi stellari]","Dati di riferimento caricati: {systems} sistemi, {bodies} corpi celesti, {resources} risorse e {products} prodotti.","Dati di riferimento caricati: {systems} sistemi, {bodies} corpi, {resources} risorse, {products} prodotti.","SUBSTANTIVE","CODEX","Dati di riferimento caricati: {systems} sistemi, {bodies} corpi celesti, {resources} risorse e {products} prodotti.","Codex is selected for “Reference data loaded: {systems} systems, {bodies} bodies, {resources} resources, {prod...” (status.referenceData.loaded) because it preserves the row's approved product vocabulary (term.planetary-body=Corpo celeste [strategy=semantic-concept, variants=corpo celeste | corpi celesti]; term.star-system=Sistema stellare [strategy=semantic-concept, variants=sistema stellare | sistemi stellari]); the fluent DeepL alternative diverges from at least one binding term or semantic label in this UI context."
"status.referenceData.reload","it-IT","Reload Reference Data","04968B492913D179B6631E1BFF478E42E1F7B15CA1DFE6A86AFEA3EE095130F4","Status bar, import/export feedback, or reference-data feedback.","MEDIUM","","","","Ricarica dati di riferimento","Ricarica i dati di riferimento","SUBSTANTIVE","DEEPL","Ricarica i dati di riferimento","DeepL is selected for “Reload Reference Data” (status.referenceData.reload) because it provides more natural target-language grammar without changing the source meaning; placeholders and protected tokens remain exact."
"status.storage.capacity","it-IT","This collection is too large to save safely. Changes remain in memory.","37E321B51C2F69D6CE867123E547B4C72677619F342BA01FC15257A5E91CA75E","Status bar, import/export feedback, or reference-data feedback.","MEDIUM","","","","Questa raccolta è troppo grande per essere salvata in sicurezza. Le modifiche restano in memoria.","Questa raccolta è troppo grande per essere salvata in modo sicuro. Le modifiche rimangono in memoria.","SUBSTANTIVE","DEEPL","Questa raccolta è troppo grande per essere salvata in modo sicuro. Le modifiche rimangono in memoria.","DeepL is selected for “This collection is too large to save safely. Changes remain in memory.” (status.storage.capacity) because it provides more natural target-language grammar without changing the source meaning; placeholders and protected tokens remain exact."
"status.storage.recovery","it-IT","Saved browser data could not be restored. Using a temporary collection; the original is preserved until an edit.","1BE84B9FD262E5A82E90612CB354EF3DDCB0907733726FDD1EFE1F391D84F923","Status bar, import/export feedback, or reference-data feedback.","MEDIUM","","","","Non è stato possibile ripristinare i dati salvati nel browser. Viene usata una raccolta temporanea; l’originale resta conservato fino a una modifica.","Non è stato possibile ripristinare i dati salvati nel browser. Si sta utilizzando una raccolta temporanea; l'originale viene conservato fino a una modifica.","SUBSTANTIVE","DEEPL","Non è stato possibile ripristinare i dati salvati nel browser. Si sta utilizzando una raccolta temporanea; l'originale viene conservato fino a una modifica.","DeepL is selected for “Saved browser data could not be restored. Using a temporary collection; the original is...” (status.storage.recovery) because it provides more natural target-language grammar without changing the source meaning; placeholders and protected tokens remain exact."
"status.storage.unavailable","it-IT","Browser storage is unavailable. This collection is only in memory.","157D03CBEA973C44D2A332C5E0080EA8D42ABB5C84A67D15562E1A42827220DA","Status bar, import/export feedback, or reference-data feedback.","MEDIUM","","","","Lo spazio di archiviazione del browser non è disponibile. Questa raccolta è solo in memoria.","L'archivio del browser non è disponibile. Questa raccolta è presente solo in memoria.","SUBSTANTIVE","DEEPL","L'archivio del browser non è disponibile. Questa raccolta è presente solo in memoria.","DeepL is selected for “Browser storage is unavailable. This collection is only in memory.” (status.storage.unavailable) because it provides more natural target-language grammar without changing the source meaning; placeholders and protected tokens remain exact."
"status.storage.unsaved","it-IT","Changes are only in memory and have not been saved in this browser.","D5BDF41E686368FB0D2ECA36CA35E9EBDEAAD96D84A3D18D09109722CA71754E","Status bar, import/export feedback, or reference-data feedback.","MEDIUM","","","","Le modifiche sono solo in memoria e non sono state salvate in questo browser.","Le modifiche sono presenti solo in memoria e non sono state salvate in questo browser.","SUBSTANTIVE","DEEPL","Le modifiche sono presenti solo in memoria e non sono state salvate in questo browser.","DeepL is selected for “Changes are only in memory and have not been saved in this browser.” (status.storage.unsaved) because it provides more natural target-language grammar without changing the source meaning; placeholders and protected tokens remain exact."
"transfer.export.button","it-IT","Export","3664895579F0A7E68C4AA09C91316E20239BC74499010E6423ECE40CAD7C28F7","Whole-collection JSON import/export control.","MEDIUM","","","glossary.file-import-export=Importa / Esporta [strategy=key-scoped]","Esporta","Esporta","IDENTICAL","AGREED","Esporta","Both independent witnesses agree for “Export” (transfer.export.button); the shared wording is clear in the recorded UI context and preserves the required syntax."
"transfer.export.tooltip","it-IT","Export all networks to JSON","299585BDC19610DDB02287483F51E0397FC5D295C5230190B039E0540F73F95D","Whole-collection JSON import/export control. This is explanatory tooltip text.","MEDIUM","","JSON","glossary.network=Rete [strategy=semantic-concept]; glossary.file-import-export=Importa / Esporta [strategy=key-scoped]","Esporta tutte le reti in JSON","Esporta tutte le reti in formato JSON","SUBSTANTIVE","CODEX","Esporta tutte le reti in JSON","Codex is selected for “Export all networks to JSON” (transfer.export.tooltip) because it preserves the row's approved product vocabulary (glossary.network=Rete [strategy=semantic-concept]; glossary.file-import-export=Importa / Esporta [strategy=key-scoped]); the fluent DeepL alternative diverges from at least one binding term or semantic label in this UI context."
"transfer.import.button","it-IT","Import","2CFF9BAABF56CA002610E113BC94DEB6EDEDDDFC3C130365B6E88ED5195BF774","Whole-collection JSON import/export control.","MEDIUM","","","glossary.file-import-export=Importa / Esporta [strategy=key-scoped]","Importa","Importa","IDENTICAL","AGREED","Importa","Both independent witnesses agree for “Import” (transfer.import.button); the shared wording is clear in the recorded UI context and preserves the required syntax."
"transfer.import.tooltip","it-IT","Import all networks from JSON","ACE5CBE29BD01BF19418906273462FCC73B80F139B71EE2038D5CDBAAF18E5A6","Whole-collection JSON import/export control. This is explanatory tooltip text.","MEDIUM","","JSON","glossary.network=Rete [strategy=semantic-concept]; glossary.file-import-export=Importa / Esporta [strategy=key-scoped]","Importa tutte le reti da JSON","Importa tutte le reti da JSON","IDENTICAL","AGREED","Importa tutte le reti da JSON","Both independent witnesses agree for “Import all networks from JSON” (transfer.import.tooltip); the shared wording is clear in the recorded UI context and preserves the required syntax."
"validation.activeProductionInorganicInvalid","it-IT","{resource} is marked as produced, but is not available for outpost extraction in {biomes}.","343A59EBAE1750C2E095CAE84BE65ECF2B40356B29B69886BF4A50D626E06FF8","Validation severity, diagnostic, context, or remediation.","HIGH","biomes; resource","","term.outpost=Avamposto [strategy=semantic-concept, variants=avamposto | avamposti]; term.biome=Bioma [strategy=semantic-concept, variants=bioma | biomi]","{resource} risulta in produzione, ma non può essere estratta nell’avamposto in {biomes}.","{resource} è contrassegnata come prodotta, ma non è disponibile per l'estrazione dagli avamposti nei biomi {biomes}.","SUBSTANTIVE","CODEX","{resource} risulta in produzione, ma non può essere estratta nell’avamposto in {biomes}.","Codex is selected for “{resource} is marked as produced, but is not available for outpost extraction in {biomes}.” (validation.activeProductionInorganicInvalid) because it preserves the row's approved product vocabulary (term.outpost=Avamposto [strategy=semantic-concept, variants=avamposto | avamposti]; term.biome=Bioma [strategy=semantic-concept, variants=bioma | biomi]); the fluent DeepL alternative diverges from at least one binding term or semantic label in this UI context."
"validation.activeProductionInorganicInvalidMany","it-IT","{resource} is marked as produced, but is not available for outpost extraction in {biomes} biomes.","BFFA154C806911B4861A9A7A75D9EC26BA3F8194E309AE0DB0982EAF8011BBD9","Validation severity, diagnostic, context, or remediation.","HIGH","biomes; resource","","term.outpost=Avamposto [strategy=semantic-concept, variants=avamposto | avamposti]; term.biome=Bioma [strategy=semantic-concept, variants=bioma | biomi]","{resource} risulta in produzione, ma non può essere estratta nell’avamposto nei biomi {biomes}.","{resource} è contrassegnata come prodotta, ma non è disponibile per l'estrazione dall'avamposto nei biomi {biomes}.","SUBSTANTIVE","CODEX","{resource} risulta in produzione, ma non può essere estratta nell’avamposto nei biomi {biomes}.","Codex is selected for “{resource} is marked as produced, but is not available for outpost extraction in {biome...” (validation.activeProductionInorganicInvalidMany) because it preserves the row's approved product vocabulary (term.outpost=Avamposto [strategy=semantic-concept, variants=avamposto | avamposti]; term.biome=Bioma [strategy=semantic-concept, variants=bioma | biomi]); the fluent DeepL alternative diverges from at least one binding term or semantic label in this UI context."
"validation.activeProductionInorganicInvalidOne","it-IT","{resource} is marked as produced, but is not available for outpost extraction in {biomes} biome.","FADF8014E84AA89E507B9D402163008BBE82235A11A07FF450BED88C5B743874","Validation severity, diagnostic, context, or remediation.","HIGH","biomes; resource","","term.outpost=Avamposto [strategy=semantic-concept, variants=avamposto | avamposti]; term.biome=Bioma [strategy=semantic-concept, variants=bioma | biomi]","{resource} risulta in produzione, ma non può essere estratta nell’avamposto nel bioma {biomes}.","{resource} è contrassegnata come prodotta, ma non è disponibile per l'estrazione dall'avamposto nel bioma {biomes}.","SUBSTANTIVE","DEEPL","{resource} è contrassegnata come prodotta, ma non è disponibile per l'estrazione dall'avamposto nel bioma {biomes}.","DeepL is selected for “{resource} is marked as produced, but is not available for outpost extraction in {biome...” (validation.activeProductionInorganicInvalidOne) because it provides clearer diagnostic phrasing and a more natural relationship between the failure and its cause while retaining the approved terminology (term.outpost=Avamposto [strategy=semantic-concept, variants=avamposto | avamposti]; term.biome=Bioma [strategy=semantic-concept, variants=bioma | biomi]); placeholders and protected tokens remain exact."
"validation.activeProductionOrganicInvalid","it-IT","{resource} is marked as produced, but this producer is not eligible for farming on this planet.","2F0C5797AE620D2E2C9475EB6B0621FB9D5464B0F2BA5FFFD24A8D0AEDB04273","Validation severity, diagnostic, context, or remediation.","HIGH","resource","","term.planet=Pianeta [strategy=semantic-concept, variants=pianeta | pianeti]","{resource} risulta in produzione, ma questo produttore non è idoneo alla produzione organica su questo pianeta.","","MISSING","CODEX","{resource} risulta in produzione, ma questo produttore non è idoneo alla produzione organica su questo pianeta.","Planet-level organic farming semantics were reviewed for this correction; prior biome-bound source evidence is intentionally retired."
"validation.activeProductionOrganicInvalidMany","it-IT","{resource} is marked as produced, but this producer is not eligible for farming on this planet.","2F0C5797AE620D2E2C9475EB6B0621FB9D5464B0F2BA5FFFD24A8D0AEDB04273","Validation severity, diagnostic, context, or remediation.","HIGH","resource","","term.planet=Pianeta [strategy=semantic-concept, variants=pianeta | pianeti]","{resource} risulta in produzione, ma questo produttore non è idoneo alla produzione organica su questo pianeta.","","MISSING","CODEX","{resource} risulta in produzione, ma questo produttore non è idoneo alla produzione organica su questo pianeta.","Planet-level organic farming semantics were reviewed for this correction; prior biome-bound source evidence is intentionally retired."
"validation.activeProductionOrganicInvalidOne","it-IT","{resource} is marked as produced, but this producer is not eligible for farming on this planet.","2F0C5797AE620D2E2C9475EB6B0621FB9D5464B0F2BA5FFFD24A8D0AEDB04273","Validation severity, diagnostic, context, or remediation.","HIGH","resource","","term.planet=Pianeta [strategy=semantic-concept, variants=pianeta | pianeti]","{resource} risulta in produzione, ma questo produttore non è idoneo alla produzione organica su questo pianeta.","","MISSING","CODEX","{resource} risulta in produzione, ma questo produttore non è idoneo alla produzione organica su questo pianeta.","Planet-level organic farming semantics were reviewed for this correction; prior biome-bound source evidence is intentionally retired."
"validation.bodySystemMismatch","it-IT","This outpost's selected planetary body does not belong to its selected star system.","665FF46A8B0020E578CB5C395BE5C1C6862BDFDEE41C4B4B306E10E372FBBED9","Validation severity, diagnostic, context, or remediation.","HIGH","","","term.outpost=Avamposto [strategy=semantic-concept, variants=avamposto | avamposti]; term.planetary-body=Corpo celeste [strategy=semantic-concept, variants=corpo celeste | corpi celesti]; term.star-system=Sistema stellare [strategy=semantic-concept, variants=sistema stellare | sistemi stellari]","Il corpo celeste selezionato per questo avamposto non appartiene al sistema stellare selezionato.","Il corpo planetario selezionato per questo avamposto non appartiene al sistema stellare selezionato.","SUBSTANTIVE","CODEX","Il corpo celeste selezionato per questo avamposto non appartiene al sistema stellare selezionato.","Codex is selected for “This outpost's selected planetary body does not belong to its selected star system.” (validation.bodySystemMismatch) because it preserves the row's approved product vocabulary (term.outpost=Avamposto [strategy=semantic-concept, variants=avamposto | avamposti]; term.planetary-body=Corpo celeste [strategy=semantic-concept, variants=corpo celeste | corpi celesti]; term.star-system=Sistema stellare [strategy=semantic-concept, variants=sistema stellare | sistemi stellari]); the fluent DeepL alternative diverges from at least one binding term or semantic label in this UI context."
"validation.cargoPadLinkedMultiple","it-IT","This Cargo Link has more than one connection.","FCD89051E9CB532472031A914B324BEF8ADA243221C547604A09A13BDFFCCEE8","Validation severity, diagnostic, context, or remediation.","HIGH","","","term.cargo-link=Collegamento merci [strategy=phrase]","Questo collegamento merci ha più di una connessione.","Questo Cargo Link ha più di una connessione.","SUBSTANTIVE","CODEX","Questo collegamento merci ha più di una connessione.","Codex is selected for “This Cargo Link has more than one connection.” (validation.cargoPadLinkedMultiple) because it preserves the row's approved product vocabulary (term.cargo-link=Collegamento merci [strategy=phrase]); the fluent DeepL alternative diverges from at least one binding term or semantic label in this UI context."
"validation.cargoPadSkillLimit","it-IT","This outpost has {count} cargo links, but the current {skill} level allows a maximum of {limit}.","0D4B4EC504FA591E5B87AC6D9D9D48704DB2E7C3FAD97D63FAFC367862119097","Validation severity, diagnostic, context, or remediation.","HIGH","count; limit; skill","","term.cargo-link=Collegamento merci [strategy=phrase]; term.outpost=Avamposto [strategy=semantic-concept, variants=avamposto | avamposti]","Questo avamposto ha {count} collegamenti merci, ma il livello attuale di {skill} ne consente al massimo {limit}.","Questo avamposto ha {count} collegamenti cargo, ma l'attuale livello di {skill} ne consente un massimo di {limit}.","SUBSTANTIVE","CODEX","Questo avamposto ha {count} collegamenti merci, ma il livello attuale di {skill} ne consente al massimo {limit}.","Codex is selected for “This outpost has {count} cargo links, but the current {skill} level allows a maximum of...” (validation.cargoPadSkillLimit) because it preserves the row's approved product vocabulary (term.cargo-link=Collegamento merci [strategy=phrase]; term.outpost=Avamposto [strategy=semantic-concept, variants=avamposto | avamposti]); the fluent DeepL alternative diverges from at least one binding term or semantic label in this UI context."
"validation.characterNameLength","it-IT","Starfield character names normally use up to 25 characters.","E22C3A22E8AFD62400F23E47FF57D17D87AF7911704417F68C33BE1A216F682E","Validation severity, diagnostic, context, or remediation.","HIGH","","","product.starfield=Starfield [strategy=phrase]","I nomi dei personaggi in Starfield usano normalmente fino a 25 caratteri.","","MISSING","CODEX","I nomi dei personaggi in Starfield usano normalmente fino a 25 caratteri.","Pre-release polish copy: Codex drafted and reviewed validation.characterNameLength against the approved brief and established validation tone; no new DeepL or native review."
"validation.close","it-IT","Close validation details","CA5D5310C383358C79F7A0FE35B48EDA45CE70634CC9046D5D37DA7AE23609B5","Validation severity, diagnostic, context, or remediation.","HIGH","","","glossary.validation=Convalida [strategy=semantic-concept]","Chiudi dettagli della convalida","Chiudi i dettagli di convalida","SUBSTANTIVE","DEEPL","Chiudi i dettagli di convalida","DeepL is selected for “Close validation details” (validation.close) because it provides clearer diagnostic phrasing and a more natural relationship between the failure and its cause while retaining the approved terminology (glossary.validation=Convalida [strategy=semantic-concept]); placeholders and protected tokens remain exact."
"validation.context.pad","it-IT","Cargo Link {ordinal}","EFB845F6ED747B80EB2821A9912CDC967497F7C7C6466595AABF814F4A25EFC6","Validation severity, diagnostic, context, or remediation.","HIGH","ordinal","","term.cargo-link=Collegamento merci [strategy=phrase]","Collegamento merci {ordinal}","Collegamento di carico {ordinale}","INVALID_TOKENS","INVALID_DEEPL_REPAIRED","Collegamento merci {ordinal}","DeepL is structurally invalid for “Cargo Link {ordinal}” (validation.context.pad) because one or more required placeholder names were translated, removed, or changed. The independently reviewed Codex wording is retained as the natural token-safe repair with the exact repository placeholders, plural form, and protected tokens restored."
"validation.context.separator","it-IT","{outpost} · {pad}","3724D428153B755740BF4189602FF2B37B154948ECE74684C39EDBECAAF6CE81","Validation severity, diagnostic, context, or remediation.","HIGH","outpost; pad","","term.outpost=Avamposto [strategy=semantic-concept, variants=avamposto | avamposti]","{outpost} · {pad}","{avamposto} · {piattaforma}","INVALID_TOKENS","INVALID_DEEPL_REPAIRED","{outpost} · {pad}","DeepL is structurally invalid for “{outpost} · {pad}” (validation.context.separator) because one or more required placeholder names were translated, removed, or changed. The independently reviewed Codex wording is retained as the natural token-safe repair with the exact repository placeholders, plural form, and protected tokens restored."
"validation.counts","it-IT","{errors} errors · {warnings} warnings · {info} info","DA686744D7CB82372559F943895D7E118662B1F85B19FE5C587A573C860675F2","Validation severity, diagnostic, context, or remediation.","HIGH","errors; info; warnings","","glossary.validation-error=Errore [strategy=semantic-concept]; glossary.validation-warning=Avviso [strategy=semantic-concept]; glossary.validation-info=Informazione [strategy=semantic-concept]","{errors} errori · {warnings} avvisi · {info} info","{errori} errori · {avvisi} avvisi · {info} informazioni","INVALID_TOKENS","INVALID_DEEPL_REPAIRED","{errors} errori · {warnings} avvisi · {info} info","DeepL is structurally invalid for “{errors} errors · {warnings} warnings · {info} info” (validation.counts) because one or more required placeholder names were translated, removed, or changed. The independently reviewed Codex wording is retained as the natural token-safe repair with the exact repository placeholders, plural form, and protected tokens restored."
"validation.duplicateActiveProduction","it-IT","{item} appears more than once in this outpost's active production.","408EF1531484F81EF82204FDC8AC014CD10136752AF8CE8BB63C6909DE609C3D","Validation severity, diagnostic, context, or remediation.","HIGH","item","","term.outpost=Avamposto [strategy=semantic-concept, variants=avamposto | avamposti]; glossary.active-production=Produzione attiva [strategy=semantic-concept]","{item} compare più di una volta nella produzione attiva di questo avamposto.","{item} compare più di una volta nella produzione attiva di questo avamposto.","IDENTICAL","AGREED","{item} compare più di una volta nella produzione attiva di questo avamposto.","Both independent witnesses agree for “{item} appears more than once in this outpost's active production.” (validation.duplicateActiveProduction); the shared wording is clear in the recorded UI context and preserves the required syntax."
"validation.duplicateBiome","it-IT","{item} appears more than once in this outpost's biome selection.","98D4842D5357ED12DCAEE0CB21876314875296892807D9F0B4E8D5BF6B1D6DC4","Validation severity, diagnostic, context, or remediation.","HIGH","item","","term.outpost=Avamposto [strategy=semantic-concept, variants=avamposto | avamposti]; term.biome=Bioma [strategy=semantic-concept, variants=bioma | biomi]","{item} compare più di una volta nella selezione dei biomi di questo avamposto.","{item} compare più di una volta nella selezione del bioma di questo avamposto.","SUBSTANTIVE","DEEPL","{item} compare più di una volta nella selezione del bioma di questo avamposto.","DeepL is selected for “{item} appears more than once in this outpost's biome selection.” (validation.duplicateBiome) because it provides clearer diagnostic phrasing and a more natural relationship between the failure and its cause while retaining the approved terminology (term.outpost=Avamposto [strategy=semantic-concept, variants=avamposto | avamposti]; term.biome=Bioma [strategy=semantic-concept, variants=bioma | biomi]); placeholders and protected tokens remain exact."
"validation.duplicateExplicitPresence","it-IT","{item} appears more than once in this outpost's explicit resource presence.","7CD8AA72F3BB3FFD4303234B375FB45AE1AC996C70661B0579FB124DAB3A85B0","Validation severity, diagnostic, context, or remediation.","HIGH","item","","term.outpost=Avamposto [strategy=semantic-concept, variants=avamposto | avamposti]","{item} compare più di una volta nella presenza esplicita delle risorse di questo avamposto.","{item} compare più di una volta tra le risorse esplicite presenti in questo avamposto.","SUBSTANTIVE","DEEPL","{item} compare più di una volta tra le risorse esplicite presenti in questo avamposto.","DeepL is selected for “{item} appears more than once in this outpost's explicit resource presence.” (validation.duplicateExplicitPresence) because it provides clearer diagnostic phrasing and a more natural relationship between the failure and its cause while retaining the approved terminology (term.outpost=Avamposto [strategy=semantic-concept, variants=avamposto | avamposti]); placeholders and protected tokens remain exact."
"validation.duplicateLocalResource","it-IT","{item} appears more than once in this outpost's local resources.","98590D7EF4CF73812F603C54B05B2E992917A3EE655737A9C2D457E55374C51A","Validation severity, diagnostic, context, or remediation.","HIGH","item","","term.outpost=Avamposto [strategy=semantic-concept, variants=avamposto | avamposti]","{item} compare più di una volta nelle risorse locali di questo avamposto.","{item} compare più di una volta tra le risorse locali di questo avamposto.","SUBSTANTIVE","DEEPL","{item} compare più di una volta tra le risorse locali di questo avamposto.","DeepL is selected for “{item} appears more than once in this outpost's local resources.” (validation.duplicateLocalResource) because it provides clearer diagnostic phrasing and a more natural relationship between the failure and its cause while retaining the approved terminology (term.outpost=Avamposto [strategy=semantic-concept, variants=avamposto | avamposti]); placeholders and protected tokens remain exact."
"validation.duplicateManufacturing","it-IT","{item} appears more than once in this outpost's manufacturing list.","4A672C33903413951067839530919DA2B42703B982606FF49CFD4A9B2177D74C","Validation severity, diagnostic, context, or remediation.","HIGH","item","","term.outpost=Avamposto [strategy=semantic-concept, variants=avamposto | avamposti]; glossary.manufacturing=Fabbricazione [strategy=semantic-concept]","{item} compare più di una volta nell’elenco di fabbricazione di questo avamposto.","{item} compare più di una volta nell'elenco di produzione di questo avamposto.","SUBSTANTIVE","CODEX","{item} compare più di una volta nell’elenco di fabbricazione di questo avamposto.","Codex is selected for “{item} appears more than once in this outpost's manufacturing list.” (validation.duplicateManufacturing) because it preserves the row's approved product vocabulary (term.outpost=Avamposto [strategy=semantic-concept, variants=avamposto | avamposti]; glossary.manufacturing=Fabbricazione [strategy=semantic-concept]); the fluent DeepL alternative diverges from at least one binding term or semantic label in this UI context."
"validation.duplicateOutboundItem","it-IT","{item} appears more than once in this Cargo Link's outbound items.","39E57ED738A1A8E969109EC4BFED550BB5F922390A5D4FF9304D8BA5F426ED02","Validation severity, diagnostic, context, or remediation.","HIGH","item","","term.cargo-link=Collegamento merci [strategy=phrase]","{item} compare più di una volta tra gli elementi in uscita di questo collegamento merci.","{item} compare più di una volta tra gli articoli in uscita di questo Cargo Link.","SUBSTANTIVE","CODEX","{item} compare più di una volta tra gli elementi in uscita di questo collegamento merci.","Codex is selected for “{item} appears more than once in this Cargo Link's outbound items.” (validation.duplicateOutboundItem) because it preserves the row's approved product vocabulary (term.cargo-link=Collegamento merci [strategy=phrase]); the fluent DeepL alternative diverges from at least one binding term or semantic label in this UI context."
"validation.duplicateOutpostName","it-IT","{count} outposts are named ""{name}"". Unique outpost names are recommended to avoid ambiguity.","4C8312E1F6CCD26528398627BD8DE9C4025557A067D2F60A875E399608F5E6C4","Validation severity, diagnostic, context, or remediation.","HIGH","count; name","","term.outpost=Avamposto [strategy=semantic-concept, variants=avamposto | avamposti]","{count} avamposti si chiamano «{name}». Si consigliano nomi univoci per evitare ambiguità.","{count} avamposti si chiamano ""{name}"". Si consiglia di utilizzare nomi univoci per gli avamposti per evitare ambiguità.","SUBSTANTIVE","CODEX","{count} avamposti si chiamano «{name}». Si consigliano nomi univoci per evitare ambiguità.","Codex is selected for “{count} outposts are named ""{name}"". Unique outpost names are recommended to avoid ambi...” (validation.duplicateOutpostName) because it preserves the row's approved product vocabulary (term.outpost=Avamposto [strategy=semantic-concept, variants=avamposto | avamposti]); the fluent DeepL alternative diverges from at least one binding term or semantic label in this UI context."
"validation.duplicatePlannedSupply","it-IT","{item} appears more than once in this outpost's Planned Supply.","2D1491D5C8DB17E640841C670CA7202B62919A7E7B4399F17C2D7A20F01ED98D","Validation severity, diagnostic, context, or remediation.","HIGH","item","","term.outpost=Avamposto [strategy=semantic-concept, variants=avamposto | avamposti]; glossary.planned-supply=Fornitura pianificata [strategy=semantic-concept]","{item} compare più di una volta nella Fornitura pianificata di questo avamposto.","{item} compare più di una volta nelle forniture pianificate di questo avamposto.","SUBSTANTIVE","CODEX","{item} compare più di una volta nella Fornitura pianificata di questo avamposto.","Codex is selected for “{item} appears more than once in this outpost's Planned Supply.” (validation.duplicatePlannedSupply) because it preserves the row's approved product vocabulary (term.outpost=Avamposto [strategy=semantic-concept, variants=avamposto | avamposti]; glossary.planned-supply=Fornitura pianificata [strategy=semantic-concept]); the fluent DeepL alternative diverges from at least one binding term or semantic label in this UI context."
"validation.filter.all","it-IT","All","A52ACE420F2175D08B1577A1BEA5445E36801229C074EF9ED6C55A73401FD9C2","Validation severity, diagnostic, context, or remediation.","HIGH","","","","Tutti","Tutti","IDENTICAL","AGREED","Tutti","Both independent witnesses agree for “All” (validation.filter.all); the shared wording is clear in the recorded UI context and preserves the required syntax."
"validation.filter.error","it-IT","Errors","CB702378F31507EFA79A2A2C6046050BC9F578F149C88E3C0A3D9532AB4B5300","Validation severity, diagnostic, context, or remediation.","HIGH","","","glossary.validation-error=Errore [strategy=semantic-concept]","Errori","Errori","IDENTICAL","AGREED","Errori","Both independent witnesses agree for “Errors” (validation.filter.error); the shared wording is clear in the recorded UI context and preserves the required syntax."
"validation.filter.info","it-IT","Info","170322A32F3C35B2C61576A5553D352D7B3C8AE7086DAB78F15FC891A28C067C","Validation severity, diagnostic, context, or remediation.","HIGH","","","glossary.validation-info=Informazione [strategy=semantic-concept]","Informazione","Informazioni","SUBSTANTIVE","CODEX","Informazione","Codex is selected for “Info” (validation.filter.info) because it preserves the row's approved product vocabulary (glossary.validation-info=Informazione [strategy=semantic-concept]); the fluent DeepL alternative diverges from at least one binding term or semantic label in this UI context."
"validation.filter.warning","it-IT","Warnings","0E04CD10F9AFD7E546E176B34B56A243D8C741198AA0BFEE27D7661A370DC043","Validation severity, diagnostic, context, or remediation.","HIGH","","","glossary.validation-warning=Avviso [strategy=semantic-concept]","Avvisi","Avvisi","IDENTICAL","AGREED","Avvisi","Both independent witnesses agree for “Warnings” (validation.filter.warning); the shared wording is clear in the recorded UI context and preserves the required syntax."
"validation.heading","it-IT","Validation","68E1CA575295BB5604FEA711B5D2EFF44006CE4BD985481083A76B71FCE0DAEF","Heading for domain validation results containing errors, warnings, and informational findings; not form submission validation alone. This is a visible heading.","HIGH","","","glossary.validation=Convalida [strategy=semantic-concept]","Convalida","Convalida","IDENTICAL","AGREED","Convalida","Both independent witnesses agree for “Validation” (validation.heading); the shared wording is clear in the recorded UI context and preserves the required syntax."
"validation.interstellarHelium3","it-IT","This Inter-System Cargo Link is sending cargo, but its outpost has no available Helium-3 supply.","5ACB93205A0583C817D0B8157F802B528C08E057BB0ADEAB9A916148D18F9171","Validation severity, diagnostic, context, or remediation.","HIGH","","","term.inter-system-cargo-link=Collegamento merci intersistema [strategy=phrase]; term.cargo-link=Collegamento merci [strategy=phrase]; term.outpost=Avamposto [strategy=semantic-concept, variants=avamposto | avamposti]","Questo collegamento merci intersistema invia merci, ma il suo avamposto non dispone di una fornitura di elio-3.","Questo collegamento inter-sistema per il trasporto merci sta inviando un carico, ma il suo avamposto non dispone di scorte di elio-3.","SUBSTANTIVE","CODEX","Questo collegamento merci intersistema invia merci, ma il suo avamposto non dispone di una fornitura di elio-3.","Codex is selected for “This Inter-System Cargo Link is sending cargo, but its outpost has no available Helium-...” (validation.interstellarHelium3) because it preserves the row's approved product vocabulary (term.inter-system-cargo-link=Collegamento merci intersistema [strategy=phrase]; term.cargo-link=Collegamento merci [strategy=phrase]; term.outpost=Avamposto [strategy=semantic-concept, variants=avamposto | avamposti]); the fluent DeepL alternative diverges from at least one binding term or semantic label in this UI context."
"validation.invalidCharacterLevel","it-IT","Character level is {level}, but a recorded character level must be a whole number from {minimum} to {maximum}.","557A628B5FD3728FAAC1175E6D6EAF7F8D41ED8CB896805EB05788BB52ADF1A6","Validation severity, diagnostic, context, or remediation.","HIGH","level; maximum; minimum","","","Il livello del personaggio è {level}, ma un livello registrato deve essere un numero intero da {minimum} a {maximum}.","Il livello del personaggio è {level}, ma il livello registrato deve essere un numero intero compreso tra {minimum} e {maximum}.","SUBSTANTIVE","DEEPL","Il livello del personaggio è {level}, ma il livello registrato deve essere un numero intero compreso tra {minimum} e {maximum}.","DeepL is selected for “Character level is {level}, but a recorded character level must be a whole number from ...” (validation.invalidCharacterLevel) because it provides clearer diagnostic phrasing and a more natural relationship between the failure and its cause; placeholders and protected tokens remain exact."
"validation.invalidSkillLevel","it-IT","{skill} has level {level}, but valid skill levels are integers {minimum} through {maximum}.","479C20E3082325683BBB0FD99CD53B56C8C4A7A002923C68D54B6E9487411C86","Validation severity, diagnostic, context, or remediation.","HIGH","level; maximum; minimum; skill","","","{skill} è al livello {level}, ma i livelli validi sono numeri interi da {minimum} a {maximum}.","{skill} ha livello {level}, ma i livelli di abilità validi sono numeri interi compresi tra {minimum} e {maximum}.","SUBSTANTIVE","DEEPL","{skill} ha livello {level}, ma i livelli di abilità validi sono numeri interi compresi tra {minimum} e {maximum}.","DeepL is selected for “{skill} has level {level}, but valid skill levels are integers {minimum} through {maxim...” (validation.invalidSkillLevel) because it provides clearer diagnostic phrasing and a more natural relationship between the failure and its cause; placeholders and protected tokens remain exact."
"validation.issueCount","it-IT","Validation: {count} {count, plural, one {issue} other {issues}}","F0C30AE770A0C8A8C672000A3292FF3FE8F3D0A23945D4079779B5A408A675C4","Validation severity, diagnostic, context, or remediation.","HIGH","count","","glossary.validation=Convalida [strategy=semantic-concept]","Convalida: {count} {count, plural, one {problema} other {problemi}}","Convalida: {count} {count, plurale, un {problema} o più {problemi}}","INVALID_TOKENS","INVALID_DEEPL_REPAIRED","Convalida: {count} {count, plural, one {problema} other {problemi}}","DeepL is structurally invalid for “Validation: {count} {count, plural, one {issue} other {issues}}” (validation.issueCount) because the ICU plural syntax or its plural parameter/category structure was altered. The independently reviewed Codex wording is retained as the natural token-safe repair with the exact repository placeholders, plural form, and protected tokens restored."
"validation.manufacturingInputUnavailable","it-IT","{product} requires {input}, but {input} is not available at this outpost.","5D636D52EEFF0A72CE322FD0388383DD6783828EE5AC9DA99242EE7CA9F7CE4F","Validation severity, diagnostic, context, or remediation.","HIGH","input; product","","term.outpost=Avamposto [strategy=semantic-concept, variants=avamposto | avamposti]; glossary.inputs=Materiali richiesti [strategy=semantic-concept, variants=materiali richiesti | risorse richieste | materiali necessari]","{product} richiede {input}, ma {input} non è disponibile in questo avamposto.","{product} richiede {input}, ma {input} non è disponibile in questo avamposto.","IDENTICAL","AGREED","{product} richiede {input}, ma {input} non è disponibile in questo avamposto.","Both independent witnesses agree for “{product} requires {input}, but {input} is not available at this outpost.” (validation.manufacturingInputUnavailable); the shared wording is clear in the recorded UI context and preserves the required syntax."
"validation.missingCargoEndpoint","it-IT","This cargo connection refers to a missing outpost or Cargo Link endpoint.","DE666AA19EEA71AF84123F9502737CCA410AEA2B9EA680E0DBB0DA1B22BCD1EB","Validation severity, diagnostic, context, or remediation.","HIGH","","","term.cargo-link=Collegamento merci [strategy=phrase]; term.outpost=Avamposto [strategy=semantic-concept, variants=avamposto | avamposti]","Questa connessione merci fa riferimento a un avamposto o a un’estremità di collegamento merci mancante.","Questo collegamento di carico fa riferimento a un avamposto mancante o a un endpoint di Cargo Link mancante.","SUBSTANTIVE","CODEX","Questa connessione merci fa riferimento a un avamposto o a un’estremità di collegamento merci mancante.","Codex is selected for “This cargo connection refers to a missing outpost or Cargo Link endpoint.” (validation.missingCargoEndpoint) because it preserves the row's approved product vocabulary (term.cargo-link=Collegamento merci [strategy=phrase]; term.outpost=Avamposto [strategy=semantic-concept, variants=avamposto | avamposti]); the fluent DeepL alternative diverges from at least one binding term or semantic label in this UI context."
"validation.none","it-IT","No validation issues.","21D05437FB5BF4D6620AD3FEB0A477B311E4FE078083DD371C526972FEAEEF5C","Validation severity, diagnostic, context, or remediation.","HIGH","","","glossary.validation=Convalida [strategy=semantic-concept]","Nessun problema di convalida.","Nessun problema di convalida.","IDENTICAL","AGREED","Nessun problema di convalida.","Both independent witnesses agree for “No validation issues.” (validation.none); the shared wording is clear in the recorded UI context and preserves the required syntax."
"validation.open","it-IT","Open validation details","77DDEF905E8B93BB72AE88AD640D48A41D25FB28E2530E59996DCF1A94822ECA","Validation severity, diagnostic, context, or remediation.","HIGH","","","glossary.validation=Convalida [strategy=semantic-concept]","Apri dettagli della convalida","Apri i dettagli della convalida","SUBSTANTIVE","DEEPL","Apri i dettagli della convalida","DeepL is selected for “Open validation details” (validation.open) because it provides clearer diagnostic phrasing and a more natural relationship between the failure and its cause while retaining the approved terminology (glossary.validation=Convalida [strategy=semantic-concept]); placeholders and protected tokens remain exact."
"validation.organicInputUnavailable","it-IT","{species} requires {input}, but {input} is not available at this outpost.","6C9034CE1B9DD269D679570EB922B190B3A495B01898426091DF8323B7C6517F","Validation severity, diagnostic, context, or remediation.","HIGH","input; species","","term.outpost=Avamposto [strategy=semantic-concept, variants=avamposto | avamposti]; glossary.inputs=Materiali richiesti [strategy=semantic-concept, variants=materiali richiesti | risorse richieste | materiali necessari]","{species} richiede {input}, ma {input} non è disponibile in questo avamposto.","{specie} richiede {input}, ma {input} non è disponibile in questo avamposto.","INVALID_TOKENS","INVALID_DEEPL_REPAIRED","{species} richiede {input}, ma {input} non è disponibile in questo avamposto.","DeepL is structurally invalid for “{species} requires {input}, but {input} is not available at this outpost.” (validation.organicInputUnavailable) because one or more required placeholder names were translated, removed, or changed. The independently reviewed Codex wording is retained as the natural token-safe repair with the exact repository placeholders, plural form, and protected tokens restored."
"validation.outpostBodyNotEligible","it-IT","This outpost is located on a body that cannot host outposts.","2A2282A192939493A1C1868D1A1C14D95443D82432460E1B0D29B81953D33AE1","Validation severity, diagnostic, context, or remediation.","HIGH","","","term.outpost=Avamposto [strategy=semantic-concept, variants=avamposto | avamposti]; term.planetary-body=Corpo celeste [strategy=semantic-concept, variants=corpo celeste | corpi celesti]","Questo avamposto si trova su un corpo celeste che non può ospitare avamposti.","Questo avamposto si trova su un corpo celeste che non può ospitare avamposti.","IDENTICAL","AGREED","Questo avamposto si trova su un corpo celeste che non può ospitare avamposti.","Both independent witnesses agree for “This outpost is located on a body that cannot host outposts.” (validation.outpostBodyNotEligible); the shared wording is clear in the recorded UI context and preserves the required syntax."
"validation.outpostNameLength","it-IT","Starfield normally limits outpost names to 25 characters; longer modded names remain supported.","E784CAB57A18B4483195176094C6A818AE3FBEFF92674F7355962C05A1877A44","Validation severity, diagnostic, context, or remediation.","HIGH","","","term.outpost=Avamposto [strategy=semantic-concept, variants=avamposto | avamposti]; product.starfield=Starfield [strategy=phrase]","Starfield limita normalmente i nomi degli avamposti a 25 caratteri; i nomi più lunghi aggiunti dalle mod restano supportati.","Starfield limita normalmente i nomi degli avamposti a 25 caratteri; i nomi modificati più lunghi continuano a essere supportati.","SUBSTANTIVE","CODEX","Starfield limita normalmente i nomi degli avamposti a 25 caratteri; i nomi più lunghi aggiunti dalle mod restano supportati.","Codex is selected for “Starfield normally limits outpost names to 25 characters; longer modded names remain su...” (validation.outpostNameLength) because it preserves the row's approved product vocabulary (term.outpost=Avamposto [strategy=semantic-concept, variants=avamposto | avamposti]; product.starfield=Starfield [strategy=phrase]); the fluent DeepL alternative diverges from at least one binding term or semantic label in this UI context."
"validation.outpostSkillLimit","it-IT","This network has {count} outposts, but the current {skill} level allows a maximum of {limit}.","4D1CE1DF98BDA2E18E1BEA5735B16B8AD97CCC63E5B2E324E8E39BF4A1E4489F","Validation severity, diagnostic, context, or remediation.","HIGH","count; limit; skill","","term.outpost=Avamposto [strategy=semantic-concept, variants=avamposto | avamposti]; glossary.network=Rete [strategy=semantic-concept]","Questa rete contiene {count} avamposti, ma il livello attuale di {skill} ne consente al massimo {limit}.","Questa rete conta {count} avamposti, ma l’attuale livello di {skill} consente un massimo di {limit}.","SUBSTANTIVE","CODEX","Questa rete contiene {count} avamposti, ma il livello attuale di {skill} ne consente al massimo {limit}.","Codex is selected for “This network has {count} outposts, but the current {skill} level allows a maximum of {l...” (validation.outpostSkillLimit) because it preserves the row's approved product vocabulary (term.outpost=Avamposto [strategy=semantic-concept, variants=avamposto | avamposti]; glossary.network=Rete [strategy=semantic-concept]); the fluent DeepL alternative diverges from at least one binding term or semantic label in this UI context."
"validation.planetaryHabitationRequirement","it-IT","This outpost requires {skill} rank {required}, but the recorded character rank is {recorded}.","F45CBAADE159B507024D0485DB395C0F14F2DB63F6C23FB7CD5712E1935E5EA9","Validation severity, diagnostic, context, or remediation.","HIGH","recorded; required; skill","","term.outpost=Avamposto [strategy=semantic-concept, variants=avamposto | avamposti]","Questo avamposto richiede il grado {required} di {skill}, ma il grado del personaggio registrato è {recorded}.","Questo avamposto richiede il grado {skill} {required}, ma il grado registrato del personaggio è {recorded}.","SUBSTANTIVE","DEEPL","Questo avamposto richiede il grado {skill} {required}, ma il grado registrato del personaggio è {recorded}.","DeepL is selected for “This outpost requires {skill} rank {required}, but the recorded character rank is {reco...” (validation.planetaryHabitationRequirement) because it provides clearer diagnostic phrasing and a more natural relationship between the failure and its cause while retaining the approved terminology (term.outpost=Avamposto [strategy=semantic-concept, variants=avamposto | avamposti]); placeholders and protected tokens remain exact."
"validation.plannedSupplyUnresolved","it-IT","{count} {count, plural, one {item} other {items}} in Planned Supply: {itemList}.","BE7699EC7C1923EA45A34F86ED126C15EF94933206CDB8839A9C6FAE4310BF48","Validation severity, diagnostic, context, or remediation.","HIGH","count; itemList","","glossary.planned-supply=Fornitura pianificata [strategy=semantic-concept]","{count} {count, plural, one {elemento} other {elementi}} in Fornitura pianificata: {itemList}.","{count} {count, plurale, un {item} altri {items}} nella fornitura pianificata: {itemList}.","INVALID_TOKENS","INVALID_DEEPL_REPAIRED","{count} {count, plural, one {elemento} other {elementi}} in Fornitura pianificata: {itemList}.","DeepL is structurally invalid for “{count} {count, plural, one {item} other {items}} in Planned Supply: {itemList}.” (validation.plannedSupplyUnresolved) because the ICU plural syntax or its plural parameter/category structure was altered. The independently reviewed Codex wording is retained as the natural token-safe repair with the exact repository placeholders, plural form, and protected tokens restored."
"validation.regularPadCrossSystem","it-IT","This Cargo Link is connected to an outpost in another star system; use an Inter-System Cargo Link instead.","0036D346FA2E3589A83E0C1E156EB47038633D52DD365DF5CD83EED4B3C9A2FB","Validation severity, diagnostic, context, or remediation.","HIGH","","","term.inter-system-cargo-link=Collegamento merci intersistema [strategy=phrase]; term.cargo-link=Collegamento merci [strategy=phrase]; term.outpost=Avamposto [strategy=semantic-concept, variants=avamposto | avamposti]; term.star-system=Sistema stellare [strategy=semantic-concept, variants=sistema stellare | sistemi stellari]","Questo collegamento merci è connesso a un avamposto in un altro sistema stellare; usa invece un collegamento merci intersistema.","Questo collegamento merci è collegato a un avamposto in un altro sistema stellare; usa invece un collegamento merci intersistemico.","SUBSTANTIVE","CODEX","Questo collegamento merci è connesso a un avamposto in un altro sistema stellare; usa invece un collegamento merci intersistema.","Codex is selected for “This Cargo Link is connected to an outpost in another star system; use an Inter-System ...” (validation.regularPadCrossSystem) because it preserves the row's approved product vocabulary (term.inter-system-cargo-link=Collegamento merci intersistema [strategy=phrase]; term.cargo-link=Collegamento merci [strategy=phrase]; term.outpost=Avamposto [strategy=semantic-concept, variants=avamposto | avamposti]; term.star-system=Sistema stellare [strategy=semantic-concept, variants=sistema stellare | sistemi stellari]); the fluent DeepL alternative diverges from at least one binding term or semantic label in this UI context."
"validation.remediation.extraction","it-IT","Available for extraction in: {biomes}","033652C06FCF14E7028EFC79DED08BDC6242BAF35CBC75A969F66CF88E50189F","Validation severity, diagnostic, context, or remediation.","HIGH","biomes","","term.biome=Bioma [strategy=semantic-concept, variants=bioma | biomi]","Disponibile per l’estrazione in: {biomes}","Disponibile per l’estrazione in: {biomi}","INVALID_TOKENS","INVALID_DEEPL_REPAIRED","Disponibile per l’estrazione in: {biomes}","DeepL is structurally invalid for “Available for extraction in: {biomes}” (validation.remediation.extraction) because one or more required placeholder names were translated, removed, or changed. The independently reviewed Codex wording is retained as the natural token-safe repair with the exact repository placeholders, plural form, and protected tokens restored."
"validation.remediation.harvesting","it-IT","Choose a valid domesticable producer on this planet.","08B21A3BAF71C04CE8965D7CBDF3B5C0B22975229FCEF85135EF7B4096BE19DB","Validation severity, diagnostic, context, or remediation.","HIGH","","","term.planet=Pianeta [strategy=semantic-concept, variants=pianeta | pianeti]","Scegli un produttore domesticabile valido su questo pianeta.","","MISSING","CODEX","Scegli un produttore domesticabile valido su questo pianeta.","Planet-level organic farming semantics were reviewed for this correction; prior biome-bound source evidence is intentionally retired."
"validation.remediation.organicSources","it-IT","Available from: {sources}","079E06CF1CE43D59E4122D165732D4D39B7405F6EA48021A2BFF063549D71012","Validation severity, diagnostic, context, or remediation.","HIGH","sources","","glossary.source=Origine [strategy=semantic-concept]","Disponibile da: {sources}","Disponibile da: {sources}","IDENTICAL","AGREED","Disponibile da: {sources}","Both independent witnesses agree for “Available from: {sources}” (validation.remediation.organicSources); the shared wording is clear in the recorded UI context and preserves the required syntax."
"validation.selectedBiomeInvalid","it-IT","This selected biome belongs to a different planetary body.","6D576D3401E2A28EF6D6D90BE82FEF4E4A34C47FDEC0102556426FBE7EC1E066","Validation severity, diagnostic, context, or remediation.","HIGH","","","term.biome=Bioma [strategy=semantic-concept, variants=bioma | biomi]; term.planetary-body=Corpo celeste [strategy=semantic-concept, variants=corpo celeste | corpi celesti]","Il bioma selezionato appartiene a un altro corpo celeste.","Il bioma selezionato appartiene a un corpo planetario diverso.","SUBSTANTIVE","CODEX","Il bioma selezionato appartiene a un altro corpo celeste.","Codex is selected for “This selected biome belongs to a different planetary body.” (validation.selectedBiomeInvalid) because it preserves the row's approved product vocabulary (term.biome=Bioma [strategy=semantic-concept, variants=bioma | biomi]; term.planetary-body=Corpo celeste [strategy=semantic-concept, variants=corpo celeste | corpi celesti]); the fluent DeepL alternative diverges from at least one binding term or semantic label in this UI context."
"validation.selfLinkedCargoPad","it-IT","This cargo connection uses the same Cargo Link at both endpoints.","37A36CCB8D15AE9949772C22FE628AE24C43622ECBA3A4618483EE8B495D65E1","Validation severity, diagnostic, context, or remediation.","HIGH","","","term.cargo-link=Collegamento merci [strategy=phrase]","Questa connessione merci usa lo stesso collegamento merci a entrambe le estremità.","Questo collegamento merci utilizza lo stesso Cargo Link in entrambi i punti terminali.","SUBSTANTIVE","CODEX","Questa connessione merci usa lo stesso collegamento merci a entrambe le estremità.","Codex is selected for “This cargo connection uses the same Cargo Link at both endpoints.” (validation.selfLinkedCargoPad) because it expresses the intended UI action or diagnostic fully in it-IT; DeepL leaves the English residue “cargo”, “link” in the target-language sentence."
"validation.severity.error","it-IT","Error","54A0E8C17EBB21A11F8A25B8042786EF7EFE52441E6CC87E92C67E0C4C0C6E78","Validation severity, diagnostic, context, or remediation.","HIGH","","","glossary.validation-error=Errore [strategy=semantic-concept]","Errore","Errore","IDENTICAL","AGREED","Errore","Both independent witnesses agree for “Error” (validation.severity.error); the shared wording is clear in the recorded UI context and preserves the required syntax."
"validation.severity.info","it-IT","Info","170322A32F3C35B2C61576A5553D352D7B3C8AE7086DAB78F15FC891A28C067C","Validation severity, diagnostic, context, or remediation.","HIGH","","","glossary.validation-info=Informazione [strategy=semantic-concept]","Informazione","Informazioni","SUBSTANTIVE","CODEX","Informazione","Codex is selected for “Info” (validation.severity.info) because it preserves the row's approved product vocabulary (glossary.validation-info=Informazione [strategy=semantic-concept]); the fluent DeepL alternative diverges from at least one binding term or semantic label in this UI context."
"validation.severity.warning","it-IT","Warning","E981DDAE45D8F4CA53F1CCBE613AD254A041DACF65A06026099A6302D332113B","Validation severity, diagnostic, context, or remediation.","HIGH","","","glossary.validation-warning=Avviso [strategy=semantic-concept]","Avviso","Avviso","IDENTICAL","AGREED","Avviso","Both independent witnesses agree for “Warning” (validation.severity.warning); the shared wording is clear in the recorded UI context and preserves the required syntax."
"validation.unknownBiome","it-IT","This outpost refers to unknown body-biome ID ""{id}"".","E1DA964E2CA929F08EAB04CB1BDC0647323400630396D29DE66A0DA4ECC75ACD","Validation severity, diagnostic, context, or remediation.","HIGH","id","ID","term.outpost=Avamposto [strategy=semantic-concept, variants=avamposto | avamposti]; term.biome=Bioma [strategy=semantic-concept, variants=bioma | biomi]; term.planetary-body=Corpo celeste [strategy=semantic-concept, variants=corpo celeste | corpi celesti]","Questo avamposto fa riferimento all’ID bioma del corpo sconosciuto «{id}».","Questo avamposto fa riferimento a un ID corpo-bioma sconosciuto ""{id}"".","SUBSTANTIVE","CODEX","Questo avamposto fa riferimento all’ID bioma del corpo sconosciuto «{id}».","Codex is selected for “This outpost refers to unknown body-biome ID ""{id}"".” (validation.unknownBiome) because it preserves the row's approved product vocabulary (term.outpost=Avamposto [strategy=semantic-concept, variants=avamposto | avamposti]; term.biome=Bioma [strategy=semantic-concept, variants=bioma | biomi]; term.planetary-body=Corpo celeste [strategy=semantic-concept, variants=corpo celeste | corpi celesti]); the fluent DeepL alternative diverges from at least one binding term or semantic label in this UI context."
"validation.unknownBody","it-IT","This outpost refers to unknown planetary body ID ""{id}"".","DA5ED3FC64770A5D1CB08189EC222343D0D13D7169E01214381323FCB25228E2","Validation severity, diagnostic, context, or remediation.","HIGH","id","ID","term.outpost=Avamposto [strategy=semantic-concept, variants=avamposto | avamposti]; term.planetary-body=Corpo celeste [strategy=semantic-concept, variants=corpo celeste | corpi celesti]","Questo avamposto fa riferimento all’ID corpo celeste sconosciuto «{id}».","Questo avamposto fa riferimento a un ID corpo planetario sconosciuto ""{id}"".","SUBSTANTIVE","CODEX","Questo avamposto fa riferimento all’ID corpo celeste sconosciuto «{id}».","Codex is selected for “This outpost refers to unknown planetary body ID ""{id}"".” (validation.unknownBody) because it preserves the row's approved product vocabulary (term.outpost=Avamposto [strategy=semantic-concept, variants=avamposto | avamposti]; term.planetary-body=Corpo celeste [strategy=semantic-concept, variants=corpo celeste | corpi celesti]); the fluent DeepL alternative diverges from at least one binding term or semantic label in this UI context."
"validation.unknownExplicitResource","it-IT","This outpost refers to unknown resource ID ""{id}"" in its explicit resource presence.","FD98EB6E83DF87E0D8F039DEAB0DBEB6B9FF1057B00476AB6E52CF432263451E","Validation severity, diagnostic, context, or remediation.","HIGH","id","ID","term.outpost=Avamposto [strategy=semantic-concept, variants=avamposto | avamposti]","Questo avamposto fa riferimento all’ID risorsa sconosciuto «{id}» nella presenza esplicita delle risorse.","Questo avamposto fa riferimento a un ID risorsa sconosciuto ""{id}"" nella sua presenza esplicita di risorse.","SUBSTANTIVE","DEEPL","Questo avamposto fa riferimento a un ID risorsa sconosciuto ""{id}"" nella sua presenza esplicita di risorse.","DeepL is selected for “This outpost refers to unknown resource ID ""{id}"" in its explicit resource presence.” (validation.unknownExplicitResource) because it provides clearer diagnostic phrasing and a more natural relationship between the failure and its cause while retaining the approved terminology (term.outpost=Avamposto [strategy=semantic-concept, variants=avamposto | avamposti]); placeholders and protected tokens remain exact."
"validation.unknownLocalResource","it-IT","This outpost refers to unknown resource ID ""{id}"" in its local resources.","25EF5B070F2192423A3417D425AD2BD968121472069DE0634ABEAD4478721816","Validation severity, diagnostic, context, or remediation.","HIGH","id","ID","term.outpost=Avamposto [strategy=semantic-concept, variants=avamposto | avamposti]","Questo avamposto fa riferimento all’ID risorsa sconosciuto «{id}» nelle risorse locali.","Questo avamposto fa riferimento a un ID di risorsa sconosciuto ""{id}"" nelle sue risorse locali.","SUBSTANTIVE","DEEPL","Questo avamposto fa riferimento a un ID di risorsa sconosciuto ""{id}"" nelle sue risorse locali.","DeepL is selected for “This outpost refers to unknown resource ID ""{id}"" in its local resources.” (validation.unknownLocalResource) because it provides clearer diagnostic phrasing and a more natural relationship between the failure and its cause while retaining the approved terminology (term.outpost=Avamposto [strategy=semantic-concept, variants=avamposto | avamposti]); placeholders and protected tokens remain exact."
"validation.unknownManufacturingProduct","it-IT","This outpost refers to unknown product ID ""{id}"" in its manufacturing list.","676EECBDA18952E4E1337C7209F730A4681D85259A469B433214A9CBF262FBCC","Validation severity, diagnostic, context, or remediation.","HIGH","id","ID","term.outpost=Avamposto [strategy=semantic-concept, variants=avamposto | avamposti]; glossary.manufacturing=Fabbricazione [strategy=semantic-concept]","Questo avamposto fa riferimento all’ID prodotto sconosciuto «{id}» nell’elenco di fabbricazione.","Questo avamposto fa riferimento a un ID prodotto sconosciuto ""{id}"" nel suo elenco di produzione.","SUBSTANTIVE","CODEX","Questo avamposto fa riferimento all’ID prodotto sconosciuto «{id}» nell’elenco di fabbricazione.","Codex is selected for “This outpost refers to unknown product ID ""{id}"" in its manufacturing list.” (validation.unknownManufacturingProduct) because it preserves the row's approved product vocabulary (term.outpost=Avamposto [strategy=semantic-concept, variants=avamposto | avamposti]; glossary.manufacturing=Fabbricazione [strategy=semantic-concept]); the fluent DeepL alternative diverges from at least one binding term or semantic label in this UI context."
"validation.unknownOutboundItem","it-IT","This Cargo Link refers to unknown {kind} ID ""{id}"" in its outbound items.","B7A414025A12F066B07642528EBBBB6E1B2E00F8550F92A95603AD724FBD69D9","Validation severity, diagnostic, context, or remediation.","HIGH","id; kind","ID","term.cargo-link=Collegamento merci [strategy=phrase]","Questo collegamento merci fa riferimento all’ID {kind} sconosciuto «{id}» tra gli elementi in uscita.","Questo Cargo Link fa riferimento a un ID {kind} sconosciuto ""{id}"" tra i suoi articoli in uscita.","SUBSTANTIVE","CODEX","Questo collegamento merci fa riferimento all’ID {kind} sconosciuto «{id}» tra gli elementi in uscita.","Codex is selected for “This Cargo Link refers to unknown {kind} ID ""{id}"" in its outbound items.” (validation.unknownOutboundItem) because it preserves the row's approved product vocabulary (term.cargo-link=Collegamento merci [strategy=phrase]); the fluent DeepL alternative diverges from at least one binding term or semantic label in this UI context."
"validation.unknownPlannedItem","it-IT","This outpost refers to unknown {kind} ID ""{id}"" in Planned Supply.","9F80386C805E2AE70EC4A6E593CE774C919F328FBA406EC4447940E86F3E3FC7","Validation severity, diagnostic, context, or remediation.","HIGH","id; kind","ID","term.outpost=Avamposto [strategy=semantic-concept, variants=avamposto | avamposti]; glossary.planned-supply=Fornitura pianificata [strategy=semantic-concept]","Questo avamposto fa riferimento all’ID {kind} sconosciuto «{id}» in Fornitura pianificata.","Questo avamposto fa riferimento a un ID {kind} sconosciuto ""{id}"" nelle forniture pianificate.","SUBSTANTIVE","CODEX","Questo avamposto fa riferimento all’ID {kind} sconosciuto «{id}» in Fornitura pianificata.","Codex is selected for “This outpost refers to unknown {kind} ID ""{id}"" in Planned Supply.” (validation.unknownPlannedItem) because it preserves the row's approved product vocabulary (term.outpost=Avamposto [strategy=semantic-concept, variants=avamposto | avamposti]; glossary.planned-supply=Fornitura pianificata [strategy=semantic-concept]); the fluent DeepL alternative diverges from at least one binding term or semantic label in this UI context."
"validation.unknownProductionResource","it-IT","This outpost refers to unknown resource ID ""{id}"" in its active production.","283D486D59E6085AAFBC0B201C46CB2A08618E9E64205A13AD35087A2EA8ECD7","Validation severity, diagnostic, context, or remediation.","HIGH","id","ID","term.outpost=Avamposto [strategy=semantic-concept, variants=avamposto | avamposti]; glossary.active-production=Produzione attiva [strategy=semantic-concept]","Questo avamposto fa riferimento all’ID risorsa sconosciuto «{id}» nella produzione attiva.","Questo avamposto fa riferimento a un ID risorsa sconosciuto ""{id}"" nella sua produzione attiva.","SUBSTANTIVE","DEEPL","Questo avamposto fa riferimento a un ID risorsa sconosciuto ""{id}"" nella sua produzione attiva.","DeepL is selected for “This outpost refers to unknown resource ID ""{id}"" in its active production.” (validation.unknownProductionResource) because it provides clearer diagnostic phrasing and a more natural relationship between the failure and its cause while retaining the approved terminology (term.outpost=Avamposto [strategy=semantic-concept, variants=avamposto | avamposti]; glossary.active-production=Produzione attiva [strategy=semantic-concept]); placeholders and protected tokens remain exact."
"validation.unknownProductionSpecies","it-IT","This outpost refers to unknown species ID ""{id}"" in its active production.","91A800002BC1CE2AF9CEFD856D1CBD18D7773ACDE7BBE005AEF527092A252C17","Validation severity, diagnostic, context, or remediation.","HIGH","id","ID","term.outpost=Avamposto [strategy=semantic-concept, variants=avamposto | avamposti]; glossary.active-production=Produzione attiva [strategy=semantic-concept]","Questo avamposto fa riferimento all’ID specie sconosciuto «{id}» nella produzione attiva.","Questo avamposto fa riferimento a un ID di specie sconosciuto ""{id}"" nella sua produzione attiva.","SUBSTANTIVE","DEEPL","Questo avamposto fa riferimento a un ID di specie sconosciuto ""{id}"" nella sua produzione attiva.","DeepL is selected for “This outpost refers to unknown species ID ""{id}"" in its active production.” (validation.unknownProductionSpecies) because it provides clearer diagnostic phrasing and a more natural relationship between the failure and its cause while retaining the approved terminology (term.outpost=Avamposto [strategy=semantic-concept, variants=avamposto | avamposti]; glossary.active-production=Produzione attiva [strategy=semantic-concept]); placeholders and protected tokens remain exact."
"validation.unknownSystem","it-IT","This outpost refers to unknown star system ID ""{id}"".","8432E06037C7C251B843C3EDD4B1A1D078A462F6362C19D2D5FD11D5A39AF2FF","Validation severity, diagnostic, context, or remediation.","HIGH","id","ID","term.outpost=Avamposto [strategy=semantic-concept, variants=avamposto | avamposti]; term.star-system=Sistema stellare [strategy=semantic-concept, variants=sistema stellare | sistemi stellari]","Questo avamposto fa riferimento all’ID sistema stellare sconosciuto «{id}».","Questo avamposto fa riferimento a un ID di sistema stellare sconosciuto ""{id}"".","SUBSTANTIVE","DEEPL","Questo avamposto fa riferimento a un ID di sistema stellare sconosciuto ""{id}"".","DeepL is selected for “This outpost refers to unknown star system ID ""{id}"".” (validation.unknownSystem) because it provides clearer diagnostic phrasing and a more natural relationship between the failure and its cause while retaining the approved terminology (term.outpost=Avamposto [strategy=semantic-concept, variants=avamposto | avamposti]; term.star-system=Sistema stellare [strategy=semantic-concept, variants=sistema stellare | sistemi stellari]); placeholders and protected tokens remain exact."
"validation.unresolvedCargoExport","it-IT","This cargo export has no actual source.","9EAACCEA3A841501964523BCF982FD87C47D6757074376F1BC1CB8D66A5C4C43","Validation severity, diagnostic, context, or remediation.","HIGH","","","glossary.source=Origine [strategy=semantic-concept]","Questa esportazione di merci non ha un’origine effettiva.","Questa esportazione di merci non ha una fonte effettiva.","SUBSTANTIVE","CODEX","Questa esportazione di merci non ha un’origine effettiva.","Codex is selected for “This cargo export has no actual source.” (validation.unresolvedCargoExport) because it preserves the row's approved product vocabulary (glossary.source=Origine [strategy=semantic-concept]); the fluent DeepL alternative diverges from at least one binding term or semantic label in this UI context."
"validation.unspecifiedOrganicSource","it-IT","{resource} is recorded as produced, but no flora or fauna source has been specified.","056A3D5076F6B12651B3FB863784E24F15758949E1FCE79C6C9F4EB67B5AB577","Validation severity, diagnostic, context, or remediation.","HIGH","resource","","glossary.source=Origine [strategy=semantic-concept]","{resource} risulta in produzione, ma non è stata specificata alcuna origine di flora o fauna.","{risorsa} risulta prodotta, ma non è stata specificata alcuna fonte di flora o fauna.","INVALID_TOKENS","INVALID_DEEPL_REPAIRED","{resource} risulta in produzione, ma non è stata specificata alcuna origine di flora o fauna.","DeepL is structurally invalid for “{resource} is recorded as produced, but no flora or fauna source has been specified.” (validation.unspecifiedOrganicSource) because one or more required placeholder names were translated, removed, or changed. The independently reviewed Codex wording is retained as the natural token-safe repair with the exact repository placeholders, plural form, and protected tokens restored."
"validation.xTechCapabilityPresent","it-IT","{resource} is recorded as present, but the character lacks the required extraction capability.","4932C2D2FC3BBD2ED3859E703D8D1C96C8F12B70E305639170B4F35DD787C001","Validation severity, diagnostic, context, or remediation.","HIGH","resource","","glossary.present=Presenza [strategy=key-scoped, variants=presenza | presente | disponibile]","{resource} risulta presente, ma il personaggio non dispone della capacità di estrazione richiesta.","{risorsa} risulta presente, ma il personaggio non dispone della capacità di estrazione richiesta.","INVALID_TOKENS","INVALID_DEEPL_REPAIRED","{resource} risulta presente, ma il personaggio non dispone della capacità di estrazione richiesta.","DeepL is structurally invalid for “{resource} is recorded as present, but the character lacks the required extraction capa...” (validation.xTechCapabilityPresent) because one or more required placeholder names were translated, removed, or changed. The independently reviewed Codex wording is retained as the natural token-safe repair with the exact repository placeholders, plural form, and protected tokens restored."
"validation.xTechCapabilityProduced","it-IT","{resource} is recorded as produced, but the character lacks the required extraction capability.","1753E5EEEAA84EE6B9C7B00083238621AA9239C11E55991E503F168B1A50975E","Validation severity, diagnostic, context, or remediation.","HIGH","resource","","","{resource} risulta in produzione, ma il personaggio non dispone della capacità di estrazione richiesta.","{risorsa} risulta prodotta, ma il personaggio non dispone della capacità di estrazione richiesta.","INVALID_TOKENS","INVALID_DEEPL_REPAIRED","{resource} risulta in produzione, ma il personaggio non dispone della capacità di estrazione richiesta.","DeepL is structurally invalid for “{resource} is recorded as produced, but the character lacks the required extraction cap...” (validation.xTechCapabilityProduced) because one or more required placeholder names were translated, removed, or changed. The independently reviewed Codex wording is retained as the natural token-safe repair with the exact repository placeholders, plural form, and protected tokens restored."
"validation.xTechRequiresPresence","it-IT","{resource} is recorded as produced, but it is not explicitly recorded as present at this outpost.","D3303EB03DD18D210409EA33E566B86C34E4EC8108714854E26C2D17E70EDFBC","Validation severity, diagnostic, context, or remediation.","HIGH","resource","","term.outpost=Avamposto [strategy=semantic-concept, variants=avamposto | avamposti]; glossary.present=Presenza [strategy=key-scoped, variants=presenza | presente | disponibile]","{resource} risulta in produzione, ma non è registrata esplicitamente come presente in questo avamposto.","{resource} risulta come prodotta, ma non è esplicitamente registrata come presente in questo avamposto.","SUBSTANTIVE","CODEX","{resource} risulta in produzione, ma non è registrata esplicitamente come presente in questo avamposto.","Codex is selected for “{resource} is recorded as produced, but it is not explicitly recorded as present at thi...” (validation.xTechRequiresPresence) because it preserves the row's approved product vocabulary (term.outpost=Avamposto [strategy=semantic-concept, variants=avamposto | avamposti]; glossary.present=Presenza [strategy=key-scoped, variants=presenza | presente | disponibile]); the fluent DeepL alternative diverges from at least one binding term or semantic label in this UI context."
