"Key","Locale","EnglishSource","EnglishSourceSha256","Context","Risk","Parameters","ProtectedTokens","OfficialTermConstraints","CodexTranslation","DeepLTranslation","ComparisonStatus","AdjudicationDecision","FinalTranslation","ReviewerNote"
"about.artwork","ja-JP","Favicon artwork (separate license):","1672A1543E07F4A17985250AA236981FA83C925A274E16BF29EC9C1F55B0D8BC","About dialog content or accessible control.","LOW","","","","ファビコン画像（別ライセンス）：","","MISSING","","",""
"about.attribution","ja-JP","designed by gravisio from Flaticon","EEE6A4550C16EA33E2D314F4E77291D12838FEBE646600010632735BD446F848","About dialog content or accessible control.","LOW","","designed by gravisio from Flaticon","","designed by gravisio from Flaticon","","MISSING","","",""
"about.backup","ja-JP","Saved in this browser profile on this site, with no account sync or server backup. Export before clearing browser data or moving devices. Import replaces the collection. If saving fails, export your in-memory work.","10F42C0EC190FB9BC14FEB95922B54DD9FCF4066DE775F65BDFA39C4211B89CC","About dialog content or accessible control.","LOW","","","","このサイトのデータは、このブラウザープロファイルに保存されます。アカウント同期やサーバーバックアップはありません。ブラウザーデータの削除や端末の変更前にエクスポートしてください。インポートはコレクションを置き換えます。保存に失敗した場合は、メモリ内の作業をエクスポートしてください。","","MISSING","","",""
"about.build","ja-JP","Build {commit}","954964A8306F874AF4BE2DC50620E52967203BE81589FE546C3E4A3AA7CBE200","About dialog content or accessible control.","LOW","commit","","","ビルド {commit}","","MISSING","","",""
"about.buildSource","ja-JP","Source for this build","A952E15E6036338D5314516EC646C3D0140D5F85553A0BBFF71782F105BE2B34","About dialog content or accessible control.","LOW","","","","このビルドのソース","","MISSING","","",""
"about.closeDialog","ja-JP","Close About dialog","BADE4BD70A7F5829AD34BCB1FAEFF8663832F5D9974F5FA0DA112D256E12ED78","About dialog content or accessible control.","LOW","","","","「このアプリについて」ダイアログを閉じる","","MISSING","","",""
"about.contact","ja-JP","Private / alternative contact","2478C099EF6FA9CC5B8EB8823F0AC76B59AB28B766CD2E877B34BF326FD9EE4F","About dialog content or accessible control.","LOW","","","","非公開・その他のお問い合わせ","","MISSING","","",""
"about.description","ja-JP","A tracking tool for Starfield outpost networks.","A385DFA0EF4B91EF17C72901A82FD98B4A6C087F914E97981E2E268B448516F3","About dialog content or accessible control. This is accessible or instructional text.","LOW","","","","スターフィールドの拠点ネットワークを記録・管理するツールです。","","MISSING","","",""
"about.funding","ja-JP","Voluntary support for the developer’s Bethesda modding and tools work. Released projects are free to use; tips or memberships buy no extra features, exclusives, access, priority support or delivery commitments.","55A68A1559BB9A73544E561602840875D641A4388BCC9E9762C932188FB14895","About dialog content or accessible control.","LOW","","Bethesda","","開発者による Bethesda ゲームの MOD・ツール制作への任意の支援です。公開プロジェクトは無料で利用できます。寄付やメンバーシップに追加機能、限定特典、アクセス権、優先サポート、提供の約束は含まれません。","","MISSING","","",""
"about.issues","ja-JP","Bugs and suggestions","3D83AC7A899CF17CD7C4E6401362ADF1136BEA46005C64EC8CBF95C6D4122E1B","About dialog content or accessible control.","LOW","","","","不具合報告・提案","","MISSING","","",""
"about.license","ja-JP","Full license","6B43E03E00A846DD4FD35C0FCCEC63C88AC637DB2805DBBD91216FB3A3F99D92","About dialog content or accessible control.","LOW","","","","ライセンス全文","","MISSING","","",""
"about.licenseSummary","ja-JP","Project-authored code: GPL-3.0-or-later, without warranty. Artwork and game-derived content have separate rights.","6D474223C94DC984542DC5DF4CF3EBBC97D01EE7FE65F58C3BB43F70946AD7EE","About dialog content or accessible control.","LOW","","GPL-3.0-or-later","","プロジェクト独自のコードは GPL-3.0-or-later に基づき、無保証で提供されます。画像およびゲーム由来のコンテンツには別の権利が適用されます。","","MISSING","","",""
"about.modified","ja-JP","local / modified","C1302006893E644718C30E10D063F83982E7F59DCF8F74FD1AB12B22C14DC4E5","About dialog content or accessible control.","LOW","","","","ローカル / 変更あり","","MISSING","","",""
"about.notices","ja-JP","Third-party notices","8FADBC8DE2733658492151AFBEF233902D6D43DE12EEA937B8773D938BCBC8E3","About dialog content or accessible control.","LOW","","","","第三者に関する告知","","MISSING","","",""
"about.repository","ja-JP","Source repository","53DB3B48E1AD4170808C3842C52F9BEE1ED27C66B9B192E91EC3C2C678064994","About dialog content or accessible control.","LOW","","","","ソースリポジトリ","","MISSING","","",""
"about.support","ja-JP","Support Gooberpede","C40D81D65A7CC6A059703CA6F930DAEF7FE8BC3A1BE0AF54B8C0AE5071133B54","About dialog content or accessible control.","LOW","","Gooberpede","","Gooberpede を支援","","MISSING","","",""
"about.unknown","ja-JP","local / unverified","C4C51655D0B244AA84D5C83768F8C4647017F63DE666E7C09652954A91F7A274","About dialog content or accessible control.","LOW","","","","ローカル / 未検証","","MISSING","","",""
"about.unofficial","ja-JP","Independent, unofficial project; not affiliated with or endorsed by Bethesda Game Studios or Microsoft.","BDA9BA76D3844680CA77725C6F65D21A66086862794E3A9E2E38886305DC4054","About dialog content or accessible control.","LOW","","Bethesda Game Studios; Microsoft","","独立した非公式プロジェクトです。Bethesda Game Studios または Microsoft との提携や両社による承認はありません。","","MISSING","","",""
"about.version","ja-JP","Version {version}","A18745121BB8AF6D1A0C689CFB3C2A2245D10D5FE3B37FF37C8B69FD74773DFA","About dialog content or accessible control.","LOW","version","","","バージョン {version}","","MISSING","","",""
"cargo.add","ja-JP","Add cargo link","53FAE1C321AAC37F6E1F73EC7A82A17C25779F4656987058445CA620C9E848A1","Cargo Link, destination, or export UI.","MEDIUM","","","","貨物リンクを追加","","MISSING","","",""
"cargo.addButton","ja-JP","+ Add Cargo Link","D2211C3FDC73278A6EC7B28F2F322486D54D76EF53402B5C1EA6E5FAE2F3FB2C","Cargo Link, destination, or export UI.","MEDIUM","","","","＋ 貨物リンクを追加","","MISSING","","",""
"cargo.addWithLimit","ja-JP","Add cargo link ({count} of {limit})","A4CF04E083D4098E72C8FA76DC07141B3F2233D71D5D719788CADE708B40044F","Cargo Link, destination, or export UI.","HIGH","count; limit","","","貨物リンクを追加（{count}/{limit}）","","MISSING","","",""
"cargo.collapseAll","ja-JP","Collapse all","25F7B3721119F1EC7FDF7C8C66E779EE9999E2049E569AFC3B00A9FBDEECE7DB","Cargo Link, destination, or export UI.","MEDIUM","","","","すべて折りたたむ","","MISSING","","",""
"cargo.destination.linkedLocator","ja-JP","{outpost} / {pad}","E3F588AC487BF246C4AEBCEED554F74BC9D737A9B31D9689304A6DF69D9A9CE2","Cargo Link, destination, or export UI.","HIGH","outpost; pad","","","{outpost} / {pad}","","MISSING","","",""
"cargo.destination.noPads","ja-JP","{outpost} — no cargo links","DA54B44E36D3853E5A719426F6B58F79D702F8D63C98A289C15B05C5DF5230DF","Cargo Link, destination, or export UI.","MEDIUM","outpost","","","{outpost} — 貨物リンクなし","","MISSING","","",""
"cargo.destination.nothing","ja-JP","nothing","1785CFC3BC6AC7738E8B38CDCCD1AF12563C2B9070E07AF336A1BF8C0F772B6A","Cargo Link, destination, or export UI.","MEDIUM","","","","なし","","MISSING","","",""
"cargo.destination.outpost","ja-JP","Destination outpost","46A7B7798BF8C076C932ADE71CE877EFDE16D0E06263BFC372CF0D700949E83F","Cargo Link, destination, or export UI.","MEDIUM","","","","搬送先の拠点","","MISSING","","",""
"cargo.destination.pad","ja-JP","Destination cargo link","6CCAD8677D177EDD2552DF915A90B9E51BB8C8B6E28093F9D86BAEC22387121B","Cargo Link, destination, or export UI.","MEDIUM","","","","搬送先の貨物リンク","","MISSING","","",""
"cargo.destination.padContents","ja-JP","{pad}: ({contents})","46C4E560ED412E5E91CC2809ACDDFF9A902694FC19310541DB444D9DA539A9DF","Cargo Link, destination, or export UI.","HIGH","contents; pad","","","{pad}：（{contents}）","","MISSING","","",""
"cargo.destination.padContentsLinked","ja-JP","{pad}: ({contents}) — linked to {destination}","0CDFF888723D4F5B2F31DC1F49E83C2A8078560E4B8D26A2E12C1674CF04028C","Cargo Link, destination, or export UI.","HIGH","contents; destination; pad","","","{pad}：（{contents}）— {destination}に接続","","MISSING","","",""
"cargo.destination.selectPad","ja-JP","Select cargo link...","0C06C8F77EE648241D2AEF00115499EE25AAA6DD865860141BDE71A7172DE88D","Cargo Link, destination, or export UI.","MEDIUM","","","","貨物リンクを選択...","","MISSING","","",""
"cargo.destination.unknownPad","ja-JP","Unknown cargo link","986ADDDD7490611B32FC3E1060624621C2336F0803BABC1EECF9E2F039E58A12","Cargo Link, destination, or export UI.","MEDIUM","","","","不明な貨物リンク","","MISSING","","",""
"cargo.destination.unknownPadInline","ja-JP","unknown cargo link","442FB1860DD920A894B5F436CDB708ACF518300BE6D959474056852299E3116E","Cargo Link, destination, or export UI.","MEDIUM","","","","不明な貨物リンク","","MISSING","","",""
"cargo.destination.unlinked","ja-JP","Unlinked","1E690B5815BE5BF48D2EB8F1DA6D951667E1F4003ED8C3A1015989004358BF11","Cargo Link, destination, or export UI.","MEDIUM","","","","未接続","","MISSING","","",""
"cargo.expandAll","ja-JP","Expand all","A3E586BE3EFF5FB9F768C0846035DB47CCF0F0E10727B0F14D829FF3A5913324","Cargo Link, destination, or export UI.","MEDIUM","","","","すべて展開","","MISSING","","",""
"cargo.export.toggle","ja-JP","Toggle export for {item}","867731F380025E7C28E0513647868E7DB3665B77CFF914373499D3D3A7F5FF69","Cargo Link, destination, or export UI.","MEDIUM","item","","","{item}の搬出を切り替え","","MISSING","","",""
"cargo.exports.empty","ja-JP","No items available to export.","1553E216F5D6C9DEDE00C63081AFE00F232C07089697F3FA257F121E275608DE","Cargo Link, destination, or export UI.","MEDIUM","","","","搬出できる項目がありません。","","MISSING","","",""
"cargo.exports.heading","ja-JP","Exports","2F4DCF59FF0CC41C77E519CA3D451220B2943856177BB20A634F2499F61610FE","Cargo Link, destination, or export UI. This is a visible heading.","MEDIUM","","","","搬出","","MISSING","","",""
"cargo.finishReshuffle","ja-JP","Finish reshuffling cargo links","DE6771ED000ECD9E652637A426CBF9ED582C779884763A3B2885A07927EED8C9","Cargo Link, destination, or export UI.","MEDIUM","","","","貨物リンクの並べ替えを完了","","MISSING","","",""
"cargo.heading","ja-JP","Cargo Links","E9B8BE501BF399617C9333EAD8AF1489FBC8A33BC7E250C52EE05609CE8CB30F","Cargo Link, destination, or export UI. This is a visible heading.","MEDIUM","","","","貨物リンク","","MISSING","","",""
"cargo.interSystem.button","ja-JP","Inter-System","74A7AD9B6748097BC975C51D06631E4C04DEB46CF8A8E3C56AE474EC598DC359","Cargo Link, destination, or export UI.","MEDIUM","","","","星系間","","MISSING","","",""
"cargo.interSystem.context","ja-JP","Inter-System Cargo Links","7A411DB1C8AC75256E3606688FECC60E1FE9D580FB322FBE48E6EC1F40B82875","Cargo Link, destination, or export UI.","MEDIUM","","","","星系間貨物リンク","","MISSING","","",""
"cargo.interstellar","ja-JP","Inter-System Cargo Link","DAD8480F89FA1500A3C89CD78F12984A6F3C58387856BC5DC6D3D3EE7719F6F1","Cargo Link, destination, or export UI.","MEDIUM","","","","星系間貨物リンク","","MISSING","","",""
"cargo.lockOrder","ja-JP","Lock order","7502440CB9BF3D736CC75C78D7491D37DC186DA7164CA35F318B8F2D2FF6E851","Button that exits cargo-link reordering mode and prevents further reordering; “lock” is an ordering action, not security or login.","HIGH","","","","並び順をロック","","MISSING","","",""
"cargo.pad.count","ja-JP","{count} {count, plural, one {cargo link} other {cargo links}}","9A6DC79391FEDF484957800C0CEF991D69CA0091EFDEDEADB653ED9874EDE079","Cargo Link, destination, or export UI.","MEDIUM","count","","","{count}件の貨物リンク","","MISSING","","",""
"cargo.pad.emptyExports","ja-JP","No exports","832A865AC1D9ED0631ADA7C0BA36E531E11412F822C15003C319882181948B6A","Cargo Link, destination, or export UI.","MEDIUM","","","","搬出なし","","MISSING","","",""
"cargo.pad.linkType.interSystem","ja-JP","Inter-System Cargo Link","DAD8480F89FA1500A3C89CD78F12984A6F3C58387856BC5DC6D3D3EE7719F6F1","Cargo Link, destination, or export UI.","MEDIUM","","","","星系間貨物リンク","","MISSING","","",""
"cargo.pad.linkType.standard","ja-JP","Standard Cargo Link","37BFFE86EC5D5F97A6735C8489B407D60AA6C1E58876C32E1CFFE4A8A9C559E9","Cargo Link, destination, or export UI.","MEDIUM","","","","通常の貨物リンク","","MISSING","","",""
"cargo.pad.linkedTo","ja-JP","Linked to {outpost}","9B270A455E565319B43E4DCD3BD021F3EF43E7A91110BEE4014BADFE3B886E58","Cargo Link, destination, or export UI.","MEDIUM","outpost","","","{outpost}に接続","","MISSING","","",""
"cargo.pad.noDestination","ja-JP","Unlinked","1E690B5815BE5BF48D2EB8F1DA6D951667E1F4003ED8C3A1015989004358BF11","Cargo Link, destination, or export UI.","MEDIUM","","","","未接続","","MISSING","","",""
"cargo.pad.noInboundCargo","ja-JP","No inbound cargo","AAFB78702B148BC725669B35884D9E6EE22E98BB0EC65B38FB212CA412A7AE61","Cargo Link, destination, or export UI.","MEDIUM","","","","搬入貨物なし","","MISSING","","",""
"cargo.pad.noOutboundCargo","ja-JP","No outbound cargo","AA0E00F725DDC52B23BCECAAE97C2AE9B03099E23AF8C81FA0EA96D3F46C6505","Cargo Link, destination, or export UI.","MEDIUM","","","","搬出貨物なし","","MISSING","","",""
"cargo.pad.remove","ja-JP","Remove {pad}","9FD22A4B7B210E0D60CA99E2F566705EC366AF0C1D7405DCD560BF5DB1259A74","Cargo Link, destination, or export UI.","MEDIUM","pad","","","{pad}を削除","","MISSING","","",""
"cargo.pad.semanticSummary","ja-JP","Destination {destination}. Outbound: {outbound}. Inbound: {inbound}. {linkType}.","A8FD06193EC26210033876EDCA16BDBA192077C57A765A1B0A8166E5750C635F","Cargo Link, destination, or export UI.","HIGH","destination; inbound; linkType; outbound","","","搬送先：{destination}。搬出：{outbound}。搬入：{inbound}。{linkType}。","","MISSING","","",""
"cargo.pad.summary","ja-JP","Cargo Link {ordinal}","EFB845F6ED747B80EB2821A9912CDC967497F7C7C6466595AABF814F4A25EFC6","Cargo Link, destination, or export UI.","MEDIUM","ordinal","","","貨物リンク{ordinal}","","MISSING","","",""
"cargo.remove","ja-JP","Remove","C3812FC4ACB861D5182FC2B8155F327F736FBE5E5EB86A7BD7AFCB6DC5497282","Cargo Link, destination, or export UI.","MEDIUM","","","","削除","","MISSING","","",""
"cargo.reshuffle","ja-JP","Reshuffle cargo links","E0A5AB1F1B266318FE16026151B449CE54535894A23C69CC4C3CA45570372E30","Cargo Link, destination, or export UI.","MEDIUM","","","","貨物リンクを並べ替え","","MISSING","","",""
"cargo.reshuffleButton","ja-JP","Reshuffle","24AB205A02FFFE0FE0223DC041BE048135351B78CAE94C04C035FCA9BCEA8BD8","Button that enters manual cargo-link reordering mode; it does not randomize the order.","HIGH","","","","並べ替え","","MISSING","","",""
"character.level","ja-JP","Level","1709305C9FA966D14F56F0DA3C3614BBC10ADCF53D72F90341BB96D24AFCFCA3","Character details field or Starfield skill label.","LOW","","","","レベル","","MISSING","","",""
"character.level.rejectedEmpty","ja-JP","Invalid level. Previous value restored. Enter a level from 1 to 999.","BDEB729B08E505155C537651FFB36F2AB266DABE7B1358C25CBFFD149F771CA4","Character details field or Starfield skill label.","LOW","","","","レベルが無効です。以前の値に戻しました。1から999までのレベルを入力してください。","","MISSING","","",""
"character.level.rejectedRestored","ja-JP","Invalid level. Restored to {value}. Enter a level from 1 to 999.","B40532B6F8E6F20DB8FD5DAF994D9D07DD9FEA96A4FC445761C35D242F5E2A34","Character details field or Starfield skill label.","LOW","value","","","レベルが無効です。{value}に戻しました。1から999までのレベルを入力してください。","","MISSING","","",""
"character.name","ja-JP","Character","1405A63E8A78B85C1B035B3C5277E3CC39FA98621C110BC522C85547D8AFAB1A","Character details field or Starfield skill label.","LOW","","","","キャラクター","","MISSING","","",""
"character.skill.outpostEngineering","ja-JP","Outpost Engineering","19B32438AE32FD11528B4BBFB3C1D8ED87226BEF897CAD12F3CD9568427BFFEE","Character details field or Starfield skill label.","LOW","","","","拠点エンジニアリング","","MISSING","","",""
"character.skill.outpostManagement","ja-JP","Outpost Management","A58D0772E0598F067CC037FC206CE9FE005398D2505F7084E015C455B23D81A3","Character details field or Starfield skill label.","LOW","","","","拠点管理","","MISSING","","",""
"character.skill.planetaryHabitation","ja-JP","Planetary Habitation","3913EC7627467F60C60459292711D981A72B4A06F40562C4267989A25FD6E55C","Character details field or Starfield skill label.","LOW","","","","惑星居住","","MISSING","","",""
"character.skill.researchMethods","ja-JP","Research Methods","3D3F20B68B19BC1402226BFB8BF596BAFF6A66CDC5FC89F0D7F8F42CB5A8850A","Character details field or Starfield skill label.","LOW","","","","研究手法","","MISSING","","",""
"character.skill.specialProjects","ja-JP","Special Projects","DD0B829F63D765DE8A7C303E0B5C3C3A11F0D6CEDB1AE54268B6373FA0869C0C","Character details field or Starfield skill label.","LOW","","","","特別プロジェクト","","MISSING","","",""
"character.skillRank.rejectedEmpty","ja-JP","Invalid rank. Previous value restored. Enter a rank from 0 to 4.","80B7EA62FF82C306ABC8F9CFDFE0F0B5B4402943FB259F48F37AB5FE57C5622D","Character details field or Starfield skill label.","LOW","","","","ランクが無効です。以前の値に戻しました。0から4までのランクを入力してください。","","MISSING","","",""
"character.skillRank.rejectedRestored","ja-JP","Invalid rank. Restored to {value}. Enter a rank from 0 to 4.","CB679CAFE2CD502C03EF32A1B042F11037CA7AEC55E96FF1EF292907E57319D0","Character details field or Starfield skill label.","LOW","value","","","ランクが無効です。{value}に戻しました。0から4までのランクを入力してください。","","MISSING","","",""
"common.about","ja-JP","About","4EFCA0D10C5FEB8E9B35EB1D994F2905BB71714E6A271F511D713B539EA5FAA1","Shared visible or accessible UI action.","LOW","","","","このアプリについて","","MISSING","","",""
"common.add","ja-JP","+ Add","C007258C23B0C011FB7751C141B02F926CF3DAAED1BF1B5AD2630166FBD7ACDB","Shared visible or accessible UI action.","LOW","","","","＋ 追加","","MISSING","","",""
"common.cancel","ja-JP","Cancel","19766ED6CCB2F4A32778EED80D1928D2C87A18D7C275CCB163EC6709D3EB2E27","Shared visible or accessible UI action.","LOW","","","","キャンセル","","MISSING","","",""
"common.cancel.lower","ja-JP","cancel","2374D91794B79F4FB4EC9587D2CF00AECC4F9953FAB3ED1DD12AB147A0B721F9","Shared visible or accessible UI action.","LOW","","","","キャンセル","","MISSING","","",""
"common.close","ja-JP","Close","7D9EB7ACB13E24625C404401D8E88B2350E32162455885F18276CF802F7701ED","Shared visible or accessible UI action.","LOW","","","","閉じる","","MISSING","","",""
"common.collapseItem","ja-JP","Collapse {item}","BF6FAF0BEE16AF0AB30A12FB946BC8EE9DAEBCEF91215A311C56FDEDF1110FE6","Shared visible or accessible UI action.","LOW","item","","","{item}を折りたたむ","","MISSING","","",""
"common.dragToReorder","ja-JP","Drag {item} to reorder","EC1FB0D17C7786E584A4058C2615E2FC72DB167628A213FD87B7876A9923B29A","Shared visible or accessible UI action.","LOW","item","","","{item}をドラッグして並べ替え","","MISSING","","",""
"common.edit","ja-JP","edit","262121C5372BE8AF3AE6FF0D3D138D9E6E1249335222C7F0E02535E35073BB0B","Shared visible or accessible UI action.","LOW","","","","編集","","MISSING","","",""
"common.expandItem","ja-JP","Expand {item}","71095F43C84CE024864DF4D831022C695F5245837BB3C2980944C62FDECB82D3","Shared visible or accessible UI action.","LOW","item","","","{item}を展開","","MISSING","","",""
"common.help","ja-JP","Help","B79CAC926E0B2E347E72CC91D5174037C9E17AE7733FD7BDB570F71B10CD7BFC","Shared visible or accessible UI action.","LOW","","","","ヘルプ","","MISSING","","",""
"common.moveDown","ja-JP","Move {item} down","28EAD9D3C31C004FA025649ED35F6F211E2196D6F0B2687D36C7306ACE5DD6F8","Shared visible or accessible UI action.","LOW","item","","","{item}を下へ移動","","MISSING","","",""
"common.moveUp","ja-JP","Move {item} up","309715D5ABC4A5809F1D97EF0A26EED13CC4B3879E4AD02F5E928F66B52AEA24","Shared visible or accessible UI action.","LOW","item","","","{item}を上へ移動","","MISSING","","",""
"common.removeItem","ja-JP","Remove {item}","C0CB17362DDA768865C711B4460785556EB374DEC3D9B97A21485F558716FDD9","Shared visible or accessible UI action.","LOW","item","","","{item}を削除","","MISSING","","",""
"common.save","ja-JP","save","157DCA92E4250458339D4B835250D44C238F3355E1B7986195188EE434E9BAFF","Shared visible or accessible UI action.","LOW","","","","保存","","MISSING","","",""
"help.biomes","ja-JP","Selected biomes limit resource availability to resources that can occur in those biomes.","CF340BC570445DC3189A58F2730ACFFC310BF5913C65B2542C571D940AD83A9C","Contextual help, tooltip, or explanatory guidance.","HIGH","","","","選択したバイオームにより、利用可能な資源はそのバイオームに存在し得るものに限定されます。","","MISSING","","",""
"help.contextLabel","ja-JP","Help for {context}","2305D35987B5CA25ED9BE3778B9BEBD0839ED05B57FC7B9AA1AE16EE7C8232C3","Contextual help, tooltip, or explanatory guidance.","HIGH","context","","","{context}のヘルプ","","MISSING","","",""
"help.forContext","ja-JP","Help for {context}","2305D35987B5CA25ED9BE3778B9BEBD0839ED05B57FC7B9AA1AE16EE7C8232C3","Contextual help, tooltip, or explanatory guidance.","HIGH","context","","","{context}のヘルプ","","MISSING","","",""
"help.inorganicPresentPossible","ja-JP","{resource} may be present at this outpost.","7A19C93E01E0E0F539BDAF043D2BAD406A1C2A5F84AE2D7D0C584433E5F19E20","Contextual help, tooltip, or explanatory guidance.","HIGH","resource","","","{resource}はこの拠点に存在する可能性があります。","","MISSING","","",""
"help.inorganicPresentRecorded","ja-JP","{resource} is recorded as present at this outpost.","5433476C752DD4838F551A5F46C13FD312C09B6D942EAB5E8DB76CC58CF48A5B","Contextual help, tooltip, or explanatory guidance.","HIGH","resource","","","{resource}はこの拠点に存在すると記録されています。","","MISSING","","",""
"help.interSystem","ja-JP","Inter-System Cargo Links can connect outposts in different star systems and require Helium-3.","839122CE4B7D22320D6B55D17FC1A1B44D8E7EF980015E244A88E6C3DA9EA8E5","Contextual help, tooltip, or explanatory guidance.","HIGH","","","","星系間貨物リンクは異なる星系の拠点同士を接続でき、He-3を必要とします。","","MISSING","","",""
"help.logistics","ja-JP","Items currently assigned to cargo links are displayed here.","9AACF81A4429C8A3204D369D51D6C7415852888BC9345C9FF418364A0E6F20A3","Contextual help, tooltip, or explanatory guidance.","HIGH","","","","現在貨物リンクに割り当てられている項目がここに表示されます。","","MISSING","","",""
"help.organic.availableBiome","ja-JP","{resource} is available from a domesticable species in {biome}.","08DCDBE635A014EDA15FEE7FB51FD449D47B88EA4AD40A07BA554B51BA005C09","Contextual help, tooltip, or explanatory guidance.","HIGH","biome; resource","","","{biome}の飼育可能な生物種から{resource}を得られます。","","MISSING","","",""
"help.organic.availableBiomes","ja-JP","{resource} is available from a domesticable species in the selected biomes.","EEED40289FB395DD7ED151E0BB921F1A6D4864FEDD6C6B9A37206245485488C0","Contextual help, tooltip, or explanatory guidance.","HIGH","resource","","","選択したバイオームの飼育可能な生物種から{resource}を得られます。","","MISSING","","",""
"help.organic.availablePlanet","ja-JP","{resource} is available from a domesticable species on this planet.","800288FB8556213CA1A000007CD9B7A9ED0A679F2F4CF3F485FA0E43F812EDF4","Contextual help, tooltip, or explanatory guidance.","HIGH","resource","","","この惑星の飼育可能な生物種から{resource}を得られます。","","MISSING","","",""
"help.organic.availableSelectedBiome","ja-JP","{resource} is available from a domesticable species in the selected biome.","1849A608FB48BAE780448269CFC2E56C17BCDEC11D3B684D6CAC9B2A349FF4B0","Contextual help, tooltip, or explanatory guidance.","HIGH","resource","","","選択したバイオームの飼育可能な生物種から{resource}を得られます。","","MISSING","","",""
"help.organic.unavailableBiome","ja-JP","{resource} is not available from this domesticable species in the selected biome.","36C384082F0473F8BAA7E9F3A74F1CF172BF484A2AF8A9ECB18F1419CF637F95","Contextual help, tooltip, or explanatory guidance.","HIGH","resource","","","選択したバイオームでは、この飼育可能な生物種から{resource}を得られません。","","MISSING","","",""
"help.organic.unavailableBiomes","ja-JP","{resource} is not available from this domesticable species in the selected biomes.","6C37689A770CBBD2A04A59A39425686AD1CEEA95DFF31933D1ED6FC4935FFA0C","Contextual help, tooltip, or explanatory guidance.","HIGH","resource","","","選択したバイオームでは、この飼育可能な生物種から{resource}を得られません。","","MISSING","","",""
"help.organic.unavailablePlanet","ja-JP","{resource} is not available from this domesticable species on this planet.","62532143EA01F6A47D6146772E4EC2B1AC5AEE3776D976EC7AA0DEC13AFB33CE","Contextual help, tooltip, or explanatory guidance.","HIGH","resource","","","この惑星では、この飼育可能な生物種から{resource}を得られません。","","MISSING","","",""
"help.plannedSupply","ja-JP","Selected items act as placeholders until local or imported supply is established.","CAFFBA1914AB60D9E102CB58E0FE0B10E353579F43CB8BB67FB90AE5A8468DCE","Contextual help, tooltip, or explanatory guidance.","HIGH","","","","選択した項目は、現地供給または搬入が確立されるまで仮の供給として扱われます。","","MISSING","","",""
"help.present","ja-JP","Shows whether a resource can be present at this outpost.","2D44B13D06D4C5D9586131A1C16DB22686334E21758E9EF6EB8B045DD15E34CE","Contextual help, tooltip, or explanatory guidance.","HIGH","","","","この拠点に資源が存在し得るかを示します。","","MISSING","","",""
"help.producing","ja-JP","Shows whether this outpost is currently set to produce the resource or product.","29DCDE55AD1D0CD4D37C40CF36C7B456875A6C5B7140B102FABFB09C0F0AABC7","Contextual help, tooltip, or explanatory guidance.","HIGH","","","","この拠点が現在、その資源または製造品を生産する設定になっているかを示します。","","MISSING","","",""
"help.validation","ja-JP","Errors identify invalid states, warnings identify incomplete or inconsistent states, and info highlights useful follow-up items.","789745A39ED1260E4E0F45198AA483207C2B651ED1DDF801C4077D03D1FD3FE4","Contextual help, tooltip, or explanatory guidance.","HIGH","","","","エラーは無効な状態、警告は不完全または不整合な状態、情報は有用なフォローアップ項目を示します。","","MISSING","","",""
"history.addBiome","ja-JP","Add biome selection for {outpost}","893FBD42D6863BBAA9AD361602DFACB90A7E9E91C64ADF3AD34E922E34081731","Relocalizable Undo/Redo action description.","MEDIUM","outpost","","","{outpost}にバイオーム選択を追加","","MISSING","","",""
"history.addCargoPad","ja-JP","Add {outpost} / {pad}","416B79340A29487BC0F3C9C6D7675C5D6969D3347B5826DBD8F0FD415399FDBC","Relocalizable Undo/Redo action description.","HIGH","outpost; pad","","","{outpost} / {pad}を追加","","MISSING","","",""
"history.addExplicitResource","ja-JP","Add explicit resource {resource} to {outpost}","EB0C15D35B7EEA055EBD46086D374FED5D3BD2D8461A1BA3CBD5DCCF5F65B798","Relocalizable Undo/Redo action description.","HIGH","outpost; resource","","","{outpost}に明示的な資源{resource}を追加","","MISSING","","",""
"history.addExport","ja-JP","Add export {item} to {outpost} / {pad}","8BF72E540F447BEE04AB301D6FABBC89D0547E89B3BB831228853173EEE1DBD1","Relocalizable Undo/Redo action description.","HIGH","item; outpost; pad","","","{item}の搬出を{outpost} / {pad}に追加","","MISSING","","",""
"history.addLocalResource","ja-JP","Add local resource {resource} to {outpost}","1A568B9382CE83A903BF161A3A89A3B665BCFC58BECD028E0FE8C3CA285714EA","Relocalizable Undo/Redo action description.","HIGH","outpost; resource","","","{outpost}に現地資源{resource}を追加","","MISSING","","",""
"history.addNetwork","ja-JP","Add network","0B6A12F5D7070417ADA9474DD5F213744693BC727D2504C94C2D8055A0826A84","Relocalizable Undo/Redo action description.","MEDIUM","","","","ネットワークを追加","","MISSING","","",""
"history.addOutpost","ja-JP","Add outpost","E918451B6D2EC69126402B9C3D175CBCF5114A80163A34073D64D10FE29E5D0A","Relocalizable Undo/Redo action description.","MEDIUM","","","","拠点を追加","","MISSING","","",""
"history.addPlannedSupply","ja-JP","Add Planned Supply {item}","01C358D6681105870D2F96A2246E9D9AB36C48D17786F9CF4149585D613D4765","Relocalizable Undo/Redo action description.","MEDIUM","item","","","{item}を供給予定に追加","","MISSING","","",""
"history.benchmark","ja-JP","{label}","1F0B60B0B03A95C72373255490256B7384E30D23C62AB3477558ED6209C312AB","Relocalizable Undo/Redo action description.","MEDIUM","label","","","{label}","","MISSING","","",""
"history.changeBody","ja-JP","Change {outpost} body to {body}","E8CD919D877A72EB0730C959C5ADA078D7B1E61E118C01B0B0F941A009166594","Relocalizable Undo/Redo action description.","HIGH","body; outpost","","","{outpost}の天体を{body}に変更","","MISSING","","",""
"history.changeCargoLink","ja-JP","Change link for {localOutpost} / {localPad} to {remoteOutpost} / {remotePad}","108A2278E01EABCE4807854AAEFFA410B9EA645F0DDA2A6C0660D30F417DF617","Relocalizable Undo/Redo action description.","HIGH","localOutpost; localPad; remoteOutpost; remotePad","","","{localOutpost} / {localPad}の接続先を{remoteOutpost} / {remotePad}に変更","","MISSING","","",""
"history.changeCargoPadType","ja-JP","Change {outpost} / {pad} to {type}","86065BEEC14B2BCDE4BF7F722D54A067C374AAEACE2FB0DD7123629A8F00604A","Relocalizable Undo/Redo action description.","HIGH","outpost; pad; type","","","{outpost} / {pad}を{type}に変更","","MISSING","","",""
"history.changeCharacterLevel","ja-JP","Change character level from {previousLevel} to {level}","2C4695DE4208CE65326C97BB6474FA50C6BAB491933ECBEE2DF644BD98B55271","Relocalizable Undo/Redo action description.","HIGH","level; previousLevel","","","キャラクターレベルを{previousLevel}から{level}に変更","","MISSING","","",""
"history.changeSkill","ja-JP","Change {skill} from {previousRank} to {rank}","05B1667E5AEB74081B3E9764FB39D361EA2993FA87EBC8EFB7245BD6F929321E","Relocalizable Undo/Redo action description.","HIGH","previousRank; rank; skill","","","{skill}をランク{previousRank}から{rank}に変更","","MISSING","","",""
"history.changeSystem","ja-JP","Change {outpost} system to {system}","434BE195B40DA835328B4169238A89FDE6CBFD1E8A050CB109C88FC287C9EE56","Relocalizable Undo/Redo action description.","HIGH","outpost; system","","","{outpost}の星系を{system}に変更","","MISSING","","",""
"history.clearBody","ja-JP","Clear body for {outpost}","9EE9E438B559F3E1D27076737BCFB1C7CCE220987BA38D8AFAB970C17F04BB50","Relocalizable Undo/Redo action description.","MEDIUM","outpost","","","{outpost}の天体を消去","","MISSING","","",""
"history.clearCharacterLevel","ja-JP","Clear character level","53C89A49BC93F1FD145A2A8A7BCAD56512B91602445B68A48D31A42CAF6B1DCA","Relocalizable Undo/Redo action description.","MEDIUM","","","","キャラクターレベルを消去","","MISSING","","",""
"history.clearSkill","ja-JP","Clear {skill}","C786683A01571783C5CEE701248E06C1E2DF39C77F491D7B91CA2ACD5BE7C5C0","Relocalizable Undo/Redo action description.","MEDIUM","skill","","","{skill}を消去","","MISSING","","",""
"history.clearSystem","ja-JP","Clear system for {outpost}","9A97C0059A13680B72EAE571F32117DDB8F15163B7B3BAFD2D4941CB0F3B0C2C","Relocalizable Undo/Redo action description.","MEDIUM","outpost","","","{outpost}の星系を消去","","MISSING","","",""
"history.deleteCargoPad","ja-JP","Delete {outpost} / {pad}","F82A5ADC1AD6ADB5B5873FF6288E72228D4736CEB5896DC680E0167E1A4CDFBE","Relocalizable Undo/Redo action description.","HIGH","outpost; pad","","","{outpost} / {pad}を削除","","MISSING","","",""
"history.deleteNetwork","ja-JP","Delete network","C791F434B1DC472E954E4B21607059C30827A221DDC3D04919AB8229F846D500","Relocalizable Undo/Redo action description.","MEDIUM","","","","ネットワークを削除","","MISSING","","",""
"history.deleteOutpost","ja-JP","Delete outpost {outpost}","79C589562212E521272A6E54394BF20BC22128C297D348F35D42C0DD140A797A","Relocalizable Undo/Redo action description.","MEDIUM","outpost","","","拠点{outpost}を削除","","MISSING","","",""
"history.editManufacturing","ja-JP","Edit manufacturing at {outpost}","C9AFE37FB5D66D5F7AC538C1EED10DD229AB717193B4225A90B34AF5A1FEF8CC","Relocalizable Undo/Redo action description.","MEDIUM","outpost","","","{outpost}の製造を編集","","MISSING","","",""
"history.importNetworks","ja-JP","Import networks","84098C98A37E069A64F1531E4CEAC2C1CCE108FF2CB8B62332E877C9BA57D580","Relocalizable Undo/Redo action description.","MEDIUM","","","","ネットワークをインポート","","MISSING","","",""
"history.linkCargoPad","ja-JP","Link {localOutpost} / {localPad} to {remoteOutpost} / {remotePad}","88EE5C1148024FD285A212393D75507FE47480AFD766F6B54F5AA5CC956488D4","Relocalizable Undo/Redo action description.","HIGH","localOutpost; localPad; remoteOutpost; remotePad","","","{localOutpost} / {localPad}を{remoteOutpost} / {remotePad}に接続","","MISSING","","",""
"history.moveCargoPad","ja-JP","Move {outpost} / {pad} to position {position}","6E7E6A017CC6BDF02F26F2324E39AFA81B6F1A60C38CFF35107A3E228D0E2F47","Relocalizable Undo/Redo action description.","HIGH","outpost; pad; position","","","{outpost} / {pad}を{position}番目に移動","","MISSING","","",""
"history.moveOutpost","ja-JP","Move {outpost} to position {position}","3B3006733CC17E27FD128D53A7968132F9ABBB1C1486BCD51F6DB29EC38443EE","Relocalizable Undo/Redo action description.","HIGH","outpost; position","","","{outpost}を{position}番目に移動","","MISSING","","",""
"history.networkContext","ja-JP","Network {ordinal}: {action}","1E82C6A8AA649F636D185126B84DC803B03D803FA3E6F8B1949064CE4B371ADF","Relocalizable Undo/Redo action description.","HIGH","action; ordinal","","","ネットワーク{ordinal}：{action}","","MISSING","","",""
"history.redo","ja-JP","Redo","74273989B0966E2369B6D01AADB23AF4AD6A9E724643FA88F2BDE99202A36708","Relocalizable Undo/Redo action description.","MEDIUM","","","","やり直す","","MISSING","","",""
"history.redo.action","ja-JP","Redo: {action}","B547829FEB3803DBDD25DAB483F1901FBD919E143CF04C05762190B5DE1BB758","Relocalizable Undo/Redo action description.","MEDIUM","action","","","やり直す：{action}","","MISSING","","",""
"history.redo.none","ja-JP","Nothing to redo","4AAF2710A06093447959EBE89E9476D48AD0A7D243FBBE9977CE51C595876B55","Relocalizable Undo/Redo action description.","MEDIUM","","","","やり直せる操作はありません","","MISSING","","",""
"history.removeBiome","ja-JP","Remove biome selection for {outpost}","969F3EA42820E901A14033E682789514084F6D170128CBFB3EBE9704B15BD4D5","Relocalizable Undo/Redo action description.","MEDIUM","outpost","","","{outpost}のバイオーム選択を解除","","MISSING","","",""
"history.removeExplicitResource","ja-JP","Remove explicit resource {resource} from {outpost}","9C3EFF7493C2FD697060EC06B55B6E909891DD72F270CFE8AF967D58AD468D13","Relocalizable Undo/Redo action description.","HIGH","outpost; resource","","","{outpost}から明示的な資源{resource}を削除","","MISSING","","",""
"history.removeExport","ja-JP","Remove export {item} from {outpost} / {pad}","F56A09E0EA0D5AFE4297842F244021A1886029E3AFD252A720D8AAD9E8131574","Relocalizable Undo/Redo action description.","HIGH","item; outpost; pad","","","{outpost} / {pad}から{item}の搬出を削除","","MISSING","","",""
"history.removeLocalResource","ja-JP","Remove local resource {resource} from {outpost}","3D62E4624BCD438245F262B2E9C5C42B787739DEB56A721898CAABD659145AD5","Relocalizable Undo/Redo action description.","HIGH","outpost; resource","","","{outpost}から現地資源{resource}を削除","","MISSING","","",""
"history.removePlannedSupply","ja-JP","Remove Planned Supply {item}","948C1F6C5869D505D4D42C229E5FC4B3AA89D81EEF2C938A732156C427A06F29","Relocalizable Undo/Redo action description.","MEDIUM","item","","","{item}を供給予定から削除","","MISSING","","",""
"history.renameCharacter","ja-JP","Rename character {previousName} to {name}","8D4BCA97AE9F42035389F0C55B63FF4E2C4A05C16E28C85DC0FCDB4DF13806DD","Relocalizable Undo/Redo action description.","HIGH","name; previousName","","","キャラクター名を{previousName}から{name}に変更","","MISSING","","",""
"history.renameOutpost","ja-JP","Rename outpost {previousName} to {name}","8F0926A3817A8249DE5756C3295E233FF53C310F6A9E6C6AECF9AFE9D2A1BC4C","Relocalizable Undo/Redo action description.","HIGH","name; previousName","","","拠点名を{previousName}から{name}に変更","","MISSING","","",""
"history.resetNetwork","ja-JP","Reset network","4A609854AE08898CAE2C4B634B016AFD1FDC3BEB4F84342B1239EC55DD8EEF6F","Relocalizable Undo/Redo action description.","MEDIUM","","","","ネットワークをリセット","","MISSING","","",""
"history.setCharacterLevel","ja-JP","Set character level to {level}","780B89077917658A4A33F5391C437D7C839EAC9A75DFBF2ED43D19B8E44C2889","Relocalizable Undo/Redo action description.","MEDIUM","level","","","キャラクターレベルを{level}に設定","","MISSING","","",""
"history.setSkill","ja-JP","Set {skill} to {rank}","77319DA02DA0DBEE04C21303E9C8460EA452D1CB980B146CF12582679109EAD6","Relocalizable Undo/Redo action description.","HIGH","rank; skill","","","{skill}をランク{rank}に設定","","MISSING","","",""
"history.startProducing","ja-JP","Start producing {resource} at {outpost}","A19EAEEBCA12AC4C3545C0B61AB4A78E7056468D7B8AE2CC203C0401ADF421F6","Relocalizable Undo/Redo action description.","HIGH","outpost; resource","","","{outpost}で{resource}の生産を開始","","MISSING","","",""
"history.stopProducing","ja-JP","Stop producing {resource} at {outpost}","2790D53F2BF7B708F26E90199DE17B9513C9139A68F79CB1DEB82265FEF538C1","Relocalizable Undo/Redo action description.","HIGH","outpost; resource","","","{outpost}で{resource}の生産を停止","","MISSING","","",""
"history.undo","ja-JP","Undo","A8283ADE31856F71220DB0E6F60A257C6889DC4DAD0F275F66AD44B9ED9BF8D5","Relocalizable Undo/Redo action description.","MEDIUM","","","","元に戻す","","MISSING","","",""
"history.undo.action","ja-JP","Undo: {action}","A6CB877C6B435FF3EF0D9ABAD3387FFFCC47FA869E27199FE203B086E36A51E8","Relocalizable Undo/Redo action description.","MEDIUM","action","","","元に戻す：{action}","","MISSING","","",""
"history.undo.none","ja-JP","Nothing to undo","8329007820D54938FE5DBF93C1D1CA8D76CD0657AD4C882689605F572E4AE6F0","Relocalizable Undo/Redo action description.","MEDIUM","","","","元に戻せる操作はありません","","MISSING","","",""
"history.unlinkCargoPad","ja-JP","Unlink {outpost} / {pad}","7D8EBF7B409B216684FF93170EEAE15F2111513D9D1262FF30E02F9A4DE5A668","Relocalizable Undo/Redo action description.","HIGH","outpost; pad","","","{outpost} / {pad}の接続を解除","","MISSING","","",""
"locale.selector.automatic","ja-JP","Automatic ({locale})","F139A462E854752156E3389DC3276EC53EC63E5840856D9649163DB4D1E08FD5","Language selector and effective-locale presentation.","LOW","locale","","","自動（{locale}）","","MISSING","","",""
"locale.selector.current","ja-JP","Language and region: {locale}","4130B7241194E6419EDB302D6D20F78FB64719872DA27A1790711E229321E8A1","Language selector and effective-locale presentation.","LOW","locale","","","言語と地域：{locale}","","MISSING","","",""
"locale.selector.label","ja-JP","Language and region","4F9555CD54EADE38887A7B1D16435E6487A41C92F684BD78E01F20EA991C8E7D","Language selector and effective-locale presentation. This is a form or control label.","LOW","","","","言語と地域","","MISSING","","",""
"matrix.action.toggle","ja-JP","{action} {item}","DC8B8B32CEB833991863B5F3DACF816862F17865C8B68302C2CEAE5E445FA49D","Resource Matrix label, action, state, or tooltip.","HIGH","action; item","","","{item}を{action}","","MISSING","","",""
"matrix.action.togglePresent","ja-JP","Toggle Present for {item}","3B1861C21786E4B797EA34D360FBA067E9B75766F21067D01CC9F3EA3655C739","Resource Matrix label, action, state, or tooltip.","MEDIUM","item","","","{item}の存在状態を切り替え","","MISSING","","",""
"matrix.action.toggleProducing","ja-JP","Toggle Producing for {item}","83C0CBABA203A6B13DF5A148B7872FFE8D686A15440DA523539073C54D1703BE","Resource Matrix label, action, state, or tooltip.","MEDIUM","item","","","{item}の生産状態を切り替え","","MISSING","","",""
"matrix.action.toggleProducingSource","ja-JP","Toggle Producing from {source} for {item}","42793C59523D94302785651913A4291213010AD11779FCE9378B7782B43BB2B5","Resource Matrix label, action, state, or tooltip.","HIGH","item; source","","","{item}の{source}による生産を切り替え","","MISSING","","",""
"matrix.action.xTech.add","ja-JP","Add {resource} as present","48E58826798CF2E5504DCE63D53A13988656582AED2B000DD05BC58F134C0666","Resource Matrix label, action, state, or tooltip.","MEDIUM","resource","","","{resource}を存在する資源として追加","","MISSING","","",""
"matrix.column.inputs","ja-JP","Inputs","7ABC49DFA87BC183179762B87F9914CEADC46C29A5621493A4A91E54D401C1ED","Compact Resource Matrix column for items required by configured recipes or organic production; not data-entry fields.","HIGH","","","","必要素材","","MISSING","","",""
"matrix.column.item","ja-JP","Item","652BCC3A478428893CC505AE19F847B49BE52F861BEDC64BB192CEED409FA733","Resource Matrix label, action, state, or tooltip.","MEDIUM","","","","項目","","MISSING","","",""
"matrix.column.logistics","ja-JP","Logistics","AE6E98909C98E7C973D920A2D6868685D2E2F25DB3E98683EF3D0DBAE00BF7D6","Compact Resource Matrix column for items actually assigned to routed cargo exports; not merely items that could be exported.","HIGH","","","","物流","","MISSING","","",""
"matrix.column.present","ja-JP","Present","43F9B89C0B9D22D8110EAD813EA3949F20592A8BFC3C777D2D49E64DA3B0CC9B","Compact Resource Matrix column label meaning the item/resource exists or can exist at this outpost/location; not temporal “currently”.","HIGH","","","","存在","","MISSING","","",""
"matrix.column.producing","ja-JP","Producing","6205C14B87A9F7261B6078D0347AAA6998853CC7BE936390846C6F1B95BF0B56","Compact Resource Matrix state meaning this outpost is configured to extract, harvest, or manufacture the item; no throughput is implied.","HIGH","","","","生産中","","MISSING","","",""
"matrix.column.source","ja-JP","Source","0E570CA6FABE24F94E52C1833F3FFD25567022BEB826FA16891F3322051BC221","Resource Matrix label, action, state, or tooltip.","MEDIUM","","","","供給源","","MISSING","","",""
"matrix.heading","ja-JP","Resource Matrix","0FF84E3776BFD5BC3F7CB4E19082D8AF196D2FE785AA1368744C9A46FAEA6569","Heading for the Resource Matrix, a tabular view of resource presence, active production, recipe inputs, and routed logistics. This is a visible heading.","HIGH","","","","資源マトリックス","","MISSING","","",""
"matrix.imports.empty","ja-JP","No imports.","0D77E00016DF198643A2253AFBFBE2438E9B062704280FD31A6401F534C29C89","Resource Matrix label, action, state, or tooltip.","MEDIUM","","","","搬入はありません。","","MISSING","","",""
"matrix.manufacturing.add","ja-JP","Add manufactured product","9121C16E7EDB9925D309961B06EE2F11B3E7B1F05E2FA48ABA47B1F2B63FB0EA","Resource Matrix label, action, state, or tooltip.","MEDIUM","","","","製造品を追加","","MISSING","","",""
"matrix.manufacturing.addLabel","ja-JP","Add product","61C2739652DED96551EFED256FE50CD2B163432AFC860F3DE72E67B389419350","Resource Matrix label, action, state, or tooltip.","MEDIUM","","","","製造品を追加","","MISSING","","",""
"matrix.manufacturing.empty","ja-JP","No manufacturing recorded.","99A796FE6FA135735F0A14B99075E5C0042639AA22F89F176B3E6E5C5FF962A4","Resource Matrix label, action, state, or tooltip.","MEDIUM","","","","製造の記録はありません。","","MISSING","","",""
"matrix.manufacturing.select","ja-JP","Select product...","BC94A3C3810455749C1271E4F7F3326D0E62558B83CA19258D3DDE4DE99923B8","Resource Matrix label, action, state, or tooltip.","MEDIUM","","","","製造品を選択...","","MISSING","","",""
"matrix.section.imports","ja-JP","Imports","7DF60B64E7EF61E31FC47CAA6F57B0DDCE2FBBD9EB6A49D425EA04F34F5A542C","Resource Matrix label, action, state, or tooltip.","MEDIUM","","","","搬入","","MISSING","","",""
"matrix.section.inorganic","ja-JP","Inorganic","897FDA90A70D9858F75D9CBD82D0E8F76C5D41753289E3FF619EB61863A5E91F","Resource Matrix section heading for mineral/inorganic resources.","HIGH","","","","無機","","MISSING","","",""
"matrix.section.manufacturing","ja-JP","Manufacturing","C6838ED989FD7D93BA9023466783C95230843EE13ACAFD63A355F9AD766CC39F","Resource Matrix section heading for configured product manufacturing; no throughput is modeled.","HIGH","","","","製造","","MISSING","","",""
"matrix.section.organic","ja-JP","Organic","89B8CB68F4EDD75B5FB10DA9CC85802C15214A84CDA6D2F2D841BDF80E7109D3","Resource Matrix section heading for resources obtained from flora or fauna.","HIGH","","","","有機","","MISSING","","",""
"matrix.source.unspecified","ja-JP","Unspecified","5B8AA0BF3C59DAEC38E2D0C690A1A62513208D1E2075DAD62A32CA0B9440B1A1","Resource Matrix label, action, state, or tooltip.","MEDIUM","","","","未指定","","MISSING","","",""
"matrix.state.active","ja-JP","{item}: active","C5842642495AB6998996C229C92496708FC4AC40E64CABBF5D42D2C105D54505","Resource Matrix label, action, state, or tooltip.","MEDIUM","item","","","{item}：有効","","MISSING","","",""
"matrix.state.inactive","ja-JP","{item}: inactive","6A8DF3F499FC4DBF092E8D8BA000DA986477895629A19B6E0F4D0D1585B62630","Resource Matrix label, action, state, or tooltip.","MEDIUM","item","","","{item}：無効","","MISSING","","",""
"matrix.tooltip.export.active","ja-JP","{item} is being exported to {destinations}.","055BBD5D2C929206E046EC3F250A6E5E18CA49A54ABAD1F5BB25F548EC20368F","Resource Matrix label, action, state, or tooltip. This is explanatory tooltip text.","HIGH","destinations; item","","","{item}は{destinations}に搬出中です。","","MISSING","","",""
"matrix.tooltip.export.inactive","ja-JP","{item} is not being exported.","3D5C74ACC064244CA844A5985D467922DF00655889AA20E9E09D1D734B70A9A7","Resource Matrix label, action, state, or tooltip. This is explanatory tooltip text.","MEDIUM","item","","","{item}は搬出されていません。","","MISSING","","",""
"matrix.tooltip.import.active","ja-JP","{item} is being imported.","22B78023B0061204A0DAAD357D2E134A358394AEF6B2B56014E7F962FABBF63C","Resource Matrix label, action, state, or tooltip. This is explanatory tooltip text.","MEDIUM","item","","","{item}は搬入中です。","","MISSING","","",""
"matrix.tooltip.input.available","ja-JP","{item} is available at this outpost.","7E957480BD17FC93AD8CCF3CCF75C1D611C2A0F1062E1B1EF3CE52149B52A5EF","Resource Matrix label, action, state, or tooltip. This is explanatory tooltip text.","MEDIUM","item","","","{item}はこの拠点で利用できます。","","MISSING","","",""
"matrix.tooltip.input.unavailable","ja-JP","{item} is not available at this outpost.","CD51B09CECAF9938958EC84ED6BBD41ED9F65CCCA813377987402991246A0CD5","Resource Matrix label, action, state, or tooltip. This is explanatory tooltip text.","MEDIUM","item","","","{item}はこの拠点で利用できません。","","MISSING","","",""
"matrix.tooltip.manufacturing.blocked","ja-JP","{item} is not being produced at this outpost due to missing inputs.","6B5041B4E9ACD713834127A9C03F6511181DAD863E498E96483D2310DD98D6A9","Resource Matrix label, action, state, or tooltip. This is explanatory tooltip text.","MEDIUM","item","","","{item}は入力不足のため、この拠点で生産されていません。","","MISSING","","",""
"matrix.tooltip.producing.active","ja-JP","{item} is being produced at this outpost.","89F21A9639298627054AC3918E70BF648B4396E095781366BE34464D13526799","Resource Matrix label, action, state, or tooltip. This is explanatory tooltip text.","MEDIUM","item","","","{item}はこの拠点で生産中です。","","MISSING","","",""
"matrix.tooltip.producing.inactive","ja-JP","{item} is not being produced at this outpost.","B3AFCA938B63F0F57D691FE84D631E6D4437FDE13C97F357C38C8F382BD7AFED","Resource Matrix label, action, state, or tooltip. This is explanatory tooltip text.","MEDIUM","item","","","{item}はこの拠点で生産されていません。","","MISSING","","",""
"matrix.tooltip.xTech.add","ja-JP","Add {resource} as present. It can be extracted at any outpost if X-Tech Power Cores are available.","E34F279A7F5A3549EA040DD701E16C40D9F8249A016812C77F881DABCB4C403E","Resource Matrix label, action, state, or tooltip. This is explanatory tooltip text.","MEDIUM","resource","","","{resource}を存在する資源として追加します。X-テックパワーコアが利用できれば、どの拠点でも抽出できます。","","MISSING","","",""
"matrix.tooltip.xTech.present","ja-JP","{resource} has been explicitly recorded as present at this outpost.","89CF62DE4E95AA5CEAB06EE75ABBE42F751A04010C1ECACB0EE9465EC3AB67D1","Resource Matrix label, action, state, or tooltip. This is explanatory tooltip text.","MEDIUM","resource","","","{resource}はこの拠点に存在すると明示的に記録されています。","","MISSING","","",""
"network.active","ja-JP","Active network","0B957FC62D5C68AF27552AB97A19DBF3AA3CCD23B5170F2C4019C60ABE8BE776","Network navigation, creation, reset, or deletion UI.","LOW","","","","使用中のネットワーク","","MISSING","","",""
"network.add","ja-JP","Add Network","E9DCB1FBEC276039EE2BAEEB66B84C21F9F8CCF54E2CB460172D516912A22600","Network navigation, creation, reset, or deletion UI.","LOW","","","","ネットワークを追加","","MISSING","","",""
"network.delete.button","ja-JP","Delete Network","AA4090A876BCC1C8E2C1AF6A01D0A7A3734FD6D3CFD09BFA89A385770CB5E5BF","Network navigation, creation, reset, or deletion UI.","LOW","","","","ネットワークを削除","","MISSING","","",""
"network.delete.confirmTitle","ja-JP","DELETE NETWORK","11DC8262799793DF1CF2986AF191074D48FF37E294CF28AFC9AB48F73B560E94","Network navigation, creation, reset, or deletion UI.","LOW","","","","ネットワークの削除","","MISSING","","",""
"network.delete.explanation","ja-JP","Remove the current network from this collection?","76DEDAA619A8B2E99FB971B9FB03C7B9CB0FEDB7F1ECB70E271D503F14ABEB2C","Network navigation, creation, reset, or deletion UI.","HIGH","","","","現在のネットワークをこのコレクションから削除しますか？","","MISSING","","",""
"network.delete.undoHint","ja-JP","You can undo this action during the current session.","BF0AF22DD2EC6095FEE0D256A95B2DFD2A94A640EB3A49DA284B3702CFE01361","Network navigation, creation, reset, or deletion UI.","HIGH","","","","この操作は現在のセッション中なら元に戻せます。","","MISSING","","",""
"network.label","ja-JP","NETWORK","B5A9716FCD63F4A279E2F6DF8F6DE89DCE75FF38FAD8C7E04EBB2D8E2227E2EB","Network navigation, creation, reset, or deletion UI. This is a form or control label.","LOW","","","","ネットワーク","","MISSING","","",""
"network.next","ja-JP","Next Network","F450398F4C7903569B56638D94C9011C735664B10737251BFA7F4C0101F284E1","Network navigation, creation, reset, or deletion UI.","LOW","","","","次のネットワーク","","MISSING","","",""
"network.previous","ja-JP","Previous Network","E295D9F36D309D7BD32F382E55F37078BE9A0F210F595FC041A9263CAD8F7CD6","Network navigation, creation, reset, or deletion UI.","LOW","","","","前のネットワーク","","MISSING","","",""
"network.reset.button","ja-JP","Reset Network","9D09E8E28CBDF80525D2F7764BF37218267BA965A5FAB20169CCD79D006D468B","Network navigation, creation, reset, or deletion UI.","LOW","","","","ネットワークをリセット","","MISSING","","",""
"network.reset.confirmTitle","ja-JP","RESET NETWORK","5766579AA160E3F4BDCFE9D0A1F3CDCDCA184EA4DC775A8DB8F1483BE23DF912","Network navigation, creation, reset, or deletion UI.","LOW","","","","ネットワークのリセット","","MISSING","","",""
"network.reset.explanation","ja-JP","Reset the current network to a fresh default state?","C205E1A69D327991E52083EF9CB8C9D02EA17B4BA75F19A5481FC2AFF56A3709","Network navigation, creation, reset, or deletion UI.","HIGH","","","","現在のネットワークを初期状態にリセットしますか？","","MISSING","","",""
"outpost.biomes.label","ja-JP","Biomes","923B13B59420A08EB268290B93A1C70D296A8B817CE8947ADB6A49F366EF5ACE","Outpost navigation or details UI. This is a form or control label.","LOW","","","","バイオーム","","MISSING","","",""
"outpost.body.label","ja-JP","Body","6CCAA6415B5EE449E3C5C716F57B4608EBE3B780F5AA6B077BC5D8EEE5D961F9","Outpost navigation or details UI. This is a form or control label.","LOW","","","","天体","","MISSING","","",""
"outpost.body.select","ja-JP","Select body...","90F280224A8D610BF8D4DCAE00626AA3D4690006D09C8B5B9569751376DCD80F","Outpost navigation or details UI.","LOW","","","","天体を選択...","","MISSING","","",""
"outpost.defaultName","ja-JP","New Outpost","8D0546F4F9854D2F963190B3A1BD9EC4B7B39AE1C5E37B6B295673313CC0F0A3","Outpost navigation or details UI.","LOW","","","","新しい拠点","","MISSING","","",""
"outpost.delete","ja-JP","Delete Outpost","7C7C8CE5EBE3BA6F5320C09AF897EA8E5F727E9A6750952C79BBC17E555B1F2B","Outpost navigation or details UI.","LOW","","","","拠点を削除","","MISSING","","",""
"outpost.details.heading","ja-JP","Outpost Details","7D886EAAF7F4BC15858F5417447819FCB5985CD60478E216E028EF0F213D4182","Outpost navigation or details UI. This is a visible heading.","LOW","","","","拠点の詳細","","MISSING","","",""
"outpost.name.label","ja-JP","Outpost name","3BD68489C2D0581A28EE1F1CE5DAB3BC21CE46D1FD761B4640DA783A41C3D457","Outpost navigation or details UI. This is a form or control label.","LOW","","","","拠点名","","MISSING","","",""
"outpost.navigation.add","ja-JP","Add outpost","E918451B6D2EC69126402B9C3D175CBCF5114A80163A34073D64D10FE29E5D0A","Outpost navigation or details UI.","MEDIUM","","","","拠点を追加","","MISSING","","",""
"outpost.navigation.addButton","ja-JP","+ Add Outpost","06AD289BA37366FCBA4775FB277122AC18D8606595C6352F0E5C9BE65D9B5110","Outpost navigation or details UI.","MEDIUM","","","","＋ 拠点を追加","","MISSING","","",""
"outpost.navigation.addWithLimit","ja-JP","Add outpost ({count} of {limit})","4928A704D273269A24171CBD44B902B9D71A29FB8DB6C1949798C197A98B4965","Outpost navigation or details UI.","HIGH","count; limit","","","拠点を追加（{count}/{limit}）","","MISSING","","",""
"outpost.navigation.finishReshuffle","ja-JP","Finish reshuffling outposts","423DB1152FC67CD3D44FBB11830AF6E0791A279C6506F60456C664EFB193B6C6","Outpost navigation or details UI.","MEDIUM","","","","拠点の並べ替えを完了","","MISSING","","",""
"outpost.navigation.heading","ja-JP","Outposts","33E85B75FFC107AC8534734E5B71351017A834D0565B34B2ED638D6F126018ED","Outpost navigation or details UI. This is a visible heading.","MEDIUM","","","","拠点","","MISSING","","",""
"outpost.navigation.hide","ja-JP","Hide outpost navigation","B839ADB9654CA0364F08C1339E3E4236761EFFE604E3E4F04DA5A812F37B9700","Outpost navigation or details UI.","MEDIUM","","","","拠点ナビゲーションを非表示","","MISSING","","",""
"outpost.navigation.lockOrder","ja-JP","Lock order","7502440CB9BF3D736CC75C78D7491D37DC186DA7164CA35F318B8F2D2FF6E851","Button that exits outpost reordering mode and prevents further reordering; “lock” is an ordering action, not security or login.","HIGH","","","","順序を固定","","MISSING","","",""
"outpost.navigation.reshuffle","ja-JP","Reshuffle outposts","58EA58B8292536DC1E5774C5F2A981EBE1F2E73AC2B7E353CA8F79684F327E7B","Outpost navigation or details UI.","MEDIUM","","","","拠点を並べ替え","","MISSING","","",""
"outpost.navigation.reshuffleButton","ja-JP","Reshuffle","24AB205A02FFFE0FE0223DC041BE048135351B78CAE94C04C035FCA9BCEA8BD8","Button that enters manual outpost reordering mode; it does not randomize the order.","HIGH","","","","並べ替え","","MISSING","","",""
"outpost.navigation.show","ja-JP","Show outpost navigation","BA0B278C43B4D6DE0A8FD21B2E975995EF957087C6C82264B85227AD7F74B397","Outpost navigation or details UI.","MEDIUM","","","","拠点ナビゲーションを表示","","MISSING","","",""
"outpost.referenceData.empty","ja-JP","No resource reference data found for this body.","866A6B8F00387269E5B2FA19103325087600910327518293F88B2F6B5A7650EB","Outpost navigation or details UI.","LOW","","","","この天体の資源参照データがありません。","","MISSING","","",""
"outpost.solar.label","ja-JP","Solar","31CE6E79178093B714406B55954C625A9FD47B70C7A6802D5FB5E744422E475C","Outpost navigation or details UI. This is a form or control label.","LOW","","","","太陽光","","MISSING","","",""
"outpost.system.label","ja-JP","System","6725E7BBCD28F3A8A586FA34BF191FD72DDE8B61756932CD3237C17A6F196F1A","Outpost navigation or details UI. This is a form or control label.","LOW","","","","星系","","MISSING","","",""
"outpost.system.select","ja-JP","Select system...","431B1B70F97562CE0F87841BA9BA411218AB24EDE4C350C23A3545DFBE18689C","Outpost navigation or details UI.","LOW","","","","星系を選択...","","MISSING","","",""
"outpost.wind.label","ja-JP","Wind","D151346FE7EEA3C6A0865199579CA6017487DBF981D59CDD1FCADADB03518DC8","Outpost navigation or details UI. This is a form or control label.","LOW","","","","風力","","MISSING","","",""
"plannedSupply.add","ja-JP","Add {item} to Planned Supply","A8539A127A899BB2398BA3906312BBEE81A35C0D58EC399A484FCD0B41CF02C9","Planned Supply planning UI; virtual supply, not inventory.","MEDIUM","item","","","{item}を供給予定に追加","","MISSING","","",""
"plannedSupply.addItems","ja-JP","Add items to Planned Supply","5C46C1CF781EA9B9D66DEE794383D0121D9D2FC5F4BB6201E73E61D10329E312","Planned Supply planning UI; virtual supply, not inventory.","MEDIUM","","","","供給予定に項目を追加","","MISSING","","",""
"plannedSupply.collapse","ja-JP","Collapse Planned Supply","E15065C5BD181D7F121DAD0EB15A70975340E090B66B202E5F92A2CB8631406D","Planned Supply planning UI; virtual supply, not inventory.","MEDIUM","","","","供給予定を折りたたむ","","MISSING","","",""
"plannedSupply.empty","ja-JP","No planned supply.","3C83B844C6CE9EE6706973FCF39E55A35FF7AB50C29EEF75CE86FA07EA3A6FFB","Planned Supply planning UI; virtual supply, not inventory.","MEDIUM","","","","供給予定はありません。","","MISSING","","",""
"plannedSupply.expand","ja-JP","Expand Planned Supply","8CCC084632C6908601B2EBACF0F20E85D93E881534F95C3268243A4E215B6527","Planned Supply planning UI; virtual supply, not inventory.","MEDIUM","","","","供給予定を展開","","MISSING","","",""
"plannedSupply.heading","ja-JP","Planned Supply","3748580A9E100E8B05D1F36B32346EDAA2DF422A8256FA71DF620ACFEA43E4AD","Feature heading for virtual future supply intent. It is not current inventory, a reservation, or an actual delivery. This is a visible heading.","HIGH","","","","供給予定","","MISSING","","",""
"plannedSupply.remove","ja-JP","Remove {item} from Planned Supply","00837F0F710BA09B864290FD9F8FD8FA53E364D3BC5F24FF6B06C3E7E02D0DD3","Planned Supply planning UI; virtual supply, not inventory.","MEDIUM","item","","","{item}を供給予定から削除","","MISSING","","",""
"plannedSupply.removeAll","ja-JP","Remove all Planned Supply","CF751884A0857D7CD62B5716C0F7BB082E80D3FE85CB229ABFFB1E013F81EE38","Planned Supply planning UI; virtual supply, not inventory.","MEDIUM","","","","供給予定をすべて削除","","MISSING","","",""
"plannedSupply.section.inorganic","ja-JP","Inorganic Resources","CE416CB725F503F7401314798FE1EAA2BB694AAFAE04907EB650C510ADCB4D08","Planned Supply planning UI; virtual supply, not inventory.","MEDIUM","","","","無機資源","","MISSING","","",""
"plannedSupply.section.organic","ja-JP","Organic Resources","D04832A3DBACE8F178D1E7DD0767F251B538562419634813F2ACC771E7960289","Planned Supply planning UI; virtual supply, not inventory.","MEDIUM","","","","有機資源","","MISSING","","",""
"plannedSupply.section.products","ja-JP","Manufactured Products","B125CB525C552EA33D1B71C7588D5324CE7E9E281940068F317C74B4B2BB32CC","Planned Supply planning UI; virtual supply, not inventory.","MEDIUM","","","","製造品","","MISSING","","",""
"power.label.good","ja-JP","Good","C939327CA16DCF97CA32521D8B834BF1DE16573D21DEDA3BB2A337CF403787A6","Power quality label or explanatory tooltip. This is a form or control label.","MEDIUM","","","","良好","","MISSING","","",""
"power.label.none","ja-JP","None","DC937B59892604F5A86AC96936CD7FF09E25F18AE6B758E8014A24C7FA039E91","Power quality label or explanatory tooltip. This is a form or control label.","MEDIUM","","","","なし","","MISSING","","",""
"power.label.normal","ja-JP","Norm.","DEF003CB8AA2673D2417E0330782C9CE706F4759178EC19C75921F652B5F9DC1","Power quality label or explanatory tooltip. This is a form or control label.","MEDIUM","","","","標準","","MISSING","","",""
"power.label.poor","ja-JP","Poor","94DFD46D9DAE63E6C692415BBAB8E266C777E87CDD77BEAB02583B8ED7BD874D","Power quality label or explanatory tooltip. This is a form or control label.","MEDIUM","","","","低","","MISSING","","",""
"power.label.unknown","ja-JP","—","BDA050585A00F0F6CB502350559D75532AE3B244C9498B996E7C5DF2D98DFC8D","Power quality label or explanatory tooltip. This is a form or control label.","MEDIUM","","","","—","","MISSING","","",""
"power.label.veryPoor","ja-JP","V.Poor","23711E1D8AD43AB27CCCCF34CD8A62C0AA722733DD32706AE2BF55B8CF1D0116","Power quality label or explanatory tooltip. This is a form or control label.","MEDIUM","","","","極低","","MISSING","","",""
"power.quality.good","ja-JP","Good","C939327CA16DCF97CA32521D8B834BF1DE16573D21DEDA3BB2A337CF403787A6","Power quality label or explanatory tooltip.","MEDIUM","","","","良好","","MISSING","","",""
"power.quality.none","ja-JP","None","DC937B59892604F5A86AC96936CD7FF09E25F18AE6B758E8014A24C7FA039E91","Power quality label or explanatory tooltip.","MEDIUM","","","","なし","","MISSING","","",""
"power.quality.normal","ja-JP","Normal","A7248EEB45EB1CE247F81693283E22E8B39E8A50890CECD22D02E75025547D90","Power quality label or explanatory tooltip.","MEDIUM","","","","標準","","MISSING","","",""
"power.quality.poor","ja-JP","Poor","94DFD46D9DAE63E6C692415BBAB8E266C777E87CDD77BEAB02583B8ED7BD874D","Power quality label or explanatory tooltip.","MEDIUM","","","","低い","","MISSING","","",""
"power.quality.unknown","ja-JP","Unknown","B764CDC0EAB7137467211272FA539F1260D1BF2E71BCF6FF3BDC960F5C16AA14","Power quality label or explanatory tooltip.","MEDIUM","","","","不明","","MISSING","","",""
"power.quality.veryPoor","ja-JP","Very Poor","58D10B9584397B0B71A4A877E0243F8B4202B3F642BE3B4E02A61BBBF4182F32","Power quality label or explanatory tooltip.","MEDIUM","","","","非常に低い","","MISSING","","",""
"power.tooltip.modified","ja-JP","{source}: {quality} · {multiplier}× output ({modifier})","37B2719E6183F1811D2561A29EEF38307F671674FAAF90F2C4729E18B20599D8","Power quality label or explanatory tooltip. This is explanatory tooltip text.","HIGH","modifier; multiplier; quality; source","","","{source}：{quality} · 出力{multiplier}倍（{modifier}）","","MISSING","","",""
"power.tooltip.noModifier","ja-JP","{source}: {quality} · {multiplier}× output (no modifier)","082FBB8B5BC3BDFF1C71A7FF8F77A6DFA933011266DC6784C78974CF1309B04B","Power quality label or explanatory tooltip. This is explanatory tooltip text.","HIGH","multiplier; quality; source","","","{source}：{quality} · 出力{multiplier}倍（補正なし）","","MISSING","","",""
"power.tooltip.unknown","ja-JP","{source}: {quality}","8DC4D1F651257F48F5D24DD2A1FCA9B3E6ADF13061BA8ADA479B3351201BA517","Power quality label or explanatory tooltip. This is explanatory tooltip text.","HIGH","quality; source","","","{source}：{quality}","","MISSING","","",""
"production.empty","ja-JP","No local resources have been selected.","268C8F36EDA0EE5B32EE73CED9B8846849B570966A30A392F0E238D8BE80FFB1","Active Production section.","LOW","","","","現地資源が選択されていません。","","MISSING","","",""
"production.heading","ja-JP","Active Production","048E7E34826F22874A7BE1F38FAE424C9404D91569160C5ECBDF48139FC577CB","Active Production section. This is a visible heading.","LOW","","","","稼働中の生産","","MISSING","","",""
"referenceFatal.diagnostic.actualDataset","ja-JP","Actual dataset ID","D1562EB9E94E9E96B380B70A6FA2EC27E2683DA11D1A723F052FF5B4E73B73EE","Tracker-authored application message.","LOW","","ID","","実際のデータセット ID","","MISSING","","",""
"referenceFatal.diagnostic.actualHash","ja-JP","Actual hash prefix","6C3A935D967CD3A1AFEF55578D3234F5CDD23EF1663F246DDD60A22293695A6A","Tracker-authored application message.","LOW","","","","実際のハッシュの先頭","","MISSING","","",""
"referenceFatal.diagnostic.asset","ja-JP","Asset","80D298C9F240900F00B327F5B611DC41AA785788D6FD3EDBE35812CA88F02E9A","Tracker-authored application message.","LOW","","","","ファイル","","MISSING","","",""
"referenceFatal.diagnostic.code","ja-JP","Error code","0570B384C3CECF819FB8EBE7AAB1CBB56C7238845FA99B34FC2D6494A7BACD9A","Tracker-authored application message.","LOW","","","","エラーコード","","MISSING","","",""
"referenceFatal.diagnostic.expectedDataset","ja-JP","Expected dataset ID","F9BCC9C79CEE38D775E37506F08F6154E63833B5B2CC4160342F66FB6831CE6A","Tracker-authored application message.","LOW","","ID","","期待されるデータセット ID","","MISSING","","",""
"referenceFatal.diagnostic.expectedHash","ja-JP","Expected hash prefix","8963009395F38E55F0D16BC200A299AC116DC323DCE9E16B38C33BDCCAA14A39","Tracker-authored application message.","LOW","","","","期待されるハッシュの先頭","","MISSING","","",""
"referenceFatal.diagnostic.locale","ja-JP","Locale","CA3DC612F47E3913B79F68EAC655D590812439EEC5865189C38A0D7623EFA0AA","Tracker-authored application message.","LOW","","","","言語","","MISSING","","",""
"referenceFatal.diagnostic.mediaType","ja-JP","Media type","080D69147E5E9D098F24C01D7413101E31A17DD6853E4F7BCCCE2D775D945B4B","Tracker-authored application message.","LOW","","","","メディアタイプ","","MISSING","","",""
"referenceFatal.diagnostic.schemaVersion","ja-JP","Manifest schema version","10F91A96B0C00520302942A617346E2AADB048F20CDBF9885A054BF4608091CE","Tracker-authored application message.","LOW","","","","マニフェストのスキーマバージョン","","MISSING","","",""
"referenceFatal.diagnostic.status","ja-JP","HTTP status","0F7CF91F242CDF7ABB04BB4710C174D56643D01BC39ACC3E4334C716D06B660B","Tracker-authored application message.","LOW","","","","HTTP ステータス","","MISSING","","",""
"referenceFatal.explanation","ja-JP","Required reference data could not be loaded correctly. The tracker has stopped to protect your saved work.","3EC004F7CA1FA38DB26295AFAE2403D503FD06CE9CFC32FAB2EF918F900445B6","Tracker-authored application message.","LOW","","","","必要な参照データを正しく読み込めませんでした。保存済みのデータを保護するため、トラッカーを停止しました。","","MISSING","","",""
"referenceFatal.heading","ja-JP","Reference data unavailable","7E97733458B49F2E75B96ED180A7A14D1CFE7562FA391AC12C8F59C7406AB8B9","Tracker-authored application message. This is a visible heading.","LOW","","","","参照データを利用できません","","MISSING","","",""
"referenceFatal.privacy","ja-JP","Reporting opens your email app and includes technical diagnostics only. No saved network data is included automatically.","303AC78FCAC8F3E34F83D4EB61798D823F0A7876AB00F9965161C611DBF8CDC1","Tracker-authored application message.","LOW","","","","報告するとメールアプリが開き、技術的な診断情報のみが入力されます。保存済みのネットワークデータは自動的に含まれません。","","MISSING","","",""
"referenceFatal.reason.assetContentType","ja-JP","A required reference file was served with the wrong content type.","E4998173285DA086873408FE340C6AA619B3B0773F5A436F0FEB7049C644640B","Tracker-authored application message.","LOW","","","","必要な参照データのファイルのコンテンツタイプが正しくありません。","","MISSING","","",""
"referenceFatal.reason.assetFetch","ja-JP","A required reference file could not be retrieved.","3979D0E6E4FC27C9E487BB1CD34873B03145520CC9C6A55375F1E9E79ABEA888","Tracker-authored application message.","LOW","","","","必要な参照データのファイルを取得できませんでした。","","MISSING","","",""
"referenceFatal.reason.assetHash","ja-JP","A required reference file does not match the manifest.","0B3186DA86F196F10755F0C83C70EAA1FA314A6B5D44A29116799ADCD2073959","Tracker-authored application message.","LOW","","","","必要な参照データのファイルがマニフェストと一致しません。","","MISSING","","",""
"referenceFatal.reason.assetJson","ja-JP","A required reference file contains invalid JSON.","94C49FE1655FA6C35FCCD77C61FA4D7CA80A445E2E007011E1C4C9806E7CA89D","Tracker-authored application message.","LOW","","JSON","","必要な参照データのファイルの JSON が無効です。","","MISSING","","",""
"referenceFatal.reason.assetSchema","ja-JP","A required reference file has an invalid structure.","C94A3A1F6EF842F8853A9E44C46EB1385D94E138889DA80DB70B9B410C0F9863","Tracker-authored application message.","LOW","","","","必要な参照データのファイルの構造が無効です。","","MISSING","","",""
"referenceFatal.reason.assetSize","ja-JP","A required reference file exceeds the size limit.","A797C74204B047426FF140E429B3BC277771670CCF5999F0C6A74E784EDAFB66","Tracker-authored application message.","LOW","","","","必要な参照データのファイルがサイズ制限を超えています。","","MISSING","","",""
"referenceFatal.reason.buildMismatch","ja-JP","The reference data belongs to a different app build.","3D7236B730DBA31DF9744B3F9A09535F33D61F6C8AEF8C6B6F5C700EC3068CAB","Tracker-authored application message.","LOW","","","","参照データが別のアプリのビルドに属しています。","","MISSING","","",""
"referenceFatal.reason.internal","ja-JP","The reference data integrity check could not complete.","C8BD867CDCD01CB72B305DA37244AB7AD7F3DEE94E525D460ED99C66214C484F","Tracker-authored application message.","LOW","","","","参照データの整合性検証を完了できませんでした。","","MISSING","","",""
"referenceFatal.reason.manifestFetch","ja-JP","The reference manifest could not be retrieved.","077DAF53094553A2262D2E9B2FE0FE91E47B807ED53845BC0FA80EF62125B866","Tracker-authored application message.","LOW","","","","参照データのマニフェストを取得できませんでした。","","MISSING","","",""
"referenceFatal.reason.manifestInvalid","ja-JP","The reference manifest is invalid.","856BAD9547F9FCFC0FC3739C43F7BB29FEC0A60BB24ED9C6223890B50BFF15B8","Tracker-authored application message.","LOW","","","","参照データのマニフェストが無効です。","","MISSING","","",""
"referenceFatal.reason.manifestVersion","ja-JP","The reference manifest version is unsupported.","937951D077E320AE9746EEBBCD82288FC04A1F59E9931C027F9299AE2A8E52C7","Tracker-authored application message.","LOW","","","","参照データのマニフェストのバージョンに対応していません。","","MISSING","","",""
"referenceFatal.reload","ja-JP","Reload","BDC090EC61E3FCFC65F469951DFE00F3F2ECFC6003C44DEAC8E05B7237092DE6","Tracker-authored application message.","LOW","","","","再読み込み","","MISSING","","",""
"referenceFatal.report","ja-JP","Report","B6CE788D9786917C9D19ADAA0D904213365607C7F683D7277F508DCF142B4CC2","Tracker-authored application message.","LOW","","","","報告","","MISSING","","",""
"referenceFatal.report.body","ja-JP","The tracker stopped during reference data verification. Technical diagnostics:","06E2FE496D91F39F7D0D02747423E0EC5650D97E614BCA7621C24A94861CB697","Tracker-authored application message.","LOW","","","","参照データの検証中にトラッカーが停止しました。技術的な診断情報：","","MISSING","","",""
"referenceFatal.report.subject","ja-JP","Starfield Outpost Tracker reference data problem","D82EA728AF2C1BC3A41761E4959F9857FD8BABAE0396D8BD2B989ED28A6F8680","Tracker-authored application message.","LOW","","","","Starfield Outpost Tracker の参照データの問題","","MISSING","","",""
"search.autocomplete.product","ja-JP","Product","FB9EF894175C327470F768D95CA7BEE65E19853A0EAACE3805F8A7B8A12270DA","Item search control, result, state flag, or accessibility instruction.","MEDIUM","","","","製造品","","MISSING","","",""
"search.autocomplete.resource","ja-JP","Resource","EB7A842FF958C49C6BB5AC2610915C41B9625D8BB553A87DEAFF5D1884430F34","Item search control, result, state flag, or accessibility instruction.","MEDIUM","","","","資源","","MISSING","","",""
"search.input.description","ja-JP","Type an item name or abbreviation, then confirm the item to search.","C803DDEE972FC87FE16A018031103C2B8931A0944CB6B84D03271C1226C2F9FC","Item search control, result, state flag, or accessibility instruction. This is accessible or instructional text.","MEDIUM","","","","項目の名前または略称を入力し、項目を確定して検索します。","","MISSING","","",""
"search.input.label","ja-JP","Search for resources or products in your outposts.","5503C57D0D797724DCCB827B724DBDA0FC47192929CC9BC7022E5793A287C9A1","Item search control, result, state flag, or accessibility instruction. This is a form or control label.","MEDIUM","","","","拠点の資源または製造品を検索します。","","MISSING","","",""
"search.input.placeholder","ja-JP","Search resources or products","BB2BEF585C633AB7724C054DFF24AF17C79912DE8A4459A109E7F06546D3D694","Item search control, result, state flag, or accessibility instruction.","MEDIUM","","","","資源または製造品を検索","","MISSING","","",""
"search.results.close","ja-JP","Close Search Results","F96E828A9092B71523FBB3C9A567DAF6722E1245B6496CF2B914D45FAD6970CD","Item search control, result, state flag, or accessibility instruction.","MEDIUM","","","","検索結果を閉じる","","MISSING","","",""
"search.results.dragInstructions","ja-JP","Move Search Results with the arrow keys. Hold Shift for larger steps.","959897EA69410FC9E83C495B5FAC4989501BE59DFDF33F9FDCB8AAEE31E9DC25","Item search control, result, state flag, or accessibility instruction.","HIGH","","Shift","","矢印キーで検索結果を移動できます。Shiftを押しながら操作すると大きく移動します。","","MISSING","","",""
"search.results.flag.exporting","ja-JP","Exporting","EB9B51193618C1A172014167484EF491D9E9BA6B222F0E4DD993F1339B7DFEC0","Item search control, result, state flag, or accessibility instruction.","MEDIUM","","","","搬出中","","MISSING","","",""
"search.results.flag.importing","ja-JP","Importing","D252FFFACBF0370776D720324538A0E7F77D2A01267BBEEF6CD43378DC68605B","Item search control, result, state flag, or accessibility instruction.","MEDIUM","","","","搬入中","","MISSING","","",""
"search.results.flag.missingInputs","ja-JP","Missing Inputs","24BFB7E5906EA9DC87390942ECA120511DF604A3703F2C4EE588151E94E0C02C","Search-result state flag meaning required recipe or organic-production inputs are unavailable.","HIGH","","","","入力不足","","MISSING","","",""
"search.results.flag.plannedSupply","ja-JP","Planned Supply","3748580A9E100E8B05D1F36B32346EDAA2DF422A8256FA71DF620ACFEA43E4AD","Item search control, result, state flag, or accessibility instruction.","MEDIUM","","","","供給予定","","MISSING","","",""
"search.results.flag.present","ja-JP","Present","43F9B89C0B9D22D8110EAD813EA3949F20592A8BFC3C777D2D49E64DA3B0CC9B","Search-result state flag meaning the item/resource exists or can exist at the outpost; not temporal “currently”.","HIGH","","","","存在","","MISSING","","",""
"search.results.flag.producing","ja-JP","Producing","6205C14B87A9F7261B6078D0347AAA6998853CC7BE936390846C6F1B95BF0B56","Search-result state flag meaning configured active production, without a throughput claim.","HIGH","","","","生産中","","MISSING","","",""
"search.results.found","ja-JP","{searchItem} was found at {count} {count, plural, one {outpost} other {outposts}}.","CEC1C6BE530D72128E3C3B1F80BCD0302F86340CBB7E52365511ABDF269D0D0F","Item search control, result, state flag, or accessibility instruction.","HIGH","count; searchItem","","","{searchItem}が{count}個の拠点で見つかりました。","","MISSING","","",""
"search.results.notFound","ja-JP","{searchItem} was not found at any outpost.","6325CC94B352FEBCD190C61B84407AF02FFF65652F2F3945547C7FE702472233","Item search control, result, state flag, or accessibility instruction.","MEDIUM","searchItem","","","{searchItem}はどの拠点にも見つかりませんでした。","","MISSING","","",""
"search.results.title","ja-JP","Search Results","39414102545E7861AEC25ED038FCB11AAFB75B34686705063F2A8FF268CBD368","Item search control, result, state flag, or accessibility instruction. This is a visible heading.","MEDIUM","","","","検索結果","","MISSING","","",""
"search.submit","ja-JP","Search for item","C33D54FDF7B51A525DEA1D4120CC4AD9AE71A9469DBD27A55C818275D425312C","Item search control, result, state flag, or accessibility instruction.","MEDIUM","","","","項目を検索","","MISSING","","",""
"shortcuts.action.addCargoLink","ja-JP","Add Cargo Link","85D0825E6F01A2CCB8FEBC0E71B2AFBD88E531B21869CBCDA43054E1F0D62520","Tracker-authored application message.","HIGH","","","","貨物リンクを追加","","MISSING","","",""
"shortcuts.action.addOutpost","ja-JP","Add outpost","E918451B6D2EC69126402B9C3D175CBCF5114A80163A34073D64D10FE29E5D0A","Tracker-authored application message.","HIGH","","","","拠点を追加","","MISSING","","",""
"shortcuts.action.collapseAllCargoLinks","ja-JP","Collapse All","55988E28A4E8720A588C5C53FD47616D929A404D3D2AF7E6F8BA313DCE6DC3E4","Tracker-authored application message.","HIGH","","","","すべて折りたたむ","","MISSING","","",""
"shortcuts.action.expandAllCargoLinks","ja-JP","Expand All","9F5B023A413A7D0771CC3FB51B103DC0AAAAFE8F7B7C88C7258D43E3BC5B243D","Tracker-authored application message.","HIGH","","","","すべて展開","","MISSING","","",""
"shortcuts.action.export","ja-JP","Export","3664895579F0A7E68C4AA09C91316E20239BC74499010E6423ECE40CAD7C28F7","Tracker-authored application message.","HIGH","","","","エクスポート","","MISSING","","",""
"shortcuts.action.focusCargoLinks","ja-JP","Focus Cargo Links","F4802247A8CF7C50951763056B87DE24F432E305AD819ECB78EC62CDBDB9CCEC","Tracker-authored application message.","HIGH","","","","貨物リンクにフォーカス","","MISSING","","",""
"shortcuts.action.focusFirstInorganic","ja-JP","Inorganic","897FDA90A70D9858F75D9CBD82D0E8F76C5D41753289E3FF619EB61863A5E91F","Keyboard-shortcut action label that focuses the first inorganic-resource control.","HIGH","","","","無機資源","","MISSING","","",""
"shortcuts.action.focusFirstOrganic","ja-JP","Organic","89B8CB68F4EDD75B5FB10DA9CC85802C15214A84CDA6D2F2D841BDF80E7109D3","Keyboard-shortcut action label that focuses the first organic-resource control.","HIGH","","","","有機資源","","MISSING","","",""
"shortcuts.action.focusManufacturingAction","ja-JP","Manufacturing","C6838ED989FD7D93BA9023466783C95230843EE13ACAFD63A355F9AD766CC39F","Keyboard-shortcut action label that focuses the manufacturing action control.","HIGH","","","","製造","","MISSING","","",""
"shortcuts.action.focusNavigation","ja-JP","Focus Navigation","24472FE6FC2068AE80EFF6E0200D0189608B8827654850B8397875246837836A","Tracker-authored application message.","HIGH","","","","ナビゲーションにフォーカス","","MISSING","","",""
"shortcuts.action.focusOutpostDetails","ja-JP","Focus Outpost Details","1EFC75B03DE8E0E05C3B26A40DF970DF16DBDED6A4BA7EF135D77C3CE32FC8A1","Tracker-authored application message.","HIGH","","","","拠点の詳細にフォーカス","","MISSING","","",""
"shortcuts.action.focusPlannedSupply","ja-JP","Focus Planned Supply","8D7B0DB327DEFC26813D63F99B86FA49AE857C96BE45378D63C8AABCBEBCEB76","Tracker-authored application message.","HIGH","","","","供給予定にフォーカス","","MISSING","","",""
"shortcuts.action.focusResourceMatrix","ja-JP","Focus Resource Matrix","44E81583C2EBFA1AB02EDC63051DC5F04255344AA71DC1E9E51DFE53790E0360","Tracker-authored application message.","HIGH","","","","リソースマトリックスにフォーカス","","MISSING","","",""
"shortcuts.action.focusSearch","ja-JP","Focus Search for Items","E51E72ED7EE8D908AA73626008C669625DC40E93D93CDBA207878E19975593EE","Tracker-authored application message.","HIGH","","","","項目検索にフォーカス","","MISSING","","",""
"shortcuts.action.focusSearchResults","ja-JP","Focus Search Results","FFEBFB20EA12F539C80BA1E36EAB2032B8F122C506A16FA3F78C8DEE8BD445D9","Tracker-authored application message.","HIGH","","","","検索結果にフォーカス","","MISSING","","",""
"shortcuts.action.import","ja-JP","Import","2CFF9BAABF56CA002610E113BC94DEB6EDEDDDFC3C130365B6E88ED5195BF774","Tracker-authored application message.","HIGH","","","","インポート","","MISSING","","",""
"shortcuts.action.nextOutpost","ja-JP","Next outpost","DEF30461A56CB316B7129F4AC1BB0C120E21E68BBD25E48CFBF05CAF9CDFB87D","Tracker-authored application message.","HIGH","","","","次の拠点","","MISSING","","",""
"shortcuts.action.previousOutpost","ja-JP","Previous outpost","7E593746F34E85C483B84F1A22D6BB02BFCB9596C3245646C40FB6ABE47FEBCD","Tracker-authored application message.","HIGH","","","","前の拠点","","MISSING","","",""
"shortcuts.action.redo","ja-JP","Redo","74273989B0966E2369B6D01AADB23AF4AD6A9E724643FA88F2BDE99202A36708","Tracker-authored application message.","HIGH","","","","やり直す","","MISSING","","",""
"shortcuts.action.toggleNavigation","ja-JP","Show/hide Navigation","7937955816AED06A1A324E2CE9ABA0262F65EDD01DD361D8080B3A60FB0D3A22","Tracker-authored application message.","HIGH","","","","ナビゲーションを表示 / 非表示","","MISSING","","",""
"shortcuts.action.toggleValidation","ja-JP","Toggle Validation details","90928F457C0204375D13F06546F74A81ECB1ABE84E0AE421726A42F2D6859608","Tracker-authored application message.","HIGH","","","","検証の詳細を切り替え","","MISSING","","",""
"shortcuts.action.undo","ja-JP","Undo","A8283ADE31856F71220DB0E6F60A257C6889DC4DAD0F275F66AD44B9ED9BF8D5","Tracker-authored application message.","HIGH","","","","元に戻す","","MISSING","","",""
"shortcuts.closeDialog","ja-JP","Close Keyboard Shortcuts dialog","7AD19E9AA61D97954761BDB3A883E60D71A78B7DF3887C8B172CC6BF9CA4C8E2","Tracker-authored application message.","HIGH","","","","キーボードショートカットのダイアログを閉じる","","MISSING","","",""
"shortcuts.group.cargoLinks","ja-JP","Cargo Links","E9B8BE501BF399617C9333EAD8AF1489FBC8A33BC7E250C52EE05609CE8CB30F","Tracker-authored application message.","HIGH","","","","貨物リンク","","MISSING","","",""
"shortcuts.group.history","ja-JP","History","0E769600933790607B2A13B33DDFADE0FA17810EB62C3B28EE23E59516516491","Tracker-authored application message.","HIGH","","","","履歴","","MISSING","","",""
"shortcuts.group.importExport","ja-JP","Import / Export","6E061FABEF2190A6D7CB2576AE2B9DF184C8C6243C1156A860DBA3DAA5B4763B","Tracker-authored application message.","HIGH","","","","インポート / エクスポート","","MISSING","","",""
"shortcuts.group.outpostNavigation","ja-JP","Outpost Navigation","BC71DCA632083ECF778E6CA2974F907E215DBDFC9D0C18C9838EEDDD1E5D3714","Tracker-authored application message.","HIGH","","","","拠点ナビゲーション","","MISSING","","",""
"shortcuts.group.resourceMatrix","ja-JP","Resource Matrix","0FF84E3776BFD5BC3F7CB4E19082D8AF196D2FE785AA1368744C9A46FAEA6569","Tracker-authored application message.","HIGH","","","","リソースマトリックス","","MISSING","","",""
"shortcuts.group.search","ja-JP","Search","49C266BAAAA70981EA188FA714D5C40CF13830D786A861C9943AE0D26A7F3FE9","Tracker-authored application message.","HIGH","","","","検索","","MISSING","","",""
"shortcuts.group.validation","ja-JP","Validation","68E1CA575295BB5604FEA711B5D2EFF44006CE4BD985481083A76B71FCE0DAEF","Tracker-authored application message.","HIGH","","","","検証","","MISSING","","",""
"shortcuts.group.workspace","ja-JP","Workspace","87BB59BA2F92F2A5A9F13E021FD58DD14AE5C065B1046146875E6E68D5EBC8B7","Tracker-authored application message.","HIGH","","","","ワークスペース","","MISSING","","",""
"shortcuts.introduction","ja-JP","Global commands available throughout the application. Shortcuts yield to text editing and open dialogs where appropriate.","B84701CD597E0FCBEDAFB7592E3FDA66951E66E3C4CA6334E697F2A85B09D179","Tracker-authored application message.","HIGH","","","","アプリ全体で使用できるコマンドです。必要に応じて、テキスト編集中やダイアログ表示中はショートカットが無効になります。","","MISSING","","",""
"shortcuts.title","ja-JP","Keyboard Shortcuts","59CDAA26DD9DCD4CBCDED97A7B91029B396BCFDBFD927356FACBEB163283A3DF","Tracker-authored application message. This is a visible heading.","HIGH","","","","キーボードショートカット","","MISSING","","",""
"status.dismiss","ja-JP","Dismiss status message","94752DF4A3AFA627C0EB04C2EBBEDA43BD3439B39B60AE69239B863D2DCB4B75","Status bar, import/export feedback, or reference-data feedback.","MEDIUM","","","","ステータスメッセージを閉じる","","MISSING","","",""
"status.dismiss.short","ja-JP","Dismiss","48845BFF334A50A59AAECF499F28A7A24C3B4B891B8B18A9F1169AD8E8A6B261","Status bar, import/export feedback, or reference-data feedback.","MEDIUM","","","","閉じる","","MISSING","","",""
"status.drag.reorder","ja-JP","Drop to reorder · Esc to cancel","04DBC72920C2D3478E8566409B94F9FA5E979C63806DC33C25C9915DCC6E0B29","Status bar, import/export feedback, or reference-data feedback.","MEDIUM","","Esc","","ドロップして並べ替え · Escでキャンセル","","MISSING","","",""
"status.export.success","ja-JP","Exported {fileName}.","51AA2FC44EBE53A80B7C2B4ACED6E02128DAC8591B73F3D3663AECD4183DEE0D","Status bar, import/export feedback, or reference-data feedback.","MEDIUM","fileName","","","{fileName}をエクスポートしました。","","MISSING","","",""
"status.import.aggregateLimitExceeded","ja-JP","This import contains too many items to open safely.","315AC334305B4FDC6E77D2CE6E1EE6B309A81078DAEA605265B16F152F223F9B","Status bar, import/export feedback, or reference-data feedback.","MEDIUM","","","","このインポートファイルには、安全に開ける量を超えるデータが含まれています。","","MISSING","","",""
"status.import.arrayLimitExceeded","ja-JP","This import contains too many items in one section.","A98517EB47338D0060C99A3B4C4497BA8064341BD2F207566A76A53557D85C9A","Status bar, import/export feedback, or reference-data feedback.","MEDIUM","","","","このインポートファイルには、1つの項目に含まれるデータが多すぎます。","","MISSING","","",""
"status.import.duplicateNetworkId","ja-JP","The selected collection contains duplicate network ID ""{id}"".","91035A72894723B9589D43C2AA37D0A3B2D5B91D4C70B3CC7E7F9ACAFC6233C5","Status bar, import/export feedback, or reference-data feedback.","MEDIUM","id","ID","","選択したコレクションに重複するネットワークID「{id}」が含まれています。","","MISSING","","",""
"status.import.emptyCollection","ja-JP","The selected collection does not contain any networks.","E7269044472AB120758726D2A7C0990ED93D5748D2F569051841FA9A0518D52A","Status bar, import/export feedback, or reference-data feedback.","MEDIUM","","","","選択したコレクションにはネットワークが含まれていません。","","MISSING","","",""
"status.import.failed","ja-JP","Import failed for {fileName}: {reason}","D3FB408CD70B6735432BA3876C00A4C80909818B90AB34B7D19B4DD4B9A4139B","Status bar, import/export feedback, or reference-data feedback.","HIGH","fileName; reason","","","{fileName}のインポートに失敗しました：{reason}","","MISSING","","",""
"status.import.fileTooLarge","ja-JP","This import is too large to open safely.","F52959415C0D566021375CABF4E3A7F283223439D0A0D4BA9C30395813B66EC0","Status bar, import/export feedback, or reference-data feedback.","MEDIUM","","","","このインポートファイルは安全に開けるサイズを超えています。","","MISSING","","",""
"status.import.invalid","ja-JP","The selected file could not be imported.","F57E852DBDF8D227D7235E37453E633147660194DE95861C6AA1FC2C19A9F61F","Status bar, import/export feedback, or reference-data feedback.","MEDIUM","","","","選択したファイルをインポートできませんでした。","","MISSING","","",""
"status.import.invalidCapabilities","ja-JP","The selected file contains invalid character capability data.","900B1DE022A8D5C5ECFAD8DAC2D811B438B9CE4B48B79362813CAF63C5F4D3CD","Status bar, import/export feedback, or reference-data feedback.","MEDIUM","","","","選択したファイルに無効なキャラクター能力データが含まれています。","","MISSING","","",""
"status.import.invalidCargoPad","ja-JP","The selected file contains an invalid cargo link.","80E6B31E945456F78A0D4D3C17FCA4E361E932AB067C78E1741EC72C7167CACF","Status bar, import/export feedback, or reference-data feedback.","MEDIUM","","","","選択したファイルに無効な貨物リンクが含まれています。","","MISSING","","",""
"status.import.invalidCharacter","ja-JP","The selected file contains invalid character data.","BD5ED70C6173FF383408C7A38FCC554BE508D3E9D9CD39CC95B3BC8D1E68DCED","Status bar, import/export feedback, or reference-data feedback.","MEDIUM","","","","選択したファイルに無効なキャラクターデータが含まれています。","","MISSING","","",""
"status.import.invalidCollection","ja-JP","The selected file is not a valid network collection.","BC66E649584981FB39CC26D61A389E2EAE742D59E4370E8B75A20E07232D5DB0","Status bar, import/export feedback, or reference-data feedback.","MEDIUM","","","","選択したファイルは有効なネットワークコレクションではありません。","","MISSING","","",""
"status.import.invalidExplicitPresence","ja-JP","The selected file contains invalid explicit resource presence data.","6D950D361F054D9460158DC85EC415B833AA7A17158D013089F02D5A71A750DB","Status bar, import/export feedback, or reference-data feedback.","MEDIUM","","","","選択したファイルに無効な明示的資源存在データが含まれています。","","MISSING","","",""
"status.import.invalidIdentity","ja-JP","The selected file contains an empty or duplicate stable identifier.","C9292F13386F46BB1F806B5ECDF57383D948809E7A468BB445BC0C67347B10BB","Status bar, import/export feedback, or reference-data feedback.","MEDIUM","","","","選択したファイルに空または重複した固定識別子が含まれています。","","MISSING","","",""
"status.import.invalidJson","ja-JP","The selected file does not contain valid JSON.","DD6FEB84D5535C61CC0FD35E39359A85A7F9882D1892BB4886B279770E414A7E","Status bar, import/export feedback, or reference-data feedback.","MEDIUM","","JSON","","選択したファイルに有効なJSONが含まれていません。","","MISSING","","",""
"status.import.invalidNetwork","ja-JP","The selected file is not a valid outpost network.","8FD34F0BDDEB12638C2761BD955B5DDF84788A3599AD8776A8E61F224AFFC41F","Status bar, import/export feedback, or reference-data feedback.","MEDIUM","","","","選択したファイルは有効な拠点ネットワークではありません。","","MISSING","","",""
"status.import.invalidOutpost","ja-JP","The selected file contains an invalid outpost.","4A0A96AD5328DE1716C0FB0301941D5D67914AF561C0FC6C0A8892A4BC1B641F","Status bar, import/export feedback, or reference-data feedback.","MEDIUM","","","","選択したファイルに無効な拠点が含まれています。","","MISSING","","",""
"status.import.invalidSkills","ja-JP","The selected file contains invalid character skill data.","F7470064AA2C994A5772856BD799B9B244ACF52CF1EF9B68B0D05F11338735C8","Status bar, import/export feedback, or reference-data feedback.","MEDIUM","","","","選択したファイルに無効なキャラクタースキルデータが含まれています。","","MISSING","","",""
"status.import.invalidStructure","ja-JP","The selected file contains malformed network data.","4DA93EEF49FE417BC9C4E0AFAE91FB6E81286154C45887C345D60CB0A8E962C9","Status bar, import/export feedback, or reference-data feedback.","MEDIUM","","","","選択したファイルに形式が不正なネットワークデータが含まれています。","","MISSING","","",""
"status.import.malformedEntry","ja-JP","The selected collection contains a malformed network entry.","B2D75C5EB9F6C0542BA76BE66309F8CAA88C3E55CE91BEB7356C557080F6A8F1","Status bar, import/export feedback, or reference-data feedback.","MEDIUM","","","","選択したコレクションに形式が不正なネットワーク項目が含まれています。","","MISSING","","",""
"status.import.readFailed","ja-JP","The selected file could not be read.","3345DD67F1A33EC68CCD43BB945635E2E73480388F530D4DA81D48CEA751608D","Status bar, import/export feedback, or reference-data feedback.","MEDIUM","","","","選択したファイルを読み込めませんでした。","","MISSING","","",""
"status.import.stringTooLong","ja-JP","This import contains a text value that is too long.","3AA1FBFEECFDD6A6273A51BC3B923AA36BCF4EBFF8CD688086485F22D5A549B8","Status bar, import/export feedback, or reference-data feedback.","MEDIUM","","","","このインポートファイルには、長すぎるテキストが含まれています。","","MISSING","","",""
"status.import.success","ja-JP","Imported {fileName}.","361B33E2DFEB7D4A86AF74DC9697F2C5FDF80431482DF7A17F704E1580BF4B6D","Status bar, import/export feedback, or reference-data feedback.","MEDIUM","fileName","","","{fileName}をインポートしました。","","MISSING","","",""
"status.import.tooManyNetworks","ja-JP","This import contains too many saved networks.","BC2B208D06D0EBEA9DE7DB854B08349D402BDC8836B468EE9579603443D6EB92","Status bar, import/export feedback, or reference-data feedback.","MEDIUM","","","","このインポートファイルには、保存済みネットワークが多すぎます。","","MISSING","","",""
"status.import.unsupportedCollectionSchema","ja-JP","Unsupported network collection schema version: {version}","C52C0C7B92366B92F3849A01CA5ABB310C050005F0244638C0F2E690967B3D78","Status bar, import/export feedback, or reference-data feedback.","MEDIUM","version","","","サポートされていないネットワークコレクションのスキーマバージョンです：{version}","","MISSING","","",""
"status.import.unsupportedNetworkSchema","ja-JP","Unsupported network schema version: {version}","CE92D012A818B638C8CFAA69AF9F7F8217C53DD2B7359D433ED240657EF1B5CB","Status bar, import/export feedback, or reference-data feedback.","MEDIUM","version","","","サポートされていないネットワークのスキーマバージョンです：{version}","","MISSING","","",""
"status.referenceData.error","ja-JP","Reference data error: {detail}","5E61C384097B1E054857EA6EE27C83BDDD40E5B7165130E86FDB826C86790BFC","Status bar, import/export feedback, or reference-data feedback.","MEDIUM","detail","","","参照データエラー：{detail}","","MISSING","","",""
"status.referenceData.failed","ja-JP","Failed to load reference data.","DCB0208B9AE5F716F800A20585241ECC7CEACF1D45D812E4354439FA5BC88342","Status bar, import/export feedback, or reference-data feedback.","MEDIUM","","","","参照データの読み込みに失敗しました。","","MISSING","","",""
"status.referenceData.loaded","ja-JP","Reference data loaded: {systems} systems, {bodies} bodies, {resources} resources, {products} products.","441B2500B3CC624F74A47931F31DF0E20935EA33D87E26138D2BDF98B33CD5E7","Status bar, import/export feedback, or reference-data feedback.","HIGH","bodies; products; resources; systems","","","参照データを読み込みました：星系{systems}件、天体{bodies}件、資源{resources}件、製造品{products}件。","","MISSING","","",""
"status.referenceData.reload","ja-JP","Reload Reference Data","04968B492913D179B6631E1BFF478E42E1F7B15CA1DFE6A86AFEA3EE095130F4","Status bar, import/export feedback, or reference-data feedback.","MEDIUM","","","","参照データを再読み込み","","MISSING","","",""
"status.storage.capacity","ja-JP","This collection is too large to save safely. Changes remain in memory.","37E321B51C2F69D6CE867123E547B4C72677619F342BA01FC15257A5E91CA75E","Status bar, import/export feedback, or reference-data feedback.","MEDIUM","","","","このコレクションは大きすぎて、このブラウザーに安全に保存できません。変更はメモリ内に保持されます。","","MISSING","","",""
"status.storage.recovery","ja-JP","Saved browser data could not be restored. Using a temporary collection; the original is preserved until an edit.","1BE84B9FD262E5A82E90612CB354EF3DDCB0907733726FDD1EFE1F391D84F923","Status bar, import/export feedback, or reference-data feedback.","MEDIUM","","","","保存済みのブラウザーデータを復元できませんでした。一時的なコレクションを使用しています。編集するまで元のデータは保持されます。","","MISSING","","",""
"status.storage.unavailable","ja-JP","Browser storage is unavailable. This collection is only in memory.","157D03CBEA973C44D2A332C5E0080EA8D42ABB5C84A67D15562E1A42827220DA","Status bar, import/export feedback, or reference-data feedback.","MEDIUM","","","","ブラウザーストレージを利用できません。このコレクションはメモリ内にのみあり、保存されていません。","","MISSING","","",""
"status.storage.unsaved","ja-JP","Changes are only in memory and have not been saved in this browser.","D5BDF41E686368FB0D2ECA36CA35E9EBDEAAD96D84A3D18D09109722CA71754E","Status bar, import/export feedback, or reference-data feedback.","MEDIUM","","","","変更はメモリ内にのみあり、このブラウザーには保存されていません。","","MISSING","","",""
"transfer.export.button","ja-JP","Export","3664895579F0A7E68C4AA09C91316E20239BC74499010E6423ECE40CAD7C28F7","Whole-collection JSON import/export control.","MEDIUM","","","","エクスポート","","MISSING","","",""
"transfer.export.tooltip","ja-JP","Export all networks to JSON","299585BDC19610DDB02287483F51E0397FC5D295C5230190B039E0540F73F95D","Whole-collection JSON import/export control. This is explanatory tooltip text.","MEDIUM","","JSON","","すべてのネットワークをJSONにエクスポート","","MISSING","","",""
"transfer.import.button","ja-JP","Import","2CFF9BAABF56CA002610E113BC94DEB6EDEDDDFC3C130365B6E88ED5195BF774","Whole-collection JSON import/export control.","MEDIUM","","","","インポート","","MISSING","","",""
"transfer.import.tooltip","ja-JP","Import all networks from JSON","ACE5CBE29BD01BF19418906273462FCC73B80F139B71EE2038D5CDBAAF18E5A6","Whole-collection JSON import/export control. This is explanatory tooltip text.","MEDIUM","","JSON","","JSONからすべてのネットワークをインポート","","MISSING","","",""
"validation.activeProductionInorganicInvalid","ja-JP","{resource} is marked as produced, but is not available for outpost extraction in {biomes}.","343A59EBAE1750C2E095CAE84BE65ECF2B40356B29B69886BF4A50D626E06FF8","Validation severity, diagnostic, context, or remediation.","HIGH","biomes; resource","","","{resource}は生産中ですが、{biomes}では拠点で抽出できません。","","MISSING","","",""
"validation.activeProductionInorganicInvalidMany","ja-JP","{resource} is marked as produced, but is not available for outpost extraction in {biomes} biomes.","BFFA154C806911B4861A9A7A75D9EC26BA3F8194E309AE0DB0982EAF8011BBD9","Validation severity, diagnostic, context, or remediation.","HIGH","biomes; resource","","","{resource}は生産中ですが、バイオーム{biomes}では拠点で抽出できません。","","MISSING","","",""
"validation.activeProductionInorganicInvalidOne","ja-JP","{resource} is marked as produced, but is not available for outpost extraction in {biomes} biome.","FADF8014E84AA89E507B9D402163008BBE82235A11A07FF450BED88C5B743874","Validation severity, diagnostic, context, or remediation.","HIGH","biomes; resource","","","{resource}は生産中ですが、バイオーム{biomes}では拠点で抽出できません。","","MISSING","","",""
"validation.activeProductionOrganicInvalid","ja-JP","{resource} is marked as produced, but is not available for outpost harvesting in {biomes}.","6B374E2F42FCF3002184E5FA78DE4475BF4C3092A8291B5AC4643228591C7CA4","Validation severity, diagnostic, context, or remediation.","HIGH","biomes; resource","","","{resource}は生産中ですが、{biomes}では拠点で採集できません。","","MISSING","","",""
"validation.activeProductionOrganicInvalidMany","ja-JP","{resource} is marked as produced, but is not available for outpost harvesting in {biomes} biomes.","40CDB5188C81CA5A8309C5F82E856126B1F2DDD23975432F9C6E4671F0CE600D","Validation severity, diagnostic, context, or remediation.","HIGH","biomes; resource","","","{resource}は生産中ですが、バイオーム{biomes}では拠点で採集できません。","","MISSING","","",""
"validation.activeProductionOrganicInvalidOne","ja-JP","{resource} is marked as produced, but is not available for outpost harvesting in {biomes} biome.","510D2A280451EA1F2A1E1C9CA575215D0997FAA3ED4E9E40CFA39CE8468A6D5B","Validation severity, diagnostic, context, or remediation.","HIGH","biomes; resource","","","{resource}は生産中ですが、バイオーム{biomes}では拠点で採集できません。","","MISSING","","",""
"validation.bodySystemMismatch","ja-JP","This outpost's selected planetary body does not belong to its selected star system.","665FF46A8B0020E578CB5C395BE5C1C6862BDFDEE41C4B4B306E10E372FBBED9","Validation severity, diagnostic, context, or remediation.","HIGH","","","","この拠点で選択された天体は、選択された星系に属していません。","","MISSING","","",""
"validation.cargoPadLinkedMultiple","ja-JP","This Cargo Link has more than one connection.","FCD89051E9CB532472031A914B324BEF8ADA243221C547604A09A13BDFFCCEE8","Validation severity, diagnostic, context, or remediation.","HIGH","","","","この貨物リンクには複数の接続が設定されています。","","MISSING","","",""
"validation.cargoPadSkillLimit","ja-JP","This outpost has {count} cargo links, but the current {skill} level allows a maximum of {limit}.","0D4B4EC504FA591E5B87AC6D9D9D48704DB2E7C3FAD97D63FAFC367862119097","Validation severity, diagnostic, context, or remediation.","HIGH","count; limit; skill","","","この拠点の貨物リンク数は{count}ですが、現在の{skill}レベルでは最大{limit}です。","","MISSING","","",""
"validation.characterNameLength","ja-JP","Starfield character names normally use up to 25 characters.","E22C3A22E8AFD62400F23E47FF57D17D87AF7911704417F68C33BE1A216F682E","Validation severity, diagnostic, context, or remediation.","HIGH","","","","スターフィールドのキャラクター名は通常25文字までです。","","MISSING","","",""
"validation.close","ja-JP","Close validation details","CA5D5310C383358C79F7A0FE35B48EDA45CE70634CC9046D5D37DA7AE23609B5","Validation severity, diagnostic, context, or remediation.","HIGH","","","","検証の詳細を閉じる","","MISSING","","",""
"validation.context.pad","ja-JP","Cargo Link {ordinal}","EFB845F6ED747B80EB2821A9912CDC967497F7C7C6466595AABF814F4A25EFC6","Validation severity, diagnostic, context, or remediation.","HIGH","ordinal","","","貨物リンク{ordinal}","","MISSING","","",""
"validation.context.separator","ja-JP","{outpost} · {pad}","3724D428153B755740BF4189602FF2B37B154948ECE74684C39EDBECAAF6CE81","Validation severity, diagnostic, context, or remediation.","HIGH","outpost; pad","","","{outpost} · {pad}","","MISSING","","",""
"validation.counts","ja-JP","{errors} errors · {warnings} warnings · {info} info","DA686744D7CB82372559F943895D7E118662B1F85B19FE5C587A573C860675F2","Validation severity, diagnostic, context, or remediation.","HIGH","errors; info; warnings","","","エラー{errors}件 · 警告{warnings}件 · 情報{info}件","","MISSING","","",""
"validation.duplicateActiveProduction","ja-JP","{item} appears more than once in this outpost's active production.","408EF1531484F81EF82204FDC8AC014CD10136752AF8CE8BB63C6909DE609C3D","Validation severity, diagnostic, context, or remediation.","HIGH","item","","","{item}がこの拠点の稼働中の生産に複数回含まれています。","","MISSING","","",""
"validation.duplicateBiome","ja-JP","{item} appears more than once in this outpost's biome selection.","98D4842D5357ED12DCAEE0CB21876314875296892807D9F0B4E8D5BF6B1D6DC4","Validation severity, diagnostic, context, or remediation.","HIGH","item","","","{item}がこの拠点のバイオーム選択に複数回含まれています。","","MISSING","","",""
"validation.duplicateExplicitPresence","ja-JP","{item} appears more than once in this outpost's explicit resource presence.","7CD8AA72F3BB3FFD4303234B375FB45AE1AC996C70661B0579FB124DAB3A85B0","Validation severity, diagnostic, context, or remediation.","HIGH","item","","","{item}がこの拠点の明示的な資源存在記録に複数回含まれています。","","MISSING","","",""
"validation.duplicateLocalResource","ja-JP","{item} appears more than once in this outpost's local resources.","98590D7EF4CF73812F603C54B05B2E992917A3EE655737A9C2D457E55374C51A","Validation severity, diagnostic, context, or remediation.","HIGH","item","","","{item}がこの拠点の現地資源に複数回含まれています。","","MISSING","","",""
"validation.duplicateManufacturing","ja-JP","{item} appears more than once in this outpost's manufacturing list.","4A672C33903413951067839530919DA2B42703B982606FF49CFD4A9B2177D74C","Validation severity, diagnostic, context, or remediation.","HIGH","item","","","{item}がこの拠点の製造リストに複数回含まれています。","","MISSING","","",""
"validation.duplicateOutboundItem","ja-JP","{item} appears more than once in this Cargo Link's outbound items.","39E57ED738A1A8E969109EC4BFED550BB5F922390A5D4FF9304D8BA5F426ED02","Validation severity, diagnostic, context, or remediation.","HIGH","item","","","{item}がこの貨物リンクの搬出項目に複数回含まれています。","","MISSING","","",""
"validation.duplicateOutpostName","ja-JP","{count} outposts are named ""{name}"". Unique outpost names are recommended to avoid ambiguity.","4C8312E1F6CCD26528398627BD8DE9C4025557A067D2F60A875E399608F5E6C4","Validation severity, diagnostic, context, or remediation.","HIGH","count; name","","","{count}個の拠点が「{name}」という名前です。混乱を避けるため、拠点名は重複させないことを推奨します。","","MISSING","","",""
"validation.duplicatePlannedSupply","ja-JP","{item} appears more than once in this outpost's Planned Supply.","2D1491D5C8DB17E640841C670CA7202B62919A7E7B4399F17C2D7A20F01ED98D","Validation severity, diagnostic, context, or remediation.","HIGH","item","","","{item}がこの拠点の供給予定に複数回含まれています。","","MISSING","","",""
"validation.filter.all","ja-JP","All","A52ACE420F2175D08B1577A1BEA5445E36801229C074EF9ED6C55A73401FD9C2","Validation severity, diagnostic, context, or remediation.","HIGH","","","","すべて","","MISSING","","",""
"validation.filter.error","ja-JP","Errors","CB702378F31507EFA79A2A2C6046050BC9F578F149C88E3C0A3D9532AB4B5300","Validation severity, diagnostic, context, or remediation.","HIGH","","","","エラー","","MISSING","","",""
"validation.filter.info","ja-JP","Info","170322A32F3C35B2C61576A5553D352D7B3C8AE7086DAB78F15FC891A28C067C","Validation severity, diagnostic, context, or remediation.","HIGH","","","","情報","","MISSING","","",""
"validation.filter.warning","ja-JP","Warnings","0E04CD10F9AFD7E546E176B34B56A243D8C741198AA0BFEE27D7661A370DC043","Validation severity, diagnostic, context, or remediation.","HIGH","","","","警告","","MISSING","","",""
"validation.heading","ja-JP","Validation","68E1CA575295BB5604FEA711B5D2EFF44006CE4BD985481083A76B71FCE0DAEF","Heading for domain validation results containing errors, warnings, and informational findings; not form submission validation alone. This is a visible heading.","HIGH","","","","検証","","MISSING","","",""
"validation.interstellarHelium3","ja-JP","This Inter-System Cargo Link is sending cargo, but its outpost has no available Helium-3 supply.","5ACB93205A0583C817D0B8157F802B528C08E057BB0ADEAB9A916148D18F9171","Validation severity, diagnostic, context, or remediation.","HIGH","","","","この星系間貨物リンクは貨物を発送していますが、拠点で利用できるHe-3の供給がありません。","","MISSING","","",""
"validation.invalidCharacterLevel","ja-JP","Character level is {level}, but a recorded character level must be a whole number from {minimum} to {maximum}.","557A628B5FD3728FAAC1175E6D6EAF7F8D41ED8CB896805EB05788BB52ADF1A6","Validation severity, diagnostic, context, or remediation.","HIGH","level; maximum; minimum","","","キャラクターレベルは{level}ですが、記録できるレベルは{minimum}から{maximum}までの整数です。","","MISSING","","",""
"validation.invalidSkillLevel","ja-JP","{skill} has level {level}, but valid skill levels are integers {minimum} through {maximum}.","479C20E3082325683BBB0FD99CD53B56C8C4A7A002923C68D54B6E9487411C86","Validation severity, diagnostic, context, or remediation.","HIGH","level; maximum; minimum; skill","","","{skill}のレベルは{level}ですが、有効なレベルは{minimum}から{maximum}までの整数です。","","MISSING","","",""
"validation.issueCount","ja-JP","Validation: {count} {count, plural, one {issue} other {issues}}","F0C30AE770A0C8A8C672000A3292FF3FE8F3D0A23945D4079779B5A408A675C4","Validation severity, diagnostic, context, or remediation.","HIGH","count","","","検証：{count}件の問題","","MISSING","","",""
"validation.manufacturingInputUnavailable","ja-JP","{product} requires {input}, but {input} is not available at this outpost.","5D636D52EEFF0A72CE322FD0388383DD6783828EE5AC9DA99242EE7CA9F7CE4F","Validation severity, diagnostic, context, or remediation.","HIGH","input; product","","","{product}には{input}が必要ですが、この拠点では{input}を利用できません。","","MISSING","","",""
"validation.missingCargoEndpoint","ja-JP","This cargo connection refers to a missing outpost or Cargo Link endpoint.","DE666AA19EEA71AF84123F9502737CCA410AEA2B9EA680E0DBB0DA1B22BCD1EB","Validation severity, diagnostic, context, or remediation.","HIGH","","","","この貨物接続が、存在しない拠点または接続先の貨物リンクを参照しています。","","MISSING","","",""
"validation.none","ja-JP","No validation issues.","21D05437FB5BF4D6620AD3FEB0A477B311E4FE078083DD371C526972FEAEEF5C","Validation severity, diagnostic, context, or remediation.","HIGH","","","","検証上の問題はありません。","","MISSING","","",""
"validation.open","ja-JP","Open validation details","77DDEF905E8B93BB72AE88AD640D48A41D25FB28E2530E59996DCF1A94822ECA","Validation severity, diagnostic, context, or remediation.","HIGH","","","","検証の詳細を開く","","MISSING","","",""
"validation.organicInputUnavailable","ja-JP","{species} requires {input}, but {input} is not available at this outpost.","6C9034CE1B9DD269D679570EB922B190B3A495B01898426091DF8323B7C6517F","Validation severity, diagnostic, context, or remediation.","HIGH","input; species","","","{species}には{input}が必要ですが、この拠点では{input}を利用できません。","","MISSING","","",""
"validation.outpostBodyNotEligible","ja-JP","This outpost is located on a body that cannot host outposts.","2A2282A192939493A1C1868D1A1C14D95443D82432460E1B0D29B81953D33AE1","Validation severity, diagnostic, context, or remediation.","HIGH","","","","この拠点は、拠点を建設できない天体にあります。","","MISSING","","",""
"validation.outpostNameLength","ja-JP","Starfield normally limits outpost names to 25 characters; longer modded names remain supported.","E784CAB57A18B4483195176094C6A818AE3FBEFF92674F7355962C05A1877A44","Validation severity, diagnostic, context, or remediation.","HIGH","","","","スターフィールドでは通常、拠点名は25文字までです。MODによる長い名前も引き続き使用できます。","","MISSING","","",""
"validation.outpostSkillLimit","ja-JP","This network has {count} outposts, but the current {skill} level allows a maximum of {limit}.","4D1CE1DF98BDA2E18E1BEA5735B16B8AD97CCC63E5B2E324E8E39BF4A1E4489F","Validation severity, diagnostic, context, or remediation.","HIGH","count; limit; skill","","","このネットワークには拠点が{count}個ありますが、現在の{skill}レベルでは最大{limit}個です。","","MISSING","","",""
"validation.planetaryHabitationRequirement","ja-JP","This outpost requires {skill} rank {required}, but the recorded character rank is {recorded}.","F45CBAADE159B507024D0485DB395C0F14F2DB63F6C23FB7CD5712E1935E5EA9","Validation severity, diagnostic, context, or remediation.","HIGH","recorded; required; skill","","","この拠点には{skill}ランク{required}が必要ですが、記録されたキャラクターのランクは{recorded}です。","","MISSING","","",""
"validation.plannedSupplyUnresolved","ja-JP","{count} {count, plural, one {item} other {items}} in Planned Supply: {itemList}.","BE7699EC7C1923EA45A34F86ED126C15EF94933206CDB8839A9C6FAE4310BF48","Validation severity, diagnostic, context, or remediation.","HIGH","count; itemList","","","供給予定に{count}件の未解決項目があります：{itemList}。","","MISSING","","",""
"validation.regularPadCrossSystem","ja-JP","This Cargo Link is connected to an outpost in another star system; use an Inter-System Cargo Link instead.","0036D346FA2E3589A83E0C1E156EB47038633D52DD365DF5CD83EED4B3C9A2FB","Validation severity, diagnostic, context, or remediation.","HIGH","","","","この貨物リンクは別の星系の拠点に接続されています。代わりに星系間貨物リンクを使用してください。","","MISSING","","",""
"validation.remediation.extraction","ja-JP","Available for extraction in: {biomes}","033652C06FCF14E7028EFC79DED08BDC6242BAF35CBC75A969F66CF88E50189F","Validation severity, diagnostic, context, or remediation.","HIGH","biomes","","","抽出可能：{biomes}","","MISSING","","",""
"validation.remediation.harvesting","ja-JP","Available for harvesting in: {biomes}","FAE957E97B0F9EF61CB62E87B9E083C560CD16BB015219DD1B3D64FAC1979E77","Validation severity, diagnostic, context, or remediation.","HIGH","biomes","","","採集可能：{biomes}","","MISSING","","",""
"validation.remediation.organicSources","ja-JP","Available from: {sources}","079E06CF1CE43D59E4122D165732D4D39B7405F6EA48021A2BFF063549D71012","Validation severity, diagnostic, context, or remediation.","HIGH","sources","","","利用可能な供給源：{sources}","","MISSING","","",""
"validation.selectedBiomeInvalid","ja-JP","This selected biome belongs to a different planetary body.","6D576D3401E2A28EF6D6D90BE82FEF4E4A34C47FDEC0102556426FBE7EC1E066","Validation severity, diagnostic, context, or remediation.","HIGH","","","","選択されたバイオームは別の天体に属しています。","","MISSING","","",""
"validation.selfLinkedCargoPad","ja-JP","This cargo connection uses the same Cargo Link at both endpoints.","37A36CCB8D15AE9949772C22FE628AE24C43622ECBA3A4618483EE8B495D65E1","Validation severity, diagnostic, context, or remediation.","HIGH","","","","この貨物接続では、両端に同じ貨物リンクが指定されています。","","MISSING","","",""
"validation.severity.error","ja-JP","Error","54A0E8C17EBB21A11F8A25B8042786EF7EFE52441E6CC87E92C67E0C4C0C6E78","Validation severity, diagnostic, context, or remediation.","HIGH","","","","エラー","","MISSING","","",""
"validation.severity.info","ja-JP","Info","170322A32F3C35B2C61576A5553D352D7B3C8AE7086DAB78F15FC891A28C067C","Validation severity, diagnostic, context, or remediation.","HIGH","","","","情報","","MISSING","","",""
"validation.severity.warning","ja-JP","Warning","E981DDAE45D8F4CA53F1CCBE613AD254A041DACF65A06026099A6302D332113B","Validation severity, diagnostic, context, or remediation.","HIGH","","","","警告","","MISSING","","",""
"validation.unknownBiome","ja-JP","This outpost refers to unknown body-biome ID ""{id}"".","E1DA964E2CA929F08EAB04CB1BDC0647323400630396D29DE66A0DA4ECC75ACD","Validation severity, diagnostic, context, or remediation.","HIGH","id","ID","","この拠点が不明な天体バイオームID「{id}」を参照しています。","","MISSING","","",""
"validation.unknownBody","ja-JP","This outpost refers to unknown planetary body ID ""{id}"".","DA5ED3FC64770A5D1CB08189EC222343D0D13D7169E01214381323FCB25228E2","Validation severity, diagnostic, context, or remediation.","HIGH","id","ID","","この拠点が不明な天体ID「{id}」を参照しています。","","MISSING","","",""
"validation.unknownExplicitResource","ja-JP","This outpost refers to unknown resource ID ""{id}"" in its explicit resource presence.","FD98EB6E83DF87E0D8F039DEAB0DBEB6B9FF1057B00476AB6E52CF432263451E","Validation severity, diagnostic, context, or remediation.","HIGH","id","ID","","この拠点の明示的な資源存在記録が不明な資源ID「{id}」を参照しています。","","MISSING","","",""
"validation.unknownLocalResource","ja-JP","This outpost refers to unknown resource ID ""{id}"" in its local resources.","25EF5B070F2192423A3417D425AD2BD968121472069DE0634ABEAD4478721816","Validation severity, diagnostic, context, or remediation.","HIGH","id","ID","","この拠点の現地資源が不明な資源ID「{id}」を参照しています。","","MISSING","","",""
"validation.unknownManufacturingProduct","ja-JP","This outpost refers to unknown product ID ""{id}"" in its manufacturing list.","676EECBDA18952E4E1337C7209F730A4681D85259A469B433214A9CBF262FBCC","Validation severity, diagnostic, context, or remediation.","HIGH","id","ID","","この拠点の製造リストが不明な製造品ID「{id}」を参照しています。","","MISSING","","",""
"validation.unknownOutboundItem","ja-JP","This Cargo Link refers to unknown {kind} ID ""{id}"" in its outbound items.","B7A414025A12F066B07642528EBBBB6E1B2E00F8550F92A95603AD724FBD69D9","Validation severity, diagnostic, context, or remediation.","HIGH","id; kind","ID","","この貨物リンクの搬出項目が不明な{kind} ID「{id}」を参照しています。","","MISSING","","",""
"validation.unknownPlannedItem","ja-JP","This outpost refers to unknown {kind} ID ""{id}"" in Planned Supply.","9F80386C805E2AE70EC4A6E593CE774C919F328FBA406EC4447940E86F3E3FC7","Validation severity, diagnostic, context, or remediation.","HIGH","id; kind","ID","","この拠点の供給予定が不明な{kind} ID「{id}」を参照しています。","","MISSING","","",""
"validation.unknownProductionResource","ja-JP","This outpost refers to unknown resource ID ""{id}"" in its active production.","283D486D59E6085AAFBC0B201C46CB2A08618E9E64205A13AD35087A2EA8ECD7","Validation severity, diagnostic, context, or remediation.","HIGH","id","ID","","この拠点の稼働中の生産が不明な資源ID「{id}」を参照しています。","","MISSING","","",""
"validation.unknownProductionSpecies","ja-JP","This outpost refers to unknown species ID ""{id}"" in its active production.","91A800002BC1CE2AF9CEFD856D1CBD18D7773ACDE7BBE005AEF527092A252C17","Validation severity, diagnostic, context, or remediation.","HIGH","id","ID","","この拠点の稼働中の生産が不明な種ID「{id}」を参照しています。","","MISSING","","",""
"validation.unknownSystem","ja-JP","This outpost refers to unknown star system ID ""{id}"".","8432E06037C7C251B843C3EDD4B1A1D078A462F6362C19D2D5FD11D5A39AF2FF","Validation severity, diagnostic, context, or remediation.","HIGH","id","ID","","この拠点が不明な星系ID「{id}」を参照しています。","","MISSING","","",""
"validation.unresolvedCargoExport","ja-JP","This cargo export has no actual source.","9EAACCEA3A841501964523BCF982FD87C47D6757074376F1BC1CB8D66A5C4C43","Validation severity, diagnostic, context, or remediation.","HIGH","","","","この搬出設定には実際の供給源がありません。","","MISSING","","",""
"validation.unspecifiedOrganicSource","ja-JP","{resource} is recorded as produced, but no flora or fauna source has been specified.","056A3D5076F6B12651B3FB863784E24F15758949E1FCE79C6C9F4EB67B5AB577","Validation severity, diagnostic, context, or remediation.","HIGH","resource","","","{resource}は生産中と記録されていますが、植物または動物の供給源が指定されていません。","","MISSING","","",""
"validation.xTechCapabilityPresent","ja-JP","{resource} is recorded as present, but the character lacks the required extraction capability.","4932C2D2FC3BBD2ED3859E703D8D1C96C8F12B70E305639170B4F35DD787C001","Validation severity, diagnostic, context, or remediation.","HIGH","resource","","","{resource}は存在すると記録されていますが、キャラクターに必要な抽出能力がありません。","","MISSING","","",""
"validation.xTechCapabilityProduced","ja-JP","{resource} is recorded as produced, but the character lacks the required extraction capability.","1753E5EEEAA84EE6B9C7B00083238621AA9239C11E55991E503F168B1A50975E","Validation severity, diagnostic, context, or remediation.","HIGH","resource","","","{resource}は生産中と記録されていますが、キャラクターに必要な抽出能力がありません。","","MISSING","","",""
"validation.xTechRequiresPresence","ja-JP","{resource} is recorded as produced, but it is not explicitly recorded as present at this outpost.","D3303EB03DD18D210409EA33E566B86C34E4EC8108714854E26C2D17E70EDFBC","Validation severity, diagnostic, context, or remediation.","HIGH","resource","","","{resource}は生産中と記録されていますが、この拠点に存在すると明示的に記録されていません。","","MISSING","","",""
