"Key","Locale","EnglishSource","EnglishSourceSha256","Context","Risk","Parameters","ProtectedTokens","OfficialTermConstraints","CodexTranslation","DeepLTranslation","ComparisonStatus","AdjudicationDecision","FinalTranslation","ReviewerNote"
"about.artwork","pl-PL","Favicon artwork (separate license):","1672A1543E07F4A17985250AA236981FA83C925A274E16BF29EC9C1F55B0D8BC","About dialog content or accessible control.","LOW","","","","Grafika ikony witryny (odrębna licencja):","","MISSING","CODEX","Grafika ikony witryny (odrębna licencja):","Release preparation copy: Codex drafted and reviewed about.artwork against the approved meaning, UI role and literal identifiers; no new DeepL or native review. License scope, voluntary support and local-data boundaries are explanatory copy, not replacement legal terms."
"about.attribution","pl-PL","designed by gravisio from Flaticon","EEE6A4550C16EA33E2D314F4E77291D12838FEBE646600010632735BD446F848","About dialog content or accessible control.","LOW","","designed by gravisio from Flaticon","","designed by gravisio from Flaticon","","MISSING","CODEX","designed by gravisio from Flaticon","Release preparation copy: Codex drafted and reviewed about.attribution against the approved meaning, UI role and literal identifiers; no new DeepL or native review. Certificate-prescribed invariant credit replaces the obsolete source wording; previous provider evidence remains in Git history."
"about.backup","pl-PL","Saved in this browser profile on this site, with no account sync or server backup. Export before clearing browser data or moving devices. Import replaces the collection. If saving fails, export your in-memory work.","10F42C0EC190FB9BC14FEB95922B54DD9FCF4066DE775F65BDFA39C4211B89CC","About dialog content or accessible control.","LOW","","","","Zapis w tym profilu przeglądarki na tej stronie, bez synchronizacji konta ani kopii na serwerze. Eksportuj przed usunięciem danych przeglądarki lub zmianą urządzenia. Import zastępuje kolekcję. Jeśli zapis się nie powiedzie, wyeksportuj pracę z pamięci.","","MISSING","CODEX","Zapis w tym profilu przeglądarki na tej stronie, bez synchronizacji konta ani kopii na serwerze. Eksportuj przed usunięciem danych przeglądarki lub zmianą urządzenia. Import zastępuje kolekcję. Jeśli zapis się nie powiedzie, wyeksportuj pracę z pamięci.","Release preparation copy: Codex drafted and reviewed about.backup against the approved meaning, UI role and literal identifiers; no new DeepL or native review. License scope, voluntary support and local-data boundaries are explanatory copy, not replacement legal terms."
"about.build","pl-PL","Build {commit}","954964A8306F874AF4BE2DC50620E52967203BE81589FE546C3E4A3AA7CBE200","About dialog content or accessible control.","LOW","commit","","","Kompilacja {commit}","","MISSING","CODEX","Kompilacja {commit}","Release preparation copy: Codex drafted and reviewed about.build against the approved meaning, UI role and literal identifiers; no new DeepL or native review. License scope, voluntary support and local-data boundaries are explanatory copy, not replacement legal terms."
"about.buildSource","pl-PL","Source for this build","A952E15E6036338D5314516EC646C3D0140D5F85553A0BBFF71782F105BE2B34","About dialog content or accessible control.","LOW","","","","Źródło tej kompilacji","","MISSING","CODEX","Źródło tej kompilacji","Release preparation copy: Codex drafted and reviewed about.buildSource against the approved meaning, UI role and literal identifiers; no new DeepL or native review. License scope, voluntary support and local-data boundaries are explanatory copy, not replacement legal terms."
"about.closeDialog","pl-PL","Close About dialog","BADE4BD70A7F5829AD34BCB1FAEFF8663832F5D9974F5FA0DA112D256E12ED78","About dialog content or accessible control.","LOW","","","","Zamknij okno „O aplikacji”","Zamknij okno dialogowe „Informacje”","SUBSTANTIVE","CODEX","Zamknij okno „O aplikacji”","Codex was selected for about.closeDialog because it more precisely preserves the English meaning and recorded UI role; the DeepL alternative changes nuance or is less suitable Polish for this surface."
"about.contact","pl-PL","Private / alternative contact","2478C099EF6FA9CC5B8EB8823F0AC76B59AB28B766CD2E877B34BF326FD9EE4F","About dialog content or accessible control.","LOW","","","","Kontakt prywatny / alternatywny","","MISSING","CODEX","Kontakt prywatny / alternatywny","Release preparation copy: Codex drafted and reviewed about.contact against the approved meaning, UI role and literal identifiers; no new DeepL or native review. License scope, voluntary support and local-data boundaries are explanatory copy, not replacement legal terms."
"about.description","pl-PL","A tracking tool for Starfield outpost networks.","A385DFA0EF4B91EF17C72901A82FD98B4A6C087F914E97981E2E268B448516F3","About dialog content or accessible control. This is accessible or instructional text.","LOW","","","term.outpost=Placówka [strategy=semantic-concept]; product.starfield=Starfield [strategy=phrase]; glossary.network=Sieć [strategy=semantic-concept]","Narzędzie do śledzenia sieci placówek w Starfield.","Narzędzie do śledzenia sieci placówek Starfield.","SUBSTANTIVE","CODEX","Narzędzie do śledzenia sieci placówek w Starfield.","Codex was selected for about.description because it follows the approved term.outpost, product.starfield, glossary.network terminology and better preserves the key's semantic role than the DeepL alternative."
"about.funding","pl-PL","Voluntary support for the developer’s Bethesda modding and tools work. Released projects are free to use; tips or memberships buy no extra features, exclusives, access, priority support or delivery commitments.","55A68A1559BB9A73544E561602840875D641A4388BCC9E9762C932188FB14895","About dialog content or accessible control.","LOW","","Bethesda","","Dobrowolne wsparcie pracy autora nad modami i narzędziami do gier Bethesda. Opublikowane projekty są bezpłatne; napiwki ani członkostwo nie zapewniają dodatkowych funkcji, treści na wyłączność, dostępu, priorytetowej pomocy ani zobowiązań do dostarczenia prac.","","MISSING","CODEX","Dobrowolne wsparcie pracy autora nad modami i narzędziami do gier Bethesda. Opublikowane projekty są bezpłatne; napiwki ani członkostwo nie zapewniają dodatkowych funkcji, treści na wyłączność, dostępu, priorytetowej pomocy ani zobowiązań do dostarczenia prac.","Release preparation copy: Codex drafted and reviewed about.funding against the approved meaning, UI role and literal identifiers; no new DeepL or native review. License scope, voluntary support and local-data boundaries are explanatory copy, not replacement legal terms."
"about.issues","pl-PL","Bugs and suggestions","3D83AC7A899CF17CD7C4E6401362ADF1136BEA46005C64EC8CBF95C6D4122E1B","About dialog content or accessible control.","LOW","","","","Błędy i sugestie","","MISSING","CODEX","Błędy i sugestie","Release preparation copy: Codex drafted and reviewed about.issues against the approved meaning, UI role and literal identifiers; no new DeepL or native review. License scope, voluntary support and local-data boundaries are explanatory copy, not replacement legal terms."
"about.license","pl-PL","Full license","6B43E03E00A846DD4FD35C0FCCEC63C88AC637DB2805DBBD91216FB3A3F99D92","About dialog content or accessible control.","LOW","","","","Pełna licencja","","MISSING","CODEX","Pełna licencja","Release preparation copy: Codex drafted and reviewed about.license against the approved meaning, UI role and literal identifiers; no new DeepL or native review. License scope, voluntary support and local-data boundaries are explanatory copy, not replacement legal terms."
"about.licenseSummary","pl-PL","Project-authored code: GPL-3.0-or-later, without warranty. Artwork and game-derived content have separate rights.","6D474223C94DC984542DC5DF4CF3EBBC97D01EE7FE65F58C3BB43F70946AD7EE","About dialog content or accessible control.","LOW","","GPL-3.0-or-later","","Kod autorski projektu: GPL-3.0-or-later, bez gwarancji. Grafiki i treści pochodzące z gry podlegają odrębnym prawom.","","MISSING","CODEX","Kod autorski projektu: GPL-3.0-or-later, bez gwarancji. Grafiki i treści pochodzące z gry podlegają odrębnym prawom.","Release preparation copy: Codex drafted and reviewed about.licenseSummary against the approved meaning, UI role and literal identifiers; no new DeepL or native review. License scope, voluntary support and local-data boundaries are explanatory copy, not replacement legal terms."
"about.modified","pl-PL","local / modified","C1302006893E644718C30E10D063F83982E7F59DCF8F74FD1AB12B22C14DC4E5","About dialog content or accessible control.","LOW","","","","lokalna / zmodyfikowana","","MISSING","CODEX","lokalna / zmodyfikowana","Release preparation copy: Codex drafted and reviewed about.modified against the approved meaning, UI role and literal identifiers; no new DeepL or native review. License scope, voluntary support and local-data boundaries are explanatory copy, not replacement legal terms."
"about.notices","pl-PL","Third-party notices","8FADBC8DE2733658492151AFBEF233902D6D43DE12EEA937B8773D938BCBC8E3","About dialog content or accessible control.","LOW","","","","Informacje o materiałach zewnętrznych","","MISSING","CODEX","Informacje o materiałach zewnętrznych","Release preparation copy: Codex drafted and reviewed about.notices against the approved meaning, UI role and literal identifiers; no new DeepL or native review. License scope, voluntary support and local-data boundaries are explanatory copy, not replacement legal terms."
"about.repository","pl-PL","Source repository","53DB3B48E1AD4170808C3842C52F9BEE1ED27C66B9B192E91EC3C2C678064994","About dialog content or accessible control.","LOW","","","","Repozytorium kodu źródłowego","","MISSING","CODEX","Repozytorium kodu źródłowego","Release preparation copy: Codex drafted and reviewed about.repository against the approved meaning, UI role and literal identifiers; no new DeepL or native review. License scope, voluntary support and local-data boundaries are explanatory copy, not replacement legal terms."
"about.support","pl-PL","Support Gooberpede","C40D81D65A7CC6A059703CA6F930DAEF7FE8BC3A1BE0AF54B8C0AE5071133B54","About dialog content or accessible control.","LOW","","Gooberpede","","Wesprzyj Gooberpede","","MISSING","CODEX","Wesprzyj Gooberpede","Release preparation copy: Codex drafted and reviewed about.support against the approved meaning, UI role and literal identifiers; no new DeepL or native review. License scope, voluntary support and local-data boundaries are explanatory copy, not replacement legal terms."
"about.unknown","pl-PL","local / unverified","C4C51655D0B244AA84D5C83768F8C4647017F63DE666E7C09652954A91F7A274","About dialog content or accessible control.","LOW","","","","lokalna / niezweryfikowana","","MISSING","CODEX","lokalna / niezweryfikowana","Release preparation copy: Codex drafted and reviewed about.unknown against the approved meaning, UI role and literal identifiers; no new DeepL or native review. License scope, voluntary support and local-data boundaries are explanatory copy, not replacement legal terms."
"about.unofficial","pl-PL","Independent, unofficial project; not affiliated with or endorsed by Bethesda Game Studios or Microsoft.","BDA9BA76D3844680CA77725C6F65D21A66086862794E3A9E2E38886305DC4054","About dialog content or accessible control.","LOW","","Bethesda Game Studios; Microsoft","","Niezależny, nieoficjalny projekt, niepowiązany z Bethesda Game Studios ani Microsoft i niezatwierdzony przez te firmy.","","MISSING","CODEX","Niezależny, nieoficjalny projekt, niepowiązany z Bethesda Game Studios ani Microsoft i niezatwierdzony przez te firmy.","Release preparation copy: Codex drafted and reviewed about.unofficial against the approved meaning, UI role and literal identifiers; no new DeepL or native review. License scope, voluntary support and local-data boundaries are explanatory copy, not replacement legal terms."
"about.version","pl-PL","Version {version}","A18745121BB8AF6D1A0C689CFB3C2A2245D10D5FE3B37FF37C8B69FD74773DFA","About dialog content or accessible control.","LOW","version","","","Wersja {version}","","MISSING","CODEX","Wersja {version}","Release preparation copy: Codex drafted and reviewed about.version against the approved meaning, UI role and literal identifiers; no new DeepL or native review. License scope, voluntary support and local-data boundaries are explanatory copy, not replacement legal terms."
"cargo.add","pl-PL","Add cargo link","53FAE1C321AAC37F6E1F73EC7A82A17C25779F4656987058445CA620C9E848A1","Cargo Link, destination, or export UI.","MEDIUM","","","term.cargo-link=Połączenie towarowe [strategy=semantic-concept]","Dodaj połączenie towarowe","Dodaj połączenie transportowe","SUBSTANTIVE","CODEX","Dodaj połączenie towarowe","Codex was selected for cargo.add because it follows the approved term.cargo-link terminology and better preserves the key's semantic role than the DeepL alternative."
"cargo.addButton","pl-PL","+ Add Cargo Link","D2211C3FDC73278A6EC7B28F2F322486D54D76EF53402B5C1EA6E5FAE2F3FB2C","Cargo Link, destination, or export UI.","MEDIUM","","","term.cargo-link=Połączenie towarowe [strategy=semantic-concept]","+ Dodaj połączenie towarowe","+ Dodaj połączenie transportowe","SUBSTANTIVE","CODEX","+ Dodaj połączenie towarowe","Codex was selected for cargo.addButton because it follows the approved term.cargo-link terminology and better preserves the key's semantic role than the DeepL alternative."
"cargo.addWithLimit","pl-PL","Add cargo link ({count} of {limit})","A4CF04E083D4098E72C8FA76DC07141B3F2233D71D5D719788CADE708B40044F","Cargo Link, destination, or export UI.","HIGH","count; limit","","term.cargo-link=Połączenie towarowe [strategy=semantic-concept]","Dodaj połączenie towarowe ({count} z {limit})","Dodaj połączenie transportowe ({count} z {limit})","SUBSTANTIVE","CODEX","Dodaj połączenie towarowe ({count} z {limit})","Codex was selected for cargo.addWithLimit because it follows the approved term.cargo-link terminology and better preserves the key's semantic role than the DeepL alternative."
"cargo.collapseAll","pl-PL","Collapse all","25F7B3721119F1EC7FDF7C8C66E779EE9999E2049E569AFC3B00A9FBDEECE7DB","Cargo Link, destination, or export UI.","MEDIUM","","","","Zwiń wszystkie","Zwiń wszystko","SUBSTANTIVE","DEEPL","Zwiń wszystko","DeepL was selected for cargo.collapseAll because its wording is more idiomatic and concise in this UI context while preserving the English meaning, parameters, and applicable terminology."
"cargo.destination.linkedLocator","pl-PL","{outpost} / {pad}","E3F588AC487BF246C4AEBCEED554F74BC9D737A9B31D9689304A6DF69D9A9CE2","Cargo Link, destination, or export UI.","HIGH","outpost; pad","","term.outpost=Placówka [strategy=semantic-concept]; glossary.destination=Cel [strategy=semantic-concept, variants=cel | miejsce docelowe]","{outpost} / {pad}","{placówka} / {platformy}","INVALID_TOKENS","INVALID_DEEPL_REPAIRED","{outpost} / {pad}","DeepL candidate for cargo.destination.linkedLocator failed PLACEHOLDERS validation and remains recorded as invalid evidence; the structurally safe Codex candidate preserves the source meaning and required tokens."
"cargo.destination.noPads","pl-PL","{outpost} — no cargo links","DA54B44E36D3853E5A719426F6B58F79D702F8D63C98A289C15B05C5DF5230DF","Cargo Link, destination, or export UI.","MEDIUM","outpost","","term.cargo-link=Połączenie towarowe [strategy=semantic-concept]; term.outpost=Placówka [strategy=semantic-concept]; glossary.destination=Cel [strategy=semantic-concept, variants=cel | miejsce docelowe]","{outpost} — brak połączeń towarowych","{outpost} — brak połączeń transportowych","SUBSTANTIVE","CODEX","{outpost} — brak połączeń towarowych","Codex was selected for cargo.destination.noPads because it follows the approved term.cargo-link, term.outpost, glossary.destination terminology and better preserves the key's semantic role than the DeepL alternative."
"cargo.destination.nothing","pl-PL","nothing","1785CFC3BC6AC7738E8B38CDCCD1AF12563C2B9070E07AF336A1BF8C0F772B6A","Cargo Link, destination, or export UI.","MEDIUM","","","glossary.destination=Cel [strategy=semantic-concept, variants=cel | miejsce docelowe]","brak","brak","IDENTICAL","AGREED","brak","Both independent candidates agree for cargo.destination.nothing; the shared wording preserves the English meaning, required syntax, and recorded UI context."
"cargo.destination.outpost","pl-PL","Destination outpost","46A7B7798BF8C076C932ADE71CE877EFDE16D0E06263BFC372CF0D700949E83F","Cargo Link, destination, or export UI.","MEDIUM","","","term.outpost=Placówka [strategy=semantic-concept]; glossary.destination=Cel [strategy=semantic-concept, variants=cel | miejsce docelowe]","Placówka docelowa","Punkt docelowy","SUBSTANTIVE","CODEX","Placówka docelowa","Codex was selected for cargo.destination.outpost because it follows the approved term.outpost, glossary.destination terminology and better preserves the key's semantic role than the DeepL alternative."
"cargo.destination.pad","pl-PL","Destination cargo link","6CCAD8677D177EDD2552DF915A90B9E51BB8C8B6E28093F9D86BAEC22387121B","Cargo Link, destination, or export UI.","MEDIUM","","","term.cargo-link=Połączenie towarowe [strategy=semantic-concept]; glossary.destination=Cel [strategy=semantic-concept, variants=cel | miejsce docelowe]","Docelowe połączenie towarowe","Link do ładunku w miejscu docelowym","SUBSTANTIVE","CODEX","Docelowe połączenie towarowe","Codex was selected for cargo.destination.pad because it follows the approved term.cargo-link, glossary.destination terminology and better preserves the key's semantic role than the DeepL alternative."
"cargo.destination.padContents","pl-PL","{pad}: ({contents})","46C4E560ED412E5E91CC2809ACDDFF9A902694FC19310541DB444D9DA539A9DF","Cargo Link, destination, or export UI.","HIGH","contents; pad","","glossary.destination=Cel [strategy=semantic-concept, variants=cel | miejsce docelowe]","{pad}: ({contents})","{pad}: ({zawartość})","INVALID_TOKENS","INVALID_DEEPL_REPAIRED","{pad}: ({contents})","DeepL candidate for cargo.destination.padContents failed PLACEHOLDERS validation and remains recorded as invalid evidence; the structurally safe Codex candidate preserves the source meaning and required tokens."
"cargo.destination.padContentsLinked","pl-PL","{pad}: ({contents}) — linked to {destination}","0CDFF888723D4F5B2F31DC1F49E83C2A8078560E4B8D26A2E12C1674CF04028C","Cargo Link, destination, or export UI.","HIGH","contents; destination; pad","","glossary.destination=Cel [strategy=semantic-concept, variants=cel | miejsce docelowe]","{pad}: ({contents}) — cel: {destination}","{pad}: ({zawartość}) — połączony z {miejscem docelowym}","INVALID_TOKENS","INVALID_DEEPL_REPAIRED","{pad}: ({contents}) — cel: {destination}","DeepL candidate for cargo.destination.padContentsLinked failed PLACEHOLDERS validation and remains recorded as invalid evidence; the structurally safe Codex candidate preserves the source meaning and required tokens."
"cargo.destination.selectPad","pl-PL","Select cargo link...","0C06C8F77EE648241D2AEF00115499EE25AAA6DD865860141BDE71A7172DE88D","Cargo Link, destination, or export UI.","MEDIUM","","","term.cargo-link=Połączenie towarowe [strategy=semantic-concept]; glossary.destination=Cel [strategy=semantic-concept, variants=cel | miejsce docelowe]","Wybierz połączenie towarowe...","Wybierz połączenie transportowe...","SUBSTANTIVE","CODEX","Wybierz połączenie towarowe...","Codex was selected for cargo.destination.selectPad because it follows the approved term.cargo-link, glossary.destination terminology and better preserves the key's semantic role than the DeepL alternative."
"cargo.destination.unknownPad","pl-PL","Unknown cargo link","986ADDDD7490611B32FC3E1060624621C2336F0803BABC1EECF9E2F039E58A12","Cargo Link, destination, or export UI.","MEDIUM","","","term.cargo-link=Połączenie towarowe [strategy=semantic-concept]; glossary.destination=Cel [strategy=semantic-concept, variants=cel | miejsce docelowe]","Nieznane połączenie towarowe","Nieznane połączenie transportowe","SUBSTANTIVE","CODEX","Nieznane połączenie towarowe","Codex was selected for cargo.destination.unknownPad because it follows the approved term.cargo-link, glossary.destination terminology and better preserves the key's semantic role than the DeepL alternative."
"cargo.destination.unknownPadInline","pl-PL","unknown cargo link","442FB1860DD920A894B5F436CDB708ACF518300BE6D959474056852299E3116E","Cargo Link, destination, or export UI.","MEDIUM","","","term.cargo-link=Połączenie towarowe [strategy=semantic-concept]; glossary.destination=Cel [strategy=semantic-concept, variants=cel | miejsce docelowe]","nieznane połączenie towarowe","nieznane połączenie ładunkowe","SUBSTANTIVE","CODEX","nieznane połączenie towarowe","Codex was selected for cargo.destination.unknownPadInline because it follows the approved term.cargo-link, glossary.destination terminology and better preserves the key's semantic role than the DeepL alternative."
"cargo.destination.unlinked","pl-PL","Unlinked","1E690B5815BE5BF48D2EB8F1DA6D951667E1F4003ED8C3A1015989004358BF11","Cargo Link, destination, or export UI.","MEDIUM","","","glossary.destination=Cel [strategy=semantic-concept, variants=cel | miejsce docelowe]","Niepołączone","Bez połączenia","SUBSTANTIVE","DEEPL","Bez połączenia","DeepL was selected for cargo.destination.unlinked because its wording is more idiomatic and concise in this UI context while preserving the English meaning, parameters, and applicable terminology."
"cargo.expandAll","pl-PL","Expand all","A3E586BE3EFF5FB9F768C0846035DB47CCF0F0E10727B0F14D829FF3A5913324","Cargo Link, destination, or export UI.","MEDIUM","","","","Rozwiń wszystkie","Rozwiń wszystko","SUBSTANTIVE","DEEPL","Rozwiń wszystko","DeepL was selected for cargo.expandAll because its wording is more idiomatic and concise in this UI context while preserving the English meaning, parameters, and applicable terminology."
"cargo.export.toggle","pl-PL","Toggle export for {item}","867731F380025E7C28E0513647868E7DB3665B77CFF914373499D3D3A7F5FF69","Cargo Link, destination, or export UI.","MEDIUM","item","","","Przełącz eksport: {item}","Przełącz eksport dla {elementu}","INVALID_TOKENS","INVALID_DEEPL_REPAIRED","Przełącz eksport: {item}","DeepL candidate for cargo.export.toggle failed PLACEHOLDERS validation and remains recorded as invalid evidence; the structurally safe Codex candidate preserves the source meaning and required tokens."
"cargo.exports.empty","pl-PL","No items available to export.","1553E216F5D6C9DEDE00C63081AFE00F232C07089697F3FA257F121E275608DE","Cargo Link, destination, or export UI.","MEDIUM","","","","Brak pozycji dostępnych do eksportu.","Brak elementów do eksportu.","SUBSTANTIVE","DEEPL","Brak elementów do eksportu.","DeepL was selected for cargo.exports.empty because its wording is more idiomatic and concise in this UI context while preserving the English meaning, parameters, and applicable terminology."
"cargo.exports.heading","pl-PL","Exports","2F4DCF59FF0CC41C77E519CA3D451220B2943856177BB20A634F2499F61610FE","Cargo Link, destination, or export UI. This is a visible heading.","MEDIUM","","","","Eksport","Eksporty","SUBSTANTIVE","CODEX","Eksport","Codex was selected for cargo.exports.heading because it more precisely preserves the English meaning and recorded UI role; the DeepL alternative changes nuance or is less suitable Polish for this surface."
"cargo.finishReshuffle","pl-PL","Finish reshuffling cargo links","DE6771ED000ECD9E652637A426CBF9ED582C779884763A3B2885A07927EED8C9","Cargo Link, destination, or export UI.","MEDIUM","","","term.cargo-link=Połączenie towarowe [strategy=semantic-concept]; glossary.reshuffle=Zmień kolejność [strategy=key-scoped, variants=zmień kolejność | zakończ zmianę kolejności]","Zakończ zmianę kolejności połączeń towarowych","Zakończ przetasowywanie połączeń ładunkowych","SUBSTANTIVE","CODEX","Zakończ zmianę kolejności połączeń towarowych","Codex was selected for cargo.finishReshuffle because it follows the approved term.cargo-link, glossary.reshuffle terminology and better preserves the key's semantic role than the DeepL alternative."
"cargo.heading","pl-PL","Cargo Links","E9B8BE501BF399617C9333EAD8AF1489FBC8A33BC7E250C52EE05609CE8CB30F","Cargo Link, destination, or export UI. This is a visible heading.","MEDIUM","","","term.cargo-link=Połączenie towarowe [strategy=semantic-concept]","Połączenia towarowe","Łącza ładunkowe","SUBSTANTIVE","CODEX","Połączenia towarowe","Codex was selected for cargo.heading because it follows the approved term.cargo-link terminology and better preserves the key's semantic role than the DeepL alternative."
"cargo.interSystem.button","pl-PL","Inter-System","74A7AD9B6748097BC975C51D06631E4C04DEB46CF8A8E3C56AE474EC598DC359","Cargo Link, destination, or export UI.","MEDIUM","","","","Międzyukładowe","Między systemami","SUBSTANTIVE","CODEX","Międzyukładowe","Codex was selected for cargo.interSystem.button because it more precisely preserves the English meaning and recorded UI role; the DeepL alternative changes nuance or is less suitable Polish for this surface."
"cargo.interSystem.context","pl-PL","Inter-System Cargo Links","7A411DB1C8AC75256E3606688FECC60E1FE9D580FB322FBE48E6EC1F40B82875","Cargo Link, destination, or export UI.","MEDIUM","","","term.inter-system-cargo-link=Międzyukładowe połączenie towarowe [strategy=semantic-concept, variants=międzyukładowe połączenie towarowe | połączenie towarowe międzyukładowe]; term.cargo-link=Połączenie towarowe [strategy=semantic-concept]","Międzyukładowe połączenia towarowe","Między systemowe połączenia ładunkowe","SUBSTANTIVE","CODEX","Międzyukładowe połączenia towarowe","Codex was selected for cargo.interSystem.context because it follows the approved term.inter-system-cargo-link, term.cargo-link terminology and better preserves the key's semantic role than the DeepL alternative."
"cargo.interstellar","pl-PL","Inter-System Cargo Link","DAD8480F89FA1500A3C89CD78F12984A6F3C58387856BC5DC6D3D3EE7719F6F1","Cargo Link, destination, or export UI.","MEDIUM","","","term.inter-system-cargo-link=Międzyukładowe połączenie towarowe [strategy=semantic-concept, variants=międzyukładowe połączenie towarowe | połączenie towarowe międzyukładowe]; term.cargo-link=Połączenie towarowe [strategy=semantic-concept]","Międzyukładowe połączenie towarowe","Między systemowe połączenie transportu towarowego","SUBSTANTIVE","CODEX","Międzyukładowe połączenie towarowe","Codex was selected for cargo.interstellar because it follows the approved term.inter-system-cargo-link, term.cargo-link terminology and better preserves the key's semantic role than the DeepL alternative."
"cargo.lockOrder","pl-PL","Lock order","7502440CB9BF3D736CC75C78D7491D37DC186DA7164CA35F318B8F2D2FF6E851","Button that exits cargo-link reordering mode and prevents further reordering; “lock” is an ordering action, not security or login.","HIGH","","","glossary.lock-order=Zablokuj kolejność [strategy=key-scoped]","Zakończ zmianę kolejności","Zamknij zamówienie","SUBSTANTIVE","CODEX","Zakończ zmianę kolejności","Codex was selected for cargo.lockOrder because it follows the approved glossary.lock-order terminology and better preserves the key's semantic role than the DeepL alternative."
"cargo.pad.count","pl-PL","{count} {count, plural, one {cargo link} other {cargo links}}","9A6DC79391FEDF484957800C0CEF991D69CA0091EFDEDEADB653ED9874EDE079","Cargo Link, destination, or export UI.","MEDIUM","count","","term.cargo-link=Połączenie towarowe [strategy=semantic-concept]","{count, plural, one {} other {}}Liczba połączeń towarowych: {count}","{liczba} {liczba, liczba mnoga, jedno {połączenie ładunkowe} inne {połączenia ładunkowe}}","INVALID_TOKENS","INVALID_DEEPL_REPAIRED","{count, plural, one {} other {}}Liczba połączeń towarowych: {count}","DeepL candidate for cargo.pad.count failed PLURAL_SYNTAX validation and remains recorded as invalid evidence; the structurally safe Codex candidate preserves the source meaning and required tokens."
"cargo.pad.emptyExports","pl-PL","No exports","832A865AC1D9ED0631ADA7C0BA36E531E11412F822C15003C319882181948B6A","Cargo Link, destination, or export UI.","MEDIUM","","","","Brak eksportu","Brak eksportów","SUBSTANTIVE","CODEX","Brak eksportu","Codex was selected for cargo.pad.emptyExports because it more precisely preserves the English meaning and recorded UI role; the DeepL alternative changes nuance or is less suitable Polish for this surface."
"cargo.pad.linkType.interSystem","pl-PL","Inter-System Cargo Link","DAD8480F89FA1500A3C89CD78F12984A6F3C58387856BC5DC6D3D3EE7719F6F1","Cargo Link, destination, or export UI.","MEDIUM","","","term.inter-system-cargo-link=Międzyukładowe połączenie towarowe [strategy=semantic-concept, variants=międzyukładowe połączenie towarowe | połączenie towarowe międzyukładowe]; term.cargo-link=Połączenie towarowe [strategy=semantic-concept]","Międzyukładowe połączenie towarowe","Między systemowe połączenie transportowe","SUBSTANTIVE","CODEX","Międzyukładowe połączenie towarowe","Codex was selected for cargo.pad.linkType.interSystem because it follows the approved term.inter-system-cargo-link, term.cargo-link terminology and better preserves the key's semantic role than the DeepL alternative."
"cargo.pad.linkType.standard","pl-PL","Standard Cargo Link","37BFFE86EC5D5F97A6735C8489B407D60AA6C1E58876C32E1CFFE4A8A9C559E9","Cargo Link, destination, or export UI.","MEDIUM","","","term.cargo-link=Połączenie towarowe [strategy=semantic-concept]","Standardowe połączenie towarowe","Standardowe połączenie transportowe","SUBSTANTIVE","CODEX","Standardowe połączenie towarowe","Codex was selected for cargo.pad.linkType.standard because it follows the approved term.cargo-link terminology and better preserves the key's semantic role than the DeepL alternative."
"cargo.pad.linkedTo","pl-PL","Linked to {outpost}","9B270A455E565319B43E4DCD3BD021F3EF43E7A91110BEE4014BADFE3B886E58","Cargo Link, destination, or export UI.","MEDIUM","outpost","","term.outpost=Placówka [strategy=semantic-concept]; glossary.destination=Cel [strategy=semantic-concept, variants=cel | miejsce docelowe]","Połączono z: {outpost}","Połączony z {placówką}","INVALID_TOKENS","INVALID_DEEPL_REPAIRED","Połączono z: {outpost}","DeepL candidate for cargo.pad.linkedTo failed PLACEHOLDERS validation and remains recorded as invalid evidence; the structurally safe Codex candidate preserves the source meaning and required tokens."
"cargo.pad.noDestination","pl-PL","Unlinked","1E690B5815BE5BF48D2EB8F1DA6D951667E1F4003ED8C3A1015989004358BF11","Cargo Link, destination, or export UI.","MEDIUM","","","glossary.destination=Cel [strategy=semantic-concept, variants=cel | miejsce docelowe]","Niepołączone","Bez połączenia","SUBSTANTIVE","DEEPL","Bez połączenia","DeepL was selected for cargo.pad.noDestination because its wording is more idiomatic and concise in this UI context while preserving the English meaning, parameters, and applicable terminology."
"cargo.pad.noInboundCargo","pl-PL","No inbound cargo","AAFB78702B148BC725669B35884D9E6EE22E98BB0EC65B38FB212CA412A7AE61","Cargo Link, destination, or export UI.","MEDIUM","","","","Brak odbieranego ładunku","Brak ładunku przychodzącego","SUBSTANTIVE","DEEPL","Brak ładunku przychodzącego","DeepL was selected for cargo.pad.noInboundCargo because its wording is more idiomatic and concise in this UI context while preserving the English meaning, parameters, and applicable terminology."
"cargo.pad.noOutboundCargo","pl-PL","No outbound cargo","AA0E00F725DDC52B23BCECAAE97C2AE9B03099E23AF8C81FA0EA96D3F46C6505","Cargo Link, destination, or export UI.","MEDIUM","","","","Brak wysyłanego ładunku","Brak ładunku wychodzącego","SUBSTANTIVE","DEEPL","Brak ładunku wychodzącego","DeepL was selected for cargo.pad.noOutboundCargo because its wording is more idiomatic and concise in this UI context while preserving the English meaning, parameters, and applicable terminology."
"cargo.pad.remove","pl-PL","Remove {pad}","9FD22A4B7B210E0D60CA99E2F566705EC366AF0C1D7405DCD560BF5DB1259A74","Cargo Link, destination, or export UI.","MEDIUM","pad","","","Usuń: {pad}","Usuń {pad}","SUBSTANTIVE","CODEX","Usuń: {pad}","Codex was selected for cargo.pad.remove because it safely isolates the opaque pad parameters and preserves the source meaning without unsafe Polish agreement or case assumptions."
"cargo.pad.semanticSummary","pl-PL","Destination {destination}. Outbound: {outbound}. Inbound: {inbound}. {linkType}.","A8FD06193EC26210033876EDCA16BDBA192077C57A765A1B0A8166E5750C635F","Cargo Link, destination, or export UI.","HIGH","destination; inbound; linkType; outbound","","glossary.destination=Cel [strategy=semantic-concept, variants=cel | miejsce docelowe]","Miejsce docelowe: {destination}. Wysyłane: {outbound}. Odbierane: {inbound}. {linkType}.","Miejsce docelowe {destination}. Wysyłka: {outbound}. Przyjęcie: {inbound}. {linkType}.","SUBSTANTIVE","CODEX","Miejsce docelowe: {destination}. Wysyłane: {outbound}. Odbierane: {inbound}. {linkType}.","Codex was selected for cargo.pad.semanticSummary because it follows the approved glossary.destination terminology and better preserves the key's semantic role than the DeepL alternative."
"cargo.pad.summary","pl-PL","Cargo Link {ordinal}","EFB845F6ED747B80EB2821A9912CDC967497F7C7C6466595AABF814F4A25EFC6","Cargo Link, destination, or export UI.","MEDIUM","ordinal","","term.cargo-link=Połączenie towarowe [strategy=semantic-concept]","Połączenie towarowe {ordinal}","Łącze ładunkowe {ordinal}","SUBSTANTIVE","CODEX","Połączenie towarowe {ordinal}","Codex was selected for cargo.pad.summary because it follows the approved term.cargo-link terminology and better preserves the key's semantic role than the DeepL alternative."
"cargo.remove","pl-PL","Remove","C3812FC4ACB861D5182FC2B8155F327F736FBE5E5EB86A7BD7AFCB6DC5497282","Cargo Link, destination, or export UI.","MEDIUM","","","","Usuń","Usuń","IDENTICAL","AGREED","Usuń","Both independent candidates agree for cargo.remove; the shared wording preserves the English meaning, required syntax, and recorded UI context."
"cargo.reshuffle","pl-PL","Reshuffle cargo links","E0A5AB1F1B266318FE16026151B449CE54535894A23C69CC4C3CA45570372E30","Cargo Link, destination, or export UI.","MEDIUM","","","term.cargo-link=Połączenie towarowe [strategy=semantic-concept]; glossary.reshuffle=Zmień kolejność [strategy=key-scoped, variants=zmień kolejność | zakończ zmianę kolejności]","Zmień kolejność połączeń towarowych","Przetasuj połączenia ładunkowe","SUBSTANTIVE","CODEX","Zmień kolejność połączeń towarowych","Codex was selected for cargo.reshuffle because it follows the approved term.cargo-link, glossary.reshuffle terminology and better preserves the key's semantic role than the DeepL alternative."
"cargo.reshuffleButton","pl-PL","Reshuffle","24AB205A02FFFE0FE0223DC041BE048135351B78CAE94C04C035FCA9BCEA8BD8","Button that enters manual cargo-link reordering mode; it does not randomize the order.","HIGH","","","glossary.reshuffle=Zmień kolejność [strategy=key-scoped, variants=zmień kolejność | zakończ zmianę kolejności]","Zmień kolejność","Przetasuj","SUBSTANTIVE","CODEX","Zmień kolejność","Codex was selected for cargo.reshuffleButton because it follows the approved glossary.reshuffle terminology and better preserves the key's semantic role than the DeepL alternative."
"character.level","pl-PL","Level","1709305C9FA966D14F56F0DA3C3614BBC10ADCF53D72F90341BB96D24AFCFCA3","Character details field or Starfield skill label.","LOW","","","","Poziom","Poziom","IDENTICAL","AGREED","Poziom","Both independent candidates agree for character.level; the shared wording preserves the English meaning, required syntax, and recorded UI context."
"character.level.rejectedEmpty","pl-PL","Invalid level. Previous value restored. Enter a level from 1 to 999.","BDEB729B08E505155C537651FFB36F2AB266DABE7B1358C25CBFFD149F771CA4","Character details field or Starfield skill label.","LOW","","","","Nieprawidłowy poziom. Przywrócono poprzednią wartość. Wprowadź poziom od 1 do 999.","Nieprawidłowy poziom. Przywrócono poprzednią wartość. Wprowadź poziom od 1 do 999.","IDENTICAL","AGREED","Nieprawidłowy poziom. Przywrócono poprzednią wartość. Wprowadź poziom od 1 do 999.","Both independent candidates agree for character.level.rejectedEmpty; the shared wording preserves the English meaning, required syntax, and recorded UI context."
"character.level.rejectedRestored","pl-PL","Invalid level. Restored to {value}. Enter a level from 1 to 999.","B40532B6F8E6F20DB8FD5DAF994D9D07DD9FEA96A4FC445761C35D242F5E2A34","Character details field or Starfield skill label.","LOW","value","","","Nieprawidłowy poziom. Przywrócono wartość {value}. Wprowadź poziom od 1 do 999.","Nieprawidłowy poziom. Przywrócono do {wartość}. Wprowadź poziom od 1 do 999.","INVALID_TOKENS","INVALID_DEEPL_REPAIRED","Nieprawidłowy poziom. Przywrócono wartość {value}. Wprowadź poziom od 1 do 999.","DeepL candidate for character.level.rejectedRestored failed PLACEHOLDERS validation and remains recorded as invalid evidence; the structurally safe Codex candidate preserves the source meaning and required tokens."
"character.name","pl-PL","Character","1405A63E8A78B85C1B035B3C5277E3CC39FA98621C110BC522C85547D8AFAB1A","Character details field or Starfield skill label.","LOW","","","","Postać","Postać","IDENTICAL","AGREED","Postać","Both independent candidates agree for character.name; the shared wording preserves the English meaning, required syntax, and recorded UI context."
"character.skill.outpostEngineering","pl-PL","Outpost Engineering","19B32438AE32FD11528B4BBFB3C1D8ED87226BEF897CAD12F3CD9568427BFFEE","Character details field or Starfield skill label.","LOW","","","term.outpost=Placówka [strategy=semantic-concept]; skill.outpost-engineering=Inżynieria placówek [strategy=phrase]","Inżynieria placówek","Inżynieria placówki","SUBSTANTIVE","CODEX","Inżynieria placówek","Codex was selected for character.skill.outpostEngineering because it follows the approved term.outpost, skill.outpost-engineering terminology and better preserves the key's semantic role than the DeepL alternative."
"character.skill.outpostManagement","pl-PL","Outpost Management","A58D0772E0598F067CC037FC206CE9FE005398D2505F7084E015C455B23D81A3","Character details field or Starfield skill label.","LOW","","","term.outpost=Placówka [strategy=semantic-concept]; skill.outpost-management=Zarządzanie placówką [strategy=phrase]","Zarządzanie placówką","Zarządzanie placówką","IDENTICAL","AGREED","Zarządzanie placówką","Both independent candidates agree for character.skill.outpostManagement; the shared wording preserves the English meaning, required syntax, and recorded UI context."
"character.skill.planetaryHabitation","pl-PL","Planetary Habitation","3913EC7627467F60C60459292711D981A72B4A06F40562C4267989A25FD6E55C","Character details field or Starfield skill label.","LOW","","","skill.planetary-habitation=Zasiedlanie planet [strategy=phrase]","Zasiedlanie planet","Osadnictwo planetarne","SUBSTANTIVE","CODEX","Zasiedlanie planet","Codex was selected for character.skill.planetaryHabitation because it follows the approved skill.planetary-habitation terminology and better preserves the key's semantic role than the DeepL alternative."
"character.skill.researchMethods","pl-PL","Research Methods","3D3F20B68B19BC1402226BFB8BF596BAFF6A66CDC5FC89F0D7F8F42CB5A8850A","Character details field or Starfield skill label.","LOW","","","skill.research-methods=Metody badawcze [strategy=phrase]","Metody badawcze","Metody badawcze","IDENTICAL","AGREED","Metody badawcze","Both independent candidates agree for character.skill.researchMethods; the shared wording preserves the English meaning, required syntax, and recorded UI context."
"character.skill.specialProjects","pl-PL","Special Projects","DD0B829F63D765DE8A7C303E0B5C3C3A11F0D6CEDB1AE54268B6373FA0869C0C","Character details field or Starfield skill label.","LOW","","","skill.special-projects=Projekty specjalne [strategy=phrase]","Projekty specjalne","Projekty specjalne","IDENTICAL","AGREED","Projekty specjalne","Both independent candidates agree for character.skill.specialProjects; the shared wording preserves the English meaning, required syntax, and recorded UI context."
"character.skillRank.rejectedEmpty","pl-PL","Invalid rank. Previous value restored. Enter a rank from 0 to 4.","80B7EA62FF82C306ABC8F9CFDFE0F0B5B4402943FB259F48F37AB5FE57C5622D","Character details field or Starfield skill label.","LOW","","","","Nieprawidłowa ranga. Przywrócono poprzednią wartość. Wprowadź rangę od 0 do 4.","Nieprawidłowa ranga. Przywrócono poprzednią wartość. Wprowadź rangę od 0 do 4.","IDENTICAL","AGREED","Nieprawidłowa ranga. Przywrócono poprzednią wartość. Wprowadź rangę od 0 do 4.","Both independent candidates agree for character.skillRank.rejectedEmpty; the shared wording preserves the English meaning, required syntax, and recorded UI context."
"character.skillRank.rejectedRestored","pl-PL","Invalid rank. Restored to {value}. Enter a rank from 0 to 4.","CB679CAFE2CD502C03EF32A1B042F11037CA7AEC55E96FF1EF292907E57319D0","Character details field or Starfield skill label.","LOW","value","","","Nieprawidłowa ranga. Przywrócono wartość {value}. Wprowadź rangę od 0 do 4.","Nieprawidłowa ranga. Przywrócono wartość {value}. Wprowadź rangę od 0 do 4.","IDENTICAL","AGREED","Nieprawidłowa ranga. Przywrócono wartość {value}. Wprowadź rangę od 0 do 4.","Both independent candidates agree for character.skillRank.rejectedRestored; the shared wording preserves the English meaning, required syntax, and recorded UI context."
"common.about","pl-PL","About","4EFCA0D10C5FEB8E9B35EB1D994F2905BB71714E6A271F511D713B539EA5FAA1","Shared visible or accessible UI action.","LOW","","","","O aplikacji","O","SUBSTANTIVE","CODEX","O aplikacji","Codex was selected for common.about because it more precisely preserves the English meaning and recorded UI role; the DeepL alternative changes nuance or is less suitable Polish for this surface."
"common.add","pl-PL","+ Add","C007258C23B0C011FB7751C141B02F926CF3DAAED1BF1B5AD2630166FBD7ACDB","Shared visible or accessible UI action.","LOW","","","","+ Dodaj","+ Dodaj","IDENTICAL","AGREED","+ Dodaj","Both independent candidates agree for common.add; the shared wording preserves the English meaning, required syntax, and recorded UI context."
"common.cancel","pl-PL","Cancel","19766ED6CCB2F4A32778EED80D1928D2C87A18D7C275CCB163EC6709D3EB2E27","Shared visible or accessible UI action.","LOW","","","","Anuluj","Anuluj","IDENTICAL","AGREED","Anuluj","Both independent candidates agree for common.cancel; the shared wording preserves the English meaning, required syntax, and recorded UI context."
"common.cancel.lower","pl-PL","cancel","2374D91794B79F4FB4EC9587D2CF00AECC4F9953FAB3ED1DD12AB147A0B721F9","Shared visible or accessible UI action.","LOW","","","","anuluj","anuluj","IDENTICAL","AGREED","anuluj","Both independent candidates agree for common.cancel.lower; the shared wording preserves the English meaning, required syntax, and recorded UI context."
"common.close","pl-PL","Close","7D9EB7ACB13E24625C404401D8E88B2350E32162455885F18276CF802F7701ED","Shared visible or accessible UI action.","LOW","","","","Zamknij","Zamknij","IDENTICAL","AGREED","Zamknij","Both independent candidates agree for common.close; the shared wording preserves the English meaning, required syntax, and recorded UI context."
"common.collapseItem","pl-PL","Collapse {item}","BF6FAF0BEE16AF0AB30A12FB946BC8EE9DAEBCEF91215A311C56FDEDF1110FE6","Shared visible or accessible UI action.","LOW","item","","","Zwiń: {item}","Zwiń {element}","INVALID_TOKENS","INVALID_DEEPL_REPAIRED","Zwiń: {item}","DeepL candidate for common.collapseItem failed PLACEHOLDERS validation and remains recorded as invalid evidence; the structurally safe Codex candidate preserves the source meaning and required tokens."
"common.dragToReorder","pl-PL","Drag {item} to reorder","EC1FB0D17C7786E584A4058C2615E2FC72DB167628A213FD87B7876A9923B29A","Shared visible or accessible UI action.","LOW","item","","","Przeciągnij, aby zmienić kolejność: {item}","Przeciągnij {element}, aby zmienić kolejność","INVALID_TOKENS","INVALID_DEEPL_REPAIRED","Przeciągnij, aby zmienić kolejność: {item}","DeepL candidate for common.dragToReorder failed PLACEHOLDERS validation and remains recorded as invalid evidence; the structurally safe Codex candidate preserves the source meaning and required tokens."
"common.edit","pl-PL","edit","262121C5372BE8AF3AE6FF0D3D138D9E6E1249335222C7F0E02535E35073BB0B","Shared visible or accessible UI action.","LOW","","","","edytuj","edytuj","IDENTICAL","AGREED","edytuj","Both independent candidates agree for common.edit; the shared wording preserves the English meaning, required syntax, and recorded UI context."
"common.expandItem","pl-PL","Expand {item}","71095F43C84CE024864DF4D831022C695F5245837BB3C2980944C62FDECB82D3","Shared visible or accessible UI action.","LOW","item","","","Rozwiń: {item}","Rozwiń {element}","INVALID_TOKENS","INVALID_DEEPL_REPAIRED","Rozwiń: {item}","DeepL candidate for common.expandItem failed PLACEHOLDERS validation and remains recorded as invalid evidence; the structurally safe Codex candidate preserves the source meaning and required tokens."
"common.help","pl-PL","Help","B79CAC926E0B2E347E72CC91D5174037C9E17AE7733FD7BDB570F71B10CD7BFC","Shared visible or accessible UI action.","LOW","","","","Pomoc","Pomoc","IDENTICAL","AGREED","Pomoc","Both independent candidates agree for common.help; the shared wording preserves the English meaning, required syntax, and recorded UI context."
"common.moveDown","pl-PL","Move {item} down","28EAD9D3C31C004FA025649ED35F6F211E2196D6F0B2687D36C7306ACE5DD6F8","Shared visible or accessible UI action.","LOW","item","","","Przenieś niżej: {item}","Przesuń {element} w dół","INVALID_TOKENS","INVALID_DEEPL_REPAIRED","Przenieś niżej: {item}","DeepL candidate for common.moveDown failed PLACEHOLDERS validation and remains recorded as invalid evidence; the structurally safe Codex candidate preserves the source meaning and required tokens."
"common.moveUp","pl-PL","Move {item} up","309715D5ABC4A5809F1D97EF0A26EED13CC4B3879E4AD02F5E928F66B52AEA24","Shared visible or accessible UI action.","LOW","item","","","Przenieś wyżej: {item}","Przesuń {element} w górę","INVALID_TOKENS","INVALID_DEEPL_REPAIRED","Przenieś wyżej: {item}","DeepL candidate for common.moveUp failed PLACEHOLDERS validation and remains recorded as invalid evidence; the structurally safe Codex candidate preserves the source meaning and required tokens."
"common.removeItem","pl-PL","Remove {item}","C0CB17362DDA768865C711B4460785556EB374DEC3D9B97A21485F558716FDD9","Shared visible or accessible UI action.","LOW","item","","","Usuń pozycję: {item}","Usuń {element}","INVALID_TOKENS","INVALID_DEEPL_REPAIRED","Usuń pozycję: {item}","DeepL candidate for common.removeItem failed PLACEHOLDERS validation and remains recorded as invalid evidence; the structurally safe Codex candidate preserves the source meaning and required tokens."
"common.save","pl-PL","save","157DCA92E4250458339D4B835250D44C238F3355E1B7986195188EE434E9BAFF","Shared visible or accessible UI action.","LOW","","","","zapisz","zapisz","IDENTICAL","AGREED","zapisz","Both independent candidates agree for common.save; the shared wording preserves the English meaning, required syntax, and recorded UI context."
"help.biomes","pl-PL","Selected biomes limit inorganic resource availability to resources that can occur in those biomes.","386453983957C7E075D5FCFA61B432C4A83E9299DB3723C0B82B74E2C754F9C0","Contextual help, tooltip, or explanatory guidance.","HIGH","","","term.biome=Biom [strategy=semantic-concept, variants=biom | biomy]","Wybrane biomy ograniczają dostępność zasobów nieorganicznych do tych, które mogą w nich występować.","","MISSING","CODEX","Wybrane biomy ograniczają dostępność zasobów nieorganicznych do tych, które mogą w nich występować.","Planet-level organic farming semantics were reviewed for this correction; prior biome-bound source evidence is intentionally retired."
"help.contextLabel","pl-PL","Help for {context}","2305D35987B5CA25ED9BE3778B9BEBD0839ED05B57FC7B9AA1AE16EE7C8232C3","Contextual help, tooltip, or explanatory guidance.","HIGH","context","","","Pomoc — kontekst: {context}","Pomoc dotycząca {kontekstu}","INVALID_TOKENS","INVALID_DEEPL_REPAIRED","Pomoc — kontekst: {context}","DeepL candidate for help.contextLabel failed PLACEHOLDERS validation and remains recorded as invalid evidence; the structurally safe Codex candidate preserves the source meaning and required tokens."
"help.forContext","pl-PL","Help for {context}","2305D35987B5CA25ED9BE3778B9BEBD0839ED05B57FC7B9AA1AE16EE7C8232C3","Contextual help, tooltip, or explanatory guidance.","HIGH","context","","","Pomoc — kontekst: {context}","Pomoc dotycząca {kontekstu}","INVALID_TOKENS","INVALID_DEEPL_REPAIRED","Pomoc — kontekst: {context}","DeepL candidate for help.forContext failed PLACEHOLDERS validation and remains recorded as invalid evidence; the structurally safe Codex candidate preserves the source meaning and required tokens."
"help.inorganicPresentPossible","pl-PL","{resource} may be present at this outpost.","7A19C93E01E0E0F539BDAF043D2BAD406A1C2A5F84AE2D7D0C584433E5F19E20","Contextual help, tooltip, or explanatory guidance.","HIGH","resource","","term.outpost=Placówka [strategy=semantic-concept]; glossary.present=Obecność [strategy=key-scoped, variants=obecność | dostępny | dostępna | dostępne]","Ten zasób może występować w placówce: {resource}.","W tej placówce może znajdować się {zasób}.","INVALID_TOKENS","INVALID_DEEPL_REPAIRED","Ten zasób może występować w placówce: {resource}.","DeepL candidate for help.inorganicPresentPossible failed PLACEHOLDERS validation and remains recorded as invalid evidence; the structurally safe Codex candidate preserves the source meaning and required tokens."
"help.inorganicPresentRecorded","pl-PL","{resource} is recorded as present at this outpost.","5433476C752DD4838F551A5F46C13FD312C09B6D942EAB5E8DB76CC58CF48A5B","Contextual help, tooltip, or explanatory guidance.","HIGH","resource","","term.outpost=Placówka [strategy=semantic-concept]; glossary.present=Obecność [strategy=key-scoped, variants=obecność | dostępny | dostępna | dostępne]","Jawnie zapisano obecność zasobu w tej placówce: {resource}.","W tej placówce odnotowano obecność {zasobu}.","INVALID_TOKENS","INVALID_DEEPL_REPAIRED","Jawnie zapisano obecność zasobu w tej placówce: {resource}.","DeepL candidate for help.inorganicPresentRecorded failed PLACEHOLDERS validation and remains recorded as invalid evidence; the structurally safe Codex candidate preserves the source meaning and required tokens."
"help.interSystem","pl-PL","Inter-System Cargo Links can connect outposts in different star systems and require Helium-3.","839122CE4B7D22320D6B55D17FC1A1B44D8E7EF980015E244A88E6C3DA9EA8E5","Contextual help, tooltip, or explanatory guidance.","HIGH","","","term.inter-system-cargo-link=Międzyukładowe połączenie towarowe [strategy=semantic-concept, variants=międzyukładowe połączenie towarowe | połączenie towarowe międzyukładowe]; term.cargo-link=Połączenie towarowe [strategy=semantic-concept]; term.outpost=Placówka [strategy=semantic-concept]; term.star-system=Układ gwiezdny [strategy=semantic-concept, variants=układ gwiezdny | układ]","Międzyukładowe połączenia towarowe mogą łączyć placówki w różnych układach gwiezdnych i wymagają helu-3.","Międzygwiezdne połączenia transportowe mogą łączyć placówki w różnych układach gwiezdnych i wymagają helu-3.","SUBSTANTIVE","CODEX","Międzyukładowe połączenia towarowe mogą łączyć placówki w różnych układach gwiezdnych i wymagają helu-3.","Codex was selected for help.interSystem because it follows the approved term.inter-system-cargo-link, term.cargo-link, term.outpost, term.star-system terminology and better preserves the key's semantic role than the DeepL alternative."
"help.logistics","pl-PL","Items currently assigned to cargo links are displayed here.","9AACF81A4429C8A3204D369D51D6C7415852888BC9345C9FF418364A0E6F20A3","Contextual help, tooltip, or explanatory guidance.","HIGH","","","term.cargo-link=Połączenie towarowe [strategy=semantic-concept]; glossary.logistics=Logistyka [strategy=key-scoped]","Tutaj są wyświetlane pozycje przypisane obecnie do połączeń towarowych.","Tutaj wyświetlane są przedmioty aktualnie przypisane do połączeń transportowych.","SUBSTANTIVE","CODEX","Tutaj są wyświetlane pozycje przypisane obecnie do połączeń towarowych.","Codex was selected for help.logistics because it follows the approved term.cargo-link, glossary.logistics terminology and better preserves the key's semantic role than the DeepL alternative."
"help.organic.availableBiome","pl-PL","{resource} is available from a domesticable species on this planet.","800288FB8556213CA1A000007CD9B7A9ED0A679F2F4CF3F485FA0E43F812EDF4","Contextual help, tooltip, or explanatory guidance.","HIGH","resource","","term.planet=Planeta [strategy=semantic-concept]","Zasób jest dostępny z gatunku możliwego do hodowli na tej planecie: {resource}.","","MISSING","CODEX","Zasób jest dostępny z gatunku możliwego do hodowli na tej planecie: {resource}.","Planet-level organic farming semantics were reviewed for this correction; prior biome-bound source evidence is intentionally retired."
"help.organic.availableBiomes","pl-PL","{resource} is available from a domesticable species on this planet.","800288FB8556213CA1A000007CD9B7A9ED0A679F2F4CF3F485FA0E43F812EDF4","Contextual help, tooltip, or explanatory guidance.","HIGH","resource","","term.planet=Planeta [strategy=semantic-concept]","Zasób jest dostępny z gatunku możliwego do hodowli na tej planecie: {resource}.","","MISSING","CODEX","Zasób jest dostępny z gatunku możliwego do hodowli na tej planecie: {resource}.","Planet-level organic farming semantics were reviewed for this correction; prior biome-bound source evidence is intentionally retired."
"help.organic.availablePlanet","pl-PL","{resource} is available from a domesticable species on this planet.","800288FB8556213CA1A000007CD9B7A9ED0A679F2F4CF3F485FA0E43F812EDF4","Contextual help, tooltip, or explanatory guidance.","HIGH","resource","","term.planet=Planeta [strategy=semantic-concept]","Zasób jest dostępny z gatunku możliwego do hodowli na tej planecie: {resource}.","","MISSING","CODEX","Zasób jest dostępny z gatunku możliwego do hodowli na tej planecie: {resource}.","Planet-level organic farming semantics were reviewed for this correction; prior biome-bound source evidence is intentionally retired."
"help.organic.availableSelectedBiome","pl-PL","{resource} is available from a domesticable species on this planet.","800288FB8556213CA1A000007CD9B7A9ED0A679F2F4CF3F485FA0E43F812EDF4","Contextual help, tooltip, or explanatory guidance.","HIGH","resource","","term.planet=Planeta [strategy=semantic-concept]","Zasób jest dostępny z gatunku możliwego do hodowli na tej planecie: {resource}.","","MISSING","CODEX","Zasób jest dostępny z gatunku możliwego do hodowli na tej planecie: {resource}.","Planet-level organic farming semantics were reviewed for this correction; prior biome-bound source evidence is intentionally retired."
"help.organic.unavailableBiome","pl-PL","{resource} is not available from this domesticable species on this planet.","62532143EA01F6A47D6146772E4EC2B1AC5AEE3776D976EC7AA0DEC13AFB33CE","Contextual help, tooltip, or explanatory guidance.","HIGH","resource","","term.planet=Planeta [strategy=semantic-concept]","Ten gatunek możliwy do hodowli na tej planecie nie zapewnia zasobu: {resource}.","","MISSING","CODEX","Ten gatunek możliwy do hodowli na tej planecie nie zapewnia zasobu: {resource}.","Planet-level organic farming semantics were reviewed for this correction; prior biome-bound source evidence is intentionally retired."
"help.organic.unavailableBiomes","pl-PL","{resource} is not available from this domesticable species on this planet.","62532143EA01F6A47D6146772E4EC2B1AC5AEE3776D976EC7AA0DEC13AFB33CE","Contextual help, tooltip, or explanatory guidance.","HIGH","resource","","term.planet=Planeta [strategy=semantic-concept]","Ten gatunek możliwy do hodowli na tej planecie nie zapewnia zasobu: {resource}.","","MISSING","CODEX","Ten gatunek możliwy do hodowli na tej planecie nie zapewnia zasobu: {resource}.","Planet-level organic farming semantics were reviewed for this correction; prior biome-bound source evidence is intentionally retired."
"help.organic.unavailablePlanet","pl-PL","{resource} is not available from this domesticable species on this planet.","62532143EA01F6A47D6146772E4EC2B1AC5AEE3776D976EC7AA0DEC13AFB33CE","Contextual help, tooltip, or explanatory guidance.","HIGH","resource","","term.planet=Planeta [strategy=semantic-concept]","Ten gatunek możliwy do hodowli na tej planecie nie zapewnia zasobu: {resource}.","","MISSING","CODEX","Ten gatunek możliwy do hodowli na tej planecie nie zapewnia zasobu: {resource}.","Planet-level organic farming semantics were reviewed for this correction; prior biome-bound source evidence is intentionally retired."
"help.plannedSupply","pl-PL","Selected items act as placeholders until local or imported supply is established.","CAFFBA1914AB60D9E102CB58E0FE0B10E353579F43CB8BB67FB90AE5A8468DCE","Contextual help, tooltip, or explanatory guidance.","HIGH","","","","Wybrane pozycje służą jako symbole zastępcze do czasu zapewnienia lokalnego lub importowanego zaopatrzenia.","Wybrane pozycje pełnią rolę symboli zastępczych do czasu ustalenia lokalnych lub importowanych zasobów.","SUBSTANTIVE","CODEX","Wybrane pozycje służą jako symbole zastępcze do czasu zapewnienia lokalnego lub importowanego zaopatrzenia.","Codex was selected for help.plannedSupply because it more precisely preserves the English meaning and recorded UI role; the DeepL alternative changes nuance or is less suitable Polish for this surface."
"help.present","pl-PL","Shows whether a resource can be present at this outpost.","2D44B13D06D4C5D9586131A1C16DB22686334E21758E9EF6EB8B045DD15E34CE","Contextual help, tooltip, or explanatory guidance.","HIGH","","","term.outpost=Placówka [strategy=semantic-concept]; glossary.present=Obecność [strategy=key-scoped, variants=obecność | dostępny | dostępna | dostępne]","Wskazuje, czy zasób może występować w tej placówce.","Wskazuje, czy dany surowiec może występować w tej placówce.","SUBSTANTIVE","CODEX","Wskazuje, czy zasób może występować w tej placówce.","Codex was selected for help.present because it follows the approved term.outpost, glossary.present terminology and better preserves the key's semantic role than the DeepL alternative."
"help.producing","pl-PL","Shows whether this outpost is currently set to produce the resource or product.","29DCDE55AD1D0CD4D37C40CF36C7B456875A6C5B7140B102FABFB09C0F0AABC7","Contextual help, tooltip, or explanatory guidance.","HIGH","","","term.outpost=Placówka [strategy=semantic-concept]; glossary.producing=W produkcji [strategy=key-scoped, variants=w produkcji | produkuj | przerwij produkcję]","Wskazuje, czy ta placówka jest skonfigurowana do produkcji danego zasobu lub produktu.","Wskazuje, czy ta placówka jest obecnie skonfigurowana do produkcji danego zasobu lub produktu.","SUBSTANTIVE","CODEX","Wskazuje, czy ta placówka jest skonfigurowana do produkcji danego zasobu lub produktu.","Codex was selected for help.producing because it follows the approved term.outpost, glossary.producing terminology and better preserves the key's semantic role than the DeepL alternative."
"help.validation","pl-PL","Errors identify invalid states, warnings identify incomplete or inconsistent states, and info highlights useful follow-up items.","789745A39ED1260E4E0F45198AA483207C2B651ED1DDF801C4077D03D1FD3FE4","Contextual help, tooltip, or explanatory guidance.","HIGH","","","glossary.validation-error=Błąd [strategy=semantic-concept]; glossary.validation-warning=Ostrzeżenie [strategy=semantic-concept]; glossary.validation-info=Informacja [strategy=semantic-concept]","Błędy oznaczają nieprawidłowe stany, ostrzeżenia — stany niepełne lub niespójne, a informacje wskazują przydatne dalsze działania.","Błędy wskazują na nieprawidłowe stany, ostrzeżenia wskazują na stany niekompletne lub niespójne, a informacje podkreślają przydatne elementy do dalszej analizy.","SUBSTANTIVE","CODEX","Błędy oznaczają nieprawidłowe stany, ostrzeżenia — stany niepełne lub niespójne, a informacje wskazują przydatne dalsze działania.","Codex was selected for help.validation because it follows the approved glossary.validation-error, glossary.validation-warning, glossary.validation-info terminology and better preserves the key's semantic role than the DeepL alternative."
"history.addBiome","pl-PL","Add biome selection for {outpost}","893FBD42D6863BBAA9AD361602DFACB90A7E9E91C64ADF3AD34E922E34081731","Relocalizable Undo/Redo action description.","MEDIUM","outpost","","term.outpost=Placówka [strategy=semantic-concept]; term.biome=Biom [strategy=semantic-concept, variants=biom | biomy]","Dodaj wybór biomu — placówka: {outpost}","Dodaj wybór biomu dla {placówki}","INVALID_TOKENS","INVALID_DEEPL_REPAIRED","Dodaj wybór biomu — placówka: {outpost}","DeepL candidate for history.addBiome failed PLACEHOLDERS validation and remains recorded as invalid evidence; the structurally safe Codex candidate preserves the source meaning and required tokens."
"history.addCargoPad","pl-PL","Add {outpost} / {pad}","416B79340A29487BC0F3C9C6D7675C5D6969D3347B5826DBD8F0FD415399FDBC","Relocalizable Undo/Redo action description.","HIGH","outpost; pad","","term.outpost=Placówka [strategy=semantic-concept]","Dodaj: {outpost} / {pad}","Dodaj {placówkę} / {podkładkę}","INVALID_TOKENS","INVALID_DEEPL_REPAIRED","Dodaj: {outpost} / {pad}","DeepL candidate for history.addCargoPad failed PLACEHOLDERS validation and remains recorded as invalid evidence; the structurally safe Codex candidate preserves the source meaning and required tokens."
"history.addExplicitResource","pl-PL","Add explicit resource {resource} to {outpost}","EB0C15D35B7EEA055EBD46086D374FED5D3BD2D8461A1BA3CBD5DCCF5F65B798","Relocalizable Undo/Redo action description.","HIGH","outpost; resource","","term.outpost=Placówka [strategy=semantic-concept]","Dodaj jawną obecność zasobu — zasób: {resource}; placówka: {outpost}","Dodaj konkretny zasób {zasób} do {placówki}","INVALID_TOKENS","INVALID_DEEPL_REPAIRED","Dodaj jawną obecność zasobu — zasób: {resource}; placówka: {outpost}","DeepL candidate for history.addExplicitResource failed PLACEHOLDERS validation and remains recorded as invalid evidence; the structurally safe Codex candidate preserves the source meaning and required tokens."
"history.addExport","pl-PL","Add export {item} to {outpost} / {pad}","8BF72E540F447BEE04AB301D6FABBC89D0547E89B3BB831228853173EEE1DBD1","Relocalizable Undo/Redo action description.","HIGH","item; outpost; pad","","term.outpost=Placówka [strategy=semantic-concept]","Dodaj eksport — pozycja: {item}; połączenie: {outpost} / {pad}","Dodaj eksport {przedmiotu} do {placówki} / {platformy}","INVALID_TOKENS","INVALID_DEEPL_REPAIRED","Dodaj eksport — pozycja: {item}; połączenie: {outpost} / {pad}","DeepL candidate for history.addExport failed PLACEHOLDERS validation and remains recorded as invalid evidence; the structurally safe Codex candidate preserves the source meaning and required tokens."
"history.addLocalResource","pl-PL","Add local resource {resource} to {outpost}","1A568B9382CE83A903BF161A3A89A3B665BCFC58BECD028E0FE8C3CA285714EA","Relocalizable Undo/Redo action description.","HIGH","outpost; resource","","term.outpost=Placówka [strategy=semantic-concept]","Dodaj zasób lokalny — zasób: {resource}; placówka: {outpost}","Dodaj lokalny zasób {resource} do {outpost}","SUBSTANTIVE","CODEX","Dodaj zasób lokalny — zasób: {resource}; placówka: {outpost}","Codex was selected for history.addLocalResource because it follows the approved term.outpost terminology and better preserves the key's semantic role than the DeepL alternative."
"history.addNetwork","pl-PL","Add network","0B6A12F5D7070417ADA9474DD5F213744693BC727D2504C94C2D8055A0826A84","Relocalizable Undo/Redo action description.","MEDIUM","","","glossary.network=Sieć [strategy=semantic-concept]","Dodaj sieć","Dodaj sieć","IDENTICAL","AGREED","Dodaj sieć","Both independent candidates agree for history.addNetwork; the shared wording preserves the English meaning, required syntax, and recorded UI context."
"history.addOutpost","pl-PL","Add outpost","E918451B6D2EC69126402B9C3D175CBCF5114A80163A34073D64D10FE29E5D0A","Relocalizable Undo/Redo action description.","MEDIUM","","","term.outpost=Placówka [strategy=semantic-concept]","Dodaj placówkę","Dodaj placówkę","IDENTICAL","AGREED","Dodaj placówkę","Both independent candidates agree for history.addOutpost; the shared wording preserves the English meaning, required syntax, and recorded UI context."
"history.addPlannedSupply","pl-PL","Add Planned Supply {item}","01C358D6681105870D2F96A2246E9D9AB36C48D17786F9CF4149585D613D4765","Relocalizable Undo/Redo action description.","MEDIUM","item","","glossary.planned-supply=Planowane zaopatrzenie [strategy=semantic-concept]","Dodaj do planowanego zaopatrzenia: {item}","Dodaj planowaną dostawę {item}","SUBSTANTIVE","CODEX","Dodaj do planowanego zaopatrzenia: {item}","Codex was selected for history.addPlannedSupply because it follows the approved glossary.planned-supply terminology and better preserves the key's semantic role than the DeepL alternative."
"history.benchmark","pl-PL","{label}","1F0B60B0B03A95C72373255490256B7384E30D23C62AB3477558ED6209C312AB","Relocalizable Undo/Redo action description.","MEDIUM","label","","","{label}","{label}","IDENTICAL","AGREED","{label}","Both independent candidates agree for history.benchmark; the shared wording preserves the English meaning, required syntax, and recorded UI context."
"history.changeBody","pl-PL","Change {outpost} body to {body}","E8CD919D877A72EB0730C959C5ADA078D7B1E61E118C01B0B0F941A009166594","Relocalizable Undo/Redo action description.","HIGH","body; outpost","","term.outpost=Placówka [strategy=semantic-concept]; term.planetary-body=Ciało planetarne [strategy=semantic-concept]","Zmień ciało planetarne — placówka: {outpost}; ciało: {body}","Zmień treść {outpost} na {body}","SUBSTANTIVE","CODEX","Zmień ciało planetarne — placówka: {outpost}; ciało: {body}","Codex was selected for history.changeBody because it follows the approved term.outpost, term.planetary-body terminology and better preserves the key's semantic role than the DeepL alternative."
"history.changeCargoLink","pl-PL","Change link for {localOutpost} / {localPad} to {remoteOutpost} / {remotePad}","108A2278E01EABCE4807854AAEFFA410B9EA645F0DDA2A6C0660D30F417DF617","Relocalizable Undo/Redo action description.","HIGH","localOutpost; localPad; remoteOutpost; remotePad","","","Zmień połączenie: {localOutpost} / {localPad} → {remoteOutpost} / {remotePad}","Zmień połączenie dla {localOutpost} / {localPad} na {remoteOutpost} / {remotePad}","SUBSTANTIVE","CODEX","Zmień połączenie: {localOutpost} / {localPad} → {remoteOutpost} / {remotePad}","Codex was selected for history.changeCargoLink because it safely isolates the opaque localOutpost; localPad; remoteOutpost; remotePad parameters and preserves the source meaning without unsafe Polish agreement or case assumptions."
"history.changeCargoPadType","pl-PL","Change {outpost} / {pad} to {type}","86065BEEC14B2BCDE4BF7F722D54A067C374AAEACE2FB0DD7123629A8F00604A","Relocalizable Undo/Redo action description.","HIGH","outpost; pad; type","","term.outpost=Placówka [strategy=semantic-concept]","Zmień typ: {outpost} / {pad} → {type}","Zmień {outpost} / {pad} na {type}","SUBSTANTIVE","CODEX","Zmień typ: {outpost} / {pad} → {type}","Codex was selected for history.changeCargoPadType because it follows the approved term.outpost terminology and better preserves the key's semantic role than the DeepL alternative."
"history.changeCharacterLevel","pl-PL","Change character level from {previousLevel} to {level}","2C4695DE4208CE65326C97BB6474FA50C6BAB491933ECBEE2DF644BD98B55271","Relocalizable Undo/Redo action description.","HIGH","level; previousLevel","","","Zmień poziom postaci: {previousLevel} → {level}","Zmień poziom postaci z {previousLevel} na {level}","SUBSTANTIVE","DEEPL","Zmień poziom postaci z {previousLevel} na {level}","DeepL was selected for history.changeCharacterLevel because its wording is more idiomatic and concise in this UI context while preserving the English meaning, parameters, and applicable terminology."
"history.changeSkill","pl-PL","Change {skill} from {previousRank} to {rank}","05B1667E5AEB74081B3E9764FB39D361EA2993FA87EBC8EFB7245BD6F929321E","Relocalizable Undo/Redo action description.","HIGH","previousRank; rank; skill","","","Zmień rangę umiejętności: {skill} — {previousRank} → {rank}","Zmień {skill} z {previousRank} na {rank}","SUBSTANTIVE","CODEX","Zmień rangę umiejętności: {skill} — {previousRank} → {rank}","Codex was selected for history.changeSkill because it safely isolates the opaque previousRank; rank; skill parameters and preserves the source meaning without unsafe Polish agreement or case assumptions."
"history.changeSystem","pl-PL","Change {outpost} system to {system}","434BE195B40DA835328B4169238A89FDE6CBFD1E8A050CB109C88FC287C9EE56","Relocalizable Undo/Redo action description.","HIGH","outpost; system","","term.outpost=Placówka [strategy=semantic-concept]; term.star-system=Układ gwiezdny [strategy=semantic-concept, variants=układ gwiezdny | układ]","Zmień układ — placówka: {outpost}; układ: {system}","Zmień system {outpost} na {system}","SUBSTANTIVE","CODEX","Zmień układ — placówka: {outpost}; układ: {system}","Codex was selected for history.changeSystem because it follows the approved term.outpost, term.star-system terminology and better preserves the key's semantic role than the DeepL alternative."
"history.clearBody","pl-PL","Clear body for {outpost}","9EE9E438B559F3E1D27076737BCFB1C7CCE220987BA38D8AFAB970C17F04BB50","Relocalizable Undo/Redo action description.","MEDIUM","outpost","","term.outpost=Placówka [strategy=semantic-concept]; term.planetary-body=Ciało planetarne [strategy=semantic-concept]","Wyczyść ciało planetarne — placówka: {outpost}","Wyczyść treść dla {outpost}","SUBSTANTIVE","CODEX","Wyczyść ciało planetarne — placówka: {outpost}","Codex was selected for history.clearBody because it follows the approved term.outpost, term.planetary-body terminology and better preserves the key's semantic role than the DeepL alternative."
"history.clearCharacterLevel","pl-PL","Clear character level","53C89A49BC93F1FD145A2A8A7BCAD56512B91602445B68A48D31A42CAF6B1DCA","Relocalizable Undo/Redo action description.","MEDIUM","","","","Wyczyść poziom postaci","Wyczyść poziom postaci","IDENTICAL","AGREED","Wyczyść poziom postaci","Both independent candidates agree for history.clearCharacterLevel; the shared wording preserves the English meaning, required syntax, and recorded UI context."
"history.clearSkill","pl-PL","Clear {skill}","C786683A01571783C5CEE701248E06C1E2DF39C77F491D7B91CA2ACD5BE7C5C0","Relocalizable Undo/Redo action description.","MEDIUM","skill","","","Wyczyść rangę umiejętności: {skill}","Wyczyść {umiejętność}","INVALID_TOKENS","INVALID_DEEPL_REPAIRED","Wyczyść rangę umiejętności: {skill}","DeepL candidate for history.clearSkill failed PLACEHOLDERS validation and remains recorded as invalid evidence; the structurally safe Codex candidate preserves the source meaning and required tokens."
"history.clearSystem","pl-PL","Clear system for {outpost}","9A97C0059A13680B72EAE571F32117DDB8F15163B7B3BAFD2D4941CB0F3B0C2C","Relocalizable Undo/Redo action description.","MEDIUM","outpost","","term.outpost=Placówka [strategy=semantic-concept]; term.star-system=Układ gwiezdny [strategy=semantic-concept, variants=układ gwiezdny | układ]","Wyczyść układ — placówka: {outpost}","Wyczyść system dla {outpost}","SUBSTANTIVE","CODEX","Wyczyść układ — placówka: {outpost}","Codex was selected for history.clearSystem because it follows the approved term.outpost, term.star-system terminology and better preserves the key's semantic role than the DeepL alternative."
"history.deleteCargoPad","pl-PL","Delete {outpost} / {pad}","F82A5ADC1AD6ADB5B5873FF6288E72228D4736CEB5896DC680E0167E1A4CDFBE","Relocalizable Undo/Redo action description.","HIGH","outpost; pad","","term.outpost=Placówka [strategy=semantic-concept]","Usuń: {outpost} / {pad}","Usuń {outpost} / {pad}","SUBSTANTIVE","DEEPL","Usuń {outpost} / {pad}","DeepL was selected for history.deleteCargoPad because its wording is more idiomatic and concise in this UI context while preserving the English meaning, parameters, and applicable terminology."
"history.deleteNetwork","pl-PL","Delete network","C791F434B1DC472E954E4B21607059C30827A221DDC3D04919AB8229F846D500","Relocalizable Undo/Redo action description.","MEDIUM","","","glossary.network=Sieć [strategy=semantic-concept]","Usuń sieć","Usuń sieć","IDENTICAL","AGREED","Usuń sieć","Both independent candidates agree for history.deleteNetwork; the shared wording preserves the English meaning, required syntax, and recorded UI context."
"history.deleteOutpost","pl-PL","Delete outpost {outpost}","79C589562212E521272A6E54394BF20BC22128C297D348F35D42C0DD140A797A","Relocalizable Undo/Redo action description.","MEDIUM","outpost","","term.outpost=Placówka [strategy=semantic-concept]","Usuń placówkę: {outpost}","Usuń placówkę {placówka}","INVALID_TOKENS","INVALID_DEEPL_REPAIRED","Usuń placówkę: {outpost}","DeepL candidate for history.deleteOutpost failed PLACEHOLDERS validation and remains recorded as invalid evidence; the structurally safe Codex candidate preserves the source meaning and required tokens."
"history.editManufacturing","pl-PL","Edit manufacturing at {outpost}","C9AFE37FB5D66D5F7AC538C1EED10DD229AB717193B4225A90B34AF5A1FEF8CC","Relocalizable Undo/Redo action description.","MEDIUM","outpost","","term.outpost=Placówka [strategy=semantic-concept]; glossary.manufacturing=Wytwarzanie [strategy=semantic-concept]","Edytuj wytwarzanie — placówka: {outpost}","Edytuj produkcję w {placówce}","INVALID_TOKENS","INVALID_DEEPL_REPAIRED","Edytuj wytwarzanie — placówka: {outpost}","DeepL candidate for history.editManufacturing failed PLACEHOLDERS validation and remains recorded as invalid evidence; the structurally safe Codex candidate preserves the source meaning and required tokens."
"history.importNetworks","pl-PL","Import networks","84098C98A37E069A64F1531E4CEAC2C1CCE108FF2CB8B62332E877C9BA57D580","Relocalizable Undo/Redo action description.","MEDIUM","","","glossary.network=Sieć [strategy=semantic-concept]; glossary.file-import-export=Importuj / Eksportuj [strategy=key-scoped]","Importuj sieci","Importuj sieci","IDENTICAL","AGREED","Importuj sieci","Both independent candidates agree for history.importNetworks; the shared wording preserves the English meaning, required syntax, and recorded UI context."
"history.linkCargoPad","pl-PL","Link {localOutpost} / {localPad} to {remoteOutpost} / {remotePad}","88EE5C1148024FD285A212393D75507FE47480AFD766F6B54F5AA5CC956488D4","Relocalizable Undo/Redo action description.","HIGH","localOutpost; localPad; remoteOutpost; remotePad","","","Połącz: {localOutpost} / {localPad} → {remoteOutpost} / {remotePad}","Połącz {localOutpost} / {localPad} z {remoteOutpost} / {remotePad}","SUBSTANTIVE","CODEX","Połącz: {localOutpost} / {localPad} → {remoteOutpost} / {remotePad}","Codex was selected for history.linkCargoPad because it safely isolates the opaque localOutpost; localPad; remoteOutpost; remotePad parameters and preserves the source meaning without unsafe Polish agreement or case assumptions."
"history.moveCargoPad","pl-PL","Move {outpost} / {pad} to position {position}","6E7E6A017CC6BDF02F26F2324E39AFA81B6F1A60C38CFF35107A3E228D0E2F47","Relocalizable Undo/Redo action description.","HIGH","outpost; pad; position","","term.outpost=Placówka [strategy=semantic-concept]","Przenieś na pozycję {position}: {outpost} / {pad}","Przenieś {outpost} / {pad} do pozycji {position}","SUBSTANTIVE","CODEX","Przenieś na pozycję {position}: {outpost} / {pad}","Codex was selected for history.moveCargoPad because it follows the approved term.outpost terminology and better preserves the key's semantic role than the DeepL alternative."
"history.moveOutpost","pl-PL","Move {outpost} to position {position}","3B3006733CC17E27FD128D53A7968132F9ABBB1C1486BCD51F6DB29EC38443EE","Relocalizable Undo/Redo action description.","HIGH","outpost; position","","term.outpost=Placówka [strategy=semantic-concept]","Przenieś placówkę na pozycję {position}: {outpost}","Przenieś {outpost} do pozycji {position}","SUBSTANTIVE","CODEX","Przenieś placówkę na pozycję {position}: {outpost}","Codex was selected for history.moveOutpost because it follows the approved term.outpost terminology and better preserves the key's semantic role than the DeepL alternative."
"history.networkContext","pl-PL","Network {ordinal}: {action}","1E82C6A8AA649F636D185126B84DC803B03D803FA3E6F8B1949064CE4B371ADF","Relocalizable Undo/Redo action description.","HIGH","action; ordinal","","glossary.network=Sieć [strategy=semantic-concept]","Sieć {ordinal}: {action}","Sieć {ordinal}: {action}","IDENTICAL","AGREED","Sieć {ordinal}: {action}","Both independent candidates agree for history.networkContext; the shared wording preserves the English meaning, required syntax, and recorded UI context."
"history.redo","pl-PL","Redo","74273989B0966E2369B6D01AADB23AF4AD6A9E724643FA88F2BDE99202A36708","Relocalizable Undo/Redo action description.","MEDIUM","","","glossary.undo-redo=Cofnij / Ponów [strategy=key-scoped]","Ponów","Powtórz","SUBSTANTIVE","CODEX","Ponów","Codex was selected for history.redo because it follows the approved glossary.undo-redo terminology and better preserves the key's semantic role than the DeepL alternative."
"history.redo.action","pl-PL","Redo: {action}","B547829FEB3803DBDD25DAB483F1901FBD919E143CF04C05762190B5DE1BB758","Relocalizable Undo/Redo action description.","MEDIUM","action","","glossary.undo-redo=Cofnij / Ponów [strategy=key-scoped]","Ponów: {action}","Powtórz: {action}","SUBSTANTIVE","CODEX","Ponów: {action}","Codex was selected for history.redo.action because it follows the approved glossary.undo-redo terminology and better preserves the key's semantic role than the DeepL alternative."
"history.redo.none","pl-PL","Nothing to redo","4AAF2710A06093447959EBE89E9476D48AD0A7D243FBBE9977CE51C595876B55","Relocalizable Undo/Redo action description.","MEDIUM","","","glossary.undo-redo=Cofnij / Ponów [strategy=key-scoped]","Brak czynności do ponowienia","Nie ma co powtórzyć","SUBSTANTIVE","CODEX","Brak czynności do ponowienia","Codex was selected for history.redo.none because it follows the approved glossary.undo-redo terminology and better preserves the key's semantic role than the DeepL alternative."
"history.removeBiome","pl-PL","Remove biome selection for {outpost}","969F3EA42820E901A14033E682789514084F6D170128CBFB3EBE9704B15BD4D5","Relocalizable Undo/Redo action description.","MEDIUM","outpost","","term.outpost=Placówka [strategy=semantic-concept]; term.biome=Biom [strategy=semantic-concept, variants=biom | biomy]","Usuń wybór biomu — placówka: {outpost}","Usuń wybór biomu dla {outpost}","SUBSTANTIVE","CODEX","Usuń wybór biomu — placówka: {outpost}","Codex was selected for history.removeBiome because it follows the approved term.outpost, term.biome terminology and better preserves the key's semantic role than the DeepL alternative."
"history.removeExplicitResource","pl-PL","Remove explicit resource {resource} from {outpost}","9C3EFF7493C2FD697060EC06B55B6E909891DD72F270CFE8AF967D58AD468D13","Relocalizable Undo/Redo action description.","HIGH","outpost; resource","","term.outpost=Placówka [strategy=semantic-concept]","Usuń jawną obecność zasobu — zasób: {resource}; placówka: {outpost}","Usuń konkretny zasób {zasób} z {placówki}","INVALID_TOKENS","INVALID_DEEPL_REPAIRED","Usuń jawną obecność zasobu — zasób: {resource}; placówka: {outpost}","DeepL candidate for history.removeExplicitResource failed PLACEHOLDERS validation and remains recorded as invalid evidence; the structurally safe Codex candidate preserves the source meaning and required tokens."
"history.removeExport","pl-PL","Remove export {item} from {outpost} / {pad}","F56A09E0EA0D5AFE4297842F244021A1886029E3AFD252A720D8AAD9E8131574","Relocalizable Undo/Redo action description.","HIGH","item; outpost; pad","","term.outpost=Placówka [strategy=semantic-concept]","Usuń eksport — pozycja: {item}; połączenie: {outpost} / {pad}","Usuń eksport {przedmiotu} z {placówki} / {platformy}","INVALID_TOKENS","INVALID_DEEPL_REPAIRED","Usuń eksport — pozycja: {item}; połączenie: {outpost} / {pad}","DeepL candidate for history.removeExport failed PLACEHOLDERS validation and remains recorded as invalid evidence; the structurally safe Codex candidate preserves the source meaning and required tokens."
"history.removeLocalResource","pl-PL","Remove local resource {resource} from {outpost}","3D62E4624BCD438245F262B2E9C5C42B787739DEB56A721898CAABD659145AD5","Relocalizable Undo/Redo action description.","HIGH","outpost; resource","","term.outpost=Placówka [strategy=semantic-concept]","Usuń zasób lokalny — zasób: {resource}; placówka: {outpost}","Usuń lokalny zasób {zasób} z {placówki}","INVALID_TOKENS","INVALID_DEEPL_REPAIRED","Usuń zasób lokalny — zasób: {resource}; placówka: {outpost}","DeepL candidate for history.removeLocalResource failed PLACEHOLDERS validation and remains recorded as invalid evidence; the structurally safe Codex candidate preserves the source meaning and required tokens."
"history.removePlannedSupply","pl-PL","Remove Planned Supply {item}","948C1F6C5869D505D4D42C229E5FC4B3AA89D81EEF2C938A732156C427A06F29","Relocalizable Undo/Redo action description.","MEDIUM","item","","glossary.planned-supply=Planowane zaopatrzenie [strategy=semantic-concept]","Usuń z planowanego zaopatrzenia: {item}","Usuń planowaną dostawę {item}","SUBSTANTIVE","CODEX","Usuń z planowanego zaopatrzenia: {item}","Codex was selected for history.removePlannedSupply because it follows the approved glossary.planned-supply terminology and better preserves the key's semantic role than the DeepL alternative."
"history.renameCharacter","pl-PL","Rename character {previousName} to {name}","8D4BCA97AE9F42035389F0C55B63FF4E2C4A05C16E28C85DC0FCDB4DF13806DD","Relocalizable Undo/Redo action description.","HIGH","name; previousName","","","Zmień nazwę postaci: {previousName} → {name}","Zmień nazwę postaci {previousName} na {name}","SUBSTANTIVE","CODEX","Zmień nazwę postaci: {previousName} → {name}","Codex was selected for history.renameCharacter because it safely isolates the opaque name; previousName parameters and preserves the source meaning without unsafe Polish agreement or case assumptions."
"history.renameOutpost","pl-PL","Rename outpost {previousName} to {name}","8F0926A3817A8249DE5756C3295E233FF53C310F6A9E6C6AECF9AFE9D2A1BC4C","Relocalizable Undo/Redo action description.","HIGH","name; previousName","","term.outpost=Placówka [strategy=semantic-concept]","Zmień nazwę placówki: {previousName} → {name}","Zmień nazwę placówki {previousName} na {name}","SUBSTANTIVE","CODEX","Zmień nazwę placówki: {previousName} → {name}","Codex was selected for history.renameOutpost because it follows the approved term.outpost terminology and better preserves the key's semantic role than the DeepL alternative."
"history.resetNetwork","pl-PL","Reset network","4A609854AE08898CAE2C4B634B016AFD1FDC3BEB4F84342B1239EC55DD8EEF6F","Relocalizable Undo/Redo action description.","MEDIUM","","","glossary.network=Sieć [strategy=semantic-concept]","Zresetuj sieć","Zresetuj sieć","IDENTICAL","AGREED","Zresetuj sieć","Both independent candidates agree for history.resetNetwork; the shared wording preserves the English meaning, required syntax, and recorded UI context."
"history.setCharacterLevel","pl-PL","Set character level to {level}","780B89077917658A4A33F5391C437D7C839EAC9A75DFBF2ED43D19B8E44C2889","Relocalizable Undo/Redo action description.","MEDIUM","level","","","Ustaw poziom postaci: {level}","Ustaw poziom postaci na {level}","SUBSTANTIVE","DEEPL","Ustaw poziom postaci na {level}","DeepL was selected for history.setCharacterLevel because its wording is more idiomatic and concise in this UI context while preserving the English meaning, parameters, and applicable terminology."
"history.setSkill","pl-PL","Set {skill} to {rank}","77319DA02DA0DBEE04C21303E9C8460EA452D1CB980B146CF12582679109EAD6","Relocalizable Undo/Redo action description.","HIGH","rank; skill","","","Ustaw rangę umiejętności: {skill} — {rank}","Ustaw {umiejętność} na {poziom}","INVALID_TOKENS","INVALID_DEEPL_REPAIRED","Ustaw rangę umiejętności: {skill} — {rank}","DeepL candidate for history.setSkill failed PLACEHOLDERS validation and remains recorded as invalid evidence; the structurally safe Codex candidate preserves the source meaning and required tokens."
"history.startProducing","pl-PL","Start producing {resource} at {outpost}","A19EAEEBCA12AC4C3545C0B61AB4A78E7056468D7B8AE2CC203C0401ADF421F6","Relocalizable Undo/Redo action description.","HIGH","outpost; resource","","term.outpost=Placówka [strategy=semantic-concept]; glossary.producing=W produkcji [strategy=key-scoped, variants=w produkcji | produkuj | przerwij produkcję]","Rozpocznij produkcję — zasób: {resource}; placówka: {outpost}","Rozpocznij produkcję {zasobu} w {placówce}","INVALID_TOKENS","INVALID_DEEPL_REPAIRED","Rozpocznij produkcję — zasób: {resource}; placówka: {outpost}","DeepL candidate for history.startProducing failed PLACEHOLDERS validation and remains recorded as invalid evidence; the structurally safe Codex candidate preserves the source meaning and required tokens."
"history.stopProducing","pl-PL","Stop producing {resource} at {outpost}","2790D53F2BF7B708F26E90199DE17B9513C9139A68F79CB1DEB82265FEF538C1","Relocalizable Undo/Redo action description.","HIGH","outpost; resource","","term.outpost=Placówka [strategy=semantic-concept]; glossary.producing=W produkcji [strategy=key-scoped, variants=w produkcji | produkuj | przerwij produkcję]","Zatrzymaj produkcję — zasób: {resource}; placówka: {outpost}","Zatrzymaj produkcję {zasobu} w {placówce}","INVALID_TOKENS","INVALID_DEEPL_REPAIRED","Zatrzymaj produkcję — zasób: {resource}; placówka: {outpost}","DeepL candidate for history.stopProducing failed PLACEHOLDERS validation and remains recorded as invalid evidence; the structurally safe Codex candidate preserves the source meaning and required tokens."
"history.undo","pl-PL","Undo","A8283ADE31856F71220DB0E6F60A257C6889DC4DAD0F275F66AD44B9ED9BF8D5","Relocalizable Undo/Redo action description.","MEDIUM","","","glossary.undo-redo=Cofnij / Ponów [strategy=key-scoped]","Cofnij","Cofnij","IDENTICAL","AGREED","Cofnij","Both independent candidates agree for history.undo; the shared wording preserves the English meaning, required syntax, and recorded UI context."
"history.undo.action","pl-PL","Undo: {action}","A6CB877C6B435FF3EF0D9ABAD3387FFFCC47FA869E27199FE203B086E36A51E8","Relocalizable Undo/Redo action description.","MEDIUM","action","","glossary.undo-redo=Cofnij / Ponów [strategy=key-scoped]","Cofnij: {action}","Cofnij: {działanie}","INVALID_TOKENS","INVALID_DEEPL_REPAIRED","Cofnij: {action}","DeepL candidate for history.undo.action failed PLACEHOLDERS validation and remains recorded as invalid evidence; the structurally safe Codex candidate preserves the source meaning and required tokens."
"history.undo.none","pl-PL","Nothing to undo","8329007820D54938FE5DBF93C1D1CA8D76CD0657AD4C882689605F572E4AE6F0","Relocalizable Undo/Redo action description.","MEDIUM","","","glossary.undo-redo=Cofnij / Ponów [strategy=key-scoped]","Brak czynności do cofnięcia","Nie ma co cofać","SUBSTANTIVE","CODEX","Brak czynności do cofnięcia","Codex was selected for history.undo.none because it follows the approved glossary.undo-redo terminology and better preserves the key's semantic role than the DeepL alternative."
"history.unlinkCargoPad","pl-PL","Unlink {outpost} / {pad}","7D8EBF7B409B216684FF93170EEAE15F2111513D9D1262FF30E02F9A4DE5A668","Relocalizable Undo/Redo action description.","HIGH","outpost; pad","","term.outpost=Placówka [strategy=semantic-concept]","Rozłącz: {outpost} / {pad}","Odłącz {placówkę} / {podkładkę}","INVALID_TOKENS","INVALID_DEEPL_REPAIRED","Rozłącz: {outpost} / {pad}","DeepL candidate for history.unlinkCargoPad failed PLACEHOLDERS validation and remains recorded as invalid evidence; the structurally safe Codex candidate preserves the source meaning and required tokens."
"locale.selector.automatic","pl-PL","Automatic ({locale})","F139A462E854752156E3389DC3276EC53EC63E5840856D9649163DB4D1E08FD5","Language selector and effective-locale presentation.","LOW","locale","","","Automatycznie ({locale})","Automatycznie ({locale})","IDENTICAL","AGREED","Automatycznie ({locale})","Both independent candidates agree for locale.selector.automatic; the shared wording preserves the English meaning, required syntax, and recorded UI context."
"locale.selector.current","pl-PL","Language and region: {locale}","4130B7241194E6419EDB302D6D20F78FB64719872DA27A1790711E229321E8A1","Language selector and effective-locale presentation.","LOW","locale","","","Język i ustawienia regionalne: {locale}","Język i region: {locale}","SUBSTANTIVE","CODEX","Język i ustawienia regionalne: {locale}","Codex was selected for locale.selector.current because it safely isolates the opaque locale parameters and preserves the source meaning without unsafe Polish agreement or case assumptions."
"locale.selector.label","pl-PL","Language and region","4F9555CD54EADE38887A7B1D16435E6487A41C92F684BD78E01F20EA991C8E7D","Language selector and effective-locale presentation. This is a form or control label.","LOW","","","","Język i ustawienia regionalne","Język i region","SUBSTANTIVE","CODEX","Język i ustawienia regionalne","Codex was selected for locale.selector.label because it more precisely preserves the English meaning and recorded UI role; the DeepL alternative changes nuance or is less suitable Polish for this surface."
"matrix.action.toggle","pl-PL","{action} {item}","DC8B8B32CEB833991863B5F3DACF816862F17865C8B68302C2CEAE5E445FA49D","Resource Matrix label, action, state, or tooltip.","HIGH","action; item","","","{action}: {item}","{action} {item}","SUBSTANTIVE","CODEX","{action}: {item}","Codex was selected for matrix.action.toggle because it safely isolates the opaque action; item parameters and preserves the source meaning without unsafe Polish agreement or case assumptions."
"matrix.action.togglePresent","pl-PL","Toggle Present for {item}","3B1861C21786E4B797EA34D360FBA067E9B75766F21067D01CC9F3EA3655C739","Resource Matrix label, action, state, or tooltip.","MEDIUM","item","","glossary.present=Obecność [strategy=key-scoped, variants=obecność | dostępny | dostępna | dostępne]","Przełącz obecność: {item}","Przełącz opcję „Prezent” dla {item}","SUBSTANTIVE","CODEX","Przełącz obecność: {item}","Codex was selected for matrix.action.togglePresent because it follows the approved glossary.present terminology and better preserves the key's semantic role than the DeepL alternative."
"matrix.action.toggleProducing","pl-PL","Toggle Producing for {item}","83C0CBABA203A6B13DF5A148B7872FFE8D686A15440DA523539073C54D1703BE","Resource Matrix label, action, state, or tooltip.","MEDIUM","item","","glossary.producing=W produkcji [strategy=key-scoped, variants=w produkcji | produkuj | przerwij produkcję]","Przełącz produkcję: {item}","Przełącz opcję „Tworzenie z {source}” dla {item}","INVALID_TOKENS","INVALID_DEEPL_REPAIRED","Przełącz produkcję: {item}","DeepL candidate for matrix.action.toggleProducing failed PLACEHOLDERS validation and remains recorded as invalid evidence; the structurally safe Codex candidate preserves the source meaning and required tokens."
"matrix.action.toggleProducingSource","pl-PL","Toggle Producing from {source} for {item}","42793C59523D94302785651913A4291213010AD11779FCE9378B7782B43BB2B5","Resource Matrix label, action, state, or tooltip.","HIGH","item; source","","glossary.producing=W produkcji [strategy=key-scoped, variants=w produkcji | produkuj | przerwij produkcję]; glossary.source=Źródło [strategy=semantic-concept]","Przełącz produkcję — źródło: {source}; pozycja: {item}","Przełącz opcję „Produkcja z {source}” dla {item}","SUBSTANTIVE","CODEX","Przełącz produkcję — źródło: {source}; pozycja: {item}","Codex was selected for matrix.action.toggleProducingSource because it follows the approved glossary.producing, glossary.source terminology and better preserves the key's semantic role than the DeepL alternative."
"matrix.action.xTech.add","pl-PL","Add {resource} as present","48E58826798CF2E5504DCE63D53A13988656582AED2B000DD05BC58F134C0666","Resource Matrix label, action, state, or tooltip.","MEDIUM","resource","","glossary.present=Obecność [strategy=key-scoped, variants=obecność | dostępny | dostępna | dostępne]","Dodaj jako obecny zasób: {resource}","Dodaj {zasób} jako obecny","INVALID_TOKENS","INVALID_DEEPL_REPAIRED","Dodaj jako obecny zasób: {resource}","DeepL candidate for matrix.action.xTech.add failed PLACEHOLDERS validation and remains recorded as invalid evidence; the structurally safe Codex candidate preserves the source meaning and required tokens."
"matrix.column.inputs","pl-PL","Inputs","7ABC49DFA87BC183179762B87F9914CEADC46C29A5621493A4A91E54D401C1ED","Compact Resource Matrix column for items required by configured recipes or organic production; not data-entry fields.","HIGH","","","glossary.inputs=Wymagane materiały [strategy=semantic-concept, variants=wymagane materiały | wymagane zasoby | składniki]","Wymagane materiały","Dane wejściowe","SUBSTANTIVE","CODEX","Wymagane materiały","Codex was selected for matrix.column.inputs because it follows the approved glossary.inputs terminology and better preserves the key's semantic role than the DeepL alternative."
"matrix.column.item","pl-PL","Item","652BCC3A478428893CC505AE19F847B49BE52F861BEDC64BB192CEED409FA733","Resource Matrix label, action, state, or tooltip.","MEDIUM","","","","Pozycja","Pozycja","IDENTICAL","AGREED","Pozycja","Both independent candidates agree for matrix.column.item; the shared wording preserves the English meaning, required syntax, and recorded UI context."
"matrix.column.logistics","pl-PL","Logistics","AE6E98909C98E7C973D920A2D6868685D2E2F25DB3E98683EF3D0DBAE00BF7D6","Compact Resource Matrix column for items actually assigned to routed cargo exports; not merely items that could be exported.","HIGH","","","glossary.logistics=Logistyka [strategy=key-scoped]","Logistyka","Logistyka","IDENTICAL","AGREED","Logistyka","Both independent candidates agree for matrix.column.logistics; the shared wording preserves the English meaning, required syntax, and recorded UI context."
"matrix.column.present","pl-PL","Present","43F9B89C0B9D22D8110EAD813EA3949F20592A8BFC3C777D2D49E64DA3B0CC9B","Compact Resource Matrix column label meaning the item/resource exists or can exist at this outpost/location; not temporal “currently”.","HIGH","","","glossary.present=Obecność [strategy=key-scoped, variants=obecność | dostępny | dostępna | dostępne]","Obecność","Obecny","SUBSTANTIVE","CODEX","Obecność","Codex was selected for matrix.column.present because it follows the approved glossary.present terminology and better preserves the key's semantic role than the DeepL alternative."
"matrix.column.producing","pl-PL","Producing","6205C14B87A9F7261B6078D0347AAA6998853CC7BE936390846C6F1B95BF0B56","Compact Resource Matrix state meaning this outpost is configured to extract, harvest, or manufacture the item; no throughput is implied.","HIGH","","","glossary.producing=W produkcji [strategy=key-scoped, variants=w produkcji | produkuj | przerwij produkcję]","W produkcji","Produkcja","SUBSTANTIVE","CODEX","W produkcji","Codex was selected for matrix.column.producing because it follows the approved glossary.producing terminology and better preserves the key's semantic role than the DeepL alternative."
"matrix.column.source","pl-PL","Source","0E570CA6FABE24F94E52C1833F3FFD25567022BEB826FA16891F3322051BC221","Resource Matrix label, action, state, or tooltip.","MEDIUM","","","glossary.source=Źródło [strategy=semantic-concept]","Źródło","Źródło","IDENTICAL","AGREED","Źródło","Both independent candidates agree for matrix.column.source; the shared wording preserves the English meaning, required syntax, and recorded UI context."
"matrix.heading","pl-PL","Resource Matrix","0FF84E3776BFD5BC3F7CB4E19082D8AF196D2FE785AA1368744C9A46FAEA6569","Heading for the Resource Matrix, a tabular view of resource presence, active production, recipe inputs, and routed logistics. This is a visible heading.","HIGH","","","glossary.resource-matrix=Macierz zasobów [strategy=phrase]","Macierz zasobów","Macierz zasobów","IDENTICAL","AGREED","Macierz zasobów","Both independent candidates agree for matrix.heading; the shared wording preserves the English meaning, required syntax, and recorded UI context."
"matrix.imports.empty","pl-PL","No imports.","0D77E00016DF198643A2253AFBFBE2438E9B062704280FD31A6401F534C29C89","Resource Matrix label, action, state, or tooltip.","MEDIUM","","","","Brak importu.","Brak importu.","IDENTICAL","AGREED","Brak importu.","Both independent candidates agree for matrix.imports.empty; the shared wording preserves the English meaning, required syntax, and recorded UI context."
"matrix.manufacturing.add","pl-PL","Add manufactured product","9121C16E7EDB9925D309961B06EE2F11B3E7B1F05E2FA48ABA47B1F2B63FB0EA","Resource Matrix label, action, state, or tooltip.","MEDIUM","","","glossary.manufacturing=Wytwarzanie [strategy=semantic-concept]","Dodaj wytwarzany produkt","Dodaj produkt wytworzony","SUBSTANTIVE","CODEX","Dodaj wytwarzany produkt","Codex was selected for matrix.manufacturing.add because it follows the approved glossary.manufacturing terminology and better preserves the key's semantic role than the DeepL alternative."
"matrix.manufacturing.addLabel","pl-PL","Add product","61C2739652DED96551EFED256FE50CD2B163432AFC860F3DE72E67B389419350","Resource Matrix label, action, state, or tooltip.","MEDIUM","","","glossary.manufacturing=Wytwarzanie [strategy=semantic-concept]","Dodaj produkt","Dodaj produkt","IDENTICAL","AGREED","Dodaj produkt","Both independent candidates agree for matrix.manufacturing.addLabel; the shared wording preserves the English meaning, required syntax, and recorded UI context."
"matrix.manufacturing.empty","pl-PL","No manufacturing recorded.","99A796FE6FA135735F0A14B99075E5C0042639AA22F89F176B3E6E5C5FF962A4","Resource Matrix label, action, state, or tooltip.","MEDIUM","","","glossary.manufacturing=Wytwarzanie [strategy=semantic-concept]","Nie skonfigurowano wytwarzania.","Brak zarejestrowanej produkcji.","SUBSTANTIVE","CODEX","Nie skonfigurowano wytwarzania.","Codex was selected for matrix.manufacturing.empty because it follows the approved glossary.manufacturing terminology and better preserves the key's semantic role than the DeepL alternative."
"matrix.manufacturing.select","pl-PL","Select product...","BC94A3C3810455749C1271E4F7F3326D0E62558B83CA19258D3DDE4DE99923B8","Resource Matrix label, action, state, or tooltip.","MEDIUM","","","glossary.manufacturing=Wytwarzanie [strategy=semantic-concept]","Wybierz produkt...","Wybierz produkt...","IDENTICAL","AGREED","Wybierz produkt...","Both independent candidates agree for matrix.manufacturing.select; the shared wording preserves the English meaning, required syntax, and recorded UI context."
"matrix.section.imports","pl-PL","Imports","7DF60B64E7EF61E31FC47CAA6F57B0DDCE2FBBD9EB6A49D425EA04F34F5A542C","Resource Matrix label, action, state, or tooltip.","MEDIUM","","","","Import","Import","IDENTICAL","AGREED","Import","Both independent candidates agree for matrix.section.imports; the shared wording preserves the English meaning, required syntax, and recorded UI context."
"matrix.section.inorganic","pl-PL","Inorganic","897FDA90A70D9858F75D9CBD82D0E8F76C5D41753289E3FF619EB61863A5E91F","Resource Matrix section heading for mineral/inorganic resources.","HIGH","","","glossary.inorganic=Nieorganiczne [strategy=semantic-concept]","Nieorganiczne","Nieorganiczne","IDENTICAL","AGREED","Nieorganiczne","Both independent candidates agree for matrix.section.inorganic; the shared wording preserves the English meaning, required syntax, and recorded UI context."
"matrix.section.manufacturing","pl-PL","Manufacturing","C6838ED989FD7D93BA9023466783C95230843EE13ACAFD63A355F9AD766CC39F","Resource Matrix section heading for configured product manufacturing; no throughput is modeled.","HIGH","","","glossary.manufacturing=Wytwarzanie [strategy=semantic-concept]","Wytwarzanie","Produkcja","SUBSTANTIVE","CODEX","Wytwarzanie","Codex was selected for matrix.section.manufacturing because it follows the approved glossary.manufacturing terminology and better preserves the key's semantic role than the DeepL alternative."
"matrix.section.organic","pl-PL","Organic","89B8CB68F4EDD75B5FB10DA9CC85802C15214A84CDA6D2F2D841BDF80E7109D3","Resource Matrix section heading for resources obtained from flora or fauna.","HIGH","","","glossary.organic=Organiczne [strategy=semantic-concept]","Organiczne","Organiczne","IDENTICAL","AGREED","Organiczne","Both independent candidates agree for matrix.section.organic; the shared wording preserves the English meaning, required syntax, and recorded UI context."
"matrix.source.unspecified","pl-PL","Unspecified","5B8AA0BF3C59DAEC38E2D0C690A1A62513208D1E2075DAD62A32CA0B9440B1A1","Resource Matrix label, action, state, or tooltip.","MEDIUM","","","glossary.source=Źródło [strategy=semantic-concept]","Nieokreślone","Nieokreślone","IDENTICAL","AGREED","Nieokreślone","Both independent candidates agree for matrix.source.unspecified; the shared wording preserves the English meaning, required syntax, and recorded UI context."
"matrix.state.active","pl-PL","{item}: active","C5842642495AB6998996C229C92496708FC4AC40E64CABBF5D42D2C105D54505","Resource Matrix label, action, state, or tooltip.","MEDIUM","item","","","{item}: stan aktywny","{item}: aktywny","SUBSTANTIVE","CODEX","{item}: stan aktywny","Codex was selected for matrix.state.active because it safely isolates the opaque item parameters and preserves the source meaning without unsafe Polish agreement or case assumptions."
"matrix.state.inactive","pl-PL","{item}: inactive","6A8DF3F499FC4DBF092E8D8BA000DA986477895629A19B6E0F4D0D1585B62630","Resource Matrix label, action, state, or tooltip.","MEDIUM","item","","","{item}: stan nieaktywny","{item}: nieaktywny","SUBSTANTIVE","CODEX","{item}: stan nieaktywny","Codex was selected for matrix.state.inactive because it safely isolates the opaque item parameters and preserves the source meaning without unsafe Polish agreement or case assumptions."
"matrix.tooltip.export.active","pl-PL","{item} is being exported to {destinations}.","055BBD5D2C929206E046EC3F250A6E5E18CA49A54ABAD1F5BB25F548EC20368F","Resource Matrix label, action, state, or tooltip. This is explanatory tooltip text.","HIGH","destinations; item","","glossary.destination=Cel [strategy=semantic-concept, variants=cel | miejsce docelowe]","Pozycja: {item}. Eksport do: {destinations}.","{item} jest eksportowany do {destinations}.","SUBSTANTIVE","CODEX","Pozycja: {item}. Eksport do: {destinations}.","Codex was selected for matrix.tooltip.export.active because it follows the approved glossary.destination terminology and better preserves the key's semantic role than the DeepL alternative."
"matrix.tooltip.export.inactive","pl-PL","{item} is not being exported.","3D5C74ACC064244CA844A5985D467922DF00655889AA20E9E09D1D734B70A9A7","Resource Matrix label, action, state, or tooltip. This is explanatory tooltip text.","MEDIUM","item","","","Pozycja nie jest eksportowana: {item}.","{element} nie jest eksportowany.","INVALID_TOKENS","INVALID_DEEPL_REPAIRED","Pozycja nie jest eksportowana: {item}.","DeepL candidate for matrix.tooltip.export.inactive failed PLACEHOLDERS validation and remains recorded as invalid evidence; the structurally safe Codex candidate preserves the source meaning and required tokens."
"matrix.tooltip.import.active","pl-PL","{item} is being imported.","22B78023B0061204A0DAAD357D2E134A358394AEF6B2B56014E7F962FABBF63C","Resource Matrix label, action, state, or tooltip. This is explanatory tooltip text.","MEDIUM","item","","","Pozycja jest importowana: {item}.","{element} jest importowany.","INVALID_TOKENS","INVALID_DEEPL_REPAIRED","Pozycja jest importowana: {item}.","DeepL candidate for matrix.tooltip.import.active failed PLACEHOLDERS validation and remains recorded as invalid evidence; the structurally safe Codex candidate preserves the source meaning and required tokens."
"matrix.tooltip.input.available","pl-PL","{item} is available at this outpost.","7E957480BD17FC93AD8CCF3CCF75C1D611C2A0F1062E1B1EF3CE52149B52A5EF","Resource Matrix label, action, state, or tooltip. This is explanatory tooltip text.","MEDIUM","item","","term.outpost=Placówka [strategy=semantic-concept]; glossary.inputs=Wymagane materiały [strategy=semantic-concept, variants=wymagane materiały | wymagane zasoby | składniki]","Pozycja jest dostępna w tej placówce: {item}.","{element} jest dostępny w tej placówce.","INVALID_TOKENS","INVALID_DEEPL_REPAIRED","Pozycja jest dostępna w tej placówce: {item}.","DeepL candidate for matrix.tooltip.input.available failed PLACEHOLDERS validation and remains recorded as invalid evidence; the structurally safe Codex candidate preserves the source meaning and required tokens."
"matrix.tooltip.input.unavailable","pl-PL","{item} is not available at this outpost.","CD51B09CECAF9938958EC84ED6BBD41ED9F65CCCA813377987402991246A0CD5","Resource Matrix label, action, state, or tooltip. This is explanatory tooltip text.","MEDIUM","item","","term.outpost=Placówka [strategy=semantic-concept]; glossary.inputs=Wymagane materiały [strategy=semantic-concept, variants=wymagane materiały | wymagane zasoby | składniki]","Pozycja jest niedostępna w tej placówce: {item}.","{item} nie jest dostępny w tej placówce.","SUBSTANTIVE","CODEX","Pozycja jest niedostępna w tej placówce: {item}.","Codex was selected for matrix.tooltip.input.unavailable because it follows the approved term.outpost, glossary.inputs terminology and better preserves the key's semantic role than the DeepL alternative."
"matrix.tooltip.manufacturing.blocked","pl-PL","{item} is not being produced at this outpost due to missing inputs.","6B5041B4E9ACD713834127A9C03F6511181DAD863E498E96483D2310DD98D6A9","Resource Matrix label, action, state, or tooltip. This is explanatory tooltip text.","MEDIUM","item","","term.outpost=Placówka [strategy=semantic-concept]; glossary.inputs=Wymagane materiały [strategy=semantic-concept, variants=wymagane materiały | wymagane zasoby | składniki]","Pozycja nie jest produkowana w tej placówce z powodu braku wymaganych materiałów: {item}.","{item} nie jest produkowany w tej placówce z powodu braku surowców.","SUBSTANTIVE","CODEX","Pozycja nie jest produkowana w tej placówce z powodu braku wymaganych materiałów: {item}.","Codex was selected for matrix.tooltip.manufacturing.blocked because it follows the approved term.outpost, glossary.inputs terminology and better preserves the key's semantic role than the DeepL alternative."
"matrix.tooltip.producing.active","pl-PL","{item} is being produced at this outpost.","89F21A9639298627054AC3918E70BF648B4396E095781366BE34464D13526799","Resource Matrix label, action, state, or tooltip. This is explanatory tooltip text.","MEDIUM","item","","term.outpost=Placówka [strategy=semantic-concept]; glossary.producing=W produkcji [strategy=key-scoped, variants=w produkcji | produkuj | przerwij produkcję]","Pozycja jest produkowana w tej placówce: {item}.","{item} jest produkowany w tej placówce.","SUBSTANTIVE","CODEX","Pozycja jest produkowana w tej placówce: {item}.","Codex was selected for matrix.tooltip.producing.active because it follows the approved term.outpost, glossary.producing terminology and better preserves the key's semantic role than the DeepL alternative."
"matrix.tooltip.producing.inactive","pl-PL","{item} is not being produced at this outpost.","B3AFCA938B63F0F57D691FE84D631E6D4437FDE13C97F357C38C8F382BD7AFED","Resource Matrix label, action, state, or tooltip. This is explanatory tooltip text.","MEDIUM","item","","term.outpost=Placówka [strategy=semantic-concept]; glossary.producing=W produkcji [strategy=key-scoped, variants=w produkcji | produkuj | przerwij produkcję]","Pozycja nie jest produkowana w tej placówce: {item}.","{item} nie jest produkowany w tej placówce.","SUBSTANTIVE","CODEX","Pozycja nie jest produkowana w tej placówce: {item}.","Codex was selected for matrix.tooltip.producing.inactive because it follows the approved term.outpost, glossary.producing terminology and better preserves the key's semantic role than the DeepL alternative."
"matrix.tooltip.xTech.add","pl-PL","Add {resource} as present. It can be extracted at any outpost if X-Tech Power Cores are available.","E34F279A7F5A3549EA040DD701E16C40D9F8249A016812C77F881DABCB4C403E","Resource Matrix label, action, state, or tooltip. This is explanatory tooltip text.","MEDIUM","resource","","term.outpost=Placówka [strategy=semantic-concept]; term.x-tech-power-core=Rdzeń mocy X-Techu [strategy=semantic-concept]; term.x-tech=X-Tech [strategy=semantic-concept, variants=X-Tech | X-Techem | X-Techu]; glossary.present=Obecność [strategy=key-scoped, variants=obecność | dostępny | dostępna | dostępne]","Dodaj jako obecny zasób: {resource}. Można go wydobywać w dowolnej placówce, jeśli dostępne są rdzenie mocy X-Techu.","Dodaj {zasób} jako obecny. Można go wydobywać w dowolnej placówce, jeśli dostępne są rdzenie energetyczne X-Tech.","INVALID_TOKENS","INVALID_DEEPL_REPAIRED","Dodaj jako obecny zasób: {resource}. Można go wydobywać w dowolnej placówce, jeśli dostępne są rdzenie mocy X-Techu.","DeepL candidate for matrix.tooltip.xTech.add failed PLACEHOLDERS validation and remains recorded as invalid evidence; the structurally safe Codex candidate preserves the source meaning and required tokens."
"matrix.tooltip.xTech.present","pl-PL","{resource} has been explicitly recorded as present at this outpost.","89CF62DE4E95AA5CEAB06EE75ABBE42F751A04010C1ECACB0EE9465EC3AB67D1","Resource Matrix label, action, state, or tooltip. This is explanatory tooltip text.","MEDIUM","resource","","term.outpost=Placówka [strategy=semantic-concept]; glossary.present=Obecność [strategy=key-scoped, variants=obecność | dostępny | dostępna | dostępne]","Jawnie zapisano obecność tego zasobu w placówce: {resource}.","{zasób} został wyraźnie odnotowany jako obecny w tej placówce.","INVALID_TOKENS","INVALID_DEEPL_REPAIRED","Jawnie zapisano obecność tego zasobu w placówce: {resource}.","DeepL candidate for matrix.tooltip.xTech.present failed PLACEHOLDERS validation and remains recorded as invalid evidence; the structurally safe Codex candidate preserves the source meaning and required tokens."
"network.active","pl-PL","Active network","0B957FC62D5C68AF27552AB97A19DBF3AA3CCD23B5170F2C4019C60ABE8BE776","Network navigation, creation, reset, or deletion UI.","LOW","","","glossary.network=Sieć [strategy=semantic-concept]","Aktywna sieć","Aktywna sieć","IDENTICAL","AGREED","Aktywna sieć","Both independent candidates agree for network.active; the shared wording preserves the English meaning, required syntax, and recorded UI context."
"network.add","pl-PL","Add Network","E9DCB1FBEC276039EE2BAEEB66B84C21F9F8CCF54E2CB460172D516912A22600","Network navigation, creation, reset, or deletion UI.","LOW","","","glossary.network=Sieć [strategy=semantic-concept]","Dodaj sieć","Dodaj sieć","IDENTICAL","AGREED","Dodaj sieć","Both independent candidates agree for network.add; the shared wording preserves the English meaning, required syntax, and recorded UI context."
"network.delete.button","pl-PL","Delete Network","AA4090A876BCC1C8E2C1AF6A01D0A7A3734FD6D3CFD09BFA89A385770CB5E5BF","Network navigation, creation, reset, or deletion UI.","LOW","","","glossary.network=Sieć [strategy=semantic-concept]","Usuń sieć","Usuń sieć","IDENTICAL","AGREED","Usuń sieć","Both independent candidates agree for network.delete.button; the shared wording preserves the English meaning, required syntax, and recorded UI context."
"network.delete.confirmTitle","pl-PL","DELETE NETWORK","11DC8262799793DF1CF2986AF191074D48FF37E294CF28AFC9AB48F73B560E94","Network navigation, creation, reset, or deletion UI.","LOW","","","glossary.network=Sieć [strategy=semantic-concept]","USUŃ SIEĆ","USUŃ SIECIĘ","SUBSTANTIVE","CODEX","USUŃ SIEĆ","Codex was selected for network.delete.confirmTitle because it follows the approved glossary.network terminology and better preserves the key's semantic role than the DeepL alternative."
"network.delete.explanation","pl-PL","Remove the current network from this collection?","76DEDAA619A8B2E99FB971B9FB03C7B9CB0FEDB7F1ECB70E271D503F14ABEB2C","Network navigation, creation, reset, or deletion UI.","HIGH","","","glossary.network=Sieć [strategy=semantic-concept]","Usunąć bieżącą sieć z tej kolekcji?","Czy chcesz usunąć bieżącą sieć z tej kolekcji?","SUBSTANTIVE","DEEPL","Czy chcesz usunąć bieżącą sieć z tej kolekcji?","DeepL was selected for network.delete.explanation because its wording is more idiomatic and concise in this UI context while preserving the English meaning, parameters, and applicable terminology."
"network.delete.undoHint","pl-PL","You can undo this action during the current session.","BF0AF22DD2EC6095FEE0D256A95B2DFD2A94A640EB3A49DA284B3702CFE01361","Network navigation, creation, reset, or deletion UI.","HIGH","","","glossary.undo-redo=Cofnij / Ponów [strategy=key-scoped]","Możesz cofnąć tę czynność podczas bieżącej sesji.","Możesz cofnąć tę czynność podczas bieżącej sesji.","IDENTICAL","AGREED","Możesz cofnąć tę czynność podczas bieżącej sesji.","Both independent candidates agree for network.delete.undoHint; the shared wording preserves the English meaning, required syntax, and recorded UI context."
"network.label","pl-PL","NETWORK","B5A9716FCD63F4A279E2F6DF8F6DE89DCE75FF38FAD8C7E04EBB2D8E2227E2EB","Network navigation, creation, reset, or deletion UI. This is a form or control label.","LOW","","","glossary.network=Sieć [strategy=semantic-concept]","SIEĆ","SIEC","SUBSTANTIVE","CODEX","SIEĆ","Codex was selected for network.label because it follows the approved glossary.network terminology and better preserves the key's semantic role than the DeepL alternative."
"network.next","pl-PL","Next Network","F450398F4C7903569B56638D94C9011C735664B10737251BFA7F4C0101F284E1","Network navigation, creation, reset, or deletion UI.","LOW","","","glossary.network=Sieć [strategy=semantic-concept]","Następna sieć","Następna sieć","IDENTICAL","AGREED","Następna sieć","Both independent candidates agree for network.next; the shared wording preserves the English meaning, required syntax, and recorded UI context."
"network.previous","pl-PL","Previous Network","E295D9F36D309D7BD32F382E55F37078BE9A0F210F595FC041A9263CAD8F7CD6","Network navigation, creation, reset, or deletion UI.","LOW","","","glossary.network=Sieć [strategy=semantic-concept]","Poprzednia sieć","Poprzednia sieć","IDENTICAL","AGREED","Poprzednia sieć","Both independent candidates agree for network.previous; the shared wording preserves the English meaning, required syntax, and recorded UI context."
"network.reset.button","pl-PL","Reset Network","9D09E8E28CBDF80525D2F7764BF37218267BA965A5FAB20169CCD79D006D468B","Network navigation, creation, reset, or deletion UI.","LOW","","","glossary.network=Sieć [strategy=semantic-concept]","Zresetuj sieć","Resetuj sieć","SUBSTANTIVE","CODEX","Zresetuj sieć","Codex was selected for network.reset.button because it follows the approved glossary.network terminology and better preserves the key's semantic role than the DeepL alternative."
"network.reset.confirmTitle","pl-PL","RESET NETWORK","5766579AA160E3F4BDCFE9D0A1F3CDCDCA184EA4DC775A8DB8F1483BE23DF912","Network navigation, creation, reset, or deletion UI.","LOW","","","glossary.network=Sieć [strategy=semantic-concept]","ZRESETUJ SIEĆ","RESETUJ SIECIĘ","SUBSTANTIVE","CODEX","ZRESETUJ SIEĆ","Codex was selected for network.reset.confirmTitle because it follows the approved glossary.network terminology and better preserves the key's semantic role than the DeepL alternative."
"network.reset.explanation","pl-PL","Reset the current network to a fresh default state?","C205E1A69D327991E52083EF9CB8C9D02EA17B4BA75F19A5481FC2AFF56A3709","Network navigation, creation, reset, or deletion UI.","HIGH","","","glossary.network=Sieć [strategy=semantic-concept]","Zresetować bieżącą sieć do nowego stanu domyślnego?","Czy chcesz zresetować bieżącą sieć do stanu domyślnego?","SUBSTANTIVE","DEEPL","Czy chcesz zresetować bieżącą sieć do stanu domyślnego?","DeepL was selected for network.reset.explanation because its wording is more idiomatic and concise in this UI context while preserving the English meaning, parameters, and applicable terminology."
"outpost.biomes.label","pl-PL","Biomes","923B13B59420A08EB268290B93A1C70D296A8B817CE8947ADB6A49F366EF5ACE","Outpost navigation or details UI. This is a form or control label.","LOW","","","term.biome=Biom [strategy=semantic-concept, variants=biom | biomy]","Biomy","Biomy","IDENTICAL","AGREED","Biomy","Both independent candidates agree for outpost.biomes.label; the shared wording preserves the English meaning, required syntax, and recorded UI context."
"outpost.body.label","pl-PL","Body","6CCAA6415B5EE449E3C5C716F57B4608EBE3B780F5AA6B077BC5D8EEE5D961F9","Outpost navigation or details UI. This is a form or control label.","LOW","","","term.planetary-body=Ciało planetarne [strategy=semantic-concept]","Ciało planetarne","Ciało","SUBSTANTIVE","CODEX","Ciało planetarne","Codex was selected for outpost.body.label because it follows the approved term.planetary-body terminology and better preserves the key's semantic role than the DeepL alternative."
"outpost.body.select","pl-PL","Select...","1339BDDC2B289B6FD255300304588914B269D18AEF7B704C17ED277A8BAADEE7","Outpost navigation or details UI.","LOW","","","term.planetary-body=Ciało planetarne [strategy=semantic-concept]","Wybierz...","","MISSING","CODEX","Wybierz...","Correction review: the visible SYSTEM or BODY field label already supplies the noun, so this concise action-only prompt is natural in context and avoids redundant copy; no new independent machine-translation witness was used."
"outpost.defaultName","pl-PL","New Outpost","8D0546F4F9854D2F963190B3A1BD9EC4B7B39AE1C5E37B6B295673313CC0F0A3","Outpost navigation or details UI.","LOW","","","term.outpost=Placówka [strategy=semantic-concept]","Nowa placówka","Nowa placówka","IDENTICAL","AGREED","Nowa placówka","Both independent candidates agree for outpost.defaultName; the shared wording preserves the English meaning, required syntax, and recorded UI context."
"outpost.delete","pl-PL","Delete Outpost","7C7C8CE5EBE3BA6F5320C09AF897EA8E5F727E9A6750952C79BBC17E555B1F2B","Outpost navigation or details UI.","LOW","","","term.outpost=Placówka [strategy=semantic-concept]","Usuń placówkę","Usuń placówkę","IDENTICAL","AGREED","Usuń placówkę","Both independent candidates agree for outpost.delete; the shared wording preserves the English meaning, required syntax, and recorded UI context."
"outpost.details.heading","pl-PL","Outpost Details","7D886EAAF7F4BC15858F5417447819FCB5985CD60478E216E028EF0F213D4182","Outpost navigation or details UI. This is a visible heading.","LOW","","","term.outpost=Placówka [strategy=semantic-concept]","Szczegóły placówki","Szczegóły placówki","IDENTICAL","AGREED","Szczegóły placówki","Both independent candidates agree for outpost.details.heading; the shared wording preserves the English meaning, required syntax, and recorded UI context."
"outpost.name.label","pl-PL","Outpost name","3BD68489C2D0581A28EE1F1CE5DAB3BC21CE46D1FD761B4640DA783A41C3D457","Outpost navigation or details UI. This is a form or control label.","LOW","","","term.outpost=Placówka [strategy=semantic-concept]","Nazwa placówki","Nazwa placówki","IDENTICAL","AGREED","Nazwa placówki","Both independent candidates agree for outpost.name.label; the shared wording preserves the English meaning, required syntax, and recorded UI context."
"outpost.navigation.add","pl-PL","Add outpost","E918451B6D2EC69126402B9C3D175CBCF5114A80163A34073D64D10FE29E5D0A","Outpost navigation or details UI.","MEDIUM","","","term.outpost=Placówka [strategy=semantic-concept]","Dodaj placówkę","Dodaj placówkę","IDENTICAL","AGREED","Dodaj placówkę","Both independent candidates agree for outpost.navigation.add; the shared wording preserves the English meaning, required syntax, and recorded UI context."
"outpost.navigation.addButton","pl-PL","+ Add Outpost","06AD289BA37366FCBA4775FB277122AC18D8606595C6352F0E5C9BE65D9B5110","Outpost navigation or details UI.","MEDIUM","","","term.outpost=Placówka [strategy=semantic-concept]","+ Dodaj placówkę","+ Dodaj placówkę","IDENTICAL","AGREED","+ Dodaj placówkę","Both independent candidates agree for outpost.navigation.addButton; the shared wording preserves the English meaning, required syntax, and recorded UI context."
"outpost.navigation.addWithLimit","pl-PL","Add outpost ({count} of {limit})","4928A704D273269A24171CBD44B902B9D71A29FB8DB6C1949798C197A98B4965","Outpost navigation or details UI.","HIGH","count; limit","","term.outpost=Placówka [strategy=semantic-concept]","Dodaj placówkę ({count} z {limit})","Dodaj placówkę ({count} z {limit})","IDENTICAL","AGREED","Dodaj placówkę ({count} z {limit})","Both independent candidates agree for outpost.navigation.addWithLimit; the shared wording preserves the English meaning, required syntax, and recorded UI context."
"outpost.navigation.finishReshuffle","pl-PL","Finish reshuffling outposts","423DB1152FC67CD3D44FBB11830AF6E0791A279C6506F60456C664EFB193B6C6","Outpost navigation or details UI.","MEDIUM","","","term.outpost=Placówka [strategy=semantic-concept]; glossary.reshuffle=Zmień kolejność [strategy=key-scoped, variants=zmień kolejność | zakończ zmianę kolejności]","Zakończ zmianę kolejności placówek","Zakończ przetasowywanie placówek","SUBSTANTIVE","CODEX","Zakończ zmianę kolejności placówek","Codex was selected for outpost.navigation.finishReshuffle because it follows the approved term.outpost, glossary.reshuffle terminology and better preserves the key's semantic role than the DeepL alternative."
"outpost.navigation.heading","pl-PL","Outposts","33E85B75FFC107AC8534734E5B71351017A834D0565B34B2ED638D6F126018ED","Outpost navigation or details UI. This is a visible heading.","MEDIUM","","","term.outpost=Placówka [strategy=semantic-concept]","Placówki","Posterunki","SUBSTANTIVE","CODEX","Placówki","Codex was selected for outpost.navigation.heading because it follows the approved term.outpost terminology and better preserves the key's semantic role than the DeepL alternative."
"outpost.navigation.hide","pl-PL","Hide outpost navigation","B839ADB9654CA0364F08C1339E3E4236761EFFE604E3E4F04DA5A812F37B9700","Outpost navigation or details UI.","MEDIUM","","","term.outpost=Placówka [strategy=semantic-concept]","Ukryj nawigację po placówkach","Ukryj nawigację po placówkach","IDENTICAL","AGREED","Ukryj nawigację po placówkach","Both independent candidates agree for outpost.navigation.hide; the shared wording preserves the English meaning, required syntax, and recorded UI context."
"outpost.navigation.lockOrder","pl-PL","Lock order","7502440CB9BF3D736CC75C78D7491D37DC186DA7164CA35F318B8F2D2FF6E851","Button that exits outpost reordering mode and prevents further reordering; “lock” is an ordering action, not security or login.","HIGH","","","glossary.lock-order=Zablokuj kolejność [strategy=key-scoped]","Zakończ zmianę kolejności","Zablokuj kolejność","SUBSTANTIVE","CODEX","Zakończ zmianę kolejności","Codex was selected for outpost.navigation.lockOrder because it follows the approved glossary.lock-order terminology and better preserves the key's semantic role than the DeepL alternative."
"outpost.navigation.reshuffle","pl-PL","Reshuffle outposts","58EA58B8292536DC1E5774C5F2A981EBE1F2E73AC2B7E353CA8F79684F327E7B","Outpost navigation or details UI.","MEDIUM","","","term.outpost=Placówka [strategy=semantic-concept]; glossary.reshuffle=Zmień kolejność [strategy=key-scoped, variants=zmień kolejność | zakończ zmianę kolejności]","Zmień kolejność placówek","Przetasuj placówki","SUBSTANTIVE","CODEX","Zmień kolejność placówek","Codex was selected for outpost.navigation.reshuffle because it follows the approved term.outpost, glossary.reshuffle terminology and better preserves the key's semantic role than the DeepL alternative."
"outpost.navigation.reshuffleButton","pl-PL","Reshuffle","24AB205A02FFFE0FE0223DC041BE048135351B78CAE94C04C035FCA9BCEA8BD8","Button that enters manual outpost reordering mode; it does not randomize the order.","HIGH","","","glossary.reshuffle=Zmień kolejność [strategy=key-scoped, variants=zmień kolejność | zakończ zmianę kolejności]","Zmień kolejność","Przetasuj","SUBSTANTIVE","CODEX","Zmień kolejność","Codex was selected for outpost.navigation.reshuffleButton because it follows the approved glossary.reshuffle terminology and better preserves the key's semantic role than the DeepL alternative."
"outpost.navigation.show","pl-PL","Show outpost navigation","BA0B278C43B4D6DE0A8FD21B2E975995EF957087C6C82264B85227AD7F74B397","Outpost navigation or details UI.","MEDIUM","","","term.outpost=Placówka [strategy=semantic-concept]","Pokaż nawigację po placówkach","Pokaż nawigację po placówkach","IDENTICAL","AGREED","Pokaż nawigację po placówkach","Both independent candidates agree for outpost.navigation.show; the shared wording preserves the English meaning, required syntax, and recorded UI context."
"outpost.referenceData.empty","pl-PL","No resource reference data found for this body.","866A6B8F00387269E5B2FA19103325087600910327518293F88B2F6B5A7650EB","Outpost navigation or details UI.","LOW","","","term.planetary-body=Ciało planetarne [strategy=semantic-concept]","Nie znaleziono danych referencyjnych zasobów dla tego ciała planetarnego.","Nie znaleziono danych referencyjnych dotyczących zasobów dla tego obiektu.","SUBSTANTIVE","CODEX","Nie znaleziono danych referencyjnych zasobów dla tego ciała planetarnego.","Codex was selected for outpost.referenceData.empty because it follows the approved term.planetary-body terminology and better preserves the key's semantic role than the DeepL alternative."
"outpost.solar.label","pl-PL","Solar","31CE6E79178093B714406B55954C625A9FD47B70C7A6802D5FB5E744422E475C","Outpost navigation or details UI. This is a form or control label.","LOW","","","","Energia słoneczna","Słoneczny","SUBSTANTIVE","CODEX","Energia słoneczna","Codex was selected for outpost.solar.label because it more precisely preserves the English meaning and recorded UI role; the DeepL alternative changes nuance or is less suitable Polish for this surface."
"outpost.system.label","pl-PL","System","6725E7BBCD28F3A8A586FA34BF191FD72DDE8B61756932CD3237C17A6F196F1A","Outpost navigation or details UI. This is a form or control label.","LOW","","","term.star-system=Układ gwiezdny [strategy=semantic-concept, variants=układ gwiezdny | układ]","Układ","System","SUBSTANTIVE","CODEX","Układ","Codex was selected for outpost.system.label because it follows the approved term.star-system terminology and better preserves the key's semantic role than the DeepL alternative."
"outpost.system.select","pl-PL","Select...","1339BDDC2B289B6FD255300304588914B269D18AEF7B704C17ED277A8BAADEE7","Outpost navigation or details UI.","LOW","","","term.star-system=Układ gwiezdny [strategy=semantic-concept, variants=układ gwiezdny | układ]","Wybierz...","","MISSING","CODEX","Wybierz...","Correction review: the visible SYSTEM or BODY field label already supplies the noun, so this concise action-only prompt is natural in context and avoids redundant copy; no new independent machine-translation witness was used."
"outpost.wind.label","pl-PL","Wind","D151346FE7EEA3C6A0865199579CA6017487DBF981D59CDD1FCADADB03518DC8","Outpost navigation or details UI. This is a form or control label.","LOW","","","","Energia wiatrowa","Energia wiatrowa","IDENTICAL","AGREED","Energia wiatrowa","Both independent candidates agree for outpost.wind.label; the shared wording preserves the English meaning, required syntax, and recorded UI context."
"plannedSupply.add","pl-PL","Add {item} to Planned Supply","A8539A127A899BB2398BA3906312BBEE81A35C0D58EC399A484FCD0B41CF02C9","Planned Supply planning UI; virtual supply, not inventory.","MEDIUM","item","","glossary.planned-supply=Planowane zaopatrzenie [strategy=semantic-concept]","Dodaj do planowanego zaopatrzenia: {item}","Dodaj {pozycję} do planowanej dostawy","INVALID_TOKENS","INVALID_DEEPL_REPAIRED","Dodaj do planowanego zaopatrzenia: {item}","DeepL candidate for plannedSupply.add failed PLACEHOLDERS validation and remains recorded as invalid evidence; the structurally safe Codex candidate preserves the source meaning and required tokens."
"plannedSupply.addItems","pl-PL","Add items to Planned Supply","5C46C1CF781EA9B9D66DEE794383D0121D9D2FC5F4BB6201E73E61D10329E312","Planned Supply planning UI; virtual supply, not inventory.","MEDIUM","","","glossary.planned-supply=Planowane zaopatrzenie [strategy=semantic-concept]","Dodaj pozycje do planowanego zaopatrzenia","Dodaj pozycje do planowanej dostawy","SUBSTANTIVE","CODEX","Dodaj pozycje do planowanego zaopatrzenia","Codex was selected for plannedSupply.addItems because it follows the approved glossary.planned-supply terminology and better preserves the key's semantic role than the DeepL alternative."
"plannedSupply.collapse","pl-PL","Collapse Planned Supply","E15065C5BD181D7F121DAD0EB15A70975340E090B66B202E5F92A2CB8631406D","Planned Supply planning UI; virtual supply, not inventory.","MEDIUM","","","glossary.planned-supply=Planowane zaopatrzenie [strategy=semantic-concept]","Zwiń planowane zaopatrzenie","Zwiń planowane dostawy","SUBSTANTIVE","CODEX","Zwiń planowane zaopatrzenie","Codex was selected for plannedSupply.collapse because it follows the approved glossary.planned-supply terminology and better preserves the key's semantic role than the DeepL alternative."
"plannedSupply.empty","pl-PL","No planned supply.","3C83B844C6CE9EE6706973FCF39E55A35FF7AB50C29EEF75CE86FA07EA3A6FFB","Planned Supply planning UI; virtual supply, not inventory.","MEDIUM","","","glossary.planned-supply=Planowane zaopatrzenie [strategy=semantic-concept]","Brak planowanego zaopatrzenia.","Brak planowanych dostaw.","SUBSTANTIVE","CODEX","Brak planowanego zaopatrzenia.","Codex was selected for plannedSupply.empty because it follows the approved glossary.planned-supply terminology and better preserves the key's semantic role than the DeepL alternative."
"plannedSupply.expand","pl-PL","Expand Planned Supply","8CCC084632C6908601B2EBACF0F20E85D93E881534F95C3268243A4E215B6527","Planned Supply planning UI; virtual supply, not inventory.","MEDIUM","","","glossary.planned-supply=Planowane zaopatrzenie [strategy=semantic-concept]","Rozwiń planowane zaopatrzenie","Rozwiń planowaną dostawę","SUBSTANTIVE","CODEX","Rozwiń planowane zaopatrzenie","Codex was selected for plannedSupply.expand because it follows the approved glossary.planned-supply terminology and better preserves the key's semantic role than the DeepL alternative."
"plannedSupply.heading","pl-PL","Planned Supply","3748580A9E100E8B05D1F36B32346EDAA2DF422A8256FA71DF620ACFEA43E4AD","Feature heading for virtual future supply intent. It is not current inventory, a reservation, or an actual delivery. This is a visible heading.","HIGH","","","glossary.planned-supply=Planowane zaopatrzenie [strategy=semantic-concept]","Planowane zaopatrzenie","Planowane dostawy","SUBSTANTIVE","CODEX","Planowane zaopatrzenie","Codex was selected for plannedSupply.heading because it follows the approved glossary.planned-supply terminology and better preserves the key's semantic role than the DeepL alternative."
"plannedSupply.remove","pl-PL","Remove {item} from Planned Supply","00837F0F710BA09B864290FD9F8FD8FA53E364D3BC5F24FF6B06C3E7E02D0DD3","Planned Supply planning UI; virtual supply, not inventory.","MEDIUM","item","","glossary.planned-supply=Planowane zaopatrzenie [strategy=semantic-concept]","Usuń z planowanego zaopatrzenia: {item}","Usuń {pozycję} z planowanych dostaw","INVALID_TOKENS","INVALID_DEEPL_REPAIRED","Usuń z planowanego zaopatrzenia: {item}","DeepL candidate for plannedSupply.remove failed PLACEHOLDERS validation and remains recorded as invalid evidence; the structurally safe Codex candidate preserves the source meaning and required tokens."
"plannedSupply.removeAll","pl-PL","Remove all Planned Supply","CF751884A0857D7CD62B5716C0F7BB082E80D3FE85CB229ABFFB1E013F81EE38","Planned Supply planning UI; virtual supply, not inventory.","MEDIUM","","","glossary.planned-supply=Planowane zaopatrzenie [strategy=semantic-concept]","Usuń całe planowane zaopatrzenie","Usuń całą planowaną podaż","SUBSTANTIVE","CODEX","Usuń całe planowane zaopatrzenie","Codex was selected for plannedSupply.removeAll because it follows the approved glossary.planned-supply terminology and better preserves the key's semantic role than the DeepL alternative."
"plannedSupply.section.inorganic","pl-PL","Inorganic Resources","CE416CB725F503F7401314798FE1EAA2BB694AAFAE04907EB650C510ADCB4D08","Planned Supply planning UI; virtual supply, not inventory.","MEDIUM","","","glossary.inorganic=Nieorganiczne [strategy=semantic-concept]","Zasoby nieorganiczne","Zasoby nieorganiczne","IDENTICAL","AGREED","Zasoby nieorganiczne","Both independent candidates agree for plannedSupply.section.inorganic; the shared wording preserves the English meaning, required syntax, and recorded UI context."
"plannedSupply.section.organic","pl-PL","Organic Resources","D04832A3DBACE8F178D1E7DD0767F251B538562419634813F2ACC771E7960289","Planned Supply planning UI; virtual supply, not inventory.","MEDIUM","","","glossary.organic=Organiczne [strategy=semantic-concept]","Zasoby organiczne","Zasoby organiczne","IDENTICAL","AGREED","Zasoby organiczne","Both independent candidates agree for plannedSupply.section.organic; the shared wording preserves the English meaning, required syntax, and recorded UI context."
"plannedSupply.section.products","pl-PL","Manufactured Products","B125CB525C552EA33D1B71C7588D5324CE7E9E281940068F317C74B4B2BB32CC","Planned Supply planning UI; virtual supply, not inventory.","MEDIUM","","","glossary.manufacturing=Wytwarzanie [strategy=semantic-concept]","Wytwarzane produkty","Produkty przetworzone","SUBSTANTIVE","CODEX","Wytwarzane produkty","Codex was selected for plannedSupply.section.products because it follows the approved glossary.manufacturing terminology and better preserves the key's semantic role than the DeepL alternative."
"power.label.good","pl-PL","Good","C939327CA16DCF97CA32521D8B834BF1DE16573D21DEDA3BB2A337CF403787A6","Power quality label or explanatory tooltip. This is a form or control label.","MEDIUM","","","","Dobra","Towar","SUBSTANTIVE","CODEX","Dobra","Codex was selected for power.label.good because it more precisely preserves the English meaning and recorded UI role; the DeepL alternative changes nuance or is less suitable Polish for this surface."
"power.label.none","pl-PL","None","DC937B59892604F5A86AC96936CD7FF09E25F18AE6B758E8014A24C7FA039E91","Power quality label or explanatory tooltip. This is a form or control label.","MEDIUM","","","","Brak","Brak","IDENTICAL","AGREED","Brak","Both independent candidates agree for power.label.none; the shared wording preserves the English meaning, required syntax, and recorded UI context."
"power.label.normal","pl-PL","Norm.","DEF003CB8AA2673D2417E0330782C9CE706F4759178EC19C75921F652B5F9DC1","Power quality label or explanatory tooltip. This is a form or control label.","MEDIUM","","","","Średnia","Norm.","SUBSTANTIVE","CODEX","Średnia","Codex was selected for power.label.normal because it more precisely preserves the English meaning and recorded UI role; the DeepL alternative changes nuance or is less suitable Polish for this surface."
"power.label.poor","pl-PL","Poor","94DFD46D9DAE63E6C692415BBAB8E266C777E87CDD77BEAB02583B8ED7BD874D","Power quality label or explanatory tooltip. This is a form or control label.","MEDIUM","","","","Słaba","Słabe","SUBSTANTIVE","CODEX","Słaba","Codex was selected for power.label.poor because it more precisely preserves the English meaning and recorded UI role; the DeepL alternative changes nuance or is less suitable Polish for this surface."
"power.label.unknown","pl-PL","—","BDA050585A00F0F6CB502350559D75532AE3B244C9498B996E7C5DF2D98DFC8D","Power quality label or explanatory tooltip. This is a form or control label.","MEDIUM","","","","—","—","IDENTICAL","AGREED","—","Both independent candidates agree for power.label.unknown; the shared wording preserves the English meaning, required syntax, and recorded UI context."
"power.label.veryPoor","pl-PL","V.Poor","23711E1D8AD43AB27CCCCF34CD8A62C0AA722733DD32706AE2BF55B8CF1D0116","Power quality label or explanatory tooltip. This is a form or control label.","MEDIUM","","","","B. słaba","Bardzo słabe","SUBSTANTIVE","CODEX","B. słaba","Codex was selected for power.label.veryPoor because it more precisely preserves the English meaning and recorded UI role; the DeepL alternative changes nuance or is less suitable Polish for this surface."
"power.quality.good","pl-PL","Good","C939327CA16DCF97CA32521D8B834BF1DE16573D21DEDA3BB2A337CF403787A6","Power quality label or explanatory tooltip.","MEDIUM","","","","Dobra","Dobry","SUBSTANTIVE","CODEX","Dobra","Codex was selected for power.quality.good because it more precisely preserves the English meaning and recorded UI role; the DeepL alternative changes nuance or is less suitable Polish for this surface."
"power.quality.none","pl-PL","None","DC937B59892604F5A86AC96936CD7FF09E25F18AE6B758E8014A24C7FA039E91","Power quality label or explanatory tooltip.","MEDIUM","","","","Brak","Brak","IDENTICAL","AGREED","Brak","Both independent candidates agree for power.quality.none; the shared wording preserves the English meaning, required syntax, and recorded UI context."
"power.quality.normal","pl-PL","Normal","A7248EEB45EB1CE247F81693283E22E8B39E8A50890CECD22D02E75025547D90","Power quality label or explanatory tooltip.","MEDIUM","","","","Normalna","Normalny","SUBSTANTIVE","CODEX","Normalna","Codex was selected for power.quality.normal because it more precisely preserves the English meaning and recorded UI role; the DeepL alternative changes nuance or is less suitable Polish for this surface."
"power.quality.poor","pl-PL","Poor","94DFD46D9DAE63E6C692415BBAB8E266C777E87CDD77BEAB02583B8ED7BD874D","Power quality label or explanatory tooltip.","MEDIUM","","","","Słaba","Słaba","IDENTICAL","AGREED","Słaba","Both independent candidates agree for power.quality.poor; the shared wording preserves the English meaning, required syntax, and recorded UI context."
"power.quality.unknown","pl-PL","Unknown","B764CDC0EAB7137467211272FA539F1260D1BF2E71BCF6FF3BDC960F5C16AA14","Power quality label or explanatory tooltip.","MEDIUM","","","","Nieznana","Nieznany","SUBSTANTIVE","CODEX","Nieznana","Codex was selected for power.quality.unknown because it more precisely preserves the English meaning and recorded UI role; the DeepL alternative changes nuance or is less suitable Polish for this surface."
"power.quality.veryPoor","pl-PL","Very Poor","58D10B9584397B0B71A4A877E0243F8B4202B3F642BE3B4E02A61BBBF4182F32","Power quality label or explanatory tooltip.","MEDIUM","","","","Bardzo słaba","Bardzo słaba","IDENTICAL","AGREED","Bardzo słaba","Both independent candidates agree for power.quality.veryPoor; the shared wording preserves the English meaning, required syntax, and recorded UI context."
"power.tooltip.modified","pl-PL","{source}: {quality} · {multiplier}× output ({modifier})","37B2719E6183F1811D2561A29EEF38307F671674FAAF90F2C4729E18B20599D8","Power quality label or explanatory tooltip. This is explanatory tooltip text.","HIGH","modifier; multiplier; quality; source","","","{source}: {quality} · moc wyjściowa {multiplier}× ({modifier})","{źródło}: {jakość} · {mnożnik} × wynik ({modyfikator})","INVALID_TOKENS","INVALID_DEEPL_REPAIRED","{source}: {quality} · moc wyjściowa {multiplier}× ({modifier})","DeepL candidate for power.tooltip.modified failed PLACEHOLDERS validation and remains recorded as invalid evidence; the structurally safe Codex candidate preserves the source meaning and required tokens."
"power.tooltip.noModifier","pl-PL","{source}: {quality} · {multiplier}× output (no modifier)","082FBB8B5BC3BDFF1C71A7FF8F77A6DFA933011266DC6784C78974CF1309B04B","Power quality label or explanatory tooltip. This is explanatory tooltip text.","HIGH","multiplier; quality; source","","","{source}: {quality} · moc wyjściowa {multiplier}× (bez modyfikatora)","{źródło}: {jakość} · {mnożnik} × wynik (bez modyfikatora)","INVALID_TOKENS","INVALID_DEEPL_REPAIRED","{source}: {quality} · moc wyjściowa {multiplier}× (bez modyfikatora)","DeepL candidate for power.tooltip.noModifier failed PLACEHOLDERS validation and remains recorded as invalid evidence; the structurally safe Codex candidate preserves the source meaning and required tokens."
"power.tooltip.unknown","pl-PL","{source}: {quality}","8DC4D1F651257F48F5D24DD2A1FCA9B3E6ADF13061BA8ADA479B3351201BA517","Power quality label or explanatory tooltip. This is explanatory tooltip text.","HIGH","quality; source","","","{source}: {quality}","{źródło}: {jakość}","INVALID_TOKENS","INVALID_DEEPL_REPAIRED","{source}: {quality}","DeepL candidate for power.tooltip.unknown failed PLACEHOLDERS validation and remains recorded as invalid evidence; the structurally safe Codex candidate preserves the source meaning and required tokens."
"production.empty","pl-PL","No local resources have been selected.","268C8F36EDA0EE5B32EE73CED9B8846849B570966A30A392F0E238D8BE80FFB1","Active Production section.","LOW","","","","Nie wybrano żadnych zasobów lokalnych.","Nie wybrano żadnych zasobów lokalnych.","IDENTICAL","AGREED","Nie wybrano żadnych zasobów lokalnych.","Both independent candidates agree for production.empty; the shared wording preserves the English meaning, required syntax, and recorded UI context."
"production.heading","pl-PL","Active Production","048E7E34826F22874A7BE1F38FAE424C9404D91569160C5ECBDF48139FC577CB","Active Production section. This is a visible heading.","LOW","","","glossary.active-production=Aktywna produkcja [strategy=semantic-concept]","Aktywna produkcja","Aktywna produkcja","IDENTICAL","AGREED","Aktywna produkcja","Both independent candidates agree for production.heading; the shared wording preserves the English meaning, required syntax, and recorded UI context."
"referenceFatal.diagnostic.actualDataset","pl-PL","Actual dataset ID","D1562EB9E94E9E96B380B70A6FA2EC27E2683DA11D1A723F052FF5B4E73B73EE","Tracker-authored application message.","LOW","","ID","","Rzeczywisty ID zestawu danych","Rzeczywisty identyfikator zbioru danych","INVALID_TOKENS","INVALID_DEEPL_REPAIRED","Rzeczywisty ID zestawu danych","DeepL candidate for referenceFatal.diagnostic.actualDataset failed PROTECTED_TOKEN validation and remains recorded as invalid evidence; the structurally safe Codex candidate preserves the source meaning and required tokens."
"referenceFatal.diagnostic.actualHash","pl-PL","Actual hash prefix","6C3A935D967CD3A1AFEF55578D3234F5CDD23EF1663F246DDD60A22293695A6A","Tracker-authored application message.","LOW","","","","Rzeczywisty prefiks skrótu","Rzeczywisty prefiks skrótu","IDENTICAL","AGREED","Rzeczywisty prefiks skrótu","Both independent candidates agree for referenceFatal.diagnostic.actualHash; the shared wording preserves the English meaning, required syntax, and recorded UI context."
"referenceFatal.diagnostic.asset","pl-PL","Asset","80D298C9F240900F00B327F5B611DC41AA785788D6FD3EDBE35812CA88F02E9A","Tracker-authored application message.","LOW","","","","Zasób","Zasób","IDENTICAL","AGREED","Zasób","Both independent candidates agree for referenceFatal.diagnostic.asset; the shared wording preserves the English meaning, required syntax, and recorded UI context."
"referenceFatal.diagnostic.code","pl-PL","Error code","0570B384C3CECF819FB8EBE7AAB1CBB56C7238845FA99B34FC2D6494A7BACD9A","Tracker-authored application message.","LOW","","","","Kod błędu","Kod błędu","IDENTICAL","AGREED","Kod błędu","Both independent candidates agree for referenceFatal.diagnostic.code; the shared wording preserves the English meaning, required syntax, and recorded UI context."
"referenceFatal.diagnostic.expectedDataset","pl-PL","Expected dataset ID","F9BCC9C79CEE38D775E37506F08F6154E63833B5B2CC4160342F66FB6831CE6A","Tracker-authored application message.","LOW","","ID","","Oczekiwany ID zestawu danych","Oczekiwany identyfikator zbioru danych","INVALID_TOKENS","INVALID_DEEPL_REPAIRED","Oczekiwany ID zestawu danych","DeepL candidate for referenceFatal.diagnostic.expectedDataset failed PROTECTED_TOKEN validation and remains recorded as invalid evidence; the structurally safe Codex candidate preserves the source meaning and required tokens."
"referenceFatal.diagnostic.expectedHash","pl-PL","Expected hash prefix","8963009395F38E55F0D16BC200A299AC116DC323DCE9E16B38C33BDCCAA14A39","Tracker-authored application message.","LOW","","","","Oczekiwany prefiks skrótu","Oczekiwany prefiks skrótu","IDENTICAL","AGREED","Oczekiwany prefiks skrótu","Both independent candidates agree for referenceFatal.diagnostic.expectedHash; the shared wording preserves the English meaning, required syntax, and recorded UI context."
"referenceFatal.diagnostic.locale","pl-PL","Locale","CA3DC612F47E3913B79F68EAC655D590812439EEC5865189C38A0D7623EFA0AA","Tracker-authored application message.","LOW","","","","Ustawienia regionalne","Ustawienia regionalne","IDENTICAL","AGREED","Ustawienia regionalne","Both independent candidates agree for referenceFatal.diagnostic.locale; the shared wording preserves the English meaning, required syntax, and recorded UI context."
"referenceFatal.diagnostic.mediaType","pl-PL","Media type","080D69147E5E9D098F24C01D7413101E31A17DD6853E4F7BCCCE2D775D945B4B","Tracker-authored application message.","LOW","","","","Typ multimediów","Typ nośnika","SUBSTANTIVE","CODEX","Typ multimediów","Codex was selected for referenceFatal.diagnostic.mediaType because it more precisely preserves the English meaning and recorded UI role; the DeepL alternative changes nuance or is less suitable Polish for this surface."
"referenceFatal.diagnostic.schemaVersion","pl-PL","Manifest schema version","10F91A96B0C00520302942A617346E2AADB048F20CDBF9885A054BF4608091CE","Tracker-authored application message.","LOW","","","","Wersja schematu manifestu","Wersja schematu manifestu","IDENTICAL","AGREED","Wersja schematu manifestu","Both independent candidates agree for referenceFatal.diagnostic.schemaVersion; the shared wording preserves the English meaning, required syntax, and recorded UI context."
"referenceFatal.diagnostic.status","pl-PL","HTTP status","0F7CF91F242CDF7ABB04BB4710C174D56643D01BC39ACC3E4334C716D06B660B","Tracker-authored application message.","LOW","","","","Status HTTP","Status HTTP","IDENTICAL","AGREED","Status HTTP","Both independent candidates agree for referenceFatal.diagnostic.status; the shared wording preserves the English meaning, required syntax, and recorded UI context."
"referenceFatal.explanation","pl-PL","Required reference data could not be loaded correctly. The tracker has stopped to protect your saved work.","3EC004F7CA1FA38DB26295AFAE2403D503FD06CE9CFC32FAB2EF918F900445B6","Tracker-authored application message.","LOW","","","","Nie udało się poprawnie wczytać wymaganych danych referencyjnych. Działanie aplikacji zostało zatrzymane, aby chronić zapisane dane.","Nie udało się poprawnie załadować wymaganych danych referencyjnych. Tracker został zatrzymany w celu ochrony zapisanej pracy.","SUBSTANTIVE","CODEX","Nie udało się poprawnie wczytać wymaganych danych referencyjnych. Działanie aplikacji zostało zatrzymane, aby chronić zapisane dane.","Codex was selected for referenceFatal.explanation because it more precisely preserves the English meaning and recorded UI role; the DeepL alternative changes nuance or is less suitable Polish for this surface."
"referenceFatal.heading","pl-PL","Reference data unavailable","7E97733458B49F2E75B96ED180A7A14D1CFE7562FA391AC12C8F59C7406AB8B9","Tracker-authored application message. This is a visible heading.","LOW","","","","Dane referencyjne są niedostępne","Dane referencyjne niedostępne","SUBSTANTIVE","DEEPL","Dane referencyjne niedostępne","DeepL was selected for referenceFatal.heading because its wording is more idiomatic and concise in this UI context while preserving the English meaning, parameters, and applicable terminology."
"referenceFatal.privacy","pl-PL","Reporting opens your email app and includes technical diagnostics only. No saved network data is included automatically.","303AC78FCAC8F3E34F83D4EB61798D823F0A7876AB00F9965161C611DBF8CDC1","Tracker-authored application message.","LOW","","","glossary.network=Sieć [strategy=semantic-concept]","Zgłoszenie otworzy aplikację pocztową i będzie zawierać wyłącznie diagnostykę techniczną. Dane zapisanych sieci nie zostaną dołączone automatycznie.","Raportowanie otwiera aplikację poczty e-mail i zawiera wyłącznie diagnostykę techniczną. Żadne zapisane dane sieciowe nie są dołączane automatycznie.","SUBSTANTIVE","CODEX","Zgłoszenie otworzy aplikację pocztową i będzie zawierać wyłącznie diagnostykę techniczną. Dane zapisanych sieci nie zostaną dołączone automatycznie.","Codex was selected for referenceFatal.privacy because it follows the approved glossary.network terminology and better preserves the key's semantic role than the DeepL alternative."
"referenceFatal.reason.assetContentType","pl-PL","A required reference file was served with the wrong content type.","E4998173285DA086873408FE340C6AA619B3B0773F5A436F0FEB7049C644640B","Tracker-authored application message.","LOW","","","","Wymagany plik referencyjny został udostępniony z nieprawidłowym typem zawartości.","Wymagany plik referencyjny został dostarczony z niewłaściwym typem zawartości.","SUBSTANTIVE","DEEPL","Wymagany plik referencyjny został dostarczony z niewłaściwym typem zawartości.","DeepL was selected for referenceFatal.reason.assetContentType because its wording is more idiomatic and concise in this UI context while preserving the English meaning, parameters, and applicable terminology."
"referenceFatal.reason.assetFetch","pl-PL","A required reference file could not be retrieved.","3979D0E6E4FC27C9E487BB1CD34873B03145520CC9C6A55375F1E9E79ABEA888","Tracker-authored application message.","LOW","","","","Nie udało się pobrać wymaganego pliku referencyjnego.","Nie udało się pobrać wymaganego pliku referencyjnego.","IDENTICAL","AGREED","Nie udało się pobrać wymaganego pliku referencyjnego.","Both independent candidates agree for referenceFatal.reason.assetFetch; the shared wording preserves the English meaning, required syntax, and recorded UI context."
"referenceFatal.reason.assetHash","pl-PL","A required reference file does not match the manifest.","0B3186DA86F196F10755F0C83C70EAA1FA314A6B5D44A29116799ADCD2073959","Tracker-authored application message.","LOW","","","","Wymagany plik referencyjny nie odpowiada manifestowi.","Wymagany plik referencyjny nie jest zgodny z manifestem.","SUBSTANTIVE","DEEPL","Wymagany plik referencyjny nie jest zgodny z manifestem.","DeepL was selected for referenceFatal.reason.assetHash because its wording is more idiomatic and concise in this UI context while preserving the English meaning, parameters, and applicable terminology."
"referenceFatal.reason.assetJson","pl-PL","A required reference file contains invalid JSON.","94C49FE1655FA6C35FCCD77C61FA4D7CA80A445E2E007011E1C4C9806E7CA89D","Tracker-authored application message.","LOW","","JSON","","Wymagany plik referencyjny zawiera nieprawidłowy JSON.","Wymagany plik referencyjny zawiera nieprawidłowy format JSON.","SUBSTANTIVE","CODEX","Wymagany plik referencyjny zawiera nieprawidłowy JSON.","Codex was selected for referenceFatal.reason.assetJson because it more precisely preserves the English meaning and recorded UI role; the DeepL alternative changes nuance or is less suitable Polish for this surface."
"referenceFatal.reason.assetSchema","pl-PL","A required reference file has an invalid structure.","C94A3A1F6EF842F8853A9E44C46EB1385D94E138889DA80DB70B9B410C0F9863","Tracker-authored application message.","LOW","","","","Wymagany plik referencyjny ma nieprawidłową strukturę.","Wymagany plik referencyjny ma nieprawidłową strukturę.","IDENTICAL","AGREED","Wymagany plik referencyjny ma nieprawidłową strukturę.","Both independent candidates agree for referenceFatal.reason.assetSchema; the shared wording preserves the English meaning, required syntax, and recorded UI context."
"referenceFatal.reason.assetSize","pl-PL","A required reference file exceeds the size limit.","A797C74204B047426FF140E429B3BC277771670CCF5999F0C6A74E784EDAFB66","Tracker-authored application message.","LOW","","","","Wymagany plik referencyjny przekracza dopuszczalny rozmiar.","Wymagany plik referencyjny przekracza limit rozmiaru.","SUBSTANTIVE","CODEX","Wymagany plik referencyjny przekracza dopuszczalny rozmiar.","Codex was selected for referenceFatal.reason.assetSize because it more precisely preserves the English meaning and recorded UI role; the DeepL alternative changes nuance or is less suitable Polish for this surface."
"referenceFatal.reason.buildMismatch","pl-PL","The reference data belongs to a different app build.","3D7236B730DBA31DF9744B3F9A09535F33D61F6C8AEF8C6B6F5C700EC3068CAB","Tracker-authored application message.","LOW","","","","Dane referencyjne należą do innej wersji aplikacji.","Dane referencyjne należą do innej kompilacji aplikacji.","SUBSTANTIVE","CODEX","Dane referencyjne należą do innej wersji aplikacji.","Codex was selected for referenceFatal.reason.buildMismatch because it more precisely preserves the English meaning and recorded UI role; the DeepL alternative changes nuance or is less suitable Polish for this surface."
"referenceFatal.reason.internal","pl-PL","The reference data integrity check could not complete.","C8BD867CDCD01CB72B305DA37244AB7AD7F3DEE94E525D460ED99C66214C484F","Tracker-authored application message.","LOW","","","","Nie udało się ukończyć kontroli integralności danych referencyjnych.","Nie udało się zakończyć sprawdzania integralności danych odniesienia.","SUBSTANTIVE","CODEX","Nie udało się ukończyć kontroli integralności danych referencyjnych.","Codex was selected for referenceFatal.reason.internal because it more precisely preserves the English meaning and recorded UI role; the DeepL alternative changes nuance or is less suitable Polish for this surface."
"referenceFatal.reason.manifestFetch","pl-PL","The reference manifest could not be retrieved.","077DAF53094553A2262D2E9B2FE0FE91E47B807ED53845BC0FA80EF62125B866","Tracker-authored application message.","LOW","","","","Nie udało się pobrać manifestu danych referencyjnych.","Nie udało się pobrać manifestu odniesienia.","SUBSTANTIVE","CODEX","Nie udało się pobrać manifestu danych referencyjnych.","Codex was selected for referenceFatal.reason.manifestFetch because it more precisely preserves the English meaning and recorded UI role; the DeepL alternative changes nuance or is less suitable Polish for this surface."
"referenceFatal.reason.manifestInvalid","pl-PL","The reference manifest is invalid.","856BAD9547F9FCFC0FC3739C43F7BB29FEC0A60BB24ED9C6223890B50BFF15B8","Tracker-authored application message.","LOW","","","","Plik opisu danych referencyjnych jest nieprawidłowy.","Manifest odniesienia jest nieprawidłowy.","SUBSTANTIVE","CODEX","Plik opisu danych referencyjnych jest nieprawidłowy.","Codex was selected for referenceFatal.reason.manifestInvalid because it more precisely preserves the English meaning and recorded UI role; the DeepL alternative changes nuance or is less suitable Polish for this surface."
"referenceFatal.reason.manifestVersion","pl-PL","The reference manifest version is unsupported.","937951D077E320AE9746EEBBCD82288FC04A1F59E9931C027F9299AE2A8E52C7","Tracker-authored application message.","LOW","","","","Ta wersja manifestu danych referencyjnych nie jest obsługiwana.","Wersja manifestu odniesienia nie jest obsługiwana.","SUBSTANTIVE","CODEX","Ta wersja manifestu danych referencyjnych nie jest obsługiwana.","Codex was selected for referenceFatal.reason.manifestVersion because it more precisely preserves the English meaning and recorded UI role; the DeepL alternative changes nuance or is less suitable Polish for this surface."
"referenceFatal.reload","pl-PL","Reload","BDC090EC61E3FCFC65F469951DFE00F3F2ECFC6003C44DEAC8E05B7237092DE6","Tracker-authored application message.","LOW","","","","Wczytaj ponownie","Odśwież","SUBSTANTIVE","CODEX","Wczytaj ponownie","Codex was selected for referenceFatal.reload because it more precisely preserves the English meaning and recorded UI role; the DeepL alternative changes nuance or is less suitable Polish for this surface."
"referenceFatal.report","pl-PL","Report","B6CE788D9786917C9D19ADAA0D904213365607C7F683D7277F508DCF142B4CC2","Tracker-authored application message.","LOW","","","","Zgłoś problem","Zgłoś","SUBSTANTIVE","CODEX","Zgłoś problem","Codex was selected for referenceFatal.report because it more precisely preserves the English meaning and recorded UI role; the DeepL alternative changes nuance or is less suitable Polish for this surface."
"referenceFatal.report.body","pl-PL","The tracker stopped during reference data verification. Technical diagnostics:","06E2FE496D91F39F7D0D02747423E0EC5650D97E614BCA7621C24A94861CB697","Tracker-authored application message.","LOW","","","","Aplikacja została zatrzymana podczas weryfikacji danych referencyjnych. Diagnostyka techniczna:","Moduł śledzący zatrzymał się podczas weryfikacji danych referencyjnych. Diagnostyka techniczna:","SUBSTANTIVE","CODEX","Aplikacja została zatrzymana podczas weryfikacji danych referencyjnych. Diagnostyka techniczna:","Codex was selected for referenceFatal.report.body because it more precisely preserves the English meaning and recorded UI role; the DeepL alternative changes nuance or is less suitable Polish for this surface."
"referenceFatal.report.subject","pl-PL","Starfield Outpost Tracker reference data problem","D82EA728AF2C1BC3A41761E4959F9857FD8BABAE0396D8BD2B989ED28A6F8680","Tracker-authored application message.","LOW","","","term.outpost=Placówka [strategy=semantic-concept]; product.starfield=Starfield [strategy=phrase]","Błąd danych referencyjnych narzędzia sieci placówek Starfield","Problem z danymi referencyjnymi trackera Starfield Outpost","SUBSTANTIVE","CODEX","Błąd danych referencyjnych narzędzia sieci placówek Starfield","Codex was selected for referenceFatal.report.subject because it follows the approved term.outpost, product.starfield terminology and better preserves the key's semantic role than the DeepL alternative."
"search.autocomplete.product","pl-PL","Product","FB9EF894175C327470F768D95CA7BEE65E19853A0EAACE3805F8A7B8A12270DA","Item search control, result, state flag, or accessibility instruction.","MEDIUM","","","","Produkt","Produkt","IDENTICAL","AGREED","Produkt","Both independent candidates agree for search.autocomplete.product; the shared wording preserves the English meaning, required syntax, and recorded UI context."
"search.autocomplete.resource","pl-PL","Resource","EB7A842FF958C49C6BB5AC2610915C41B9625D8BB553A87DEAFF5D1884430F34","Item search control, result, state flag, or accessibility instruction.","MEDIUM","","","","Zasób","Zasób","IDENTICAL","AGREED","Zasób","Both independent candidates agree for search.autocomplete.resource; the shared wording preserves the English meaning, required syntax, and recorded UI context."
"search.input.description","pl-PL","Type an item name or abbreviation, then confirm the item to search.","C803DDEE972FC87FE16A018031103C2B8931A0944CB6B84D03271C1226C2F9FC","Item search control, result, state flag, or accessibility instruction. This is accessible or instructional text.","MEDIUM","","","","Wpisz nazwę lub skrót pozycji, a następnie potwierdź pozycję do wyszukania.","Wpisz nazwę lub skrót pozycji, a następnie potwierdź pozycję, którą chcesz wyszukać.","SUBSTANTIVE","DEEPL","Wpisz nazwę lub skrót pozycji, a następnie potwierdź pozycję, którą chcesz wyszukać.","DeepL was selected for search.input.description because its wording is more idiomatic and concise in this UI context while preserving the English meaning, parameters, and applicable terminology."
"search.input.label","pl-PL","Search for resources or products in your outposts.","5503C57D0D797724DCCB827B724DBDA0FC47192929CC9BC7022E5793A287C9A1","Item search control, result, state flag, or accessibility instruction. This is a form or control label.","MEDIUM","","","term.outpost=Placówka [strategy=semantic-concept]","Wyszukaj zasoby lub produkty w swoich placówkach.","Wyszukaj zasoby lub produkty w swoich placówkach.","IDENTICAL","AGREED","Wyszukaj zasoby lub produkty w swoich placówkach.","Both independent candidates agree for search.input.label; the shared wording preserves the English meaning, required syntax, and recorded UI context."
"search.input.placeholder","pl-PL","Search resources or products","BB2BEF585C633AB7724C054DFF24AF17C79912DE8A4459A109E7F06546D3D694","Item search control, result, state flag, or accessibility instruction.","MEDIUM","","","","Wyszukaj zasoby lub produkty","Wyszukaj zasoby lub produkty","IDENTICAL","AGREED","Wyszukaj zasoby lub produkty","Both independent candidates agree for search.input.placeholder; the shared wording preserves the English meaning, required syntax, and recorded UI context."
"search.results.close","pl-PL","Close Search Results","F96E828A9092B71523FBB3C9A567DAF6722E1245B6496CF2B914D45FAD6970CD","Item search control, result, state flag, or accessibility instruction.","MEDIUM","","","","Zamknij wyniki wyszukiwania","Zamknij wyniki wyszukiwania","IDENTICAL","AGREED","Zamknij wyniki wyszukiwania","Both independent candidates agree for search.results.close; the shared wording preserves the English meaning, required syntax, and recorded UI context."
"search.results.dragInstructions","pl-PL","Move Search Results with the arrow keys. Hold Shift for larger steps.","959897EA69410FC9E83C495B5FAC4989501BE59DFDF33F9FDCB8AAEE31E9DC25","Item search control, result, state flag, or accessibility instruction.","HIGH","","Shift","","Przesuwaj wyniki wyszukiwania klawiszami strzałek. Przytrzymaj Shift, aby wykonywać większe kroki.","Przesuwaj wyniki wyszukiwania za pomocą klawiszy strzałek. Przytrzymaj klawisz Shift, aby zwiększyć krok.","SUBSTANTIVE","CODEX","Przesuwaj wyniki wyszukiwania klawiszami strzałek. Przytrzymaj Shift, aby wykonywać większe kroki.","Codex was selected for search.results.dragInstructions because it more precisely preserves the English meaning and recorded UI role; the DeepL alternative changes nuance or is less suitable Polish for this surface."
"search.results.flag.exporting","pl-PL","Exporting","EB9B51193618C1A172014167484EF491D9E9BA6B222F0E4DD993F1339B7DFEC0","Item search control, result, state flag, or accessibility instruction.","MEDIUM","","","","Eksportowanie","Eksportowanie","IDENTICAL","AGREED","Eksportowanie","Both independent candidates agree for search.results.flag.exporting; the shared wording preserves the English meaning, required syntax, and recorded UI context."
"search.results.flag.importing","pl-PL","Importing","D252FFFACBF0370776D720324538A0E7F77D2A01267BBEEF6CD43378DC68605B","Item search control, result, state flag, or accessibility instruction.","MEDIUM","","","","Importowanie","Importowanie","IDENTICAL","AGREED","Importowanie","Both independent candidates agree for search.results.flag.importing; the shared wording preserves the English meaning, required syntax, and recorded UI context."
"search.results.flag.missingInputs","pl-PL","Missing Inputs","24BFB7E5906EA9DC87390942ECA120511DF604A3703F2C4EE588151E94E0C02C","Search-result state flag meaning required recipe or organic-production inputs are unavailable.","HIGH","","","glossary.inputs=Wymagane materiały [strategy=semantic-concept, variants=wymagane materiały | wymagane zasoby | składniki]","Brakujące materiały","Brakujące dane wejściowe","SUBSTANTIVE","CODEX","Brakujące materiały","Codex was selected for search.results.flag.missingInputs because it follows the approved glossary.inputs terminology and better preserves the key's semantic role than the DeepL alternative."
"search.results.flag.plannedSupply","pl-PL","Planned Supply","3748580A9E100E8B05D1F36B32346EDAA2DF422A8256FA71DF620ACFEA43E4AD","Item search control, result, state flag, or accessibility instruction.","MEDIUM","","","glossary.planned-supply=Planowane zaopatrzenie [strategy=semantic-concept]","Planowane zaopatrzenie","Planowana podaż","SUBSTANTIVE","CODEX","Planowane zaopatrzenie","Codex was selected for search.results.flag.plannedSupply because it follows the approved glossary.planned-supply terminology and better preserves the key's semantic role than the DeepL alternative."
"search.results.flag.present","pl-PL","Present","43F9B89C0B9D22D8110EAD813EA3949F20592A8BFC3C777D2D49E64DA3B0CC9B","Search-result state flag meaning the item/resource exists or can exist at the outpost; not temporal “currently”.","HIGH","","","glossary.present=Obecność [strategy=key-scoped, variants=obecność | dostępny | dostępna | dostępne]","Obecność","Obecne","SUBSTANTIVE","CODEX","Obecność","Codex was selected for search.results.flag.present because it follows the approved glossary.present terminology and better preserves the key's semantic role than the DeepL alternative."
"search.results.flag.producing","pl-PL","Producing","6205C14B87A9F7261B6078D0347AAA6998853CC7BE936390846C6F1B95BF0B56","Search-result state flag meaning configured active production, without a throughput claim.","HIGH","","","glossary.producing=W produkcji [strategy=key-scoped, variants=w produkcji | produkuj | przerwij produkcję]","W produkcji","Produkcja","SUBSTANTIVE","CODEX","W produkcji","Codex was selected for search.results.flag.producing because it follows the approved glossary.producing terminology and better preserves the key's semantic role than the DeepL alternative."
"search.results.found","pl-PL","{searchItem} was found at {count} {count, plural, one {outpost} other {outposts}}.","CEC1C6BE530D72128E3C3B1F80BCD0302F86340CBB7E52365511ABDF269D0D0F","Item search control, result, state flag, or accessibility instruction.","HIGH","count; searchItem","","term.outpost=Placówka [strategy=semantic-concept]","{count, plural, one {} other {}}Liczba placówek, w których znaleziono pozycję „{searchItem}”: {count}.","Znaleziono {searchItem} w {count} {count, liczba mnoga, jednej {placówce} lub innych {placówkach}}.","INVALID_TOKENS","INVALID_DEEPL_REPAIRED","{count, plural, one {} other {}}Liczba placówek, w których znaleziono pozycję „{searchItem}”: {count}.","DeepL candidate for search.results.found failed PLURAL_SYNTAX validation and remains recorded as invalid evidence; the structurally safe Codex candidate preserves the source meaning and required tokens."
"search.results.notFound","pl-PL","{searchItem} was not found at any outpost.","6325CC94B352FEBCD190C61B84407AF02FFF65652F2F3945547C7FE702472233","Item search control, result, state flag, or accessibility instruction.","MEDIUM","searchItem","","term.outpost=Placówka [strategy=semantic-concept]","Nie znaleziono pozycji „{searchItem}” w żadnej placówce.","{searchItem} nie został znaleziony w żadnej placówce.","SUBSTANTIVE","CODEX","Nie znaleziono pozycji „{searchItem}” w żadnej placówce.","Codex was selected for search.results.notFound because it follows the approved term.outpost terminology and better preserves the key's semantic role than the DeepL alternative."
"search.results.title","pl-PL","Search Results","39414102545E7861AEC25ED038FCB11AAFB75B34686705063F2A8FF268CBD368","Item search control, result, state flag, or accessibility instruction. This is a visible heading.","MEDIUM","","","","Wyniki wyszukiwania","Wyniki wyszukiwania","IDENTICAL","AGREED","Wyniki wyszukiwania","Both independent candidates agree for search.results.title; the shared wording preserves the English meaning, required syntax, and recorded UI context."
"search.submit","pl-PL","Search for item","C33D54FDF7B51A525DEA1D4120CC4AD9AE71A9469DBD27A55C818275D425312C","Item search control, result, state flag, or accessibility instruction.","MEDIUM","","","","Wyszukaj pozycję","Wyszukaj przedmiot","SUBSTANTIVE","CODEX","Wyszukaj pozycję","Codex was selected for search.submit because it more precisely preserves the English meaning and recorded UI role; the DeepL alternative changes nuance or is less suitable Polish for this surface."
"shortcuts.action.addCargoLink","pl-PL","Add Cargo Link","85D0825E6F01A2CCB8FEBC0E71B2AFBD88E531B21869CBCDA43054E1F0D62520","Tracker-authored application message.","HIGH","","","term.cargo-link=Połączenie towarowe [strategy=semantic-concept]","Dodaj połączenie towarowe","Dodaj link do ładunku","SUBSTANTIVE","CODEX","Dodaj połączenie towarowe","Codex was selected for shortcuts.action.addCargoLink because it follows the approved term.cargo-link terminology and better preserves the key's semantic role than the DeepL alternative."
"shortcuts.action.addOutpost","pl-PL","Add outpost","E918451B6D2EC69126402B9C3D175CBCF5114A80163A34073D64D10FE29E5D0A","Tracker-authored application message.","HIGH","","","term.outpost=Placówka [strategy=semantic-concept]","Dodaj placówkę","Dodaj placówkę","IDENTICAL","AGREED","Dodaj placówkę","Both independent candidates agree for shortcuts.action.addOutpost; the shared wording preserves the English meaning, required syntax, and recorded UI context."
"shortcuts.action.collapseAllCargoLinks","pl-PL","Collapse All","55988E28A4E8720A588C5C53FD47616D929A404D3D2AF7E6F8BA313DCE6DC3E4","Tracker-authored application message.","HIGH","","","","Zwiń wszystkie","Zwiń wszystko","SUBSTANTIVE","DEEPL","Zwiń wszystko","DeepL was selected for shortcuts.action.collapseAllCargoLinks because its wording is more idiomatic and concise in this UI context while preserving the English meaning, parameters, and applicable terminology."
"shortcuts.action.expandAllCargoLinks","pl-PL","Expand All","9F5B023A413A7D0771CC3FB51B103DC0AAAAFE8F7B7C88C7258D43E3BC5B243D","Tracker-authored application message.","HIGH","","","","Rozwiń wszystkie","Rozwiń wszystko","SUBSTANTIVE","DEEPL","Rozwiń wszystko","DeepL was selected for shortcuts.action.expandAllCargoLinks because its wording is more idiomatic and concise in this UI context while preserving the English meaning, parameters, and applicable terminology."
"shortcuts.action.export","pl-PL","Export","3664895579F0A7E68C4AA09C91316E20239BC74499010E6423ECE40CAD7C28F7","Tracker-authored application message.","HIGH","","","glossary.file-import-export=Importuj / Eksportuj [strategy=key-scoped]","Eksportuj","Eksportuj","IDENTICAL","AGREED","Eksportuj","Both independent candidates agree for shortcuts.action.export; the shared wording preserves the English meaning, required syntax, and recorded UI context."
"shortcuts.action.focusCargoLinks","pl-PL","Focus Cargo Links","F4802247A8CF7C50951763056B87DE24F432E305AD819ECB78EC62CDBDB9CCEC","Tracker-authored application message.","HIGH","","","term.cargo-link=Połączenie towarowe [strategy=semantic-concept]","Przejdź do połączeń towarowych","Skup się na połączeniach transportowych","SUBSTANTIVE","CODEX","Przejdź do połączeń towarowych","Codex was selected for shortcuts.action.focusCargoLinks because it follows the approved term.cargo-link terminology and better preserves the key's semantic role than the DeepL alternative."
"shortcuts.action.focusFirstInorganic","pl-PL","Inorganic","897FDA90A70D9858F75D9CBD82D0E8F76C5D41753289E3FF619EB61863A5E91F","Keyboard-shortcut action label that focuses the first inorganic-resource control.","HIGH","","","glossary.inorganic=Nieorganiczne [strategy=semantic-concept]","Nieorganiczne","Nieorganiczne","IDENTICAL","AGREED","Nieorganiczne","Both independent candidates agree for shortcuts.action.focusFirstInorganic; the shared wording preserves the English meaning, required syntax, and recorded UI context."
"shortcuts.action.focusFirstOrganic","pl-PL","Organic","89B8CB68F4EDD75B5FB10DA9CC85802C15214A84CDA6D2F2D841BDF80E7109D3","Keyboard-shortcut action label that focuses the first organic-resource control.","HIGH","","","glossary.organic=Organiczne [strategy=semantic-concept]","Organiczne","Organiczne","IDENTICAL","AGREED","Organiczne","Both independent candidates agree for shortcuts.action.focusFirstOrganic; the shared wording preserves the English meaning, required syntax, and recorded UI context."
"shortcuts.action.focusManufacturingAction","pl-PL","Manufacturing","C6838ED989FD7D93BA9023466783C95230843EE13ACAFD63A355F9AD766CC39F","Keyboard-shortcut action label that focuses the manufacturing action control.","HIGH","","","glossary.manufacturing=Wytwarzanie [strategy=semantic-concept]","Wytwarzanie","Produkcja","SUBSTANTIVE","CODEX","Wytwarzanie","Codex was selected for shortcuts.action.focusManufacturingAction because it follows the approved glossary.manufacturing terminology and better preserves the key's semantic role than the DeepL alternative."
"shortcuts.action.focusNavigation","pl-PL","Focus Navigation","24472FE6FC2068AE80EFF6E0200D0189608B8827654850B8397875246837836A","Tracker-authored application message.","HIGH","","","","Przejdź do nawigacji","Nawigacja Focus","SUBSTANTIVE","CODEX","Przejdź do nawigacji","Codex was selected for shortcuts.action.focusNavigation because it more precisely preserves the English meaning and recorded UI role; the DeepL alternative changes nuance or is less suitable Polish for this surface."
"shortcuts.action.focusOutpostDetails","pl-PL","Focus Outpost Details","1EFC75B03DE8E0E05C3B26A40DF970DF16DBDED6A4BA7EF135D77C3CE32FC8A1","Tracker-authored application message.","HIGH","","","term.outpost=Placówka [strategy=semantic-concept]","Przejdź do szczegółów placówki","Szczegóły placówki Focus","SUBSTANTIVE","CODEX","Przejdź do szczegółów placówki","Codex was selected for shortcuts.action.focusOutpostDetails because it follows the approved term.outpost terminology and better preserves the key's semantic role than the DeepL alternative."
"shortcuts.action.focusPlannedSupply","pl-PL","Focus Planned Supply","8D7B0DB327DEFC26813D63F99B86FA49AE857C96BE45378D63C8AABCBEBCEB76","Tracker-authored application message.","HIGH","","","glossary.planned-supply=Planowane zaopatrzenie [strategy=semantic-concept]","Przejdź do planowanego zaopatrzenia","Planowane dostawy Focus","SUBSTANTIVE","CODEX","Przejdź do planowanego zaopatrzenia","Codex was selected for shortcuts.action.focusPlannedSupply because it follows the approved glossary.planned-supply terminology and better preserves the key's semantic role than the DeepL alternative."
"shortcuts.action.focusResourceMatrix","pl-PL","Focus Resource Matrix","44E81583C2EBFA1AB02EDC63051DC5F04255344AA71DC1E9E51DFE53790E0360","Tracker-authored application message.","HIGH","","","glossary.resource-matrix=Macierz zasobów [strategy=phrase]","Przejdź do macierzy zasobów","Macierz zasobów Focus","SUBSTANTIVE","CODEX","Przejdź do macierzy zasobów","Codex was selected for shortcuts.action.focusResourceMatrix because it follows the approved glossary.resource-matrix terminology and better preserves the key's semantic role than the DeepL alternative."
"shortcuts.action.focusSearch","pl-PL","Focus Search for Items","E51E72ED7EE8D908AA73626008C669625DC40E93D93CDBA207878E19975593EE","Tracker-authored application message.","HIGH","","","","Przejdź do wyszukiwania pozycji","Wyszukiwanie pozycji według tematu","SUBSTANTIVE","CODEX","Przejdź do wyszukiwania pozycji","Codex was selected for shortcuts.action.focusSearch because it more precisely preserves the English meaning and recorded UI role; the DeepL alternative changes nuance or is less suitable Polish for this surface."
"shortcuts.action.focusSearchResults","pl-PL","Focus Search Results","FFEBFB20EA12F539C80BA1E36EAB2032B8F122C506A16FA3F78C8DEE8BD445D9","Tracker-authored application message.","HIGH","","","","Przejdź do wyników wyszukiwania","Wyniki wyszukiwania według tematu","SUBSTANTIVE","CODEX","Przejdź do wyników wyszukiwania","Codex was selected for shortcuts.action.focusSearchResults because it more precisely preserves the English meaning and recorded UI role; the DeepL alternative changes nuance or is less suitable Polish for this surface."
"shortcuts.action.import","pl-PL","Import","2CFF9BAABF56CA002610E113BC94DEB6EDEDDDFC3C130365B6E88ED5195BF774","Tracker-authored application message.","HIGH","","","glossary.file-import-export=Importuj / Eksportuj [strategy=key-scoped]","Importuj","Import","SUBSTANTIVE","CODEX","Importuj","Codex was selected for shortcuts.action.import because it follows the approved glossary.file-import-export terminology and better preserves the key's semantic role than the DeepL alternative."
"shortcuts.action.nextOutpost","pl-PL","Next outpost","DEF30461A56CB316B7129F4AC1BB0C120E21E68BBD25E48CFBF05CAF9CDFB87D","Tracker-authored application message.","HIGH","","","term.outpost=Placówka [strategy=semantic-concept]","Następna placówka","Następna placówka","IDENTICAL","AGREED","Następna placówka","Both independent candidates agree for shortcuts.action.nextOutpost; the shared wording preserves the English meaning, required syntax, and recorded UI context."
"shortcuts.action.previousOutpost","pl-PL","Previous outpost","7E593746F34E85C483B84F1A22D6BB02BFCB9596C3245646C40FB6ABE47FEBCD","Tracker-authored application message.","HIGH","","","term.outpost=Placówka [strategy=semantic-concept]","Poprzednia placówka","Poprzedni punkt","SUBSTANTIVE","CODEX","Poprzednia placówka","Codex was selected for shortcuts.action.previousOutpost because it follows the approved term.outpost terminology and better preserves the key's semantic role than the DeepL alternative."
"shortcuts.action.redo","pl-PL","Redo","74273989B0966E2369B6D01AADB23AF4AD6A9E724643FA88F2BDE99202A36708","Tracker-authored application message.","HIGH","","","glossary.undo-redo=Cofnij / Ponów [strategy=key-scoped]","Ponów","Powtórz","SUBSTANTIVE","CODEX","Ponów","Codex was selected for shortcuts.action.redo because it follows the approved glossary.undo-redo terminology and better preserves the key's semantic role than the DeepL alternative."
"shortcuts.action.toggleNavigation","pl-PL","Show/hide Navigation","7937955816AED06A1A324E2CE9ABA0262F65EDD01DD361D8080B3A60FB0D3A22","Tracker-authored application message.","HIGH","","","","Pokaż/ukryj nawigację","Pokaż/ukryj nawigację","IDENTICAL","AGREED","Pokaż/ukryj nawigację","Both independent candidates agree for shortcuts.action.toggleNavigation; the shared wording preserves the English meaning, required syntax, and recorded UI context."
"shortcuts.action.toggleValidation","pl-PL","Toggle Validation details","90928F457C0204375D13F06546F74A81ECB1ABE84E0AE421726A42F2D6859608","Tracker-authored application message.","HIGH","","","glossary.validation=Walidacja [strategy=semantic-concept, variants=walidacja | sprawdzenie poprawności]","Przełącz szczegóły walidacji","Przełącz Szczegóły walidacji","SUBSTANTIVE","CODEX","Przełącz szczegóły walidacji","Codex was selected for shortcuts.action.toggleValidation because it follows the approved glossary.validation terminology and better preserves the key's semantic role than the DeepL alternative."
"shortcuts.action.undo","pl-PL","Undo","A8283ADE31856F71220DB0E6F60A257C6889DC4DAD0F275F66AD44B9ED9BF8D5","Tracker-authored application message.","HIGH","","","glossary.undo-redo=Cofnij / Ponów [strategy=key-scoped]","Cofnij","Cofnij","IDENTICAL","AGREED","Cofnij","Both independent candidates agree for shortcuts.action.undo; the shared wording preserves the English meaning, required syntax, and recorded UI context."
"shortcuts.closeDialog","pl-PL","Close Keyboard Shortcuts dialog","7AD19E9AA61D97954761BDB3A883E60D71A78B7DF3887C8B172CC6BF9CA4C8E2","Tracker-authored application message.","HIGH","","","","Zamknij okno skrótów klawiaturowych","Zamknij okno dialogowe „Skróty klawiaturowe”","SUBSTANTIVE","DEEPL","Zamknij okno dialogowe „Skróty klawiaturowe”","DeepL was selected for shortcuts.closeDialog because its wording is more idiomatic and concise in this UI context while preserving the English meaning, parameters, and applicable terminology."
"shortcuts.group.cargoLinks","pl-PL","Cargo Links","E9B8BE501BF399617C9333EAD8AF1489FBC8A33BC7E250C52EE05609CE8CB30F","Tracker-authored application message.","HIGH","","","term.cargo-link=Połączenie towarowe [strategy=semantic-concept]","Połączenia towarowe","Linki Cargo","SUBSTANTIVE","CODEX","Połączenia towarowe","Codex was selected for shortcuts.group.cargoLinks because it follows the approved term.cargo-link terminology and better preserves the key's semantic role than the DeepL alternative."
"shortcuts.group.history","pl-PL","History","0E769600933790607B2A13B33DDFADE0FA17810EB62C3B28EE23E59516516491","Tracker-authored application message.","HIGH","","","","Historia","Historia","IDENTICAL","AGREED","Historia","Both independent candidates agree for shortcuts.group.history; the shared wording preserves the English meaning, required syntax, and recorded UI context."
"shortcuts.group.importExport","pl-PL","Import / Export","6E061FABEF2190A6D7CB2576AE2B9DF184C8C6243C1156A860DBA3DAA5B4763B","Tracker-authored application message.","HIGH","","","glossary.file-import-export=Importuj / Eksportuj [strategy=key-scoped]","Importowanie / eksportowanie","Importuj / Eksportuj","SUBSTANTIVE","CODEX","Importowanie / eksportowanie","Codex was selected for shortcuts.group.importExport because it follows the approved glossary.file-import-export terminology and better preserves the key's semantic role than the DeepL alternative."
"shortcuts.group.outpostNavigation","pl-PL","Outpost Navigation","BC71DCA632083ECF778E6CA2974F907E215DBDFC9D0C18C9838EEDDD1E5D3714","Tracker-authored application message.","HIGH","","","term.outpost=Placówka [strategy=semantic-concept]","Nawigacja po placówkach","Nawigacja po placówkach","IDENTICAL","AGREED","Nawigacja po placówkach","Both independent candidates agree for shortcuts.group.outpostNavigation; the shared wording preserves the English meaning, required syntax, and recorded UI context."
"shortcuts.group.resourceMatrix","pl-PL","Resource Matrix","0FF84E3776BFD5BC3F7CB4E19082D8AF196D2FE785AA1368744C9A46FAEA6569","Tracker-authored application message.","HIGH","","","glossary.resource-matrix=Macierz zasobów [strategy=phrase]","Macierz zasobów","Macierz zasobów","IDENTICAL","AGREED","Macierz zasobów","Both independent candidates agree for shortcuts.group.resourceMatrix; the shared wording preserves the English meaning, required syntax, and recorded UI context."
"shortcuts.group.search","pl-PL","Search","49C266BAAAA70981EA188FA714D5C40CF13830D786A861C9943AE0D26A7F3FE9","Tracker-authored application message.","HIGH","","","","Wyszukiwanie","Wyszukiwanie","IDENTICAL","AGREED","Wyszukiwanie","Both independent candidates agree for shortcuts.group.search; the shared wording preserves the English meaning, required syntax, and recorded UI context."
"shortcuts.group.validation","pl-PL","Validation","68E1CA575295BB5604FEA711B5D2EFF44006CE4BD985481083A76B71FCE0DAEF","Tracker-authored application message.","HIGH","","","glossary.validation=Walidacja [strategy=semantic-concept, variants=walidacja | sprawdzenie poprawności]","Walidacja","Walidacja","IDENTICAL","AGREED","Walidacja","Both independent candidates agree for shortcuts.group.validation; the shared wording preserves the English meaning, required syntax, and recorded UI context."
"shortcuts.group.workspace","pl-PL","Workspace","87BB59BA2F92F2A5A9F13E021FD58DD14AE5C065B1046146875E6E68D5EBC8B7","Tracker-authored application message.","HIGH","","","","Obszar roboczy","Obszar roboczy","IDENTICAL","AGREED","Obszar roboczy","Both independent candidates agree for shortcuts.group.workspace; the shared wording preserves the English meaning, required syntax, and recorded UI context."
"shortcuts.introduction","pl-PL","Global commands available throughout the application. Shortcuts yield to text editing and open dialogs where appropriate.","B84701CD597E0FCBEDAFB7592E3FDA66951E66E3C4CA6334E697F2A85B09D179","Tracker-authored application message.","HIGH","","","","Polecenia globalne dostępne w całej aplikacji. Skróty nie przechwytują klawiszy podczas edycji tekstu ani w otwartych oknach dialogowych, gdy wymaga tego kontekst.","Polecenia globalne dostępne w całej aplikacji. Skróty klawiszowe umożliwiają edycję tekstu i otwieranie okien dialogowych w odpowiednich miejscach.","SUBSTANTIVE","CODEX","Polecenia globalne dostępne w całej aplikacji. Skróty nie przechwytują klawiszy podczas edycji tekstu ani w otwartych oknach dialogowych, gdy wymaga tego kontekst.","Codex was selected for shortcuts.introduction because it more precisely preserves the English meaning and recorded UI role; the DeepL alternative changes nuance or is less suitable Polish for this surface."
"shortcuts.title","pl-PL","Keyboard Shortcuts","59CDAA26DD9DCD4CBCDED97A7B91029B396BCFDBFD927356FACBEB163283A3DF","Tracker-authored application message. This is a visible heading.","HIGH","","","","Skróty klawiaturowe","Skróty klawiaturowe","IDENTICAL","AGREED","Skróty klawiaturowe","Both independent candidates agree for shortcuts.title; the shared wording preserves the English meaning, required syntax, and recorded UI context."
"status.dismiss","pl-PL","Dismiss status message","94752DF4A3AFA627C0EB04C2EBBEDA43BD3439B39B60AE69239B863D2DCB4B75","Status bar, import/export feedback, or reference-data feedback.","MEDIUM","","","","Odrzuć komunikat o stanie","Zamknij komunikat o stanie","SUBSTANTIVE","DEEPL","Zamknij komunikat o stanie","DeepL was selected for status.dismiss because its wording is more idiomatic and concise in this UI context while preserving the English meaning, parameters, and applicable terminology."
"status.dismiss.short","pl-PL","Dismiss","48845BFF334A50A59AAECF499F28A7A24C3B4B891B8B18A9F1169AD8E8A6B261","Status bar, import/export feedback, or reference-data feedback.","MEDIUM","","","","Odrzuć","Zamknij","SUBSTANTIVE","DEEPL","Zamknij","DeepL was selected for status.dismiss.short because its wording is more idiomatic and concise in this UI context while preserving the English meaning, parameters, and applicable terminology."
"status.drag.reorder","pl-PL","Drop to reorder · Esc to cancel","04DBC72920C2D3478E8566409B94F9FA5E979C63806DC33C25C9915DCC6E0B29","Status bar, import/export feedback, or reference-data feedback.","MEDIUM","","Esc","","Upuść, aby zmienić kolejność · Esc — anuluj","Przeciągnij, aby zmienić kolejność · Esc, aby anulować","SUBSTANTIVE","CODEX","Upuść, aby zmienić kolejność · Esc — anuluj","Codex was selected for status.drag.reorder because it more precisely preserves the English meaning and recorded UI role; the DeepL alternative changes nuance or is less suitable Polish for this surface."
"status.export.success","pl-PL","Exported {fileName}.","51AA2FC44EBE53A80B7C2B4ACED6E02128DAC8591B73F3D3663AECD4183DEE0D","Status bar, import/export feedback, or reference-data feedback.","MEDIUM","fileName","","glossary.file-import-export=Importuj / Eksportuj [strategy=key-scoped]","Wyeksportowano plik: {fileName}.","Eksportowano {nazwa_pliku}.","INVALID_TOKENS","INVALID_DEEPL_REPAIRED","Wyeksportowano plik: {fileName}.","DeepL candidate for status.export.success failed PLACEHOLDERS validation and remains recorded as invalid evidence; the structurally safe Codex candidate preserves the source meaning and required tokens."
"status.import.aggregateLimitExceeded","pl-PL","This import contains too many items to open safely.","315AC334305B4FDC6E77D2CE6E1EE6B309A81078DAEA605265B16F152F223F9B","Status bar, import/export feedback, or reference-data feedback.","MEDIUM","","","glossary.file-import-export=Importuj / Eksportuj [strategy=key-scoped]","Wczytywane dane zawierają zbyt wiele pozycji, aby można je było bezpiecznie otworzyć.","Ten import zawiera zbyt wiele elementów, aby można go było bezpiecznie otworzyć.","SUBSTANTIVE","CODEX","Wczytywane dane zawierają zbyt wiele pozycji, aby można je było bezpiecznie otworzyć.","Codex was selected for status.import.aggregateLimitExceeded because it follows the approved glossary.file-import-export terminology and better preserves the key's semantic role than the DeepL alternative."
"status.import.arrayLimitExceeded","pl-PL","This import contains too many items in one section.","A98517EB47338D0060C99A3B4C4497BA8064341BD2F207566A76A53557D85C9A","Status bar, import/export feedback, or reference-data feedback.","MEDIUM","","","glossary.file-import-export=Importuj / Eksportuj [strategy=key-scoped]","Wczytywane dane zawierają zbyt wiele pozycji w jednej sekcji.","Ten import zawiera zbyt wiele elementów w jednej sekcji.","SUBSTANTIVE","CODEX","Wczytywane dane zawierają zbyt wiele pozycji w jednej sekcji.","Codex was selected for status.import.arrayLimitExceeded because it follows the approved glossary.file-import-export terminology and better preserves the key's semantic role than the DeepL alternative."
"status.import.duplicateNetworkId","pl-PL","The selected collection contains duplicate network ID ""{id}"".","91035A72894723B9589D43C2AA37D0A3B2D5B91D4C70B3CC7E7F9ACAFC6233C5","Status bar, import/export feedback, or reference-data feedback.","MEDIUM","id","ID","glossary.network=Sieć [strategy=semantic-concept]; glossary.file-import-export=Importuj / Eksportuj [strategy=key-scoped]","Wybrana kolekcja zawiera zduplikowany ID sieci: „{id}”.","Wybrana kolekcja zawiera zduplikowany identyfikator sieci „{id}”.","INVALID_TOKENS","INVALID_DEEPL_REPAIRED","Wybrana kolekcja zawiera zduplikowany ID sieci: „{id}”.","DeepL candidate for status.import.duplicateNetworkId failed PROTECTED_TOKEN validation and remains recorded as invalid evidence; the structurally safe Codex candidate preserves the source meaning and required tokens."
"status.import.emptyCollection","pl-PL","The selected collection does not contain any networks.","E7269044472AB120758726D2A7C0990ED93D5748D2F569051841FA9A0518D52A","Status bar, import/export feedback, or reference-data feedback.","MEDIUM","","","glossary.network=Sieć [strategy=semantic-concept]; glossary.file-import-export=Importuj / Eksportuj [strategy=key-scoped]","Wybrana kolekcja nie zawiera żadnych sieci.","Wybrana kolekcja nie zawiera żadnych sieci.","IDENTICAL","AGREED","Wybrana kolekcja nie zawiera żadnych sieci.","Both independent candidates agree for status.import.emptyCollection; the shared wording preserves the English meaning, required syntax, and recorded UI context."
"status.import.failed","pl-PL","Import failed for {fileName}: {reason}","D3FB408CD70B6735432BA3876C00A4C80909818B90AB34B7D19B4DD4B9A4139B","Status bar, import/export feedback, or reference-data feedback.","HIGH","fileName; reason","","glossary.file-import-export=Importuj / Eksportuj [strategy=key-scoped]","Nie udało się wczytać pliku {fileName}: {reason}","Import pliku {fileName} nie powiódł się: {reason}","SUBSTANTIVE","CODEX","Nie udało się wczytać pliku {fileName}: {reason}","Codex was selected for status.import.failed because it follows the approved glossary.file-import-export terminology and better preserves the key's semantic role than the DeepL alternative."
"status.import.fileTooLarge","pl-PL","This import is too large to open safely.","F52959415C0D566021375CABF4E3A7F283223439D0A0D4BA9C30395813B66EC0","Status bar, import/export feedback, or reference-data feedback.","MEDIUM","","","glossary.file-import-export=Importuj / Eksportuj [strategy=key-scoped]","Wczytywane dane są zbyt duże, aby można je było bezpiecznie otworzyć.","Ten plik importu jest zbyt duży, aby można go było bezpiecznie otworzyć.","SUBSTANTIVE","CODEX","Wczytywane dane są zbyt duże, aby można je było bezpiecznie otworzyć.","Codex was selected for status.import.fileTooLarge because it follows the approved glossary.file-import-export terminology and better preserves the key's semantic role than the DeepL alternative."
"status.import.invalid","pl-PL","The selected file could not be imported.","F57E852DBDF8D227D7235E37453E633147660194DE95861C6AA1FC2C19A9F61F","Status bar, import/export feedback, or reference-data feedback.","MEDIUM","","","glossary.file-import-export=Importuj / Eksportuj [strategy=key-scoped]","Nie udało się zaimportować wybranego pliku.","Nie udało się zaimportować wybranego pliku.","IDENTICAL","AGREED","Nie udało się zaimportować wybranego pliku.","Both independent candidates agree for status.import.invalid; the shared wording preserves the English meaning, required syntax, and recorded UI context."
"status.import.invalidCapabilities","pl-PL","The selected file contains invalid character capability data.","900B1DE022A8D5C5ECFAD8DAC2D811B438B9CE4B48B79362813CAF63C5F4D3CD","Status bar, import/export feedback, or reference-data feedback.","MEDIUM","","","glossary.file-import-export=Importuj / Eksportuj [strategy=key-scoped]","Wybrany plik zawiera nieprawidłowe dane zdolności postaci.","Wybrany plik zawiera nieprawidłowe dane dotyczące możliwości znaków.","SUBSTANTIVE","CODEX","Wybrany plik zawiera nieprawidłowe dane zdolności postaci.","Codex was selected for status.import.invalidCapabilities because it follows the approved glossary.file-import-export terminology and better preserves the key's semantic role than the DeepL alternative."
"status.import.invalidCargoPad","pl-PL","The selected file contains an invalid cargo link.","80E6B31E945456F78A0D4D3C17FCA4E361E932AB067C78E1741EC72C7167CACF","Status bar, import/export feedback, or reference-data feedback.","MEDIUM","","","term.cargo-link=Połączenie towarowe [strategy=semantic-concept]; glossary.file-import-export=Importuj / Eksportuj [strategy=key-scoped]","Wybrany plik zawiera nieprawidłowe połączenie towarowe.","Wybrany plik zawiera nieprawidłowy link cargo.","SUBSTANTIVE","CODEX","Wybrany plik zawiera nieprawidłowe połączenie towarowe.","Codex was selected for status.import.invalidCargoPad because it follows the approved term.cargo-link, glossary.file-import-export terminology and better preserves the key's semantic role than the DeepL alternative."
"status.import.invalidCharacter","pl-PL","The selected file contains invalid character data.","BD5ED70C6173FF383408C7A38FCC554BE508D3E9D9CD39CC95B3BC8D1E68DCED","Status bar, import/export feedback, or reference-data feedback.","MEDIUM","","","glossary.file-import-export=Importuj / Eksportuj [strategy=key-scoped]","Wybrany plik zawiera nieprawidłowe dane postaci.","Wybrany plik zawiera nieprawidłowe dane dotyczące znaków.","SUBSTANTIVE","CODEX","Wybrany plik zawiera nieprawidłowe dane postaci.","Codex was selected for status.import.invalidCharacter because it follows the approved glossary.file-import-export terminology and better preserves the key's semantic role than the DeepL alternative."
"status.import.invalidCollection","pl-PL","The selected file is not a valid network collection.","BC66E649584981FB39CC26D61A389E2EAE742D59E4370E8B75A20E07232D5DB0","Status bar, import/export feedback, or reference-data feedback.","MEDIUM","","","glossary.network=Sieć [strategy=semantic-concept]; glossary.file-import-export=Importuj / Eksportuj [strategy=key-scoped]","Wybrany plik nie jest prawidłową kolekcją sieci.","Wybrany plik nie jest prawidłową kolekcją sieciową.","SUBSTANTIVE","CODEX","Wybrany plik nie jest prawidłową kolekcją sieci.","Codex was selected for status.import.invalidCollection because it follows the approved glossary.network, glossary.file-import-export terminology and better preserves the key's semantic role than the DeepL alternative."
"status.import.invalidExplicitPresence","pl-PL","The selected file contains invalid explicit resource presence data.","6D950D361F054D9460158DC85EC415B833AA7A17158D013089F02D5A71A750DB","Status bar, import/export feedback, or reference-data feedback.","MEDIUM","","","glossary.file-import-export=Importuj / Eksportuj [strategy=key-scoped]","Wybrany plik zawiera nieprawidłowe dane jawnej obecności zasobów.","Wybrany plik zawiera nieprawidłowe dane dotyczące jawnej obecności zasobów.","SUBSTANTIVE","CODEX","Wybrany plik zawiera nieprawidłowe dane jawnej obecności zasobów.","Codex was selected for status.import.invalidExplicitPresence because it follows the approved glossary.file-import-export terminology and better preserves the key's semantic role than the DeepL alternative."
"status.import.invalidIdentity","pl-PL","The selected file contains an empty or duplicate stable identifier.","C9292F13386F46BB1F806B5ECDF57383D948809E7A468BB445BC0C67347B10BB","Status bar, import/export feedback, or reference-data feedback.","MEDIUM","","","glossary.file-import-export=Importuj / Eksportuj [strategy=key-scoped]","Wybrany plik zawiera pusty lub zduplikowany stabilny identyfikator.","Wybrany plik zawiera pusty lub zduplikowany identyfikator stabilny.","SUBSTANTIVE","CODEX","Wybrany plik zawiera pusty lub zduplikowany stabilny identyfikator.","Codex was selected for status.import.invalidIdentity because it follows the approved glossary.file-import-export terminology and better preserves the key's semantic role than the DeepL alternative."
"status.import.invalidJson","pl-PL","The selected file does not contain valid JSON.","DD6FEB84D5535C61CC0FD35E39359A85A7F9882D1892BB4886B279770E414A7E","Status bar, import/export feedback, or reference-data feedback.","MEDIUM","","JSON","glossary.file-import-export=Importuj / Eksportuj [strategy=key-scoped]","Wybrany plik nie zawiera prawidłowego JSON.","Wybrany plik nie zawiera prawidłowego formatu JSON.","SUBSTANTIVE","CODEX","Wybrany plik nie zawiera prawidłowego JSON.","Codex was selected for status.import.invalidJson because it follows the approved glossary.file-import-export terminology and better preserves the key's semantic role than the DeepL alternative."
"status.import.invalidNetwork","pl-PL","The selected file is not a valid outpost network.","8FD34F0BDDEB12638C2761BD955B5DDF84788A3599AD8776A8E61F224AFFC41F","Status bar, import/export feedback, or reference-data feedback.","MEDIUM","","","term.outpost=Placówka [strategy=semantic-concept]; glossary.network=Sieć [strategy=semantic-concept]; glossary.file-import-export=Importuj / Eksportuj [strategy=key-scoped]","Wybrany plik nie jest prawidłową siecią placówek.","Wybrany plik nie jest prawidłową siecią placówek.","IDENTICAL","AGREED","Wybrany plik nie jest prawidłową siecią placówek.","Both independent candidates agree for status.import.invalidNetwork; the shared wording preserves the English meaning, required syntax, and recorded UI context."
"status.import.invalidOutpost","pl-PL","The selected file contains an invalid outpost.","4A0A96AD5328DE1716C0FB0301941D5D67914AF561C0FC6C0A8892A4BC1B641F","Status bar, import/export feedback, or reference-data feedback.","MEDIUM","","","term.outpost=Placówka [strategy=semantic-concept]; glossary.file-import-export=Importuj / Eksportuj [strategy=key-scoped]","Wybrany plik zawiera nieprawidłową placówkę.","Wybrany plik zawiera nieprawidłową placówkę.","IDENTICAL","AGREED","Wybrany plik zawiera nieprawidłową placówkę.","Both independent candidates agree for status.import.invalidOutpost; the shared wording preserves the English meaning, required syntax, and recorded UI context."
"status.import.invalidSkills","pl-PL","The selected file contains invalid character skill data.","F7470064AA2C994A5772856BD799B9B244ACF52CF1EF9B68B0D05F11338735C8","Status bar, import/export feedback, or reference-data feedback.","MEDIUM","","","glossary.file-import-export=Importuj / Eksportuj [strategy=key-scoped]","Wybrany plik zawiera nieprawidłowe dane umiejętności postaci.","Wybrany plik zawiera nieprawidłowe dane dotyczące umiejętności postaci.","SUBSTANTIVE","CODEX","Wybrany plik zawiera nieprawidłowe dane umiejętności postaci.","Codex was selected for status.import.invalidSkills because it follows the approved glossary.file-import-export terminology and better preserves the key's semantic role than the DeepL alternative."
"status.import.invalidStructure","pl-PL","The selected file contains malformed network data.","4DA93EEF49FE417BC9C4E0AFAE91FB6E81286154C45887C345D60CB0A8E962C9","Status bar, import/export feedback, or reference-data feedback.","MEDIUM","","","glossary.network=Sieć [strategy=semantic-concept]; glossary.file-import-export=Importuj / Eksportuj [strategy=key-scoped]","Wybrany plik zawiera nieprawidłową strukturę danych sieci.","Wybrany plik zawiera nieprawidłowe dane sieciowe.","SUBSTANTIVE","CODEX","Wybrany plik zawiera nieprawidłową strukturę danych sieci.","Codex was selected for status.import.invalidStructure because it follows the approved glossary.network, glossary.file-import-export terminology and better preserves the key's semantic role than the DeepL alternative."
"status.import.malformedEntry","pl-PL","The selected collection contains a malformed network entry.","B2D75C5EB9F6C0542BA76BE66309F8CAA88C3E55CE91BEB7356C557080F6A8F1","Status bar, import/export feedback, or reference-data feedback.","MEDIUM","","","glossary.network=Sieć [strategy=semantic-concept]; glossary.file-import-export=Importuj / Eksportuj [strategy=key-scoped]","Wybrana kolekcja zawiera nieprawidłowy wpis sieci.","Wybrana kolekcja zawiera nieprawidłowy wpis sieciowy.","SUBSTANTIVE","CODEX","Wybrana kolekcja zawiera nieprawidłowy wpis sieci.","Codex was selected for status.import.malformedEntry because it follows the approved glossary.network, glossary.file-import-export terminology and better preserves the key's semantic role than the DeepL alternative."
"status.import.readFailed","pl-PL","The selected file could not be read.","3345DD67F1A33EC68CCD43BB945635E2E73480388F530D4DA81D48CEA751608D","Status bar, import/export feedback, or reference-data feedback.","MEDIUM","","","glossary.file-import-export=Importuj / Eksportuj [strategy=key-scoped]","Nie udało się odczytać wybranego pliku.","Nie można odczytać wybranego pliku.","SUBSTANTIVE","CODEX","Nie udało się odczytać wybranego pliku.","Codex was selected for status.import.readFailed because it follows the approved glossary.file-import-export terminology and better preserves the key's semantic role than the DeepL alternative."
"status.import.stringTooLong","pl-PL","This import contains a text value that is too long.","3AA1FBFEECFDD6A6273A51BC3B923AA36BCF4EBFF8CD688086485F22D5A549B8","Status bar, import/export feedback, or reference-data feedback.","MEDIUM","","","glossary.file-import-export=Importuj / Eksportuj [strategy=key-scoped]","Wczytywane dane zawierają zbyt długą wartość tekstową.","Ten import zawiera zbyt długą wartość tekstową.","SUBSTANTIVE","CODEX","Wczytywane dane zawierają zbyt długą wartość tekstową.","Codex was selected for status.import.stringTooLong because it follows the approved glossary.file-import-export terminology and better preserves the key's semantic role than the DeepL alternative."
"status.import.success","pl-PL","Imported {fileName}.","361B33E2DFEB7D4A86AF74DC9697F2C5FDF80431482DF7A17F704E1580BF4B6D","Status bar, import/export feedback, or reference-data feedback.","MEDIUM","fileName","","glossary.file-import-export=Importuj / Eksportuj [strategy=key-scoped]","Zaimportowano plik: {fileName}.","Zaimportowano {fileName}.","SUBSTANTIVE","DEEPL","Zaimportowano {fileName}.","DeepL was selected for status.import.success because its wording is more idiomatic and concise in this UI context while preserving the English meaning, parameters, and applicable terminology."
"status.import.tooManyNetworks","pl-PL","This import contains too many saved networks.","BC2B208D06D0EBEA9DE7DB854B08349D402BDC8836B468EE9579603443D6EB92","Status bar, import/export feedback, or reference-data feedback.","MEDIUM","","","glossary.network=Sieć [strategy=semantic-concept]; glossary.file-import-export=Importuj / Eksportuj [strategy=key-scoped]","Wczytywane dane zawierają zbyt wiele zapisanych sieci.","Ten import zawiera zbyt wiele zapisanych sieci.","SUBSTANTIVE","CODEX","Wczytywane dane zawierają zbyt wiele zapisanych sieci.","Codex was selected for status.import.tooManyNetworks because it follows the approved glossary.network, glossary.file-import-export terminology and better preserves the key's semantic role than the DeepL alternative."
"status.import.unsupportedCollectionSchema","pl-PL","Unsupported network collection schema version: {version}","C52C0C7B92366B92F3849A01CA5ABB310C050005F0244638C0F2E690967B3D78","Status bar, import/export feedback, or reference-data feedback.","MEDIUM","version","","glossary.network=Sieć [strategy=semantic-concept]; glossary.file-import-export=Importuj / Eksportuj [strategy=key-scoped]","Nieobsługiwana wersja schematu kolekcji sieci: {version}","Nieobsługiwana wersja schematu kolekcji sieci: {version}","IDENTICAL","AGREED","Nieobsługiwana wersja schematu kolekcji sieci: {version}","Both independent candidates agree for status.import.unsupportedCollectionSchema; the shared wording preserves the English meaning, required syntax, and recorded UI context."
"status.import.unsupportedNetworkSchema","pl-PL","Unsupported network schema version: {version}","CE92D012A818B638C8CFAA69AF9F7F8217C53DD2B7359D433ED240657EF1B5CB","Status bar, import/export feedback, or reference-data feedback.","MEDIUM","version","","glossary.network=Sieć [strategy=semantic-concept]; glossary.file-import-export=Importuj / Eksportuj [strategy=key-scoped]","Nieobsługiwana wersja schematu sieci: {version}","Nieobsługiwana wersja schematu sieci: {version}","IDENTICAL","AGREED","Nieobsługiwana wersja schematu sieci: {version}","Both independent candidates agree for status.import.unsupportedNetworkSchema; the shared wording preserves the English meaning, required syntax, and recorded UI context."
"status.referenceData.error","pl-PL","Reference data error: {detail}","5E61C384097B1E054857EA6EE27C83BDDD40E5B7165130E86FDB826C86790BFC","Status bar, import/export feedback, or reference-data feedback.","MEDIUM","detail","","","Błąd danych referencyjnych: {detail}","Błąd danych referencyjnych: {szczegóły}","INVALID_TOKENS","INVALID_DEEPL_REPAIRED","Błąd danych referencyjnych: {detail}","DeepL candidate for status.referenceData.error failed PLACEHOLDERS validation and remains recorded as invalid evidence; the structurally safe Codex candidate preserves the source meaning and required tokens."
"status.referenceData.failed","pl-PL","Failed to load reference data.","DCB0208B9AE5F716F800A20585241ECC7CEACF1D45D812E4354439FA5BC88342","Status bar, import/export feedback, or reference-data feedback.","MEDIUM","","","","Nie udało się wczytać danych referencyjnych.","Nie udało się załadować danych referencyjnych.","SUBSTANTIVE","CODEX","Nie udało się wczytać danych referencyjnych.","Codex was selected for status.referenceData.failed because it more precisely preserves the English meaning and recorded UI role; the DeepL alternative changes nuance or is less suitable Polish for this surface."
"status.referenceData.loaded","pl-PL","Reference data loaded: {systems} systems, {bodies} bodies, {resources} resources, {products} products.","441B2500B3CC624F74A47931F31DF0E20935EA33D87E26138D2BDF98B33CD5E7","Status bar, import/export feedback, or reference-data feedback.","HIGH","bodies; products; resources; systems","","term.planetary-body=Ciało planetarne [strategy=semantic-concept]; term.star-system=Układ gwiezdny [strategy=semantic-concept, variants=układ gwiezdny | układ]","Wczytano dane referencyjne. Układy: {systems}; ciała planetarne: {bodies}; zasoby: {resources}; produkty: {products}.","Załadowano dane referencyjne: {systems} systemów, {bodies} obiektów, {resources} zasobów, {products} produktów.","SUBSTANTIVE","CODEX","Wczytano dane referencyjne. Układy: {systems}; ciała planetarne: {bodies}; zasoby: {resources}; produkty: {products}.","Codex was selected for status.referenceData.loaded because it follows the approved term.planetary-body, term.star-system terminology and better preserves the key's semantic role than the DeepL alternative."
"status.referenceData.reload","pl-PL","Reload Reference Data","04968B492913D179B6631E1BFF478E42E1F7B15CA1DFE6A86AFEA3EE095130F4","Status bar, import/export feedback, or reference-data feedback.","MEDIUM","","","","Wczytaj ponownie dane referencyjne","Załaduj ponownie dane referencyjne","SUBSTANTIVE","CODEX","Wczytaj ponownie dane referencyjne","Codex was selected for status.referenceData.reload because it more precisely preserves the English meaning and recorded UI role; the DeepL alternative changes nuance or is less suitable Polish for this surface."
"status.storage.capacity","pl-PL","This collection is too large to save safely. Changes remain in memory.","37E321B51C2F69D6CE867123E547B4C72677619F342BA01FC15257A5E91CA75E","Status bar, import/export feedback, or reference-data feedback.","MEDIUM","","","","Ta kolekcja jest zbyt duża, aby można ją było bezpiecznie zapisać. Zmiany pozostają w pamięci operacyjnej.","Ta kolekcja jest zbyt duża, aby można ją było bezpiecznie zapisać. Zmiany pozostają w pamięci.","SUBSTANTIVE","DEEPL","Ta kolekcja jest zbyt duża, aby można ją było bezpiecznie zapisać. Zmiany pozostają w pamięci.","DeepL was selected for status.storage.capacity because its wording is more idiomatic and concise in this UI context while preserving the English meaning, parameters, and applicable terminology."
"status.storage.recovery","pl-PL","Saved browser data could not be restored. Using a temporary collection; the original is preserved until an edit.","1BE84B9FD262E5A82E90612CB354EF3DDCB0907733726FDD1EFE1F391D84F923","Status bar, import/export feedback, or reference-data feedback.","MEDIUM","","","","Nie udało się przywrócić danych zapisanych w przeglądarce. Używana jest kolekcja tymczasowa; oryginał zostanie zachowany do czasu edycji.","Nie udało się przywrócić zapisanych danych przeglądarki. Używana jest kolekcja tymczasowa; oryginał jest zachowany do momentu edycji.","SUBSTANTIVE","CODEX","Nie udało się przywrócić danych zapisanych w przeglądarce. Używana jest kolekcja tymczasowa; oryginał zostanie zachowany do czasu edycji.","Codex was selected for status.storage.recovery because it more precisely preserves the English meaning and recorded UI role; the DeepL alternative changes nuance or is less suitable Polish for this surface."
"status.storage.unavailable","pl-PL","Browser storage is unavailable. This collection is only in memory.","157D03CBEA973C44D2A332C5E0080EA8D42ABB5C84A67D15562E1A42827220DA","Status bar, import/export feedback, or reference-data feedback.","MEDIUM","","","","Pamięć przeglądarki jest niedostępna. Ta kolekcja znajduje się wyłącznie w pamięci operacyjnej.","Pamięć przeglądarki jest niedostępna. Ta kolekcja znajduje się wyłącznie w pamięci.","SUBSTANTIVE","DEEPL","Pamięć przeglądarki jest niedostępna. Ta kolekcja znajduje się wyłącznie w pamięci.","DeepL was selected for status.storage.unavailable because its wording is more idiomatic and concise in this UI context while preserving the English meaning, parameters, and applicable terminology."
"status.storage.unsaved","pl-PL","Changes are only in memory and have not been saved in this browser.","D5BDF41E686368FB0D2ECA36CA35E9EBDEAAD96D84A3D18D09109722CA71754E","Status bar, import/export feedback, or reference-data feedback.","MEDIUM","","","","Zmiany znajdują się wyłącznie w pamięci operacyjnej i nie zostały zapisane w tej przeglądarce.","Zmiany znajdują się wyłącznie w pamięci i nie zostały zapisane w tej przeglądarce.","SUBSTANTIVE","DEEPL","Zmiany znajdują się wyłącznie w pamięci i nie zostały zapisane w tej przeglądarce.","DeepL was selected for status.storage.unsaved because its wording is more idiomatic and concise in this UI context while preserving the English meaning, parameters, and applicable terminology."
"transfer.export.button","pl-PL","Export","3664895579F0A7E68C4AA09C91316E20239BC74499010E6423ECE40CAD7C28F7","Whole-collection JSON import/export control.","MEDIUM","","","glossary.file-import-export=Importuj / Eksportuj [strategy=key-scoped]","Eksportuj","Eksportuj","IDENTICAL","AGREED","Eksportuj","Both independent candidates agree for transfer.export.button; the shared wording preserves the English meaning, required syntax, and recorded UI context."
"transfer.export.tooltip","pl-PL","Export all networks to JSON","299585BDC19610DDB02287483F51E0397FC5D295C5230190B039E0540F73F95D","Whole-collection JSON import/export control. This is explanatory tooltip text.","MEDIUM","","JSON","glossary.network=Sieć [strategy=semantic-concept]; glossary.file-import-export=Importuj / Eksportuj [strategy=key-scoped]","Eksportuj wszystkie sieci do JSON","Eksportuj wszystkie sieci do formatu JSON","SUBSTANTIVE","DEEPL","Eksportuj wszystkie sieci do formatu JSON","DeepL was selected for transfer.export.tooltip because its wording is more idiomatic and concise in this UI context while preserving the English meaning, parameters, and applicable terminology."
"transfer.import.button","pl-PL","Import","2CFF9BAABF56CA002610E113BC94DEB6EDEDDDFC3C130365B6E88ED5195BF774","Whole-collection JSON import/export control.","MEDIUM","","","glossary.file-import-export=Importuj / Eksportuj [strategy=key-scoped]","Importuj","Import","SUBSTANTIVE","CODEX","Importuj","Codex was selected for transfer.import.button because it follows the approved glossary.file-import-export terminology and better preserves the key's semantic role than the DeepL alternative."
"transfer.import.tooltip","pl-PL","Import all networks from JSON","ACE5CBE29BD01BF19418906273462FCC73B80F139B71EE2038D5CDBAAF18E5A6","Whole-collection JSON import/export control. This is explanatory tooltip text.","MEDIUM","","JSON","glossary.network=Sieć [strategy=semantic-concept]; glossary.file-import-export=Importuj / Eksportuj [strategy=key-scoped]","Importuj wszystkie sieci z JSON","Importuj wszystkie sieci z pliku JSON","SUBSTANTIVE","DEEPL","Importuj wszystkie sieci z pliku JSON","DeepL was selected for transfer.import.tooltip because its wording is more idiomatic and concise in this UI context while preserving the English meaning, parameters, and applicable terminology."
"validation.activeProductionInorganicInvalid","pl-PL","{resource} is marked as produced, but is not available for outpost extraction in {biomes}.","343A59EBAE1750C2E095CAE84BE65ECF2B40356B29B69886BF4A50D626E06FF8","Validation severity, diagnostic, context, or remediation.","HIGH","biomes; resource","","term.outpost=Placówka [strategy=semantic-concept]; term.biome=Biom [strategy=semantic-concept, variants=biom | biomy]","Oznaczono jako produkowany zasób: {resource}. Nie jest on dostępny do wydobycia w placówce w następujących biomach: {biomes}.","{resource} jest oznaczony jako wyprodukowany, ale nie jest dostępny do wydobycia w placówkach w biomach {biomes}.","SUBSTANTIVE","CODEX","Oznaczono jako produkowany zasób: {resource}. Nie jest on dostępny do wydobycia w placówce w następujących biomach: {biomes}.","Codex was selected for validation.activeProductionInorganicInvalid because it follows the approved term.outpost, term.biome terminology and better preserves the key's semantic role than the DeepL alternative."
"validation.activeProductionInorganicInvalidMany","pl-PL","{resource} is marked as produced, but is not available for outpost extraction in {biomes} biomes.","BFFA154C806911B4861A9A7A75D9EC26BA3F8194E309AE0DB0982EAF8011BBD9","Validation severity, diagnostic, context, or remediation.","HIGH","biomes; resource","","term.outpost=Placówka [strategy=semantic-concept]; term.biome=Biom [strategy=semantic-concept, variants=biom | biomy]","Oznaczono jako produkowany zasób: {resource}. Nie jest on dostępny do wydobycia w placówce w biomach: {biomes}.","{resource} jest oznaczony jako wytwarzany, ale nie jest dostępny do wydobycia w placówkach w biomach {biomes}.","SUBSTANTIVE","CODEX","Oznaczono jako produkowany zasób: {resource}. Nie jest on dostępny do wydobycia w placówce w biomach: {biomes}.","Codex was selected for validation.activeProductionInorganicInvalidMany because it follows the approved term.outpost, term.biome terminology and better preserves the key's semantic role than the DeepL alternative."
"validation.activeProductionInorganicInvalidOne","pl-PL","{resource} is marked as produced, but is not available for outpost extraction in {biomes} biome.","FADF8014E84AA89E507B9D402163008BBE82235A11A07FF450BED88C5B743874","Validation severity, diagnostic, context, or remediation.","HIGH","biomes; resource","","term.outpost=Placówka [strategy=semantic-concept]; term.biome=Biom [strategy=semantic-concept, variants=biom | biomy]","Oznaczono jako produkowany zasób: {resource}. Nie jest on dostępny do wydobycia w placówce w biomie: {biomes}.","{resource} jest oznaczony jako wytwarzany, ale nie jest dostępny do wydobycia w placówce w biomie {biomes}.","SUBSTANTIVE","CODEX","Oznaczono jako produkowany zasób: {resource}. Nie jest on dostępny do wydobycia w placówce w biomie: {biomes}.","Codex was selected for validation.activeProductionInorganicInvalidOne because it follows the approved term.outpost, term.biome terminology and better preserves the key's semantic role than the DeepL alternative."
"validation.activeProductionOrganicInvalid","pl-PL","{resource} is marked as produced, but this producer is not eligible for farming on this planet.","2F0C5797AE620D2E2C9475EB6B0621FB9D5464B0F2BA5FFFD24A8D0AEDB04273","Validation severity, diagnostic, context, or remediation.","HIGH","resource","","term.planet=Planeta [strategy=semantic-concept]","Oznaczono jako produkowany zasób: {resource}. Ten producent nie kwalifikuje się do produkcji organicznej na tej planecie.","","MISSING","CODEX","Oznaczono jako produkowany zasób: {resource}. Ten producent nie kwalifikuje się do produkcji organicznej na tej planecie.","Planet-level organic farming semantics were reviewed for this correction; prior biome-bound source evidence is intentionally retired."
"validation.activeProductionOrganicInvalidMany","pl-PL","{resource} is marked as produced, but this producer is not eligible for farming on this planet.","2F0C5797AE620D2E2C9475EB6B0621FB9D5464B0F2BA5FFFD24A8D0AEDB04273","Validation severity, diagnostic, context, or remediation.","HIGH","resource","","term.planet=Planeta [strategy=semantic-concept]","Oznaczono jako produkowany zasób: {resource}. Ten producent nie kwalifikuje się do produkcji organicznej na tej planecie.","","MISSING","CODEX","Oznaczono jako produkowany zasób: {resource}. Ten producent nie kwalifikuje się do produkcji organicznej na tej planecie.","Planet-level organic farming semantics were reviewed for this correction; prior biome-bound source evidence is intentionally retired."
"validation.activeProductionOrganicInvalidOne","pl-PL","{resource} is marked as produced, but this producer is not eligible for farming on this planet.","2F0C5797AE620D2E2C9475EB6B0621FB9D5464B0F2BA5FFFD24A8D0AEDB04273","Validation severity, diagnostic, context, or remediation.","HIGH","resource","","term.planet=Planeta [strategy=semantic-concept]","Oznaczono jako produkowany zasób: {resource}. Ten producent nie kwalifikuje się do produkcji organicznej na tej planecie.","","MISSING","CODEX","Oznaczono jako produkowany zasób: {resource}. Ten producent nie kwalifikuje się do produkcji organicznej na tej planecie.","Planet-level organic farming semantics were reviewed for this correction; prior biome-bound source evidence is intentionally retired."
"validation.bodySystemMismatch","pl-PL","This outpost's selected planetary body does not belong to its selected star system.","665FF46A8B0020E578CB5C395BE5C1C6862BDFDEE41C4B4B306E10E372FBBED9","Validation severity, diagnostic, context, or remediation.","HIGH","","","term.outpost=Placówka [strategy=semantic-concept]; term.planetary-body=Ciało planetarne [strategy=semantic-concept]; term.star-system=Układ gwiezdny [strategy=semantic-concept, variants=układ gwiezdny | układ]","Ciało planetarne wybrane dla tej placówki nie należy do wybranego układu gwiezdnego.","Wybrane ciało niebieskie tej placówki nie należy do wybranego układu gwiezdnego.","SUBSTANTIVE","CODEX","Ciało planetarne wybrane dla tej placówki nie należy do wybranego układu gwiezdnego.","Codex was selected for validation.bodySystemMismatch because it follows the approved term.outpost, term.planetary-body, term.star-system terminology and better preserves the key's semantic role than the DeepL alternative."
"validation.cargoPadLinkedMultiple","pl-PL","This Cargo Link has more than one connection.","FCD89051E9CB532472031A914B324BEF8ADA243221C547604A09A13BDFFCCEE8","Validation severity, diagnostic, context, or remediation.","HIGH","","","term.cargo-link=Połączenie towarowe [strategy=semantic-concept]","To połączenie towarowe ma więcej niż jedno połączenie.","To połączenie ładunkowe ma więcej niż jedno połączenie.","SUBSTANTIVE","CUSTOM","To połączenie towarowe jest powiązane z więcej niż jednym punktem końcowym.","Custom wording removes the redundant double use of “połączenie”, retains the official Cargo Link term, and states the multiple-endpoint fault precisely."
"validation.cargoPadSkillLimit","pl-PL","This outpost has {count} cargo links, but the current {skill} level allows a maximum of {limit}.","0D4B4EC504FA591E5B87AC6D9D9D48704DB2E7C3FAD97D63FAFC367862119097","Validation severity, diagnostic, context, or remediation.","HIGH","count; limit; skill","","term.cargo-link=Połączenie towarowe [strategy=semantic-concept]; term.outpost=Placówka [strategy=semantic-concept]","Liczba połączeń towarowych w tej placówce: {count}. Umiejętność „{skill}” na obecnym poziomie pozwala na maksymalnie {limit}.","Ta placówka posiada {count} połączeń Cargo Link, ale obecny poziom {skill} pozwala na maksymalnie {limit}.","SUBSTANTIVE","CODEX","Liczba połączeń towarowych w tej placówce: {count}. Umiejętność „{skill}” na obecnym poziomie pozwala na maksymalnie {limit}.","Codex was selected for validation.cargoPadSkillLimit because it follows the approved term.cargo-link, term.outpost terminology and better preserves the key's semantic role than the DeepL alternative."
"validation.characterNameLength","pl-PL","Starfield character names normally use up to 25 characters.","E22C3A22E8AFD62400F23E47FF57D17D87AF7911704417F68C33BE1A216F682E","Validation severity, diagnostic, context, or remediation.","HIGH","","","product.starfield=Starfield [strategy=phrase]","Imiona postaci w Starfield mają zwykle maksymalnie 25 znaków.","","MISSING","CODEX","Imiona postaci w Starfield mają zwykle maksymalnie 25 znaków.","Pre-release polish copy: Codex drafted and reviewed validation.characterNameLength against the approved brief and established validation tone; no new DeepL or native review."
"validation.close","pl-PL","Close validation details","CA5D5310C383358C79F7A0FE35B48EDA45CE70634CC9046D5D37DA7AE23609B5","Validation severity, diagnostic, context, or remediation.","HIGH","","","glossary.validation=Walidacja [strategy=semantic-concept, variants=walidacja | sprawdzenie poprawności]","Zamknij szczegóły walidacji","Zamknij szczegóły weryfikacji","SUBSTANTIVE","CODEX","Zamknij szczegóły walidacji","Codex was selected for validation.close because it follows the approved glossary.validation terminology and better preserves the key's semantic role than the DeepL alternative."
"validation.context.pad","pl-PL","Cargo Link {ordinal}","EFB845F6ED747B80EB2821A9912CDC967497F7C7C6466595AABF814F4A25EFC6","Validation severity, diagnostic, context, or remediation.","HIGH","ordinal","","term.cargo-link=Połączenie towarowe [strategy=semantic-concept]","Połączenie towarowe {ordinal}","Łącze transportowe {ordinal}","SUBSTANTIVE","CODEX","Połączenie towarowe {ordinal}","Codex was selected for validation.context.pad because it follows the approved term.cargo-link terminology and better preserves the key's semantic role than the DeepL alternative."
"validation.context.separator","pl-PL","{outpost} · {pad}","3724D428153B755740BF4189602FF2B37B154948ECE74684C39EDBECAAF6CE81","Validation severity, diagnostic, context, or remediation.","HIGH","outpost; pad","","term.outpost=Placówka [strategy=semantic-concept]","{outpost} · {pad}","{placówka} · {platformy}","INVALID_TOKENS","INVALID_DEEPL_REPAIRED","{outpost} · {pad}","DeepL candidate for validation.context.separator failed PLACEHOLDERS validation and remains recorded as invalid evidence; the structurally safe Codex candidate preserves the source meaning and required tokens."
"validation.counts","pl-PL","{errors} errors · {warnings} warnings · {info} info","DA686744D7CB82372559F943895D7E118662B1F85B19FE5C587A573C860675F2","Validation severity, diagnostic, context, or remediation.","HIGH","errors; info; warnings","","glossary.validation-error=Błąd [strategy=semantic-concept]; glossary.validation-warning=Ostrzeżenie [strategy=semantic-concept]; glossary.validation-info=Informacja [strategy=semantic-concept]","Błędy: {errors} · Ostrzeżenia: {warnings} · Informacje: {info}","{errors} błędów · {warnings} ostrzeżeń · {info} informacji","SUBSTANTIVE","CODEX","Błędy: {errors} · Ostrzeżenia: {warnings} · Informacje: {info}","Codex was selected for validation.counts because it follows the approved glossary.validation-error, glossary.validation-warning, glossary.validation-info terminology and better preserves the key's semantic role than the DeepL alternative."
"validation.duplicateActiveProduction","pl-PL","{item} appears more than once in this outpost's active production.","408EF1531484F81EF82204FDC8AC014CD10136752AF8CE8BB63C6909DE609C3D","Validation severity, diagnostic, context, or remediation.","HIGH","item","","term.outpost=Placówka [strategy=semantic-concept]; glossary.active-production=Aktywna produkcja [strategy=semantic-concept]","Pozycja występuje więcej niż raz w aktywnej produkcji tej placówki: {item}.","{przedmiot} pojawia się więcej niż raz w aktywnej produkcji tej placówki.","INVALID_TOKENS","INVALID_DEEPL_REPAIRED","Pozycja występuje więcej niż raz w aktywnej produkcji tej placówki: {item}.","DeepL candidate for validation.duplicateActiveProduction failed PLACEHOLDERS validation and remains recorded as invalid evidence; the structurally safe Codex candidate preserves the source meaning and required tokens."
"validation.duplicateBiome","pl-PL","{item} appears more than once in this outpost's biome selection.","98D4842D5357ED12DCAEE0CB21876314875296892807D9F0B4E8D5BF6B1D6DC4","Validation severity, diagnostic, context, or remediation.","HIGH","item","","term.outpost=Placówka [strategy=semantic-concept]; term.biome=Biom [strategy=semantic-concept, variants=biom | biomy]","Pozycja występuje więcej niż raz w wyborze biomów tej placówki: {item}.","{element} pojawia się więcej niż raz w wyborze biomów tej placówki.","INVALID_TOKENS","INVALID_DEEPL_REPAIRED","Pozycja występuje więcej niż raz w wyborze biomów tej placówki: {item}.","DeepL candidate for validation.duplicateBiome failed PLACEHOLDERS validation and remains recorded as invalid evidence; the structurally safe Codex candidate preserves the source meaning and required tokens."
"validation.duplicateExplicitPresence","pl-PL","{item} appears more than once in this outpost's explicit resource presence.","7CD8AA72F3BB3FFD4303234B375FB45AE1AC996C70661B0579FB124DAB3A85B0","Validation severity, diagnostic, context, or remediation.","HIGH","item","","term.outpost=Placówka [strategy=semantic-concept]","Pozycja występuje więcej niż raz w jawnej obecności zasobów tej placówki: {item}.","{przedmiot} pojawia się więcej niż raz w jawnie określonych zasobach tej placówki.","INVALID_TOKENS","INVALID_DEEPL_REPAIRED","Pozycja występuje więcej niż raz w jawnej obecności zasobów tej placówki: {item}.","DeepL candidate for validation.duplicateExplicitPresence failed PLACEHOLDERS validation and remains recorded as invalid evidence; the structurally safe Codex candidate preserves the source meaning and required tokens."
"validation.duplicateLocalResource","pl-PL","{item} appears more than once in this outpost's local resources.","98590D7EF4CF73812F603C54B05B2E992917A3EE655737A9C2D457E55374C51A","Validation severity, diagnostic, context, or remediation.","HIGH","item","","term.outpost=Placówka [strategy=semantic-concept]","Pozycja występuje więcej niż raz w zasobach lokalnych tej placówki: {item}.","{item} pojawia się więcej niż raz wśród lokalnych zasobów tej placówki.","SUBSTANTIVE","CODEX","Pozycja występuje więcej niż raz w zasobach lokalnych tej placówki: {item}.","Codex was selected for validation.duplicateLocalResource because it follows the approved term.outpost terminology and better preserves the key's semantic role than the DeepL alternative."
"validation.duplicateManufacturing","pl-PL","{item} appears more than once in this outpost's manufacturing list.","4A672C33903413951067839530919DA2B42703B982606FF49CFD4A9B2177D74C","Validation severity, diagnostic, context, or remediation.","HIGH","item","","term.outpost=Placówka [strategy=semantic-concept]; glossary.manufacturing=Wytwarzanie [strategy=semantic-concept]","Pozycja występuje więcej niż raz na liście wytwarzania tej placówki: {item}.","{item} pojawia się więcej niż raz na liście produkcji tej placówki.","SUBSTANTIVE","CODEX","Pozycja występuje więcej niż raz na liście wytwarzania tej placówki: {item}.","Codex was selected for validation.duplicateManufacturing because it follows the approved term.outpost, glossary.manufacturing terminology and better preserves the key's semantic role than the DeepL alternative."
"validation.duplicateOutboundItem","pl-PL","{item} appears more than once in this Cargo Link's outbound items.","39E57ED738A1A8E969109EC4BFED550BB5F922390A5D4FF9304D8BA5F426ED02","Validation severity, diagnostic, context, or remediation.","HIGH","item","","term.cargo-link=Połączenie towarowe [strategy=semantic-concept]","Pozycja występuje więcej niż raz w ładunku wychodzącym tego połączenia towarowego: {item}.","{item} pojawia się więcej niż raz wśród wysyłanych przedmiotów tego Cargo Link.","SUBSTANTIVE","CODEX","Pozycja występuje więcej niż raz w ładunku wychodzącym tego połączenia towarowego: {item}.","Codex was selected for validation.duplicateOutboundItem because it follows the approved term.cargo-link terminology and better preserves the key's semantic role than the DeepL alternative."
"validation.duplicateOutpostName","pl-PL","{count} outposts are named ""{name}"". Unique outpost names are recommended to avoid ambiguity.","4C8312E1F6CCD26528398627BD8DE9C4025557A067D2F60A875E399608F5E6C4","Validation severity, diagnostic, context, or remediation.","HIGH","count; name","","term.outpost=Placówka [strategy=semantic-concept]","Liczba placówek o nazwie „{name}”: {count}. Zaleca się używanie unikatowych nazw placówek, aby uniknąć niejednoznaczności.","{count} placówek nosi nazwę „{name}”. Zaleca się nadawanie placówkom unikalnych nazw, aby uniknąć niejasności.","SUBSTANTIVE","CODEX","Liczba placówek o nazwie „{name}”: {count}. Zaleca się używanie unikatowych nazw placówek, aby uniknąć niejednoznaczności.","Codex was selected for validation.duplicateOutpostName because it follows the approved term.outpost terminology and better preserves the key's semantic role than the DeepL alternative."
"validation.duplicatePlannedSupply","pl-PL","{item} appears more than once in this outpost's Planned Supply.","2D1491D5C8DB17E640841C670CA7202B62919A7E7B4399F17C2D7A20F01ED98D","Validation severity, diagnostic, context, or remediation.","HIGH","item","","term.outpost=Placówka [strategy=semantic-concept]; glossary.planned-supply=Planowane zaopatrzenie [strategy=semantic-concept]","Pozycja występuje więcej niż raz w planowanym zaopatrzeniu tej placówki: {item}.","{item} pojawia się więcej niż raz w planowanych dostawach tej placówki.","SUBSTANTIVE","CODEX","Pozycja występuje więcej niż raz w planowanym zaopatrzeniu tej placówki: {item}.","Codex was selected for validation.duplicatePlannedSupply because it follows the approved term.outpost, glossary.planned-supply terminology and better preserves the key's semantic role than the DeepL alternative."
"validation.filter.all","pl-PL","All","A52ACE420F2175D08B1577A1BEA5445E36801229C074EF9ED6C55A73401FD9C2","Validation severity, diagnostic, context, or remediation.","HIGH","","","","Wszystkie","Wszystkie","IDENTICAL","AGREED","Wszystkie","Both independent candidates agree for validation.filter.all; the shared wording preserves the English meaning, required syntax, and recorded UI context."
"validation.filter.error","pl-PL","Errors","CB702378F31507EFA79A2A2C6046050BC9F578F149C88E3C0A3D9532AB4B5300","Validation severity, diagnostic, context, or remediation.","HIGH","","","glossary.validation-error=Błąd [strategy=semantic-concept]","Błędy","Błędy","IDENTICAL","AGREED","Błędy","Both independent candidates agree for validation.filter.error; the shared wording preserves the English meaning, required syntax, and recorded UI context."
"validation.filter.info","pl-PL","Info","170322A32F3C35B2C61576A5553D352D7B3C8AE7086DAB78F15FC891A28C067C","Validation severity, diagnostic, context, or remediation.","HIGH","","","glossary.validation-info=Informacja [strategy=semantic-concept]","Informacje","Informacje","IDENTICAL","AGREED","Informacje","Both independent candidates agree for validation.filter.info; the shared wording preserves the English meaning, required syntax, and recorded UI context."
"validation.filter.warning","pl-PL","Warnings","0E04CD10F9AFD7E546E176B34B56A243D8C741198AA0BFEE27D7661A370DC043","Validation severity, diagnostic, context, or remediation.","HIGH","","","glossary.validation-warning=Ostrzeżenie [strategy=semantic-concept]","Ostrzeżenia","Ostrzeżenia","IDENTICAL","AGREED","Ostrzeżenia","Both independent candidates agree for validation.filter.warning; the shared wording preserves the English meaning, required syntax, and recorded UI context."
"validation.heading","pl-PL","Validation","68E1CA575295BB5604FEA711B5D2EFF44006CE4BD985481083A76B71FCE0DAEF","Heading for domain validation results containing errors, warnings, and informational findings; not form submission validation alone. This is a visible heading.","HIGH","","","glossary.validation=Walidacja [strategy=semantic-concept, variants=walidacja | sprawdzenie poprawności]","Walidacja","Weryfikacja","SUBSTANTIVE","CODEX","Walidacja","Codex was selected for validation.heading because it follows the approved glossary.validation terminology and better preserves the key's semantic role than the DeepL alternative."
"validation.interstellarHelium3","pl-PL","This Inter-System Cargo Link is sending cargo, but its outpost has no available Helium-3 supply.","5ACB93205A0583C817D0B8157F802B528C08E057BB0ADEAB9A916148D18F9171","Validation severity, diagnostic, context, or remediation.","HIGH","","","term.inter-system-cargo-link=Międzyukładowe połączenie towarowe [strategy=semantic-concept, variants=międzyukładowe połączenie towarowe | połączenie towarowe międzyukładowe]; term.cargo-link=Połączenie towarowe [strategy=semantic-concept]; term.outpost=Placówka [strategy=semantic-concept]","To międzyukładowe połączenie towarowe wysyła ładunek, ale w jego placówce nie ma dostępnego zaopatrzenia w hel-3.","Ten międzysystemowy kanał transportowy wysyła ładunek, ale jego placówka nie dysponuje zapasami helu-3.","SUBSTANTIVE","CODEX","To międzyukładowe połączenie towarowe wysyła ładunek, ale w jego placówce nie ma dostępnego zaopatrzenia w hel-3.","Codex was selected for validation.interstellarHelium3 because it follows the approved term.inter-system-cargo-link, term.cargo-link, term.outpost terminology and better preserves the key's semantic role than the DeepL alternative."
"validation.invalidCharacterLevel","pl-PL","Character level is {level}, but a recorded character level must be a whole number from {minimum} to {maximum}.","557A628B5FD3728FAAC1175E6D6EAF7F8D41ED8CB896805EB05788BB52ADF1A6","Validation severity, diagnostic, context, or remediation.","HIGH","level; maximum; minimum","","","Poziom postaci: {level}. Zapisany poziom musi być liczbą całkowitą od {minimum} do {maximum}.","Poziom postaci wynosi {level}, ale zarejestrowany poziom postaci musi być liczbą całkowitą z przedziału od {minimum} do {maximum}.","SUBSTANTIVE","CODEX","Poziom postaci: {level}. Zapisany poziom musi być liczbą całkowitą od {minimum} do {maximum}.","Codex was selected for validation.invalidCharacterLevel because it safely isolates the opaque level; maximum; minimum parameters and preserves the source meaning without unsafe Polish agreement or case assumptions."
"validation.invalidSkillLevel","pl-PL","{skill} has level {level}, but valid skill levels are integers {minimum} through {maximum}.","479C20E3082325683BBB0FD99CD53B56C8C4A7A002923C68D54B6E9487411C86","Validation severity, diagnostic, context, or remediation.","HIGH","level; maximum; minimum; skill","","","Umiejętność: {skill}. Poziom: {level}. Prawidłowe poziomy to liczby całkowite od {minimum} do {maximum}.","Umiejętność {skill} ma poziom {level}, ale prawidłowe poziomy umiejętności to liczby całkowite od {minimum} do {maximum}.","SUBSTANTIVE","CODEX","Umiejętność: {skill}. Poziom: {level}. Prawidłowe poziomy to liczby całkowite od {minimum} do {maximum}.","Codex was selected for validation.invalidSkillLevel because it safely isolates the opaque level; maximum; minimum; skill parameters and preserves the source meaning without unsafe Polish agreement or case assumptions."
"validation.issueCount","pl-PL","Validation: {count} {count, plural, one {issue} other {issues}}","F0C30AE770A0C8A8C672000A3292FF3FE8F3D0A23945D4079779B5A408A675C4","Validation severity, diagnostic, context, or remediation.","HIGH","count","","glossary.validation=Walidacja [strategy=semantic-concept, variants=walidacja | sprawdzenie poprawności]","{count, plural, one {} other {}}Walidacja — liczba problemów: {count}","Weryfikacja: {count} {count, liczba mnoga, jeden {problem} lub więcej {problemów}}","INVALID_TOKENS","INVALID_DEEPL_REPAIRED","{count, plural, one {} other {}}Walidacja — liczba problemów: {count}","DeepL candidate for validation.issueCount failed PLURAL_SYNTAX validation and remains recorded as invalid evidence; the structurally safe Codex candidate preserves the source meaning and required tokens."
"validation.manufacturingInputUnavailable","pl-PL","{product} requires {input}, but {input} is not available at this outpost.","5D636D52EEFF0A72CE322FD0388383DD6783828EE5AC9DA99242EE7CA9F7CE4F","Validation severity, diagnostic, context, or remediation.","HIGH","input; product","","term.outpost=Placówka [strategy=semantic-concept]; glossary.inputs=Wymagane materiały [strategy=semantic-concept, variants=wymagane materiały | wymagane zasoby | składniki]","Produkt: {product}. Wymagany materiał jest niedostępny w tej placówce: {input}.","{produkt} wymaga {danych wejściowych}, ale {dane wejściowe} nie są dostępne w tej placówce.","INVALID_TOKENS","INVALID_DEEPL_REPAIRED","Produkt: {product}. Wymagany materiał jest niedostępny w tej placówce: {input}.","DeepL candidate for validation.manufacturingInputUnavailable failed PLACEHOLDERS validation and remains recorded as invalid evidence; the structurally safe Codex candidate preserves the source meaning and required tokens."
"validation.missingCargoEndpoint","pl-PL","This cargo connection refers to a missing outpost or Cargo Link endpoint.","DE666AA19EEA71AF84123F9502737CCA410AEA2B9EA680E0DBB0DA1B22BCD1EB","Validation severity, diagnostic, context, or remediation.","HIGH","","","term.cargo-link=Połączenie towarowe [strategy=semantic-concept]; term.outpost=Placówka [strategy=semantic-concept]","Połączenie ładunkowe odwołuje się do brakującej placówki lub brakującego punktu końcowego połączenia towarowego.","To połączenie transportowe odnosi się do nieistniejącej placówki lub punktu końcowego Cargo Link.","SUBSTANTIVE","CODEX","Połączenie ładunkowe odwołuje się do brakującej placówki lub brakującego punktu końcowego połączenia towarowego.","Codex was selected for validation.missingCargoEndpoint because it follows the approved term.cargo-link, term.outpost terminology and better preserves the key's semantic role than the DeepL alternative."
"validation.none","pl-PL","No validation issues.","21D05437FB5BF4D6620AD3FEB0A477B311E4FE078083DD371C526972FEAEEF5C","Validation severity, diagnostic, context, or remediation.","HIGH","","","glossary.validation=Walidacja [strategy=semantic-concept, variants=walidacja | sprawdzenie poprawności]","Brak problemów wykrytych przez walidację.","Brak problemów z walidacją.","SUBSTANTIVE","CODEX","Brak problemów wykrytych przez walidację.","Codex was selected for validation.none because it follows the approved glossary.validation terminology and better preserves the key's semantic role than the DeepL alternative."
"validation.open","pl-PL","Open validation details","77DDEF905E8B93BB72AE88AD640D48A41D25FB28E2530E59996DCF1A94822ECA","Validation severity, diagnostic, context, or remediation.","HIGH","","","glossary.validation=Walidacja [strategy=semantic-concept, variants=walidacja | sprawdzenie poprawności]","Otwórz szczegóły walidacji","Otwórz szczegóły walidacji","IDENTICAL","AGREED","Otwórz szczegóły walidacji","Both independent candidates agree for validation.open; the shared wording preserves the English meaning, required syntax, and recorded UI context."
"validation.organicInputUnavailable","pl-PL","{species} requires {input}, but {input} is not available at this outpost.","6C9034CE1B9DD269D679570EB922B190B3A495B01898426091DF8323B7C6517F","Validation severity, diagnostic, context, or remediation.","HIGH","input; species","","term.outpost=Placówka [strategy=semantic-concept]; glossary.inputs=Wymagane materiały [strategy=semantic-concept, variants=wymagane materiały | wymagane zasoby | składniki]","Gatunek: {species}. Wymagany materiał jest niedostępny w tej placówce: {input}.","{gatunek} wymaga {danych wejściowych}, ale {dane wejściowe} nie są dostępne w tej placówce.","INVALID_TOKENS","INVALID_DEEPL_REPAIRED","Gatunek: {species}. Wymagany materiał jest niedostępny w tej placówce: {input}.","DeepL candidate for validation.organicInputUnavailable failed PLACEHOLDERS validation and remains recorded as invalid evidence; the structurally safe Codex candidate preserves the source meaning and required tokens."
"validation.outpostBodyNotEligible","pl-PL","This outpost is located on a body that cannot host outposts.","2A2282A192939493A1C1868D1A1C14D95443D82432460E1B0D29B81953D33AE1","Validation severity, diagnostic, context, or remediation.","HIGH","","","term.outpost=Placówka [strategy=semantic-concept]; term.planetary-body=Ciało planetarne [strategy=semantic-concept]","Ta placówka znajduje się na ciele planetarnym, na którym nie można budować placówek.","Ten posterunek znajduje się na ciele niepozwalającym na umieszczenie posterunków.","SUBSTANTIVE","CODEX","Ta placówka znajduje się na ciele planetarnym, na którym nie można budować placówek.","Codex was selected for validation.outpostBodyNotEligible because it follows the approved term.outpost, term.planetary-body terminology and better preserves the key's semantic role than the DeepL alternative."
"validation.outpostNameLength","pl-PL","Starfield normally limits outpost names to 25 characters; longer modded names remain supported.","E784CAB57A18B4483195176094C6A818AE3FBEFF92674F7355962C05A1877A44","Validation severity, diagnostic, context, or remediation.","HIGH","","","term.outpost=Placówka [strategy=semantic-concept]; product.starfield=Starfield [strategy=phrase]","Starfield zwykle ogranicza nazwy placówek do 25 znaków; dłuższe nazwy dodane przez mody pozostają obsługiwane.","W grze Starfield długość nazwy placówki jest zazwyczaj ograniczona do 25 znaków; dłuższe nazwy wynikające z modyfikacji są nadal obsługiwane.","SUBSTANTIVE","CODEX","Starfield zwykle ogranicza nazwy placówek do 25 znaków; dłuższe nazwy dodane przez mody pozostają obsługiwane.","Codex was selected for validation.outpostNameLength because it follows the approved term.outpost, product.starfield terminology and better preserves the key's semantic role than the DeepL alternative."
"validation.outpostSkillLimit","pl-PL","This network has {count} outposts, but the current {skill} level allows a maximum of {limit}.","4D1CE1DF98BDA2E18E1BEA5735B16B8AD97CCC63E5B2E324E8E39BF4A1E4489F","Validation severity, diagnostic, context, or remediation.","HIGH","count; limit; skill","","term.outpost=Placówka [strategy=semantic-concept]; glossary.network=Sieć [strategy=semantic-concept]","Liczba placówek w tej sieci: {count}. Umiejętność „{skill}” na obecnym poziomie pozwala na maksymalnie {limit}.","Ta sieć ma {count} placówek, ale obecny poziom {skill} pozwala na maksymalnie {limit}.","SUBSTANTIVE","CODEX","Liczba placówek w tej sieci: {count}. Umiejętność „{skill}” na obecnym poziomie pozwala na maksymalnie {limit}.","Codex was selected for validation.outpostSkillLimit because it follows the approved term.outpost, glossary.network terminology and better preserves the key's semantic role than the DeepL alternative."
"validation.planetaryHabitationRequirement","pl-PL","This outpost requires {skill} rank {required}, but the recorded character rank is {recorded}.","F45CBAADE159B507024D0485DB395C0F14F2DB63F6C23FB7CD5712E1935E5EA9","Validation severity, diagnostic, context, or remediation.","HIGH","recorded; required; skill","","term.outpost=Placówka [strategy=semantic-concept]","Ta placówka wymaga rangi {required}. Umiejętność: {skill}. Zapisana ranga postaci: {recorded}.","Ten posterunek wymaga rangi {skill} na poziomie {required}, ale zarejestrowana ranga postaci to {recorded}.","SUBSTANTIVE","CODEX","Ta placówka wymaga rangi {required}. Umiejętność: {skill}. Zapisana ranga postaci: {recorded}.","Codex was selected for validation.planetaryHabitationRequirement because it follows the approved term.outpost terminology and better preserves the key's semantic role than the DeepL alternative."
"validation.plannedSupplyUnresolved","pl-PL","{count} {count, plural, one {item} other {items}} in Planned Supply: {itemList}.","BE7699EC7C1923EA45A34F86ED126C15EF94933206CDB8839A9C6FAE4310BF48","Validation severity, diagnostic, context, or remediation.","HIGH","count; itemList","","glossary.planned-supply=Planowane zaopatrzenie [strategy=semantic-concept]","{count, plural, one {} other {}}Planowane zaopatrzenie — liczba nierozwiązanych pozycji: {count}. Pozycje: {itemList}.","{count} {count, liczba mnoga, jeden {element} lub inne {elementy}} w planowanych dostawach: {itemList}.","INVALID_TOKENS","INVALID_DEEPL_REPAIRED","{count, plural, one {} other {}}Planowane zaopatrzenie — liczba nierozwiązanych pozycji: {count}. Pozycje: {itemList}.","DeepL candidate for validation.plannedSupplyUnresolved failed PLURAL_SYNTAX validation and remains recorded as invalid evidence; the structurally safe Codex candidate preserves the source meaning and required tokens."
"validation.regularPadCrossSystem","pl-PL","This Cargo Link is connected to an outpost in another star system; use an Inter-System Cargo Link instead.","0036D346FA2E3589A83E0C1E156EB47038633D52DD365DF5CD83EED4B3C9A2FB","Validation severity, diagnostic, context, or remediation.","HIGH","","","term.inter-system-cargo-link=Międzyukładowe połączenie towarowe [strategy=semantic-concept, variants=międzyukładowe połączenie towarowe | połączenie towarowe międzyukładowe]; term.cargo-link=Połączenie towarowe [strategy=semantic-concept]; term.outpost=Placówka [strategy=semantic-concept]; term.star-system=Układ gwiezdny [strategy=semantic-concept, variants=układ gwiezdny | układ]","Połączenie towarowe prowadzi do placówki w innym układzie gwiezdnym; zamiast niego użyj międzyukładowego połączenia towarowego.","To połączenie transportowe jest połączone z placówką w innym układzie gwiezdnym; zamiast tego użyj międzyukładowego połączenia transportowego.","SUBSTANTIVE","CODEX","Połączenie towarowe prowadzi do placówki w innym układzie gwiezdnym; zamiast niego użyj międzyukładowego połączenia towarowego.","Codex was selected for validation.regularPadCrossSystem because it follows the approved term.inter-system-cargo-link, term.cargo-link, term.outpost, term.star-system terminology and better preserves the key's semantic role than the DeepL alternative."
"validation.remediation.extraction","pl-PL","Available for extraction in: {biomes}","033652C06FCF14E7028EFC79DED08BDC6242BAF35CBC75A969F66CF88E50189F","Validation severity, diagnostic, context, or remediation.","HIGH","biomes","","term.biome=Biom [strategy=semantic-concept, variants=biom | biomy]","Dostępność do wydobycia — biomy: {biomes}","Dostępne do wydobycia w: {biomy}","INVALID_TOKENS","INVALID_DEEPL_REPAIRED","Dostępność do wydobycia — biomy: {biomes}","DeepL candidate for validation.remediation.extraction failed PLACEHOLDERS validation and remains recorded as invalid evidence; the structurally safe Codex candidate preserves the source meaning and required tokens."
"validation.remediation.harvesting","pl-PL","Choose a valid domesticable producer on this planet.","08B21A3BAF71C04CE8965D7CBDF3B5C0B22975229FCEF85135EF7B4096BE19DB","Validation severity, diagnostic, context, or remediation.","HIGH","","","term.planet=Planeta [strategy=semantic-concept]","Wybierz prawidłowego producenta możliwego do hodowli na tej planecie.","","MISSING","CODEX","Wybierz prawidłowego producenta możliwego do hodowli na tej planecie.","Planet-level organic farming semantics were reviewed for this correction; prior biome-bound source evidence is intentionally retired."
"validation.remediation.organicSources","pl-PL","Available from: {sources}","079E06CF1CE43D59E4122D165732D4D39B7405F6EA48021A2BFF063549D71012","Validation severity, diagnostic, context, or remediation.","HIGH","sources","","glossary.source=Źródło [strategy=semantic-concept]","Dostępne źródła: {sources}","Dostępne z: {źródła}","INVALID_TOKENS","INVALID_DEEPL_REPAIRED","Dostępne źródła: {sources}","DeepL candidate for validation.remediation.organicSources failed PLACEHOLDERS validation and remains recorded as invalid evidence; the structurally safe Codex candidate preserves the source meaning and required tokens."
"validation.selectedBiomeInvalid","pl-PL","This selected biome belongs to a different planetary body.","6D576D3401E2A28EF6D6D90BE82FEF4E4A34C47FDEC0102556426FBE7EC1E066","Validation severity, diagnostic, context, or remediation.","HIGH","","","term.biome=Biom [strategy=semantic-concept, variants=biom | biomy]; term.planetary-body=Ciało planetarne [strategy=semantic-concept]","Wybrany biom należy do innego ciała planetarnego.","Wybrany biom należy do innego ciała niebieskiego.","SUBSTANTIVE","CODEX","Wybrany biom należy do innego ciała planetarnego.","Codex was selected for validation.selectedBiomeInvalid because it follows the approved term.biome, term.planetary-body terminology and better preserves the key's semantic role than the DeepL alternative."
"validation.selfLinkedCargoPad","pl-PL","This cargo connection uses the same Cargo Link at both endpoints.","37A36CCB8D15AE9949772C22FE628AE24C43622ECBA3A4618483EE8B495D65E1","Validation severity, diagnostic, context, or remediation.","HIGH","","","term.cargo-link=Połączenie towarowe [strategy=semantic-concept]","To połączenie ładunkowe używa tego samego połączenia towarowego na obu końcach.","To połączenie transportowe wykorzystuje ten sam Łącznik Transportowy na obu końcach.","SUBSTANTIVE","CUSTOM","Oba punkty końcowe tego połączenia wskazują to samo połączenie towarowe.","Custom wording states the self-link relationship directly, retains the official Cargo Link term, and avoids the awkward constructions in both candidates."
"validation.severity.error","pl-PL","Error","54A0E8C17EBB21A11F8A25B8042786EF7EFE52441E6CC87E92C67E0C4C0C6E78","Validation severity, diagnostic, context, or remediation.","HIGH","","","glossary.validation-error=Błąd [strategy=semantic-concept]","Błąd","Błąd","IDENTICAL","AGREED","Błąd","Both independent candidates agree for validation.severity.error; the shared wording preserves the English meaning, required syntax, and recorded UI context."
"validation.severity.info","pl-PL","Info","170322A32F3C35B2C61576A5553D352D7B3C8AE7086DAB78F15FC891A28C067C","Validation severity, diagnostic, context, or remediation.","HIGH","","","glossary.validation-info=Informacja [strategy=semantic-concept]","Informacja","Informacja","IDENTICAL","AGREED","Informacja","Both independent candidates agree for validation.severity.info; the shared wording preserves the English meaning, required syntax, and recorded UI context."
"validation.severity.warning","pl-PL","Warning","E981DDAE45D8F4CA53F1CCBE613AD254A041DACF65A06026099A6302D332113B","Validation severity, diagnostic, context, or remediation.","HIGH","","","glossary.validation-warning=Ostrzeżenie [strategy=semantic-concept]","Ostrzeżenie","Ostrzeżenie","IDENTICAL","AGREED","Ostrzeżenie","Both independent candidates agree for validation.severity.warning; the shared wording preserves the English meaning, required syntax, and recorded UI context."
"validation.unknownBiome","pl-PL","This outpost refers to unknown body-biome ID ""{id}"".","E1DA964E2CA929F08EAB04CB1BDC0647323400630396D29DE66A0DA4ECC75ACD","Validation severity, diagnostic, context, or remediation.","HIGH","id","ID","term.outpost=Placówka [strategy=semantic-concept]; term.biome=Biom [strategy=semantic-concept, variants=biom | biomy]; term.planetary-body=Ciało planetarne [strategy=semantic-concept]","Ta placówka odwołuje się do nieznanego ID biomu ciała planetarnego: „{id}”.","Ta placówka odnosi się do nieznanego identyfikatora biomu ciała niebieskiego „{id}”.","INVALID_TOKENS","INVALID_DEEPL_REPAIRED","Ta placówka odwołuje się do nieznanego ID biomu ciała planetarnego: „{id}”.","DeepL candidate for validation.unknownBiome failed PROTECTED_TOKEN validation and remains recorded as invalid evidence; the structurally safe Codex candidate preserves the source meaning and required tokens."
"validation.unknownBody","pl-PL","This outpost refers to unknown planetary body ID ""{id}"".","DA5ED3FC64770A5D1CB08189EC222343D0D13D7169E01214381323FCB25228E2","Validation severity, diagnostic, context, or remediation.","HIGH","id","ID","term.outpost=Placówka [strategy=semantic-concept]; term.planetary-body=Ciało planetarne [strategy=semantic-concept]","Ta placówka odwołuje się do nieznanego ID ciała planetarnego: „{id}”.","Ten posterunek odnosi się do nieznanego identyfikatora ciała planetarnego „{id}”.","INVALID_TOKENS","INVALID_DEEPL_REPAIRED","Ta placówka odwołuje się do nieznanego ID ciała planetarnego: „{id}”.","DeepL candidate for validation.unknownBody failed PROTECTED_TOKEN validation and remains recorded as invalid evidence; the structurally safe Codex candidate preserves the source meaning and required tokens."
"validation.unknownExplicitResource","pl-PL","This outpost refers to unknown resource ID ""{id}"" in its explicit resource presence.","FD98EB6E83DF87E0D8F039DEAB0DBEB6B9FF1057B00476AB6E52CF432263451E","Validation severity, diagnostic, context, or remediation.","HIGH","id","ID","term.outpost=Placówka [strategy=semantic-concept]","Ta placówka odwołuje się w jawnej obecności zasobów do nieznanego ID zasobu: „{id}”.","Ta placówka odwołuje się do nieznanego identyfikatora zasobu „{id}” w swojej jawnie określonej liście zasobów.","INVALID_TOKENS","INVALID_DEEPL_REPAIRED","Ta placówka odwołuje się w jawnej obecności zasobów do nieznanego ID zasobu: „{id}”.","DeepL candidate for validation.unknownExplicitResource failed PROTECTED_TOKEN validation and remains recorded as invalid evidence; the structurally safe Codex candidate preserves the source meaning and required tokens."
"validation.unknownLocalResource","pl-PL","This outpost refers to unknown resource ID ""{id}"" in its local resources.","25EF5B070F2192423A3417D425AD2BD968121472069DE0634ABEAD4478721816","Validation severity, diagnostic, context, or remediation.","HIGH","id","ID","term.outpost=Placówka [strategy=semantic-concept]","Ta placówka odwołuje się w zasobach lokalnych do nieznanego ID zasobu: „{id}”.","Ta placówka odwołuje się do nieznanego identyfikatora zasobu „{id}” w swoich zasobach lokalnych.","INVALID_TOKENS","INVALID_DEEPL_REPAIRED","Ta placówka odwołuje się w zasobach lokalnych do nieznanego ID zasobu: „{id}”.","DeepL candidate for validation.unknownLocalResource failed PROTECTED_TOKEN validation and remains recorded as invalid evidence; the structurally safe Codex candidate preserves the source meaning and required tokens."
"validation.unknownManufacturingProduct","pl-PL","This outpost refers to unknown product ID ""{id}"" in its manufacturing list.","676EECBDA18952E4E1337C7209F730A4681D85259A469B433214A9CBF262FBCC","Validation severity, diagnostic, context, or remediation.","HIGH","id","ID","term.outpost=Placówka [strategy=semantic-concept]; glossary.manufacturing=Wytwarzanie [strategy=semantic-concept]","Ta placówka odwołuje się na liście wytwarzania do nieznanego ID produktu: „{id}”.","Ta placówka odwołuje się do nieznanego identyfikatora produktu „{id}” na swojej liście produkcji.","INVALID_TOKENS","INVALID_DEEPL_REPAIRED","Ta placówka odwołuje się na liście wytwarzania do nieznanego ID produktu: „{id}”.","DeepL candidate for validation.unknownManufacturingProduct failed PROTECTED_TOKEN validation and remains recorded as invalid evidence; the structurally safe Codex candidate preserves the source meaning and required tokens."
"validation.unknownOutboundItem","pl-PL","This Cargo Link refers to unknown {kind} ID ""{id}"" in its outbound items.","B7A414025A12F066B07642528EBBBB6E1B2E00F8550F92A95603AD724FBD69D9","Validation severity, diagnostic, context, or remediation.","HIGH","id; kind","ID","term.cargo-link=Połączenie towarowe [strategy=semantic-concept]","Połączenie towarowe odwołuje się w ładunku wychodzącym do nieznanego ID. Rodzaj: {kind}; ID: „{id}”.","Ten Łącze Transportowe odnosi się do nieznanego identyfikatora {kind} „{id}” w swoich wysyłanych pozycjach.","INVALID_TOKENS","INVALID_DEEPL_REPAIRED","Połączenie towarowe odwołuje się w ładunku wychodzącym do nieznanego ID. Rodzaj: {kind}; ID: „{id}”.","DeepL candidate for validation.unknownOutboundItem failed PROTECTED_TOKEN validation and remains recorded as invalid evidence; the structurally safe Codex candidate preserves the source meaning and required tokens."
"validation.unknownPlannedItem","pl-PL","This outpost refers to unknown {kind} ID ""{id}"" in Planned Supply.","9F80386C805E2AE70EC4A6E593CE774C919F328FBA406EC4447940E86F3E3FC7","Validation severity, diagnostic, context, or remediation.","HIGH","id; kind","ID","term.outpost=Placówka [strategy=semantic-concept]; glossary.planned-supply=Planowane zaopatrzenie [strategy=semantic-concept]","Ta placówka odwołuje się w planowanym zaopatrzeniu do nieznanego ID. Rodzaj: {kind}; ID: „{id}”.","Ta placówka odnosi się do nieznanego identyfikatora {kind} „{id}” w planowanych dostawach.","INVALID_TOKENS","INVALID_DEEPL_REPAIRED","Ta placówka odwołuje się w planowanym zaopatrzeniu do nieznanego ID. Rodzaj: {kind}; ID: „{id}”.","DeepL candidate for validation.unknownPlannedItem failed PROTECTED_TOKEN validation and remains recorded as invalid evidence; the structurally safe Codex candidate preserves the source meaning and required tokens."
"validation.unknownProductionResource","pl-PL","This outpost refers to unknown resource ID ""{id}"" in its active production.","283D486D59E6085AAFBC0B201C46CB2A08618E9E64205A13AD35087A2EA8ECD7","Validation severity, diagnostic, context, or remediation.","HIGH","id","ID","term.outpost=Placówka [strategy=semantic-concept]; glossary.active-production=Aktywna produkcja [strategy=semantic-concept]","Ta placówka odwołuje się w aktywnej produkcji do nieznanego ID zasobu: „{id}”.","Ta placówka odwołuje się do nieznanego identyfikatora zasobu „{id}” w swojej aktywnej produkcji.","INVALID_TOKENS","INVALID_DEEPL_REPAIRED","Ta placówka odwołuje się w aktywnej produkcji do nieznanego ID zasobu: „{id}”.","DeepL candidate for validation.unknownProductionResource failed PROTECTED_TOKEN validation and remains recorded as invalid evidence; the structurally safe Codex candidate preserves the source meaning and required tokens."
"validation.unknownProductionSpecies","pl-PL","This outpost refers to unknown species ID ""{id}"" in its active production.","91A800002BC1CE2AF9CEFD856D1CBD18D7773ACDE7BBE005AEF527092A252C17","Validation severity, diagnostic, context, or remediation.","HIGH","id","ID","term.outpost=Placówka [strategy=semantic-concept]; glossary.active-production=Aktywna produkcja [strategy=semantic-concept]","Ta placówka odwołuje się w aktywnej produkcji do nieznanego ID gatunku: „{id}”.","Ta placówka odwołuje się do nieznanego identyfikatora gatunku „{id}” w swojej aktywnej produkcji.","INVALID_TOKENS","INVALID_DEEPL_REPAIRED","Ta placówka odwołuje się w aktywnej produkcji do nieznanego ID gatunku: „{id}”.","DeepL candidate for validation.unknownProductionSpecies failed PROTECTED_TOKEN validation and remains recorded as invalid evidence; the structurally safe Codex candidate preserves the source meaning and required tokens."
"validation.unknownSystem","pl-PL","This outpost refers to unknown star system ID ""{id}"".","8432E06037C7C251B843C3EDD4B1A1D078A462F6362C19D2D5FD11D5A39AF2FF","Validation severity, diagnostic, context, or remediation.","HIGH","id","ID","term.outpost=Placówka [strategy=semantic-concept]; term.star-system=Układ gwiezdny [strategy=semantic-concept, variants=układ gwiezdny | układ]","Ta placówka odwołuje się do nieznanego ID układu gwiezdnego: „{id}”.","Ta placówka odwołuje się do nieznanego identyfikatora układu gwiezdnego „{id}”.","INVALID_TOKENS","INVALID_DEEPL_REPAIRED","Ta placówka odwołuje się do nieznanego ID układu gwiezdnego: „{id}”.","DeepL candidate for validation.unknownSystem failed PROTECTED_TOKEN validation and remains recorded as invalid evidence; the structurally safe Codex candidate preserves the source meaning and required tokens."
"validation.unresolvedCargoExport","pl-PL","This cargo export has no actual source.","9EAACCEA3A841501964523BCF982FD87C47D6757074376F1BC1CB8D66A5C4C43","Validation severity, diagnostic, context, or remediation.","HIGH","","","glossary.source=Źródło [strategy=semantic-concept]","Ten eksport ładunku nie ma rzeczywistego źródła.","Ten eksport ładunku nie ma rzeczywistego źródła.","IDENTICAL","AGREED","Ten eksport ładunku nie ma rzeczywistego źródła.","Both independent candidates agree for validation.unresolvedCargoExport; the shared wording preserves the English meaning, required syntax, and recorded UI context."
"validation.unspecifiedOrganicSource","pl-PL","{resource} is recorded as produced, but no flora or fauna source has been specified.","056A3D5076F6B12651B3FB863784E24F15758949E1FCE79C6C9F4EB67B5AB577","Validation severity, diagnostic, context, or remediation.","HIGH","resource","","glossary.source=Źródło [strategy=semantic-concept]","Oznaczono jako produkowany zasób: {resource}. Nie określono jednak źródła flory ani fauny.","{zasób} jest odnotowany jako wyprodukowany, ale nie określono źródła flory ani fauny.","INVALID_TOKENS","INVALID_DEEPL_REPAIRED","Oznaczono jako produkowany zasób: {resource}. Nie określono jednak źródła flory ani fauny.","DeepL candidate for validation.unspecifiedOrganicSource failed PLACEHOLDERS validation and remains recorded as invalid evidence; the structurally safe Codex candidate preserves the source meaning and required tokens."
"validation.xTechCapabilityPresent","pl-PL","{resource} is recorded as present, but the character lacks the required extraction capability.","4932C2D2FC3BBD2ED3859E703D8D1C96C8F12B70E305639170B4F35DD787C001","Validation severity, diagnostic, context, or remediation.","HIGH","resource","","glossary.present=Obecność [strategy=key-scoped, variants=obecność | dostępny | dostępna | dostępne]","Oznaczono obecność zasobu: {resource}. Postać nie ma wymaganej zdolności wydobywczej.","{zasób} jest odnotowany jako obecny, ale postać nie posiada wymaganych zdolności wydobywczych.","INVALID_TOKENS","INVALID_DEEPL_REPAIRED","Oznaczono obecność zasobu: {resource}. Postać nie ma wymaganej zdolności wydobywczej.","DeepL candidate for validation.xTechCapabilityPresent failed PLACEHOLDERS validation and remains recorded as invalid evidence; the structurally safe Codex candidate preserves the source meaning and required tokens."
"validation.xTechCapabilityProduced","pl-PL","{resource} is recorded as produced, but the character lacks the required extraction capability.","1753E5EEEAA84EE6B9C7B00083238621AA9239C11E55991E503F168B1A50975E","Validation severity, diagnostic, context, or remediation.","HIGH","resource","","","Oznaczono jako produkowany zasób: {resource}. Postać nie ma wymaganej zdolności wydobywczej.","{resource} jest odnotowany jako wyprodukowany, ale postać nie posiada wymaganych zdolności wydobywczych.","SUBSTANTIVE","CODEX","Oznaczono jako produkowany zasób: {resource}. Postać nie ma wymaganej zdolności wydobywczej.","Codex was selected for validation.xTechCapabilityProduced because it safely isolates the opaque resource parameters and preserves the source meaning without unsafe Polish agreement or case assumptions."
"validation.xTechRequiresPresence","pl-PL","{resource} is recorded as produced, but it is not explicitly recorded as present at this outpost.","D3303EB03DD18D210409EA33E566B86C34E4EC8108714854E26C2D17E70EDFBC","Validation severity, diagnostic, context, or remediation.","HIGH","resource","","term.outpost=Placówka [strategy=semantic-concept]; glossary.present=Obecność [strategy=key-scoped, variants=obecność | dostępny | dostępna | dostępne]","Oznaczono jako produkowany zasób: {resource}. Jego obecność w tej placówce nie została jawnie zapisana.","{resource} jest odnotowany jako wyprodukowany, ale nie jest wyraźnie odnotowany jako obecny w tej placówce.","SUBSTANTIVE","CODEX","Oznaczono jako produkowany zasób: {resource}. Jego obecność w tej placówce nie została jawnie zapisana.","Codex was selected for validation.xTechRequiresPresence because it follows the approved term.outpost, glossary.present terminology and better preserves the key's semantic role than the DeepL alternative."
