"Key","Locale","EnglishSource","EnglishSourceSha256","Context","Risk","Parameters","ProtectedTokens","OfficialTermConstraints","CodexTranslation","DeepLTranslation","ComparisonStatus","AdjudicationDecision","FinalTranslation","ReviewerNote"
"about.attribution","pt-BR","Cosmos icons created by gravisio - Flaticon","0DA7F5A71BFAF2DD3C6F78AB827EE317AC7E5ADDD769D95D261C12984D08ED1E","About dialog content or accessible control.","LOW","","Cosmos icons created by gravisio - Flaticon","","Cosmos icons created by gravisio - Flaticon","Ícones do Cosmos criados por gravisio - Flaticon","INVALID_TOKENS","INVALID_DEEPL_REPAIRED","Cosmos icons created by gravisio - Flaticon","DeepL is structurally invalid for “Cosmos icons created by gravisio - Flaticon” (about.attribution) because the protected token “Cosmos icons created by gravisio - Flaticon” was altered. The independently reviewed Codex wording is retained as the natural token-safe repair with the exact repository placeholders, plural form, and protected tokens restored."
"about.closeDialog","pt-BR","Close About dialog","BADE4BD70A7F5829AD34BCB1FAEFF8663832F5D9974F5FA0DA112D256E12ED78","About dialog content or accessible control.","LOW","","","","Fechar a caixa de diálogo Sobre","Fechar caixa de diálogo “Sobre”","SUBSTANTIVE","DEEPL","Fechar caixa de diálogo “Sobre”","DeepL is selected for “Close About dialog” (about.closeDialog) because it provides clearer, more idiomatic accessible or instructional wording; placeholders and protected tokens remain exact."
"about.description","pt-BR","A tracking tool for Starfield outpost networks.","A385DFA0EF4B91EF17C72901A82FD98B4A6C087F914E97981E2E268B448516F3","About dialog content or accessible control. This is accessible or instructional text.","LOW","","","term.outpost=Entreposto [strategy=semantic-concept, variants=entreposto | entrepostos]; product.starfield=Starfield [strategy=phrase]; glossary.network=Rede [strategy=semantic-concept]","Uma ferramenta para registrar redes de entrepostos de Starfield.","Uma ferramenta de rastreamento para redes de postos avançados do Starfield.","SUBSTANTIVE","CUSTOM","Uma ferramenta de rastreamento para redes de entrepostos de Starfield.","A custom rendering is used for “A tracking tool for Starfield outpost networks.” (about.description): it keeps the natural target-language word order evidenced by DeepL while replacing its conflicting product term with the approved glossary wording and avoiding the Codex draft's literal ordering."
"cargo.add","pt-BR","Add cargo link","53FAE1C321AAC37F6E1F73EC7A82A17C25779F4656987058445CA620C9E848A1","Cargo Link, destination, or export UI.","MEDIUM","","","term.cargo-link=Vínculo de carga [strategy=phrase]","Adicionar vínculo de carga","Adicionar link de carga","SUBSTANTIVE","CODEX","Adicionar vínculo de carga","Codex is selected for “Add cargo link” (cargo.add) because it preserves the row's approved product vocabulary (term.cargo-link=Vínculo de carga [strategy=phrase]); the fluent DeepL alternative diverges from at least one binding term or semantic label in this UI context."
"cargo.addButton","pt-BR","+ Add Cargo Link","D2211C3FDC73278A6EC7B28F2F322486D54D76EF53402B5C1EA6E5FAE2F3FB2C","Cargo Link, destination, or export UI.","MEDIUM","","","term.cargo-link=Vínculo de carga [strategy=phrase]","+ Adicionar Vínculo de carga","+ Adicionar link de carga","SUBSTANTIVE","CODEX","+ Adicionar Vínculo de carga","Codex is selected for “+ Add Cargo Link” (cargo.addButton) because it preserves the row's approved product vocabulary (term.cargo-link=Vínculo de carga [strategy=phrase]); the fluent DeepL alternative diverges from at least one binding term or semantic label in this UI context."
"cargo.addWithLimit","pt-BR","Add cargo link ({count} of {limit})","A4CF04E083D4098E72C8FA76DC07141B3F2233D71D5D719788CADE708B40044F","Cargo Link, destination, or export UI.","HIGH","count; limit","","term.cargo-link=Vínculo de carga [strategy=phrase]","Adicionar vínculo de carga ({count} de {limit})","Adicionar link de carga ({count} de {limit})","SUBSTANTIVE","CODEX","Adicionar vínculo de carga ({count} de {limit})","Codex is selected for “Add cargo link ({count} of {limit})” (cargo.addWithLimit) because it preserves the row's approved product vocabulary (term.cargo-link=Vínculo de carga [strategy=phrase]); the fluent DeepL alternative diverges from at least one binding term or semantic label in this UI context."
"cargo.collapseAll","pt-BR","Collapse all","25F7B3721119F1EC7FDF7C8C66E779EE9999E2049E569AFC3B00A9FBDEECE7DB","Cargo Link, destination, or export UI.","MEDIUM","","","","Recolher tudo","Recolher tudo","IDENTICAL","AGREED","Recolher tudo","Both independent witnesses agree for “Collapse all” (cargo.collapseAll); the shared wording is clear in the recorded UI context and preserves the required syntax."
"cargo.destination.linkedLocator","pt-BR","{outpost} / {pad}","E3F588AC487BF246C4AEBCEED554F74BC9D737A9B31D9689304A6DF69D9A9CE2","Cargo Link, destination, or export UI.","HIGH","outpost; pad","","term.outpost=Entreposto [strategy=semantic-concept, variants=entreposto | entrepostos]; glossary.destination=Destino [strategy=semantic-concept]","{outpost} / {pad}","{posto avançado} / {plataforma}","INVALID_TOKENS","INVALID_DEEPL_REPAIRED","{outpost} / {pad}","DeepL is structurally invalid for “{outpost} / {pad}” (cargo.destination.linkedLocator) because one or more required placeholder names were translated, removed, or changed. The independently reviewed Codex wording is retained as the natural token-safe repair with the exact repository placeholders, plural form, and protected tokens restored."
"cargo.destination.noPads","pt-BR","{outpost} — no cargo links","DA54B44E36D3853E5A719426F6B58F79D702F8D63C98A289C15B05C5DF5230DF","Cargo Link, destination, or export UI.","MEDIUM","outpost","","term.cargo-link=Vínculo de carga [strategy=phrase]; term.outpost=Entreposto [strategy=semantic-concept, variants=entreposto | entrepostos]; glossary.destination=Destino [strategy=semantic-concept]","{outpost} — nenhum vínculo de carga","{posto avançado} — sem links de carga","INVALID_TOKENS","INVALID_DEEPL_REPAIRED","{outpost} — nenhum vínculo de carga","DeepL is structurally invalid for “{outpost} — no cargo links” (cargo.destination.noPads) because one or more required placeholder names were translated, removed, or changed. The independently reviewed Codex wording is retained as the natural token-safe repair with the exact repository placeholders, plural form, and protected tokens restored."
"cargo.destination.nothing","pt-BR","nothing","1785CFC3BC6AC7738E8B38CDCCD1AF12563C2B9070E07AF336A1BF8C0F772B6A","Cargo Link, destination, or export UI.","MEDIUM","","","glossary.destination=Destino [strategy=semantic-concept]","nada","nada","IDENTICAL","AGREED","nada","Both independent witnesses agree for “nothing” (cargo.destination.nothing); the shared wording is clear in the recorded UI context and preserves the required syntax."
"cargo.destination.outpost","pt-BR","Destination outpost","46A7B7798BF8C076C932ADE71CE877EFDE16D0E06263BFC372CF0D700949E83F","Cargo Link, destination, or export UI.","MEDIUM","","","term.outpost=Entreposto [strategy=semantic-concept, variants=entreposto | entrepostos]; glossary.destination=Destino [strategy=semantic-concept]","Destino entreposto","Posto avançado de destino","SUBSTANTIVE","CUSTOM","Entreposto de destino","A custom rendering is used for “Destination outpost” (cargo.destination.outpost): it keeps the natural target-language word order evidenced by DeepL while replacing its conflicting product term with the approved glossary wording and avoiding the Codex draft's literal ordering."
"cargo.destination.pad","pt-BR","Destination cargo link","6CCAD8677D177EDD2552DF915A90B9E51BB8C8B6E28093F9D86BAEC22387121B","Cargo Link, destination, or export UI.","MEDIUM","","","term.cargo-link=Vínculo de carga [strategy=phrase]; glossary.destination=Destino [strategy=semantic-concept]","Destino vínculo de carga","Link de carga de destino","SUBSTANTIVE","CUSTOM","Vínculo de carga de destino","A custom rendering is used for “Destination cargo link” (cargo.destination.pad): it keeps the natural target-language word order evidenced by DeepL while replacing its conflicting product term with the approved glossary wording and avoiding the Codex draft's literal ordering."
"cargo.destination.padContents","pt-BR","{pad}: ({contents})","46C4E560ED412E5E91CC2809ACDDFF9A902694FC19310541DB444D9DA539A9DF","Cargo Link, destination, or export UI.","HIGH","contents; pad","","glossary.destination=Destino [strategy=semantic-concept]","{pad}: ({contents})","{pad}: ({conteúdo})","INVALID_TOKENS","INVALID_DEEPL_REPAIRED","{pad}: ({contents})","DeepL is structurally invalid for “{pad}: ({contents})” (cargo.destination.padContents) because one or more required placeholder names were translated, removed, or changed. The independently reviewed Codex wording is retained as the natural token-safe repair with the exact repository placeholders, plural form, and protected tokens restored."
"cargo.destination.padContentsLinked","pt-BR","{pad}: ({contents}) — linked to {destination}","0CDFF888723D4F5B2F31DC1F49E83C2A8078560E4B8D26A2E12C1674CF04028C","Cargo Link, destination, or export UI.","HIGH","contents; destination; pad","","glossary.destination=Destino [strategy=semantic-concept]","{pad}: ({contents}) — vinculado a {destination}","{pad}: ({conteúdo}) — vinculado a {destino}","INVALID_TOKENS","INVALID_DEEPL_REPAIRED","{pad}: ({contents}) — vinculado a {destination}","DeepL is structurally invalid for “{pad}: ({contents}) — linked to {destination}” (cargo.destination.padContentsLinked) because one or more required placeholder names were translated, removed, or changed. The independently reviewed Codex wording is retained as the natural token-safe repair with the exact repository placeholders, plural form, and protected tokens restored."
"cargo.destination.selectPad","pt-BR","Select cargo link...","0C06C8F77EE648241D2AEF00115499EE25AAA6DD865860141BDE71A7172DE88D","Cargo Link, destination, or export UI.","MEDIUM","","","term.cargo-link=Vínculo de carga [strategy=phrase]; glossary.destination=Destino [strategy=semantic-concept]","Selecionar vínculo de carga...","Selecione uma rota de carga...","SUBSTANTIVE","CODEX","Selecionar vínculo de carga...","Codex is selected for “Select cargo link...” (cargo.destination.selectPad) because it already combines natural target-language word order with the approved glossary vocabulary; the other witness uses a literal or conflicting construction."
"cargo.destination.unknownPad","pt-BR","Unknown cargo link","986ADDDD7490611B32FC3E1060624621C2336F0803BABC1EECF9E2F039E58A12","Cargo Link, destination, or export UI.","MEDIUM","","","term.cargo-link=Vínculo de carga [strategy=phrase]; glossary.destination=Destino [strategy=semantic-concept]","Desconhecido vínculo de carga","Rota de carga desconhecida","SUBSTANTIVE","CUSTOM","Vínculo de carga desconhecido","A custom rendering is used for “Unknown cargo link” (cargo.destination.unknownPad): it keeps the natural target-language word order evidenced by DeepL while replacing its conflicting product term with the approved glossary wording and avoiding the Codex draft's literal ordering."
"cargo.destination.unknownPadInline","pt-BR","unknown cargo link","442FB1860DD920A894B5F436CDB708ACF518300BE6D959474056852299E3116E","Cargo Link, destination, or export UI.","MEDIUM","","","term.cargo-link=Vínculo de carga [strategy=phrase]; glossary.destination=Destino [strategy=semantic-concept]","desconhecido vínculo de carga","link de carga desconhecido","SUBSTANTIVE","CUSTOM","vínculo de carga desconhecido","A custom rendering is used for “unknown cargo link” (cargo.destination.unknownPadInline): it keeps the natural target-language word order evidenced by DeepL while replacing its conflicting product term with the approved glossary wording and avoiding the Codex draft's literal ordering."
"cargo.destination.unlinked","pt-BR","Unlinked","1E690B5815BE5BF48D2EB8F1DA6D951667E1F4003ED8C3A1015989004358BF11","Cargo Link, destination, or export UI.","MEDIUM","","","glossary.destination=Destino [strategy=semantic-concept]","Sem vínculo","Sem ligação","SUBSTANTIVE","CODEX","Sem vínculo","Codex is selected for “Unlinked” (cargo.destination.unlinked) because it preserves the row's approved product vocabulary (glossary.destination=Destino [strategy=semantic-concept]); the fluent DeepL alternative diverges from at least one binding term or semantic label in this UI context."
"cargo.expandAll","pt-BR","Expand all","A3E586BE3EFF5FB9F768C0846035DB47CCF0F0E10727B0F14D829FF3A5913324","Cargo Link, destination, or export UI.","MEDIUM","","","","Expandir tudo","Expandir tudo","IDENTICAL","AGREED","Expandir tudo","Both independent witnesses agree for “Expand all” (cargo.expandAll); the shared wording is clear in the recorded UI context and preserves the required syntax."
"cargo.export.toggle","pt-BR","Toggle export for {item}","867731F380025E7C28E0513647868E7DB3665B77CFF914373499D3D3A7F5FF69","Cargo Link, destination, or export UI.","MEDIUM","item","","","Alternar a exportação de {item}","Alternar exportação para {item}","SUBSTANTIVE","DEEPL","Alternar exportação para {item}","DeepL is selected for “Toggle export for {item}” (cargo.export.toggle) because it provides more natural target-language grammar without changing the source meaning; placeholders and protected tokens remain exact."
"cargo.exports.empty","pt-BR","No items available to export.","1553E216F5D6C9DEDE00C63081AFE00F232C07089697F3FA257F121E275608DE","Cargo Link, destination, or export UI.","MEDIUM","","","","Nenhum item disponível para exportar.","Não há itens disponíveis para exportação.","SUBSTANTIVE","DEEPL","Não há itens disponíveis para exportação.","DeepL is selected for “No items available to export.” (cargo.exports.empty) because it provides more natural target-language grammar without changing the source meaning; placeholders and protected tokens remain exact."
"cargo.exports.heading","pt-BR","Exports","2F4DCF59FF0CC41C77E519CA3D451220B2943856177BB20A634F2499F61610FE","Cargo Link, destination, or export UI. This is a visible heading.","MEDIUM","","","","Exportações","Exportações","IDENTICAL","AGREED","Exportações","Both independent witnesses agree for “Exports” (cargo.exports.heading); the shared wording is clear in the recorded UI context and preserves the required syntax."
"cargo.finishReshuffle","pt-BR","Finish reshuffling cargo links","DE6771ED000ECD9E652637A426CBF9ED582C779884763A3B2885A07927EED8C9","Cargo Link, destination, or export UI.","MEDIUM","","","term.cargo-link=Vínculo de carga [strategy=phrase]; glossary.reshuffle=Reordenar [strategy=key-scoped, variants=reordenar | concluir reordenação]","Concluir a reordenação dos vínculos de carga","Concluir a reorganização dos links de carga","SUBSTANTIVE","CODEX","Concluir a reordenação dos vínculos de carga","Codex is selected for “Finish reshuffling cargo links” (cargo.finishReshuffle) because it preserves the row's approved product vocabulary (term.cargo-link=Vínculo de carga [strategy=phrase]; glossary.reshuffle=Reordenar [strategy=key-scoped, variants=reordenar | concluir reordenação]); the fluent DeepL alternative diverges from at least one binding term or semantic label in this UI context."
"cargo.heading","pt-BR","Cargo Links","E9B8BE501BF399617C9333EAD8AF1489FBC8A33BC7E250C52EE05609CE8CB30F","Cargo Link, destination, or export UI. This is a visible heading.","MEDIUM","","","term.cargo-link=Vínculo de carga [strategy=phrase]","Vínculos de carga","Ligações de carga","SUBSTANTIVE","CODEX","Vínculos de carga","Codex is selected for “Cargo Links” (cargo.heading) because it preserves the row's approved product vocabulary (term.cargo-link=Vínculo de carga [strategy=phrase]); the fluent DeepL alternative diverges from at least one binding term or semantic label in this UI context."
"cargo.interSystem.button","pt-BR","Inter-System","74A7AD9B6748097BC975C51D06631E4C04DEB46CF8A8E3C56AE474EC598DC359","Cargo Link, destination, or export UI.","MEDIUM","","","","Entre sistemas","Entre sistemas","IDENTICAL","AGREED","Entre sistemas","Both independent witnesses agree for “Inter-System” (cargo.interSystem.button); the shared wording is clear in the recorded UI context and preserves the required syntax."
"cargo.interSystem.context","pt-BR","Inter-System Cargo Links","7A411DB1C8AC75256E3606688FECC60E1FE9D580FB322FBE48E6EC1F40B82875","Cargo Link, destination, or export UI.","MEDIUM","","","term.inter-system-cargo-link=Vínculo de carga entre sistemas [strategy=phrase]; term.cargo-link=Vínculo de carga [strategy=phrase]","Vínculos de carga entre sistemas","Ligações de carga entre sistemas","SUBSTANTIVE","CODEX","Vínculos de carga entre sistemas","Codex is selected for “Inter-System Cargo Links” (cargo.interSystem.context) because it preserves the row's approved product vocabulary (term.inter-system-cargo-link=Vínculo de carga entre sistemas [strategy=phrase]; term.cargo-link=Vínculo de carga [strategy=phrase]); the fluent DeepL alternative diverges from at least one binding term or semantic label in this UI context."
"cargo.interstellar","pt-BR","Inter-System Cargo Link","DAD8480F89FA1500A3C89CD78F12984A6F3C58387856BC5DC6D3D3EE7719F6F1","Cargo Link, destination, or export UI.","MEDIUM","","","term.inter-system-cargo-link=Vínculo de carga entre sistemas [strategy=phrase]; term.cargo-link=Vínculo de carga [strategy=phrase]","Vínculo de carga entre sistemas","Conexão de carga entre sistemas","SUBSTANTIVE","CODEX","Vínculo de carga entre sistemas","Codex is selected for “Inter-System Cargo Link” (cargo.interstellar) because it preserves the row's approved product vocabulary (term.inter-system-cargo-link=Vínculo de carga entre sistemas [strategy=phrase]; term.cargo-link=Vínculo de carga [strategy=phrase]); the fluent DeepL alternative diverges from at least one binding term or semantic label in this UI context."
"cargo.lockOrder","pt-BR","Lock order","7502440CB9BF3D736CC75C78D7491D37DC186DA7164CA35F318B8F2D2FF6E851","Button that exits cargo-link reordering mode and prevents further reordering; “lock” is an ordering action, not security or login.","HIGH","","","glossary.lock-order=Bloquear a ordem [strategy=key-scoped]","Bloquear a ordem","Bloquear pedido","SUBSTANTIVE","CODEX","Bloquear a ordem","Codex is selected for “Lock order” (cargo.lockOrder) because it preserves the row's approved product vocabulary (glossary.lock-order=Bloquear a ordem [strategy=key-scoped]); the fluent DeepL alternative diverges from at least one binding term or semantic label in this UI context."
"cargo.pad.count","pt-BR","{count} {count, plural, one {cargo link} other {cargo links}}","9A6DC79391FEDF484957800C0CEF991D69CA0091EFDEDEADB653ED9874EDE079","Cargo Link, destination, or export UI.","MEDIUM","count","","term.cargo-link=Vínculo de carga [strategy=phrase]","{count} {count, plural, one {vínculo de carga} other {vínculos de carga}}","{count} {count, plural, um {ligação de carga} outras {ligações de carga}}","INVALID_TOKENS","INVALID_DEEPL_REPAIRED","{count} {count, plural, one {vínculo de carga} other {vínculos de carga}}","DeepL is structurally invalid for “{count} {count, plural, one {cargo link} other {cargo links}}” (cargo.pad.count) because the ICU plural syntax or its plural parameter/category structure was altered. The independently reviewed Codex wording is retained as the natural token-safe repair with the exact repository placeholders, plural form, and protected tokens restored."
"cargo.pad.emptyExports","pt-BR","No exports","832A865AC1D9ED0631ADA7C0BA36E531E11412F822C15003C319882181948B6A","Cargo Link, destination, or export UI.","MEDIUM","","","","Nenhuma exportação","Sem exportações","SUBSTANTIVE","DEEPL","Sem exportações","DeepL is selected for “No exports” (cargo.pad.emptyExports) because it provides more natural target-language grammar without changing the source meaning; placeholders and protected tokens remain exact."
"cargo.pad.linkType.interSystem","pt-BR","Inter-System Cargo Link","DAD8480F89FA1500A3C89CD78F12984A6F3C58387856BC5DC6D3D3EE7719F6F1","Cargo Link, destination, or export UI.","MEDIUM","","","term.inter-system-cargo-link=Vínculo de carga entre sistemas [strategy=phrase]; term.cargo-link=Vínculo de carga [strategy=phrase]","Vínculo de carga entre sistemas","Ligação de carga entre sistemas","SUBSTANTIVE","CODEX","Vínculo de carga entre sistemas","Codex is selected for “Inter-System Cargo Link” (cargo.pad.linkType.interSystem) because it preserves the row's approved product vocabulary (term.inter-system-cargo-link=Vínculo de carga entre sistemas [strategy=phrase]; term.cargo-link=Vínculo de carga [strategy=phrase]); the fluent DeepL alternative diverges from at least one binding term or semantic label in this UI context."
"cargo.pad.linkType.standard","pt-BR","Standard Cargo Link","37BFFE86EC5D5F97A6735C8489B407D60AA6C1E58876C32E1CFFE4A8A9C559E9","Cargo Link, destination, or export UI.","MEDIUM","","","term.cargo-link=Vínculo de carga [strategy=phrase]","Padrão Vínculo de carga","Ligação de Carga Padrão","SUBSTANTIVE","CUSTOM","Vínculo de carga padrão","A custom rendering is used for “Standard Cargo Link” (cargo.pad.linkType.standard): it keeps the natural target-language word order evidenced by DeepL while replacing its conflicting product term with the approved glossary wording and avoiding the Codex draft's literal ordering."
"cargo.pad.linkedTo","pt-BR","Linked to {outpost}","9B270A455E565319B43E4DCD3BD021F3EF43E7A91110BEE4014BADFE3B886E58","Cargo Link, destination, or export UI.","MEDIUM","outpost","","term.outpost=Entreposto [strategy=semantic-concept, variants=entreposto | entrepostos]; glossary.destination=Destino [strategy=semantic-concept]","Vinculado a {outpost}","Vinculado a {posto avançado}","INVALID_TOKENS","INVALID_DEEPL_REPAIRED","Vinculado a {outpost}","DeepL is structurally invalid for “Linked to {outpost}” (cargo.pad.linkedTo) because one or more required placeholder names were translated, removed, or changed. The independently reviewed Codex wording is retained as the natural token-safe repair with the exact repository placeholders, plural form, and protected tokens restored."
"cargo.pad.noDestination","pt-BR","Unlinked","1E690B5815BE5BF48D2EB8F1DA6D951667E1F4003ED8C3A1015989004358BF11","Cargo Link, destination, or export UI.","MEDIUM","","","glossary.destination=Destino [strategy=semantic-concept]","Sem vínculo","Desvinculado","SUBSTANTIVE","CODEX","Sem vínculo","Codex is selected for “Unlinked” (cargo.pad.noDestination) because it preserves the row's approved product vocabulary (glossary.destination=Destino [strategy=semantic-concept]); the fluent DeepL alternative diverges from at least one binding term or semantic label in this UI context."
"cargo.pad.noInboundCargo","pt-BR","No inbound cargo","AAFB78702B148BC725669B35884D9E6EE22E98BB0EC65B38FB212CA412A7AE61","Cargo Link, destination, or export UI.","MEDIUM","","","","Nenhuma carga de entrada","Sem carga recebida","SUBSTANTIVE","DEEPL","Sem carga recebida","DeepL is selected for “No inbound cargo” (cargo.pad.noInboundCargo) because it provides more natural target-language grammar without changing the source meaning; placeholders and protected tokens remain exact."
"cargo.pad.noOutboundCargo","pt-BR","No outbound cargo","AA0E00F725DDC52B23BCECAAE97C2AE9B03099E23AF8C81FA0EA96D3F46C6505","Cargo Link, destination, or export UI.","MEDIUM","","","","Nenhuma carga de saída","Sem carga de saída","SUBSTANTIVE","DEEPL","Sem carga de saída","DeepL is selected for “No outbound cargo” (cargo.pad.noOutboundCargo) because it provides more natural target-language grammar without changing the source meaning; placeholders and protected tokens remain exact."
"cargo.pad.remove","pt-BR","Remove {pad}","9FD22A4B7B210E0D60CA99E2F566705EC366AF0C1D7405DCD560BF5DB1259A74","Cargo Link, destination, or export UI.","MEDIUM","pad","","","Remover {pad}","Remover {pad}","IDENTICAL","AGREED","Remover {pad}","Both independent witnesses agree for “Remove {pad}” (cargo.pad.remove); the shared wording is clear in the recorded UI context and preserves the required syntax."
"cargo.pad.semanticSummary","pt-BR","Destination {destination}. Outbound: {outbound}. Inbound: {inbound}. {linkType}.","A8FD06193EC26210033876EDCA16BDBA192077C57A765A1B0A8166E5750C635F","Cargo Link, destination, or export UI.","HIGH","destination; inbound; linkType; outbound","","glossary.destination=Destino [strategy=semantic-concept]","Destino: {destination}. Saída: {outbound}. Entrada: {inbound}. {linkType}.","Destino {destination}. Saída: {outbound}. Entrada: {inbound}. {linkType}.","SUBSTANTIVE","DEEPL","Destino {destination}. Saída: {outbound}. Entrada: {inbound}. {linkType}.","DeepL is selected for “Destination {destination}. Outbound: {outbound}. Inbound: {inbound}. {linkType}.” (cargo.pad.semanticSummary) because it provides more natural target-language grammar without changing the source meaning while retaining the approved terminology (glossary.destination=Destino [strategy=semantic-concept]); placeholders and protected tokens remain exact."
"cargo.pad.summary","pt-BR","Cargo Link {ordinal}","EFB845F6ED747B80EB2821A9912CDC967497F7C7C6466595AABF814F4A25EFC6","Cargo Link, destination, or export UI.","MEDIUM","ordinal","","term.cargo-link=Vínculo de carga [strategy=phrase]","Vínculo de carga {ordinal}","Link de carga {ordinal}","SUBSTANTIVE","CODEX","Vínculo de carga {ordinal}","Codex is selected for “Cargo Link {ordinal}” (cargo.pad.summary) because it preserves the row's approved product vocabulary (term.cargo-link=Vínculo de carga [strategy=phrase]); the fluent DeepL alternative diverges from at least one binding term or semantic label in this UI context."
"cargo.remove","pt-BR","Remove","C3812FC4ACB861D5182FC2B8155F327F736FBE5E5EB86A7BD7AFCB6DC5497282","Cargo Link, destination, or export UI.","MEDIUM","","","","Remover","Remover","IDENTICAL","AGREED","Remover","Both independent witnesses agree for “Remove” (cargo.remove); the shared wording is clear in the recorded UI context and preserves the required syntax."
"cargo.reshuffle","pt-BR","Reshuffle cargo links","E0A5AB1F1B266318FE16026151B449CE54535894A23C69CC4C3CA45570372E30","Cargo Link, destination, or export UI.","MEDIUM","","","term.cargo-link=Vínculo de carga [strategy=phrase]; glossary.reshuffle=Reordenar [strategy=key-scoped, variants=reordenar | concluir reordenação]","Reordenar vínculos de carga","Reorganizar ligações de carga","SUBSTANTIVE","CODEX","Reordenar vínculos de carga","Codex is selected for “Reshuffle cargo links” (cargo.reshuffle) because it preserves the row's approved product vocabulary (term.cargo-link=Vínculo de carga [strategy=phrase]; glossary.reshuffle=Reordenar [strategy=key-scoped, variants=reordenar | concluir reordenação]); the fluent DeepL alternative diverges from at least one binding term or semantic label in this UI context."
"cargo.reshuffleButton","pt-BR","Reshuffle","24AB205A02FFFE0FE0223DC041BE048135351B78CAE94C04C035FCA9BCEA8BD8","Button that enters manual cargo-link reordering mode; it does not randomize the order.","HIGH","","","glossary.reshuffle=Reordenar [strategy=key-scoped, variants=reordenar | concluir reordenação]","Reordenar","Reorganizar","SUBSTANTIVE","CODEX","Reordenar","Codex is selected for “Reshuffle” (cargo.reshuffleButton) because it preserves the row's approved product vocabulary (glossary.reshuffle=Reordenar [strategy=key-scoped, variants=reordenar | concluir reordenação]); the fluent DeepL alternative diverges from at least one binding term or semantic label in this UI context."
"character.level","pt-BR","Level","1709305C9FA966D14F56F0DA3C3614BBC10ADCF53D72F90341BB96D24AFCFCA3","Character details field or Starfield skill label.","LOW","","","","Nível","Nível","IDENTICAL","AGREED","Nível","Both independent witnesses agree for “Level” (character.level); the shared wording is clear in the recorded UI context and preserves the required syntax."
"character.level.rejectedEmpty","pt-BR","Invalid level. Previous value restored. Enter a level from 1 to 999.","BDEB729B08E505155C537651FFB36F2AB266DABE7B1358C25CBFFD149F771CA4","Character details field or Starfield skill label.","LOW","","","","Nível inválido. O valor anterior foi restaurado. Digite um nível de 1 a 999.","Nível inválido. Valor anterior restaurado. Insira um nível entre 1 e 999.","SUBSTANTIVE","DEEPL","Nível inválido. Valor anterior restaurado. Insira um nível entre 1 e 999.","DeepL is selected for “Invalid level. Previous value restored. Enter a level from 1 to 999.” (character.level.rejectedEmpty) because it provides a more idiomatic, immediately understandable control label; placeholders and protected tokens remain exact."
"character.level.rejectedRestored","pt-BR","Invalid level. Restored to {value}. Enter a level from 1 to 999.","B40532B6F8E6F20DB8FD5DAF994D9D07DD9FEA96A4FC445761C35D242F5E2A34","Character details field or Starfield skill label.","LOW","value","","","Nível inválido. {value} foi restaurado. Digite um nível de 1 a 999.","Nível inválido. Restaurado para {valor}. Insira um nível entre 1 e 999.","INVALID_TOKENS","INVALID_DEEPL_REPAIRED","Nível inválido. {value} foi restaurado. Digite um nível de 1 a 999.","DeepL is structurally invalid for “Invalid level. Restored to {value}. Enter a level from 1 to 999.” (character.level.rejectedRestored) because one or more required placeholder names were translated, removed, or changed. The independently reviewed Codex wording is retained as the natural token-safe repair with the exact repository placeholders, plural form, and protected tokens restored."
"character.name","pt-BR","Character","1405A63E8A78B85C1B035B3C5277E3CC39FA98621C110BC522C85547D8AFAB1A","Character details field or Starfield skill label.","LOW","","","","Personagem","Personagem","IDENTICAL","AGREED","Personagem","Both independent witnesses agree for “Character” (character.name); the shared wording is clear in the recorded UI context and preserves the required syntax."
"character.skill.outpostEngineering","pt-BR","Outpost Engineering","19B32438AE32FD11528B4BBFB3C1D8ED87226BEF897CAD12F3CD9568427BFFEE","Character details field or Starfield skill label.","LOW","","","term.outpost=Entreposto [strategy=semantic-concept, variants=entreposto | entrepostos]; skill.outpost-engineering=Engenh. de Entrepostos [strategy=phrase]","Engenh. de Entrepostos","Engenharia do Posto Avançado","SUBSTANTIVE","CODEX","Engenh. de Entrepostos","Codex is selected for “Outpost Engineering” (character.skill.outpostEngineering) because it preserves the row's approved product vocabulary (term.outpost=Entreposto [strategy=semantic-concept, variants=entreposto | entrepostos]; skill.outpost-engineering=Engenh. de Entrepostos [strategy=phrase]); the fluent DeepL alternative diverges from at least one binding term or semantic label in this UI context."
"character.skill.outpostManagement","pt-BR","Outpost Management","A58D0772E0598F067CC037FC206CE9FE005398D2505F7084E015C455B23D81A3","Character details field or Starfield skill label.","LOW","","","term.outpost=Entreposto [strategy=semantic-concept, variants=entreposto | entrepostos]; skill.outpost-management=Gestão de Entrepostos [strategy=phrase]","Gestão de Entrepostos","Gestão de Posto Avançado","SUBSTANTIVE","CODEX","Gestão de Entrepostos","Codex is selected for “Outpost Management” (character.skill.outpostManagement) because it preserves the row's approved product vocabulary (term.outpost=Entreposto [strategy=semantic-concept, variants=entreposto | entrepostos]; skill.outpost-management=Gestão de Entrepostos [strategy=phrase]); the fluent DeepL alternative diverges from at least one binding term or semantic label in this UI context."
"character.skill.planetaryHabitation","pt-BR","Planetary Habitation","3913EC7627467F60C60459292711D981A72B4A06F40562C4267989A25FD6E55C","Character details field or Starfield skill label.","LOW","","","skill.planetary-habitation=Habitação Planetária [strategy=phrase]","Habitação Planetária","Habitação Planetária","IDENTICAL","AGREED","Habitação Planetária","Both independent witnesses agree for “Planetary Habitation” (character.skill.planetaryHabitation); the shared wording is clear in the recorded UI context and preserves the required syntax."
"character.skill.researchMethods","pt-BR","Research Methods","3D3F20B68B19BC1402226BFB8BF596BAFF6A66CDC5FC89F0D7F8F42CB5A8850A","Character details field or Starfield skill label.","LOW","","","skill.research-methods=Métodos de Pesquisa [strategy=phrase]","Métodos de Pesquisa","Métodos de pesquisa","SUBSTANTIVE","CODEX","Métodos de Pesquisa","Codex is selected for “Research Methods” (character.skill.researchMethods) because this row is the named Starfield skill label and must preserve the verified official title capitalization “Métodos de Pesquisa”, rather than applying general prose sentence case."
"character.skill.specialProjects","pt-BR","Special Projects","DD0B829F63D765DE8A7C303E0B5C3C3A11F0D6CEDB1AE54268B6373FA0869C0C","Character details field or Starfield skill label.","LOW","","","skill.special-projects=Projetos Especiais [strategy=phrase]","Projetos Especiais","Projetos Especiais","IDENTICAL","AGREED","Projetos Especiais","Both independent witnesses agree for “Special Projects” (character.skill.specialProjects); the shared wording is clear in the recorded UI context and preserves the required syntax."
"character.skillRank.rejectedEmpty","pt-BR","Invalid rank. Previous value restored. Enter a rank from 0 to 4.","80B7EA62FF82C306ABC8F9CFDFE0F0B5B4402943FB259F48F37AB5FE57C5622D","Character details field or Starfield skill label.","LOW","","","","Grau inválido. O valor anterior foi restaurado. Digite um grau de 0 a 4.","Classificação inválida. Valor anterior restaurado. Insira uma classificação de 0 a 4.","SUBSTANTIVE","DEEPL","Classificação inválida. Valor anterior restaurado. Insira uma classificação de 0 a 4.","DeepL is selected for “Invalid rank. Previous value restored. Enter a rank from 0 to 4.” (character.skillRank.rejectedEmpty) because it provides a more idiomatic, immediately understandable control label; placeholders and protected tokens remain exact."
"character.skillRank.rejectedRestored","pt-BR","Invalid rank. Restored to {value}. Enter a rank from 0 to 4.","CB679CAFE2CD502C03EF32A1B042F11037CA7AEC55E96FF1EF292907E57319D0","Character details field or Starfield skill label.","LOW","value","","","Grau inválido. {value} foi restaurado. Digite um grau de 0 a 4.","Classificação inválida. Restaurada para {valor}. Insira uma classificação de 0 a 4.","INVALID_TOKENS","INVALID_DEEPL_REPAIRED","Grau inválido. {value} foi restaurado. Digite um grau de 0 a 4.","DeepL is structurally invalid for “Invalid rank. Restored to {value}. Enter a rank from 0 to 4.” (character.skillRank.rejectedRestored) because one or more required placeholder names were translated, removed, or changed. The independently reviewed Codex wording is retained as the natural token-safe repair with the exact repository placeholders, plural form, and protected tokens restored."
"common.about","pt-BR","About","4EFCA0D10C5FEB8E9B35EB1D994F2905BB71714E6A271F511D713B539EA5FAA1","Shared visible or accessible UI action.","LOW","","","","Sobre","Sobre","IDENTICAL","AGREED","Sobre","Both independent witnesses agree for “About” (common.about); the shared wording is clear in the recorded UI context and preserves the required syntax."
"common.add","pt-BR","+ Add","C007258C23B0C011FB7751C141B02F926CF3DAAED1BF1B5AD2630166FBD7ACDB","Shared visible or accessible UI action.","LOW","","","","+ Adicionar","+ Adicionar","IDENTICAL","AGREED","+ Adicionar","Both independent witnesses agree for “+ Add” (common.add); the shared wording is clear in the recorded UI context and preserves the required syntax."
"common.cancel","pt-BR","Cancel","19766ED6CCB2F4A32778EED80D1928D2C87A18D7C275CCB163EC6709D3EB2E27","Shared visible or accessible UI action.","LOW","","","","Cancelar","Cancelar","IDENTICAL","AGREED","Cancelar","Both independent witnesses agree for “Cancel” (common.cancel); the shared wording is clear in the recorded UI context and preserves the required syntax."
"common.cancel.lower","pt-BR","cancel","2374D91794B79F4FB4EC9587D2CF00AECC4F9953FAB3ED1DD12AB147A0B721F9","Shared visible or accessible UI action.","LOW","","","","cancelar","cancelar","IDENTICAL","AGREED","cancelar","Both independent witnesses agree for “cancel” (common.cancel.lower); the shared wording is clear in the recorded UI context and preserves the required syntax."
"common.close","pt-BR","Close","7D9EB7ACB13E24625C404401D8E88B2350E32162455885F18276CF802F7701ED","Shared visible or accessible UI action.","LOW","","","","Fechar","Fechar","IDENTICAL","AGREED","Fechar","Both independent witnesses agree for “Close” (common.close); the shared wording is clear in the recorded UI context and preserves the required syntax."
"common.collapseItem","pt-BR","Collapse {item}","BF6FAF0BEE16AF0AB30A12FB946BC8EE9DAEBCEF91215A311C56FDEDF1110FE6","Shared visible or accessible UI action.","LOW","item","","","Recolher {item}","Recolher {item}","IDENTICAL","AGREED","Recolher {item}","Both independent witnesses agree for “Collapse {item}” (common.collapseItem); the shared wording is clear in the recorded UI context and preserves the required syntax."
"common.dragToReorder","pt-BR","Drag {item} to reorder","EC1FB0D17C7786E584A4058C2615E2FC72DB167628A213FD87B7876A9923B29A","Shared visible or accessible UI action.","LOW","item","","","Arraste {item} para reordenar","Arraste {item} para reordenar","IDENTICAL","AGREED","Arraste {item} para reordenar","Both independent witnesses agree for “Drag {item} to reorder” (common.dragToReorder); the shared wording is clear in the recorded UI context and preserves the required syntax."
"common.edit","pt-BR","edit","262121C5372BE8AF3AE6FF0D3D138D9E6E1249335222C7F0E02535E35073BB0B","Shared visible or accessible UI action.","LOW","","","","editar","editar","IDENTICAL","AGREED","editar","Both independent witnesses agree for “edit” (common.edit); the shared wording is clear in the recorded UI context and preserves the required syntax."
"common.expandItem","pt-BR","Expand {item}","71095F43C84CE024864DF4D831022C695F5245837BB3C2980944C62FDECB82D3","Shared visible or accessible UI action.","LOW","item","","","Expandir {item}","Expandir {item}","IDENTICAL","AGREED","Expandir {item}","Both independent witnesses agree for “Expand {item}” (common.expandItem); the shared wording is clear in the recorded UI context and preserves the required syntax."
"common.help","pt-BR","Help","B79CAC926E0B2E347E72CC91D5174037C9E17AE7733FD7BDB570F71B10CD7BFC","Shared visible or accessible UI action.","LOW","","","","Ajuda","Ajuda","IDENTICAL","AGREED","Ajuda","Both independent witnesses agree for “Help” (common.help); the shared wording is clear in the recorded UI context and preserves the required syntax."
"common.moveDown","pt-BR","Move {item} down","28EAD9D3C31C004FA025649ED35F6F211E2196D6F0B2687D36C7306ACE5DD6F8","Shared visible or accessible UI action.","LOW","item","","","Mover {item} para baixo","Mover {item} para baixo","IDENTICAL","AGREED","Mover {item} para baixo","Both independent witnesses agree for “Move {item} down” (common.moveDown); the shared wording is clear in the recorded UI context and preserves the required syntax."
"common.moveUp","pt-BR","Move {item} up","309715D5ABC4A5809F1D97EF0A26EED13CC4B3879E4AD02F5E928F66B52AEA24","Shared visible or accessible UI action.","LOW","item","","","Mover {item} para cima","Mover {item} para cima","IDENTICAL","AGREED","Mover {item} para cima","Both independent witnesses agree for “Move {item} up” (common.moveUp); the shared wording is clear in the recorded UI context and preserves the required syntax."
"common.removeItem","pt-BR","Remove {item}","C0CB17362DDA768865C711B4460785556EB374DEC3D9B97A21485F558716FDD9","Shared visible or accessible UI action.","LOW","item","","","Remover {item}","Remover {item}","IDENTICAL","AGREED","Remover {item}","Both independent witnesses agree for “Remove {item}” (common.removeItem); the shared wording is clear in the recorded UI context and preserves the required syntax."
"common.save","pt-BR","save","157DCA92E4250458339D4B835250D44C238F3355E1B7986195188EE434E9BAFF","Shared visible or accessible UI action.","LOW","","","","salvar","Salvar","SUBSTANTIVE","DEEPL","Salvar","DeepL is selected for “save” (common.save) because it provides clearer, more idiomatic accessible or instructional wording; placeholders and protected tokens remain exact."
"help.biomes","pt-BR","Selected biomes limit resource availability to resources that can occur in those biomes.","CF340BC570445DC3189A58F2730ACFFC310BF5913C65B2542C571D940AD83A9C","Contextual help, tooltip, or explanatory guidance.","HIGH","","","term.biome=Bioma [strategy=semantic-concept, variants=bioma | biomas]","Os biomas selecionados limitam a disponibilidade aos recursos que podem ocorrer neles.","Os biomas selecionados limitam a disponibilidade de recursos àqueles que podem ocorrer nesses biomas.","SUBSTANTIVE","DEEPL","Os biomas selecionados limitam a disponibilidade de recursos àqueles que podem ocorrer nesses biomas.","DeepL is selected for “Selected biomes limit resource availability to resources that can occur in those biomes.” (help.biomes) because it provides more natural target-language grammar without changing the source meaning while retaining the approved terminology (term.biome=Bioma [strategy=semantic-concept, variants=bioma | biomas]); placeholders and protected tokens remain exact."
"help.contextLabel","pt-BR","Help for {context}","2305D35987B5CA25ED9BE3778B9BEBD0839ED05B57FC7B9AA1AE16EE7C8232C3","Contextual help, tooltip, or explanatory guidance.","HIGH","context","","","Ajuda para {context}","Ajuda para {contexto}","INVALID_TOKENS","INVALID_DEEPL_REPAIRED","Ajuda para {context}","DeepL is structurally invalid for “Help for {context}” (help.contextLabel) because one or more required placeholder names were translated, removed, or changed. The independently reviewed Codex wording is retained as the natural token-safe repair with the exact repository placeholders, plural form, and protected tokens restored."
"help.forContext","pt-BR","Help for {context}","2305D35987B5CA25ED9BE3778B9BEBD0839ED05B57FC7B9AA1AE16EE7C8232C3","Contextual help, tooltip, or explanatory guidance.","HIGH","context","","","Ajuda para {context}","Ajuda para {contexto}","INVALID_TOKENS","INVALID_DEEPL_REPAIRED","Ajuda para {context}","DeepL is structurally invalid for “Help for {context}” (help.forContext) because one or more required placeholder names were translated, removed, or changed. The independently reviewed Codex wording is retained as the natural token-safe repair with the exact repository placeholders, plural form, and protected tokens restored."
"help.inorganicPresentPossible","pt-BR","{resource} may be present at this outpost.","7A19C93E01E0E0F539BDAF043D2BAD406A1C2A5F84AE2D7D0C584433E5F19E20","Contextual help, tooltip, or explanatory guidance.","HIGH","resource","","term.outpost=Entreposto [strategy=semantic-concept, variants=entreposto | entrepostos]; glossary.present=Presença [strategy=key-scoped, variants=presença | presente | disponível]","{resource} pode estar presente neste entreposto.","O {recurso} pode estar presente neste posto avançado.","INVALID_TOKENS","INVALID_DEEPL_REPAIRED","{resource} pode estar presente neste entreposto.","DeepL is structurally invalid for “{resource} may be present at this outpost.” (help.inorganicPresentPossible) because one or more required placeholder names were translated, removed, or changed. The independently reviewed Codex wording is retained as the natural token-safe repair with the exact repository placeholders, plural form, and protected tokens restored."
"help.inorganicPresentRecorded","pt-BR","{resource} is recorded as present at this outpost.","5433476C752DD4838F551A5F46C13FD312C09B6D942EAB5E8DB76CC58CF48A5B","Contextual help, tooltip, or explanatory guidance.","HIGH","resource","","term.outpost=Entreposto [strategy=semantic-concept, variants=entreposto | entrepostos]; glossary.present=Presença [strategy=key-scoped, variants=presença | presente | disponível]","{resource} consta como presente neste entreposto.","{recurso} está registrado como presente neste posto avançado.","INVALID_TOKENS","INVALID_DEEPL_REPAIRED","{resource} consta como presente neste entreposto.","DeepL is structurally invalid for “{resource} is recorded as present at this outpost.” (help.inorganicPresentRecorded) because one or more required placeholder names were translated, removed, or changed. The independently reviewed Codex wording is retained as the natural token-safe repair with the exact repository placeholders, plural form, and protected tokens restored."
"help.interSystem","pt-BR","Inter-System Cargo Links can connect outposts in different star systems and require Helium-3.","839122CE4B7D22320D6B55D17FC1A1B44D8E7EF980015E244A88E6C3DA9EA8E5","Contextual help, tooltip, or explanatory guidance.","HIGH","","","term.inter-system-cargo-link=Vínculo de carga entre sistemas [strategy=phrase]; term.cargo-link=Vínculo de carga [strategy=phrase]; term.outpost=Entreposto [strategy=semantic-concept, variants=entreposto | entrepostos]; term.star-system=Sistema estelar [strategy=semantic-concept, variants=sistema estelar | sistemas estelares]","Vínculos de carga entre sistemas podem conectar entrepostos em sistemas estelares diferentes e exigem Hélio-3.","As ligações de carga entre sistemas podem conectar postos avançados em diferentes sistemas estelares e requerem hélio-3.","SUBSTANTIVE","CODEX","Vínculos de carga entre sistemas podem conectar entrepostos em sistemas estelares diferentes e exigem Hélio-3.","Codex is selected for “Inter-System Cargo Links can connect outposts in different star systems and require Hel...” (help.interSystem) because it preserves the row's approved product vocabulary (term.inter-system-cargo-link=Vínculo de carga entre sistemas [strategy=phrase]; term.cargo-link=Vínculo de carga [strategy=phrase]; term.outpost=Entreposto [strategy=semantic-concept, variants=entreposto | entrepostos]; term.star-system=Sistema estelar [strategy=semantic-concept, variants=sistema estelar | sistemas estelares]); the fluent DeepL alternative diverges from at least one binding term or semantic label in this UI context."
"help.logistics","pt-BR","Items currently assigned to cargo links are displayed here.","9AACF81A4429C8A3204D369D51D6C7415852888BC9345C9FF418364A0E6F20A3","Contextual help, tooltip, or explanatory guidance.","HIGH","","","term.cargo-link=Vínculo de carga [strategy=phrase]; glossary.logistics=Logística [strategy=key-scoped]","Os itens atualmente atribuídos a vínculos de carga são exibidos aqui.","Os itens atualmente designados para as ligações de carga são exibidos aqui.","SUBSTANTIVE","CODEX","Os itens atualmente atribuídos a vínculos de carga são exibidos aqui.","Codex is selected for “Items currently assigned to cargo links are displayed here.” (help.logistics) because it preserves the row's approved product vocabulary (term.cargo-link=Vínculo de carga [strategy=phrase]; glossary.logistics=Logística [strategy=key-scoped]); the fluent DeepL alternative diverges from at least one binding term or semantic label in this UI context."
"help.organic.availableBiome","pt-BR","{resource} is available from a domesticable species in {biome}.","08DCDBE635A014EDA15FEE7FB51FD449D47B88EA4AD40A07BA554B51BA005C09","Contextual help, tooltip, or explanatory guidance.","HIGH","biome; resource","","term.biome=Bioma [strategy=semantic-concept, variants=bioma | biomas]","{resource} está disponível em uma espécie domesticável em {biome}.","{recurso} está disponível a partir de uma espécie domesticável no {bioma}.","INVALID_TOKENS","INVALID_DEEPL_REPAIRED","{resource} está disponível em uma espécie domesticável em {biome}.","DeepL is structurally invalid for “{resource} is available from a domesticable species in {biome}.” (help.organic.availableBiome) because one or more required placeholder names were translated, removed, or changed. The independently reviewed Codex wording is retained as the natural token-safe repair with the exact repository placeholders, plural form, and protected tokens restored."
"help.organic.availableBiomes","pt-BR","{resource} is available from a domesticable species in the selected biomes.","EEED40289FB395DD7ED151E0BB921F1A6D4864FEDD6C6B9A37206245485488C0","Contextual help, tooltip, or explanatory guidance.","HIGH","resource","","term.biome=Bioma [strategy=semantic-concept, variants=bioma | biomas]","{resource} está disponível em uma espécie domesticável nos biomas selecionados.","{recurso} está disponível em uma espécie domesticável nos biomas selecionados.","INVALID_TOKENS","INVALID_DEEPL_REPAIRED","{resource} está disponível em uma espécie domesticável nos biomas selecionados.","DeepL is structurally invalid for “{resource} is available from a domesticable species in the selected biomes.” (help.organic.availableBiomes) because one or more required placeholder names were translated, removed, or changed. The independently reviewed Codex wording is retained as the natural token-safe repair with the exact repository placeholders, plural form, and protected tokens restored."
"help.organic.availablePlanet","pt-BR","{resource} is available from a domesticable species on this planet.","800288FB8556213CA1A000007CD9B7A9ED0A679F2F4CF3F485FA0E43F812EDF4","Contextual help, tooltip, or explanatory guidance.","HIGH","resource","","term.planet=Planeta [strategy=semantic-concept, variants=planeta | planetas]","{resource} está disponível em uma espécie domesticável neste planeta.","{recurso} está disponível em uma espécie domesticável neste planeta.","INVALID_TOKENS","INVALID_DEEPL_REPAIRED","{resource} está disponível em uma espécie domesticável neste planeta.","DeepL is structurally invalid for “{resource} is available from a domesticable species on this planet.” (help.organic.availablePlanet) because one or more required placeholder names were translated, removed, or changed. The independently reviewed Codex wording is retained as the natural token-safe repair with the exact repository placeholders, plural form, and protected tokens restored."
"help.organic.availableSelectedBiome","pt-BR","{resource} is available from a domesticable species in the selected biome.","1849A608FB48BAE780448269CFC2E56C17BCDEC11D3B684D6CAC9B2A349FF4B0","Contextual help, tooltip, or explanatory guidance.","HIGH","resource","","term.biome=Bioma [strategy=semantic-concept, variants=bioma | biomas]","{resource} está disponível em uma espécie domesticável no bioma selecionado.","{recurso} está disponível em uma espécie domesticável no bioma selecionado.","INVALID_TOKENS","INVALID_DEEPL_REPAIRED","{resource} está disponível em uma espécie domesticável no bioma selecionado.","DeepL is structurally invalid for “{resource} is available from a domesticable species in the selected biome.” (help.organic.availableSelectedBiome) because one or more required placeholder names were translated, removed, or changed. The independently reviewed Codex wording is retained as the natural token-safe repair with the exact repository placeholders, plural form, and protected tokens restored."
"help.organic.unavailableBiome","pt-BR","{resource} is not available from this domesticable species in the selected biome.","36C384082F0473F8BAA7E9F3A74F1CF172BF484A2AF8A9ECB18F1419CF637F95","Contextual help, tooltip, or explanatory guidance.","HIGH","resource","","term.biome=Bioma [strategy=semantic-concept, variants=bioma | biomas]","{resource} não está disponível nesta espécie domesticável no bioma selecionado.","{recurso} não está disponível nesta espécie domesticável no bioma selecionado.","INVALID_TOKENS","INVALID_DEEPL_REPAIRED","{resource} não está disponível nesta espécie domesticável no bioma selecionado.","DeepL is structurally invalid for “{resource} is not available from this domesticable species in the selected biome.” (help.organic.unavailableBiome) because one or more required placeholder names were translated, removed, or changed. The independently reviewed Codex wording is retained as the natural token-safe repair with the exact repository placeholders, plural form, and protected tokens restored."
"help.organic.unavailableBiomes","pt-BR","{resource} is not available from this domesticable species in the selected biomes.","6C37689A770CBBD2A04A59A39425686AD1CEEA95DFF31933D1ED6FC4935FFA0C","Contextual help, tooltip, or explanatory guidance.","HIGH","resource","","term.biome=Bioma [strategy=semantic-concept, variants=bioma | biomas]","{resource} não está disponível nesta espécie domesticável nos biomas selecionados.","{recurso} não está disponível nesta espécie domesticável nos biomas selecionados.","INVALID_TOKENS","INVALID_DEEPL_REPAIRED","{resource} não está disponível nesta espécie domesticável nos biomas selecionados.","DeepL is structurally invalid for “{resource} is not available from this domesticable species in the selected biomes.” (help.organic.unavailableBiomes) because one or more required placeholder names were translated, removed, or changed. The independently reviewed Codex wording is retained as the natural token-safe repair with the exact repository placeholders, plural form, and protected tokens restored."
"help.organic.unavailablePlanet","pt-BR","{resource} is not available from this domesticable species on this planet.","62532143EA01F6A47D6146772E4EC2B1AC5AEE3776D976EC7AA0DEC13AFB33CE","Contextual help, tooltip, or explanatory guidance.","HIGH","resource","","term.planet=Planeta [strategy=semantic-concept, variants=planeta | planetas]","{resource} não está disponível nesta espécie domesticável neste planeta.","{recurso} não está disponível nesta espécie domesticável neste planeta.","INVALID_TOKENS","INVALID_DEEPL_REPAIRED","{resource} não está disponível nesta espécie domesticável neste planeta.","DeepL is structurally invalid for “{resource} is not available from this domesticable species on this planet.” (help.organic.unavailablePlanet) because one or more required placeholder names were translated, removed, or changed. The independently reviewed Codex wording is retained as the natural token-safe repair with the exact repository placeholders, plural form, and protected tokens restored."
"help.plannedSupply","pt-BR","Selected items act as placeholders until local or imported supply is established.","CAFFBA1914AB60D9E102CB58E0FE0B10E353579F43CB8BB67FB90AE5A8468DCE","Contextual help, tooltip, or explanatory guidance.","HIGH","","","","Os itens selecionados funcionam como marcadores até que um suprimento local ou importado seja estabelecido.","Os itens selecionados funcionam como substitutos até que o suprimento local ou importado seja estabelecido.","SUBSTANTIVE","DEEPL","Os itens selecionados funcionam como substitutos até que o suprimento local ou importado seja estabelecido.","DeepL is selected for “Selected items act as placeholders until local or imported supply is established.” (help.plannedSupply) because it provides more natural target-language grammar without changing the source meaning; placeholders and protected tokens remain exact."
"help.present","pt-BR","Shows whether a resource can be present at this outpost.","2D44B13D06D4C5D9586131A1C16DB22686334E21758E9EF6EB8B045DD15E34CE","Contextual help, tooltip, or explanatory guidance.","HIGH","","","term.outpost=Entreposto [strategy=semantic-concept, variants=entreposto | entrepostos]; glossary.present=Presença [strategy=key-scoped, variants=presença | presente | disponível]","Mostra se um recurso pode estar presente neste entreposto.","Mostra se um recurso pode estar presente neste posto avançado.","SUBSTANTIVE","CODEX","Mostra se um recurso pode estar presente neste entreposto.","Codex is selected for “Shows whether a resource can be present at this outpost.” (help.present) because it preserves the row's approved product vocabulary (term.outpost=Entreposto [strategy=semantic-concept, variants=entreposto | entrepostos]; glossary.present=Presença [strategy=key-scoped, variants=presença | presente | disponível]); the fluent DeepL alternative diverges from at least one binding term or semantic label in this UI context."
"help.producing","pt-BR","Shows whether this outpost is currently set to produce the resource or product.","29DCDE55AD1D0CD4D37C40CF36C7B456875A6C5B7140B102FABFB09C0F0AABC7","Contextual help, tooltip, or explanatory guidance.","HIGH","","","term.outpost=Entreposto [strategy=semantic-concept, variants=entreposto | entrepostos]; glossary.producing=Em produção [strategy=key-scoped, variants=em produção | produzir | parar de produzir]","Mostra se este entreposto está configurado para produzir o recurso ou produto.","Mostra se este posto avançado está atualmente configurado para produzir o recurso ou produto.","SUBSTANTIVE","CODEX","Mostra se este entreposto está configurado para produzir o recurso ou produto.","Codex is selected for “Shows whether this outpost is currently set to produce the resource or product.” (help.producing) because it preserves the row's approved product vocabulary (term.outpost=Entreposto [strategy=semantic-concept, variants=entreposto | entrepostos]; glossary.producing=Em produção [strategy=key-scoped, variants=em produção | produzir | parar de produzir]); the fluent DeepL alternative diverges from at least one binding term or semantic label in this UI context."
"help.validation","pt-BR","Errors identify invalid states, warnings identify incomplete or inconsistent states, and info highlights useful follow-up items.","789745A39ED1260E4E0F45198AA483207C2B651ED1DDF801C4077D03D1FD3FE4","Contextual help, tooltip, or explanatory guidance.","HIGH","","","glossary.validation-error=Erro [strategy=semantic-concept]; glossary.validation-warning=Aviso [strategy=semantic-concept]; glossary.validation-info=Informação [strategy=semantic-concept]","Erros identificam estados inválidos, avisos identificam estados incompletos ou incoerentes e informações destacam ações úteis de acompanhamento.","Erros identificam estados inválidos, avisos identificam estados incompletos ou inconsistentes e informações destacam itens úteis para acompanhamento.","SUBSTANTIVE","CODEX","Erros identificam estados inválidos, avisos identificam estados incompletos ou incoerentes e informações destacam ações úteis de acompanhamento.","Codex is selected for “Errors identify invalid states, warnings identify incomplete or inconsistent states, an...” (help.validation) because it preserves the row's approved product vocabulary (glossary.validation-error=Erro [strategy=semantic-concept]; glossary.validation-warning=Aviso [strategy=semantic-concept]; glossary.validation-info=Informação [strategy=semantic-concept]); the fluent DeepL alternative diverges from at least one binding term or semantic label in this UI context."
"history.addBiome","pt-BR","Add biome selection for {outpost}","893FBD42D6863BBAA9AD361602DFACB90A7E9E91C64ADF3AD34E922E34081731","Relocalizable Undo/Redo action description.","MEDIUM","outpost","","term.outpost=Entreposto [strategy=semantic-concept, variants=entreposto | entrepostos]; term.biome=Bioma [strategy=semantic-concept, variants=bioma | biomas]","Adicionar seleção de bioma a {outpost}","Adicionar seleção de bioma para {posto avançado}","INVALID_TOKENS","INVALID_DEEPL_REPAIRED","Adicionar seleção de bioma a {outpost}","DeepL is structurally invalid for “Add biome selection for {outpost}” (history.addBiome) because one or more required placeholder names were translated, removed, or changed. The independently reviewed Codex wording is retained as the natural token-safe repair with the exact repository placeholders, plural form, and protected tokens restored."
"history.addCargoPad","pt-BR","Add {outpost} / {pad}","416B79340A29487BC0F3C9C6D7675C5D6969D3347B5826DBD8F0FD415399FDBC","Relocalizable Undo/Redo action description.","HIGH","outpost; pad","","term.outpost=Entreposto [strategy=semantic-concept, variants=entreposto | entrepostos]","Adicionar {outpost} / {pad}","Adicionar {posto avançado} / {plataforma}","INVALID_TOKENS","INVALID_DEEPL_REPAIRED","Adicionar {outpost} / {pad}","DeepL is structurally invalid for “Add {outpost} / {pad}” (history.addCargoPad) because one or more required placeholder names were translated, removed, or changed. The independently reviewed Codex wording is retained as the natural token-safe repair with the exact repository placeholders, plural form, and protected tokens restored."
"history.addExplicitResource","pt-BR","Add explicit resource {resource} to {outpost}","EB0C15D35B7EEA055EBD46086D374FED5D3BD2D8461A1BA3CBD5DCCF5F65B798","Relocalizable Undo/Redo action description.","HIGH","outpost; resource","","term.outpost=Entreposto [strategy=semantic-concept, variants=entreposto | entrepostos]","Adicionar o recurso explícito {resource} a {outpost}","Adicionar recurso explícito {recurso} ao {posto avançado}","INVALID_TOKENS","INVALID_DEEPL_REPAIRED","Adicionar o recurso explícito {resource} a {outpost}","DeepL is structurally invalid for “Add explicit resource {resource} to {outpost}” (history.addExplicitResource) because one or more required placeholder names were translated, removed, or changed. The independently reviewed Codex wording is retained as the natural token-safe repair with the exact repository placeholders, plural form, and protected tokens restored."
"history.addExport","pt-BR","Add export {item} to {outpost} / {pad}","8BF72E540F447BEE04AB301D6FABBC89D0547E89B3BB831228853173EEE1DBD1","Relocalizable Undo/Redo action description.","HIGH","item; outpost; pad","","term.outpost=Entreposto [strategy=semantic-concept, variants=entreposto | entrepostos]","Adicionar a exportação de {item} a {outpost} / {pad}","Adicionar exportação de {item} para {posto avançado} / {plataforma}","INVALID_TOKENS","INVALID_DEEPL_REPAIRED","Adicionar a exportação de {item} a {outpost} / {pad}","DeepL is structurally invalid for “Add export {item} to {outpost} / {pad}” (history.addExport) because one or more required placeholder names were translated, removed, or changed. The independently reviewed Codex wording is retained as the natural token-safe repair with the exact repository placeholders, plural form, and protected tokens restored."
"history.addLocalResource","pt-BR","Add local resource {resource} to {outpost}","1A568B9382CE83A903BF161A3A89A3B665BCFC58BECD028E0FE8C3CA285714EA","Relocalizable Undo/Redo action description.","HIGH","outpost; resource","","term.outpost=Entreposto [strategy=semantic-concept, variants=entreposto | entrepostos]","Adicionar o recurso local {resource} a {outpost}","Adicionar recurso local {resource} ao {outpost}","SUBSTANTIVE","CODEX","Adicionar o recurso local {resource} a {outpost}","Codex is selected for “Add local resource {resource} to {outpost}” (history.addLocalResource) because it preserves the row's approved product vocabulary (term.outpost=Entreposto [strategy=semantic-concept, variants=entreposto | entrepostos]); the fluent DeepL alternative diverges from at least one binding term or semantic label in this UI context."
"history.addNetwork","pt-BR","Add network","0B6A12F5D7070417ADA9474DD5F213744693BC727D2504C94C2D8055A0826A84","Relocalizable Undo/Redo action description.","MEDIUM","","","glossary.network=Rede [strategy=semantic-concept]","Adicionar rede","Adicionar rede","IDENTICAL","AGREED","Adicionar rede","Both independent witnesses agree for “Add network” (history.addNetwork); the shared wording is clear in the recorded UI context and preserves the required syntax."
"history.addOutpost","pt-BR","Add outpost","E918451B6D2EC69126402B9C3D175CBCF5114A80163A34073D64D10FE29E5D0A","Relocalizable Undo/Redo action description.","MEDIUM","","","term.outpost=Entreposto [strategy=semantic-concept, variants=entreposto | entrepostos]","Adicionar entreposto","Adicionar posto avançado","SUBSTANTIVE","CODEX","Adicionar entreposto","Codex is selected for “Add outpost” (history.addOutpost) because it preserves the row's approved product vocabulary (term.outpost=Entreposto [strategy=semantic-concept, variants=entreposto | entrepostos]); the fluent DeepL alternative diverges from at least one binding term or semantic label in this UI context."
"history.addPlannedSupply","pt-BR","Add Planned Supply {item}","01C358D6681105870D2F96A2246E9D9AB36C48D17786F9CF4149585D613D4765","Relocalizable Undo/Redo action description.","MEDIUM","item","","glossary.planned-supply=Suprimento planejado [strategy=semantic-concept]","Adicionar Suprimento planejado {item}","Adicionar suprimento planejado {item}","SUBSTANTIVE","DEEPL","Adicionar suprimento planejado {item}","DeepL is selected for “Add Planned Supply {item}” (history.addPlannedSupply) because it provides more natural target-language grammar without changing the source meaning while retaining the approved terminology (glossary.planned-supply=Suprimento planejado [strategy=semantic-concept]); placeholders and protected tokens remain exact."
"history.benchmark","pt-BR","{label}","1F0B60B0B03A95C72373255490256B7384E30D23C62AB3477558ED6209C312AB","Relocalizable Undo/Redo action description.","MEDIUM","label","","","{label}","{label}","IDENTICAL","AGREED","{label}","Both independent witnesses agree for “{label}” (history.benchmark); the shared wording is clear in the recorded UI context and preserves the required syntax."
"history.changeBody","pt-BR","Change {outpost} body to {body}","E8CD919D877A72EB0730C959C5ADA078D7B1E61E118C01B0B0F941A009166594","Relocalizable Undo/Redo action description.","HIGH","body; outpost","","term.outpost=Entreposto [strategy=semantic-concept, variants=entreposto | entrepostos]; term.planetary-body=Corpo celeste [strategy=semantic-concept, variants=corpo celeste | corpos celestes]","Alterar o corpo celeste de {outpost} para {body}","Alterar o corpo do {posto avançado} para {corpo}","INVALID_TOKENS","INVALID_DEEPL_REPAIRED","Alterar o corpo celeste de {outpost} para {body}","DeepL is structurally invalid for “Change {outpost} body to {body}” (history.changeBody) because one or more required placeholder names were translated, removed, or changed. The independently reviewed Codex wording is retained as the natural token-safe repair with the exact repository placeholders, plural form, and protected tokens restored."
"history.changeCargoLink","pt-BR","Change link for {localOutpost} / {localPad} to {remoteOutpost} / {remotePad}","108A2278E01EABCE4807854AAEFFA410B9EA645F0DDA2A6C0660D30F417DF617","Relocalizable Undo/Redo action description.","HIGH","localOutpost; localPad; remoteOutpost; remotePad","","","Alterar o vínculo de {localOutpost} / {localPad} para {remoteOutpost} / {remotePad}","Alterar o link de {postoAvançadoLocal} / {plataformaLocal} para {postoAvançadoRemoto} / {plataformaRemota}","INVALID_TOKENS","INVALID_DEEPL_REPAIRED","Alterar o vínculo de {localOutpost} / {localPad} para {remoteOutpost} / {remotePad}","DeepL is structurally invalid for “Change link for {localOutpost} / {localPad} to {remoteOutpost} / {remotePad}” (history.changeCargoLink) because one or more required placeholder names were translated, removed, or changed. The independently reviewed Codex wording is retained as the natural token-safe repair with the exact repository placeholders, plural form, and protected tokens restored."
"history.changeCargoPadType","pt-BR","Change {outpost} / {pad} to {type}","86065BEEC14B2BCDE4BF7F722D54A067C374AAEACE2FB0DD7123629A8F00604A","Relocalizable Undo/Redo action description.","HIGH","outpost; pad; type","","term.outpost=Entreposto [strategy=semantic-concept, variants=entreposto | entrepostos]","Alterar {outpost} / {pad} para {type}","Alterar {posto avançado} / {plataforma} para {tipo}","INVALID_TOKENS","INVALID_DEEPL_REPAIRED","Alterar {outpost} / {pad} para {type}","DeepL is structurally invalid for “Change {outpost} / {pad} to {type}” (history.changeCargoPadType) because one or more required placeholder names were translated, removed, or changed. The independently reviewed Codex wording is retained as the natural token-safe repair with the exact repository placeholders, plural form, and protected tokens restored."
"history.changeCharacterLevel","pt-BR","Change character level from {previousLevel} to {level}","2C4695DE4208CE65326C97BB6474FA50C6BAB491933ECBEE2DF644BD98B55271","Relocalizable Undo/Redo action description.","HIGH","level; previousLevel","","","Alterar o nível do personagem de {previousLevel} para {level}","Alterar o nível do personagem de {previousLevel} para {level}","IDENTICAL","AGREED","Alterar o nível do personagem de {previousLevel} para {level}","Both independent witnesses agree for “Change character level from {previousLevel} to {level}” (history.changeCharacterLevel); the shared wording is clear in the recorded UI context and preserves the required syntax."
"history.changeSkill","pt-BR","Change {skill} from {previousRank} to {rank}","05B1667E5AEB74081B3E9764FB39D361EA2993FA87EBC8EFB7245BD6F929321E","Relocalizable Undo/Redo action description.","HIGH","previousRank; rank; skill","","","Alterar {skill} de {previousRank} para {rank}","Alterar {skill} de {previousRank} para {rank}","IDENTICAL","AGREED","Alterar {skill} de {previousRank} para {rank}","Both independent witnesses agree for “Change {skill} from {previousRank} to {rank}” (history.changeSkill); the shared wording is clear in the recorded UI context and preserves the required syntax."
"history.changeSystem","pt-BR","Change {outpost} system to {system}","434BE195B40DA835328B4169238A89FDE6CBFD1E8A050CB109C88FC287C9EE56","Relocalizable Undo/Redo action description.","HIGH","outpost; system","","term.outpost=Entreposto [strategy=semantic-concept, variants=entreposto | entrepostos]; term.star-system=Sistema estelar [strategy=semantic-concept, variants=sistema estelar | sistemas estelares]","Alterar o sistema de {outpost} para {system}","Altere o sistema de {outpost} para {system}","SUBSTANTIVE","CODEX","Alterar o sistema de {outpost} para {system}","Codex is selected for “Change {outpost} system to {system}” (history.changeSystem) because it preserves the row's approved product vocabulary (term.outpost=Entreposto [strategy=semantic-concept, variants=entreposto | entrepostos]; term.star-system=Sistema estelar [strategy=semantic-concept, variants=sistema estelar | sistemas estelares]); the fluent DeepL alternative diverges from at least one binding term or semantic label in this UI context."
"history.clearBody","pt-BR","Clear body for {outpost}","9EE9E438B559F3E1D27076737BCFB1C7CCE220987BA38D8AFAB970C17F04BB50","Relocalizable Undo/Redo action description.","MEDIUM","outpost","","term.outpost=Entreposto [strategy=semantic-concept, variants=entreposto | entrepostos]; term.planetary-body=Corpo celeste [strategy=semantic-concept, variants=corpo celeste | corpos celestes]","Limpar o corpo celeste de {outpost}","Limpar o corpo de {outpost}","SUBSTANTIVE","CODEX","Limpar o corpo celeste de {outpost}","Codex is selected for “Clear body for {outpost}” (history.clearBody) because it preserves the row's approved product vocabulary (term.outpost=Entreposto [strategy=semantic-concept, variants=entreposto | entrepostos]; term.planetary-body=Corpo celeste [strategy=semantic-concept, variants=corpo celeste | corpos celestes]); the fluent DeepL alternative diverges from at least one binding term or semantic label in this UI context."
"history.clearCharacterLevel","pt-BR","Clear character level","53C89A49BC93F1FD145A2A8A7BCAD56512B91602445B68A48D31A42CAF6B1DCA","Relocalizable Undo/Redo action description.","MEDIUM","","","","Limpar o nível do personagem","Limpar o nível do personagem","IDENTICAL","AGREED","Limpar o nível do personagem","Both independent witnesses agree for “Clear character level” (history.clearCharacterLevel); the shared wording is clear in the recorded UI context and preserves the required syntax."
"history.clearSkill","pt-BR","Clear {skill}","C786683A01571783C5CEE701248E06C1E2DF39C77F491D7B91CA2ACD5BE7C5C0","Relocalizable Undo/Redo action description.","MEDIUM","skill","","","Limpar {skill}","Limpar {habilidade}","INVALID_TOKENS","INVALID_DEEPL_REPAIRED","Limpar {skill}","DeepL is structurally invalid for “Clear {skill}” (history.clearSkill) because one or more required placeholder names were translated, removed, or changed. The independently reviewed Codex wording is retained as the natural token-safe repair with the exact repository placeholders, plural form, and protected tokens restored."
"history.clearSystem","pt-BR","Clear system for {outpost}","9A97C0059A13680B72EAE571F32117DDB8F15163B7B3BAFD2D4941CB0F3B0C2C","Relocalizable Undo/Redo action description.","MEDIUM","outpost","","term.outpost=Entreposto [strategy=semantic-concept, variants=entreposto | entrepostos]; term.star-system=Sistema estelar [strategy=semantic-concept, variants=sistema estelar | sistemas estelares]","Limpar o sistema de {outpost}","Limpar o sistema de {posto avançado}","INVALID_TOKENS","INVALID_DEEPL_REPAIRED","Limpar o sistema de {outpost}","DeepL is structurally invalid for “Clear system for {outpost}” (history.clearSystem) because one or more required placeholder names were translated, removed, or changed. The independently reviewed Codex wording is retained as the natural token-safe repair with the exact repository placeholders, plural form, and protected tokens restored."
"history.deleteCargoPad","pt-BR","Delete {outpost} / {pad}","F82A5ADC1AD6ADB5B5873FF6288E72228D4736CEB5896DC680E0167E1A4CDFBE","Relocalizable Undo/Redo action description.","HIGH","outpost; pad","","term.outpost=Entreposto [strategy=semantic-concept, variants=entreposto | entrepostos]","Excluir {outpost} / {pad}","Excluir {posto avançado} / {pad}","INVALID_TOKENS","INVALID_DEEPL_REPAIRED","Excluir {outpost} / {pad}","DeepL is structurally invalid for “Delete {outpost} / {pad}” (history.deleteCargoPad) because one or more required placeholder names were translated, removed, or changed. The independently reviewed Codex wording is retained as the natural token-safe repair with the exact repository placeholders, plural form, and protected tokens restored."
"history.deleteNetwork","pt-BR","Delete network","C791F434B1DC472E954E4B21607059C30827A221DDC3D04919AB8229F846D500","Relocalizable Undo/Redo action description.","MEDIUM","","","glossary.network=Rede [strategy=semantic-concept]","Excluir rede","Excluir rede","IDENTICAL","AGREED","Excluir rede","Both independent witnesses agree for “Delete network” (history.deleteNetwork); the shared wording is clear in the recorded UI context and preserves the required syntax."
"history.deleteOutpost","pt-BR","Delete outpost {outpost}","79C589562212E521272A6E54394BF20BC22128C297D348F35D42C0DD140A797A","Relocalizable Undo/Redo action description.","MEDIUM","outpost","","term.outpost=Entreposto [strategy=semantic-concept, variants=entreposto | entrepostos]","Excluir entreposto {outpost}","Excluir posto avançado {posto avançado}","INVALID_TOKENS","INVALID_DEEPL_REPAIRED","Excluir entreposto {outpost}","DeepL is structurally invalid for “Delete outpost {outpost}” (history.deleteOutpost) because one or more required placeholder names were translated, removed, or changed. The independently reviewed Codex wording is retained as the natural token-safe repair with the exact repository placeholders, plural form, and protected tokens restored."
"history.editManufacturing","pt-BR","Edit manufacturing at {outpost}","C9AFE37FB5D66D5F7AC538C1EED10DD229AB717193B4225A90B34AF5A1FEF8CC","Relocalizable Undo/Redo action description.","MEDIUM","outpost","","term.outpost=Entreposto [strategy=semantic-concept, variants=entreposto | entrepostos]; glossary.manufacturing=Fabricação [strategy=semantic-concept]","Editar a fabricação em {outpost}","Editar produção no {posto avançado}","INVALID_TOKENS","INVALID_DEEPL_REPAIRED","Editar a fabricação em {outpost}","DeepL is structurally invalid for “Edit manufacturing at {outpost}” (history.editManufacturing) because one or more required placeholder names were translated, removed, or changed. The independently reviewed Codex wording is retained as the natural token-safe repair with the exact repository placeholders, plural form, and protected tokens restored."
"history.importNetworks","pt-BR","Import networks","84098C98A37E069A64F1531E4CEAC2C1CCE108FF2CB8B62332E877C9BA57D580","Relocalizable Undo/Redo action description.","MEDIUM","","","glossary.network=Rede [strategy=semantic-concept]; glossary.file-import-export=Importar / Exportar [strategy=key-scoped]","Importar redes","Importar redes","IDENTICAL","AGREED","Importar redes","Both independent witnesses agree for “Import networks” (history.importNetworks); the shared wording is clear in the recorded UI context and preserves the required syntax."
"history.linkCargoPad","pt-BR","Link {localOutpost} / {localPad} to {remoteOutpost} / {remotePad}","88EE5C1148024FD285A212393D75507FE47480AFD766F6B54F5AA5CC956488D4","Relocalizable Undo/Redo action description.","HIGH","localOutpost; localPad; remoteOutpost; remotePad","","","Vincular {localOutpost} / {localPad} a {remoteOutpost} / {remotePad}","Vincular {localOutpost} / {localPad} a {remoteOutpost} / {remotePad}","IDENTICAL","AGREED","Vincular {localOutpost} / {localPad} a {remoteOutpost} / {remotePad}","Both independent witnesses agree for “Link {localOutpost} / {localPad} to {remoteOutpost} / {remotePad}” (history.linkCargoPad); the shared wording is clear in the recorded UI context and preserves the required syntax."
"history.moveCargoPad","pt-BR","Move {outpost} / {pad} to position {position}","6E7E6A017CC6BDF02F26F2324E39AFA81B6F1A60C38CFF35107A3E228D0E2F47","Relocalizable Undo/Redo action description.","HIGH","outpost; pad; position","","term.outpost=Entreposto [strategy=semantic-concept, variants=entreposto | entrepostos]","Mover {outpost} / {pad} para a posição {position}","Mover {posto avançado} / {plataforma} para a posição {posição}","INVALID_TOKENS","INVALID_DEEPL_REPAIRED","Mover {outpost} / {pad} para a posição {position}","DeepL is structurally invalid for “Move {outpost} / {pad} to position {position}” (history.moveCargoPad) because one or more required placeholder names were translated, removed, or changed. The independently reviewed Codex wording is retained as the natural token-safe repair with the exact repository placeholders, plural form, and protected tokens restored."
"history.moveOutpost","pt-BR","Move {outpost} to position {position}","3B3006733CC17E27FD128D53A7968132F9ABBB1C1486BCD51F6DB29EC38443EE","Relocalizable Undo/Redo action description.","HIGH","outpost; position","","term.outpost=Entreposto [strategy=semantic-concept, variants=entreposto | entrepostos]","Mover {outpost} para a posição {position}","Mover {posto avançado} para a posição {posição}","INVALID_TOKENS","INVALID_DEEPL_REPAIRED","Mover {outpost} para a posição {position}","DeepL is structurally invalid for “Move {outpost} to position {position}” (history.moveOutpost) because one or more required placeholder names were translated, removed, or changed. The independently reviewed Codex wording is retained as the natural token-safe repair with the exact repository placeholders, plural form, and protected tokens restored."
"history.networkContext","pt-BR","Network {ordinal}: {action}","1E82C6A8AA649F636D185126B84DC803B03D803FA3E6F8B1949064CE4B371ADF","Relocalizable Undo/Redo action description.","HIGH","action; ordinal","","glossary.network=Rede [strategy=semantic-concept]","Rede {ordinal}: {action}","Rede {ordinal}: {ação}","INVALID_TOKENS","INVALID_DEEPL_REPAIRED","Rede {ordinal}: {action}","DeepL is structurally invalid for “Network {ordinal}: {action}” (history.networkContext) because one or more required placeholder names were translated, removed, or changed. The independently reviewed Codex wording is retained as the natural token-safe repair with the exact repository placeholders, plural form, and protected tokens restored."
"history.redo","pt-BR","Redo","74273989B0966E2369B6D01AADB23AF4AD6A9E724643FA88F2BDE99202A36708","Relocalizable Undo/Redo action description.","MEDIUM","","","glossary.undo-redo=Desfazer / Refazer [strategy=key-scoped]","Refazer","Refazer","IDENTICAL","AGREED","Refazer","Both independent witnesses agree for “Redo” (history.redo); the shared wording is clear in the recorded UI context and preserves the required syntax."
"history.redo.action","pt-BR","Redo: {action}","B547829FEB3803DBDD25DAB483F1901FBD919E143CF04C05762190B5DE1BB758","Relocalizable Undo/Redo action description.","MEDIUM","action","","glossary.undo-redo=Desfazer / Refazer [strategy=key-scoped]","Refazer: {action}","Refazer: {ação}","INVALID_TOKENS","INVALID_DEEPL_REPAIRED","Refazer: {action}","DeepL is structurally invalid for “Redo: {action}” (history.redo.action) because one or more required placeholder names were translated, removed, or changed. The independently reviewed Codex wording is retained as the natural token-safe repair with the exact repository placeholders, plural form, and protected tokens restored."
"history.redo.none","pt-BR","Nothing to redo","4AAF2710A06093447959EBE89E9476D48AD0A7D243FBBE9977CE51C595876B55","Relocalizable Undo/Redo action description.","MEDIUM","","","glossary.undo-redo=Desfazer / Refazer [strategy=key-scoped]","Nada para refazer","Nada para refazer","IDENTICAL","AGREED","Nada para refazer","Both independent witnesses agree for “Nothing to redo” (history.redo.none); the shared wording is clear in the recorded UI context and preserves the required syntax."
"history.removeBiome","pt-BR","Remove biome selection for {outpost}","969F3EA42820E901A14033E682789514084F6D170128CBFB3EBE9704B15BD4D5","Relocalizable Undo/Redo action description.","MEDIUM","outpost","","term.outpost=Entreposto [strategy=semantic-concept, variants=entreposto | entrepostos]; term.biome=Bioma [strategy=semantic-concept, variants=bioma | biomas]","Remover seleção de bioma de {outpost}","Remover a seleção de bioma para {posto avançado}","INVALID_TOKENS","INVALID_DEEPL_REPAIRED","Remover seleção de bioma de {outpost}","DeepL is structurally invalid for “Remove biome selection for {outpost}” (history.removeBiome) because one or more required placeholder names were translated, removed, or changed. The independently reviewed Codex wording is retained as the natural token-safe repair with the exact repository placeholders, plural form, and protected tokens restored."
"history.removeExplicitResource","pt-BR","Remove explicit resource {resource} from {outpost}","9C3EFF7493C2FD697060EC06B55B6E909891DD72F270CFE8AF967D58AD468D13","Relocalizable Undo/Redo action description.","HIGH","outpost; resource","","term.outpost=Entreposto [strategy=semantic-concept, variants=entreposto | entrepostos]","Remover o recurso explícito {resource} de {outpost}","Remover o recurso explícito {recurso} do {posto avançado}","INVALID_TOKENS","INVALID_DEEPL_REPAIRED","Remover o recurso explícito {resource} de {outpost}","DeepL is structurally invalid for “Remove explicit resource {resource} from {outpost}” (history.removeExplicitResource) because one or more required placeholder names were translated, removed, or changed. The independently reviewed Codex wording is retained as the natural token-safe repair with the exact repository placeholders, plural form, and protected tokens restored."
"history.removeExport","pt-BR","Remove export {item} from {outpost} / {pad}","F56A09E0EA0D5AFE4297842F244021A1886029E3AFD252A720D8AAD9E8131574","Relocalizable Undo/Redo action description.","HIGH","item; outpost; pad","","term.outpost=Entreposto [strategy=semantic-concept, variants=entreposto | entrepostos]","Remover a exportação de {item} de {outpost} / {pad}","Remover exportação de {item} do {posto avançado} / {plataforma}","INVALID_TOKENS","INVALID_DEEPL_REPAIRED","Remover a exportação de {item} de {outpost} / {pad}","DeepL is structurally invalid for “Remove export {item} from {outpost} / {pad}” (history.removeExport) because one or more required placeholder names were translated, removed, or changed. The independently reviewed Codex wording is retained as the natural token-safe repair with the exact repository placeholders, plural form, and protected tokens restored."
"history.removeLocalResource","pt-BR","Remove local resource {resource} from {outpost}","3D62E4624BCD438245F262B2E9C5C42B787739DEB56A721898CAABD659145AD5","Relocalizable Undo/Redo action description.","HIGH","outpost; resource","","term.outpost=Entreposto [strategy=semantic-concept, variants=entreposto | entrepostos]","Remover o recurso local {resource} de {outpost}","Remover o recurso local {recurso} do {posto avançado}","INVALID_TOKENS","INVALID_DEEPL_REPAIRED","Remover o recurso local {resource} de {outpost}","DeepL is structurally invalid for “Remove local resource {resource} from {outpost}” (history.removeLocalResource) because one or more required placeholder names were translated, removed, or changed. The independently reviewed Codex wording is retained as the natural token-safe repair with the exact repository placeholders, plural form, and protected tokens restored."
"history.removePlannedSupply","pt-BR","Remove Planned Supply {item}","948C1F6C5869D505D4D42C229E5FC4B3AA89D81EEF2C938A732156C427A06F29","Relocalizable Undo/Redo action description.","MEDIUM","item","","glossary.planned-supply=Suprimento planejado [strategy=semantic-concept]","Remover Suprimento planejado {item}","Remover o suprimento planejado {item}","SUBSTANTIVE","DEEPL","Remover o suprimento planejado {item}","DeepL is selected for “Remove Planned Supply {item}” (history.removePlannedSupply) because it provides more natural target-language grammar without changing the source meaning while retaining the approved terminology (glossary.planned-supply=Suprimento planejado [strategy=semantic-concept]); placeholders and protected tokens remain exact."
"history.renameCharacter","pt-BR","Rename character {previousName} to {name}","8D4BCA97AE9F42035389F0C55B63FF4E2C4A05C16E28C85DC0FCDB4DF13806DD","Relocalizable Undo/Redo action description.","HIGH","name; previousName","","","Renomear o personagem de {previousName} para {name}","Renomear o personagem {previousName} para {name}","SUBSTANTIVE","DEEPL","Renomear o personagem {previousName} para {name}","DeepL is selected for “Rename character {previousName} to {name}” (history.renameCharacter) because it provides more natural target-language grammar without changing the source meaning; placeholders and protected tokens remain exact."
"history.renameOutpost","pt-BR","Rename outpost {previousName} to {name}","8F0926A3817A8249DE5756C3295E233FF53C310F6A9E6C6AECF9AFE9D2A1BC4C","Relocalizable Undo/Redo action description.","HIGH","name; previousName","","term.outpost=Entreposto [strategy=semantic-concept, variants=entreposto | entrepostos]","Renomear o entreposto de {previousName} para {name}","Renomear o posto avançado {nomeAnterior} para {nome}","INVALID_TOKENS","INVALID_DEEPL_REPAIRED","Renomear o entreposto de {previousName} para {name}","DeepL is structurally invalid for “Rename outpost {previousName} to {name}” (history.renameOutpost) because one or more required placeholder names were translated, removed, or changed. The independently reviewed Codex wording is retained as the natural token-safe repair with the exact repository placeholders, plural form, and protected tokens restored."
"history.resetNetwork","pt-BR","Reset network","4A609854AE08898CAE2C4B634B016AFD1FDC3BEB4F84342B1239EC55DD8EEF6F","Relocalizable Undo/Redo action description.","MEDIUM","","","glossary.network=Rede [strategy=semantic-concept]","Redefinir rede","Redefinir rede","IDENTICAL","AGREED","Redefinir rede","Both independent witnesses agree for “Reset network” (history.resetNetwork); the shared wording is clear in the recorded UI context and preserves the required syntax."
"history.setCharacterLevel","pt-BR","Set character level to {level}","780B89077917658A4A33F5391C437D7C839EAC9A75DFBF2ED43D19B8E44C2889","Relocalizable Undo/Redo action description.","MEDIUM","level","","","Definir o nível do personagem como {level}","Definir o nível do personagem como {level}","IDENTICAL","AGREED","Definir o nível do personagem como {level}","Both independent witnesses agree for “Set character level to {level}” (history.setCharacterLevel); the shared wording is clear in the recorded UI context and preserves the required syntax."
"history.setSkill","pt-BR","Set {skill} to {rank}","77319DA02DA0DBEE04C21303E9C8460EA452D1CB980B146CF12582679109EAD6","Relocalizable Undo/Redo action description.","HIGH","rank; skill","","","Definir {skill} como {rank}","Definir {habilidade} como {nível}","INVALID_TOKENS","INVALID_DEEPL_REPAIRED","Definir {skill} como {rank}","DeepL is structurally invalid for “Set {skill} to {rank}” (history.setSkill) because one or more required placeholder names were translated, removed, or changed. The independently reviewed Codex wording is retained as the natural token-safe repair with the exact repository placeholders, plural form, and protected tokens restored."
"history.startProducing","pt-BR","Start producing {resource} at {outpost}","A19EAEEBCA12AC4C3545C0B61AB4A78E7056468D7B8AE2CC203C0401ADF421F6","Relocalizable Undo/Redo action description.","HIGH","outpost; resource","","term.outpost=Entreposto [strategy=semantic-concept, variants=entreposto | entrepostos]; glossary.producing=Em produção [strategy=key-scoped, variants=em produção | produzir | parar de produzir]","Começar a produzir {resource} em {outpost}","Iniciar a produção de {recurso} no {posto avançado}","INVALID_TOKENS","INVALID_DEEPL_REPAIRED","Começar a produzir {resource} em {outpost}","DeepL is structurally invalid for “Start producing {resource} at {outpost}” (history.startProducing) because one or more required placeholder names were translated, removed, or changed. The independently reviewed Codex wording is retained as the natural token-safe repair with the exact repository placeholders, plural form, and protected tokens restored."
"history.stopProducing","pt-BR","Stop producing {resource} at {outpost}","2790D53F2BF7B708F26E90199DE17B9513C9139A68F79CB1DEB82265FEF538C1","Relocalizable Undo/Redo action description.","HIGH","outpost; resource","","term.outpost=Entreposto [strategy=semantic-concept, variants=entreposto | entrepostos]; glossary.producing=Em produção [strategy=key-scoped, variants=em produção | produzir | parar de produzir]","Parar de produzir {resource} em {outpost}","Interromper a produção de {recurso} no {posto avançado}","INVALID_TOKENS","INVALID_DEEPL_REPAIRED","Parar de produzir {resource} em {outpost}","DeepL is structurally invalid for “Stop producing {resource} at {outpost}” (history.stopProducing) because one or more required placeholder names were translated, removed, or changed. The independently reviewed Codex wording is retained as the natural token-safe repair with the exact repository placeholders, plural form, and protected tokens restored."
"history.undo","pt-BR","Undo","A8283ADE31856F71220DB0E6F60A257C6889DC4DAD0F275F66AD44B9ED9BF8D5","Relocalizable Undo/Redo action description.","MEDIUM","","","glossary.undo-redo=Desfazer / Refazer [strategy=key-scoped]","Desfazer","Desfazer","IDENTICAL","AGREED","Desfazer","Both independent witnesses agree for “Undo” (history.undo); the shared wording is clear in the recorded UI context and preserves the required syntax."
"history.undo.action","pt-BR","Undo: {action}","A6CB877C6B435FF3EF0D9ABAD3387FFFCC47FA869E27199FE203B086E36A51E8","Relocalizable Undo/Redo action description.","MEDIUM","action","","glossary.undo-redo=Desfazer / Refazer [strategy=key-scoped]","Desfazer: {action}","Desfazer: {ação}","INVALID_TOKENS","INVALID_DEEPL_REPAIRED","Desfazer: {action}","DeepL is structurally invalid for “Undo: {action}” (history.undo.action) because one or more required placeholder names were translated, removed, or changed. The independently reviewed Codex wording is retained as the natural token-safe repair with the exact repository placeholders, plural form, and protected tokens restored."
"history.undo.none","pt-BR","Nothing to undo","8329007820D54938FE5DBF93C1D1CA8D76CD0657AD4C882689605F572E4AE6F0","Relocalizable Undo/Redo action description.","MEDIUM","","","glossary.undo-redo=Desfazer / Refazer [strategy=key-scoped]","Nada para desfazer","Nada para desfazer","IDENTICAL","AGREED","Nada para desfazer","Both independent witnesses agree for “Nothing to undo” (history.undo.none); the shared wording is clear in the recorded UI context and preserves the required syntax."
"history.unlinkCargoPad","pt-BR","Unlink {outpost} / {pad}","7D8EBF7B409B216684FF93170EEAE15F2111513D9D1262FF30E02F9A4DE5A668","Relocalizable Undo/Redo action description.","HIGH","outpost; pad","","term.outpost=Entreposto [strategy=semantic-concept, variants=entreposto | entrepostos]","Desvincular {outpost} / {pad}","Desvincular {posto avançado} / {plataforma}","INVALID_TOKENS","INVALID_DEEPL_REPAIRED","Desvincular {outpost} / {pad}","DeepL is structurally invalid for “Unlink {outpost} / {pad}” (history.unlinkCargoPad) because one or more required placeholder names were translated, removed, or changed. The independently reviewed Codex wording is retained as the natural token-safe repair with the exact repository placeholders, plural form, and protected tokens restored."
"locale.selector.automatic","pt-BR","Automatic ({locale})","F139A462E854752156E3389DC3276EC53EC63E5840856D9649163DB4D1E08FD5","Language selector and effective-locale presentation.","LOW","locale","","","Automático ({locale})","Automático ({locale})","IDENTICAL","AGREED","Automático ({locale})","Both independent witnesses agree for “Automatic ({locale})” (locale.selector.automatic); the shared wording is clear in the recorded UI context and preserves the required syntax."
"locale.selector.current","pt-BR","Language and region: {locale}","4130B7241194E6419EDB302D6D20F78FB64719872DA27A1790711E229321E8A1","Language selector and effective-locale presentation.","LOW","locale","","","Idioma e região: {locale}","Idioma e região: {locale}","IDENTICAL","AGREED","Idioma e região: {locale}","Both independent witnesses agree for “Language and region: {locale}” (locale.selector.current); the shared wording is clear in the recorded UI context and preserves the required syntax."
"locale.selector.label","pt-BR","Language and region","4F9555CD54EADE38887A7B1D16435E6487A41C92F684BD78E01F20EA991C8E7D","Language selector and effective-locale presentation. This is a form or control label.","LOW","","","","Idioma e região","Idioma e região","IDENTICAL","AGREED","Idioma e região","Both independent witnesses agree for “Language and region” (locale.selector.label); the shared wording is clear in the recorded UI context and preserves the required syntax."
"matrix.action.toggle","pt-BR","{action} {item}","DC8B8B32CEB833991863B5F3DACF816862F17865C8B68302C2CEAE5E445FA49D","Resource Matrix label, action, state, or tooltip.","HIGH","action; item","","","{action} {item}","{ação} {item}","INVALID_TOKENS","INVALID_DEEPL_REPAIRED","{action} {item}","DeepL is structurally invalid for “{action} {item}” (matrix.action.toggle) because one or more required placeholder names were translated, removed, or changed. The independently reviewed Codex wording is retained as the natural token-safe repair with the exact repository placeholders, plural form, and protected tokens restored."
"matrix.action.togglePresent","pt-BR","Toggle Present for {item}","3B1861C21786E4B797EA34D360FBA067E9B75766F21067D01CC9F3EA3655C739","Resource Matrix label, action, state, or tooltip.","MEDIUM","item","","glossary.present=Presença [strategy=key-scoped, variants=presença | presente | disponível]","Alternar a presença de {item}","Alternar “Presente” para {item}","SUBSTANTIVE","CODEX","Alternar a presença de {item}","Codex is selected for “Toggle Present for {item}” (matrix.action.togglePresent) because it preserves the row's approved product vocabulary (glossary.present=Presença [strategy=key-scoped, variants=presença | presente | disponível]); the fluent DeepL alternative diverges from at least one binding term or semantic label in this UI context."
"matrix.action.toggleProducing","pt-BR","Toggle Producing for {item}","83C0CBABA203A6B13DF5A148B7872FFE8D686A15440DA523539073C54D1703BE","Resource Matrix label, action, state, or tooltip.","MEDIUM","item","","glossary.producing=Em produção [strategy=key-scoped, variants=em produção | produzir | parar de produzir]","Alternar a produção de {item}","Alternar “Produzindo” para {item}","SUBSTANTIVE","CODEX","Alternar a produção de {item}","Codex is selected for “Toggle Producing for {item}” (matrix.action.toggleProducing) because it preserves the row's approved product vocabulary (glossary.producing=Em produção [strategy=key-scoped, variants=em produção | produzir | parar de produzir]); the fluent DeepL alternative diverges from at least one binding term or semantic label in this UI context."
"matrix.action.toggleProducingSource","pt-BR","Toggle Producing from {source} for {item}","42793C59523D94302785651913A4291213010AD11779FCE9378B7782B43BB2B5","Resource Matrix label, action, state, or tooltip.","HIGH","item; source","","glossary.producing=Em produção [strategy=key-scoped, variants=em produção | produzir | parar de produzir]; glossary.source=Origem [strategy=semantic-concept]","Alternar a produção de {item} a partir de {source}","Alternar “Produzindo a partir de {source}” para {item}","SUBSTANTIVE","CODEX","Alternar a produção de {item} a partir de {source}","Codex is selected for “Toggle Producing from {source} for {item}” (matrix.action.toggleProducingSource) because it preserves the row's approved product vocabulary (glossary.producing=Em produção [strategy=key-scoped, variants=em produção | produzir | parar de produzir]; glossary.source=Origem [strategy=semantic-concept]); the fluent DeepL alternative diverges from at least one binding term or semantic label in this UI context."
"matrix.action.xTech.add","pt-BR","Add {resource} as present","48E58826798CF2E5504DCE63D53A13988656582AED2B000DD05BC58F134C0666","Resource Matrix label, action, state, or tooltip.","MEDIUM","resource","","glossary.present=Presença [strategy=key-scoped, variants=presença | presente | disponível]","Adicionar {resource} como presente","Adicionar {recurso} como presente","INVALID_TOKENS","INVALID_DEEPL_REPAIRED","Adicionar {resource} como presente","DeepL is structurally invalid for “Add {resource} as present” (matrix.action.xTech.add) because one or more required placeholder names were translated, removed, or changed. The independently reviewed Codex wording is retained as the natural token-safe repair with the exact repository placeholders, plural form, and protected tokens restored."
"matrix.column.inputs","pt-BR","Inputs","7ABC49DFA87BC183179762B87F9914CEADC46C29A5621493A4A91E54D401C1ED","Compact Resource Matrix column for items required by configured recipes or organic production; not data-entry fields.","HIGH","","","glossary.inputs=Insumos [strategy=semantic-concept, variants=insumos | recursos necessários | materiais necessários]","Insumos","Entradas","SUBSTANTIVE","CODEX","Insumos","Codex is selected for “Inputs” (matrix.column.inputs) because it preserves the row's approved product vocabulary (glossary.inputs=Insumos [strategy=semantic-concept, variants=insumos | recursos necessários | materiais necessários]); the fluent DeepL alternative diverges from at least one binding term or semantic label in this UI context."
"matrix.column.item","pt-BR","Item","652BCC3A478428893CC505AE19F847B49BE52F861BEDC64BB192CEED409FA733","Resource Matrix label, action, state, or tooltip.","MEDIUM","","","","Item","Item","IDENTICAL","AGREED","Item","Both independent witnesses agree for “Item” (matrix.column.item); the shared wording is clear in the recorded UI context and preserves the required syntax."
"matrix.column.logistics","pt-BR","Logistics","AE6E98909C98E7C973D920A2D6868685D2E2F25DB3E98683EF3D0DBAE00BF7D6","Compact Resource Matrix column for items actually assigned to routed cargo exports; not merely items that could be exported.","HIGH","","","glossary.logistics=Logística [strategy=key-scoped]","Logística","Logística","IDENTICAL","AGREED","Logística","Both independent witnesses agree for “Logistics” (matrix.column.logistics); the shared wording is clear in the recorded UI context and preserves the required syntax."
"matrix.column.present","pt-BR","Present","43F9B89C0B9D22D8110EAD813EA3949F20592A8BFC3C777D2D49E64DA3B0CC9B","Compact Resource Matrix column label meaning the item/resource exists or can exist at this outpost/location; not temporal “currently”.","HIGH","","","glossary.present=Presença [strategy=key-scoped, variants=presença | presente | disponível]","Presença","Presente","SUBSTANTIVE","CODEX","Presença","Codex is selected for “Present” (matrix.column.present) because it preserves the row's approved product vocabulary (glossary.present=Presença [strategy=key-scoped, variants=presença | presente | disponível]); the fluent DeepL alternative diverges from at least one binding term or semantic label in this UI context."
"matrix.column.producing","pt-BR","Producing","6205C14B87A9F7261B6078D0347AAA6998853CC7BE936390846C6F1B95BF0B56","Compact Resource Matrix state meaning this outpost is configured to extract, harvest, or manufacture the item; no throughput is implied.","HIGH","","","glossary.producing=Em produção [strategy=key-scoped, variants=em produção | produzir | parar de produzir]","Em produção","Produção","SUBSTANTIVE","CODEX","Em produção","Codex is selected for “Producing” (matrix.column.producing) because it preserves the row's approved product vocabulary (glossary.producing=Em produção [strategy=key-scoped, variants=em produção | produzir | parar de produzir]); the fluent DeepL alternative diverges from at least one binding term or semantic label in this UI context."
"matrix.column.source","pt-BR","Source","0E570CA6FABE24F94E52C1833F3FFD25567022BEB826FA16891F3322051BC221","Resource Matrix label, action, state, or tooltip.","MEDIUM","","","glossary.source=Origem [strategy=semantic-concept]","Origem","Fonte","SUBSTANTIVE","CODEX","Origem","Codex is selected for “Source” (matrix.column.source) because it preserves the row's approved product vocabulary (glossary.source=Origem [strategy=semantic-concept]); the fluent DeepL alternative diverges from at least one binding term or semantic label in this UI context."
"matrix.heading","pt-BR","Resource Matrix","0FF84E3776BFD5BC3F7CB4E19082D8AF196D2FE785AA1368744C9A46FAEA6569","Heading for the Resource Matrix, a tabular view of resource presence, active production, recipe inputs, and routed logistics. This is a visible heading.","HIGH","","","glossary.resource-matrix=Matriz de recursos [strategy=phrase]","Matriz de recursos","Matriz de recursos","IDENTICAL","AGREED","Matriz de recursos","Both independent witnesses agree for “Resource Matrix” (matrix.heading); the shared wording is clear in the recorded UI context and preserves the required syntax."
"matrix.imports.empty","pt-BR","No imports.","0D77E00016DF198643A2253AFBFBE2438E9B062704280FD31A6401F534C29C89","Resource Matrix label, action, state, or tooltip.","MEDIUM","","","","Nenhuma importação.","Sem importações.","SUBSTANTIVE","DEEPL","Sem importações.","DeepL is selected for “No imports.” (matrix.imports.empty) because it provides a more idiomatic, immediately understandable control label; placeholders and protected tokens remain exact."
"matrix.manufacturing.add","pt-BR","Add manufactured product","9121C16E7EDB9925D309961B06EE2F11B3E7B1F05E2FA48ABA47B1F2B63FB0EA","Resource Matrix label, action, state, or tooltip.","MEDIUM","","","glossary.manufacturing=Fabricação [strategy=semantic-concept]","Adicionar produto fabricado","Adicionar produto fabricado","IDENTICAL","AGREED","Adicionar produto fabricado","Both independent witnesses agree for “Add manufactured product” (matrix.manufacturing.add); the shared wording is clear in the recorded UI context and preserves the required syntax."
"matrix.manufacturing.addLabel","pt-BR","Add product","61C2739652DED96551EFED256FE50CD2B163432AFC860F3DE72E67B389419350","Resource Matrix label, action, state, or tooltip.","MEDIUM","","","glossary.manufacturing=Fabricação [strategy=semantic-concept]","Adicionar produto","Adicionar produto","IDENTICAL","AGREED","Adicionar produto","Both independent witnesses agree for “Add product” (matrix.manufacturing.addLabel); the shared wording is clear in the recorded UI context and preserves the required syntax."
"matrix.manufacturing.empty","pt-BR","No manufacturing recorded.","99A796FE6FA135735F0A14B99075E5C0042639AA22F89F176B3E6E5C5FF962A4","Resource Matrix label, action, state, or tooltip.","MEDIUM","","","glossary.manufacturing=Fabricação [strategy=semantic-concept]","Nenhuma fabricação registrada.","Nenhuma fabricação registrada.","IDENTICAL","AGREED","Nenhuma fabricação registrada.","Both independent witnesses agree for “No manufacturing recorded.” (matrix.manufacturing.empty); the shared wording is clear in the recorded UI context and preserves the required syntax."
"matrix.manufacturing.select","pt-BR","Select product...","BC94A3C3810455749C1271E4F7F3326D0E62558B83CA19258D3DDE4DE99923B8","Resource Matrix label, action, state, or tooltip.","MEDIUM","","","glossary.manufacturing=Fabricação [strategy=semantic-concept]","Selecionar produto...","Selecione o produto...","SUBSTANTIVE","CODEX","Selecionar produto...","Codex is selected for “Select product...” (matrix.manufacturing.select) because it preserves the row's approved product vocabulary (glossary.manufacturing=Fabricação [strategy=semantic-concept]); the fluent DeepL alternative diverges from at least one binding term or semantic label in this UI context."
"matrix.section.imports","pt-BR","Imports","7DF60B64E7EF61E31FC47CAA6F57B0DDCE2FBBD9EB6A49D425EA04F34F5A542C","Resource Matrix label, action, state, or tooltip.","MEDIUM","","","","Importações","Importações","IDENTICAL","AGREED","Importações","Both independent witnesses agree for “Imports” (matrix.section.imports); the shared wording is clear in the recorded UI context and preserves the required syntax."
"matrix.section.inorganic","pt-BR","Inorganic","897FDA90A70D9858F75D9CBD82D0E8F76C5D41753289E3FF619EB61863A5E91F","Resource Matrix section heading for mineral/inorganic resources.","HIGH","","","glossary.inorganic=Inorgânico [strategy=semantic-concept, variants=inorgânico | inorgânica | inorgânicos | inorgânicas]","Inorgânico","Inorgânicos","SUBSTANTIVE","DEEPL","Inorgânicos","DeepL is selected for “Inorganic” (matrix.section.inorganic) because it provides more natural target-language grammar without changing the source meaning while retaining the approved terminology (glossary.inorganic=Inorgânico [strategy=semantic-concept, variants=inorgânico | inorgânica | inorgânicos | inorgânicas]); placeholders and protected tokens remain exact."
"matrix.section.manufacturing","pt-BR","Manufacturing","C6838ED989FD7D93BA9023466783C95230843EE13ACAFD63A355F9AD766CC39F","Resource Matrix section heading for configured product manufacturing; no throughput is modeled.","HIGH","","","glossary.manufacturing=Fabricação [strategy=semantic-concept]","Fabricação","Fabricação","IDENTICAL","AGREED","Fabricação","Both independent witnesses agree for “Manufacturing” (matrix.section.manufacturing); the shared wording is clear in the recorded UI context and preserves the required syntax."
"matrix.section.organic","pt-BR","Organic","89B8CB68F4EDD75B5FB10DA9CC85802C15214A84CDA6D2F2D841BDF80E7109D3","Resource Matrix section heading for resources obtained from flora or fauna.","HIGH","","","glossary.organic=Orgânico [strategy=semantic-concept, variants=orgânico | orgânica | orgânicos | orgânicas]","Orgânico","Orgânicos","SUBSTANTIVE","DEEPL","Orgânicos","DeepL is selected for “Organic” (matrix.section.organic) because it provides more natural target-language grammar without changing the source meaning while retaining the approved terminology (glossary.organic=Orgânico [strategy=semantic-concept, variants=orgânico | orgânica | orgânicos | orgânicas]); placeholders and protected tokens remain exact."
"matrix.source.unspecified","pt-BR","Unspecified","5B8AA0BF3C59DAEC38E2D0C690A1A62513208D1E2075DAD62A32CA0B9440B1A1","Resource Matrix label, action, state, or tooltip.","MEDIUM","","","glossary.source=Origem [strategy=semantic-concept]","Não especificada","Não especificado","SUBSTANTIVE","CODEX","Não especificada","Codex is selected for “Unspecified” (matrix.source.unspecified) because it preserves the row's approved product vocabulary (glossary.source=Origem [strategy=semantic-concept]); the fluent DeepL alternative diverges from at least one binding term or semantic label in this UI context."
"matrix.state.active","pt-BR","{item}: active","C5842642495AB6998996C229C92496708FC4AC40E64CABBF5D42D2C105D54505","Resource Matrix label, action, state, or tooltip.","MEDIUM","item","","","{item}: ativo","{item}: ativo","IDENTICAL","AGREED","{item}: ativo","Both independent witnesses agree for “{item}: active” (matrix.state.active); the shared wording is clear in the recorded UI context and preserves the required syntax."
"matrix.state.inactive","pt-BR","{item}: inactive","6A8DF3F499FC4DBF092E8D8BA000DA986477895629A19B6E0F4D0D1585B62630","Resource Matrix label, action, state, or tooltip.","MEDIUM","item","","","{item}: inativo","{item}: inativo","IDENTICAL","AGREED","{item}: inativo","Both independent witnesses agree for “{item}: inactive” (matrix.state.inactive); the shared wording is clear in the recorded UI context and preserves the required syntax."
"matrix.tooltip.export.active","pt-BR","{item} is being exported to {destinations}.","055BBD5D2C929206E046EC3F250A6E5E18CA49A54ABAD1F5BB25F548EC20368F","Resource Matrix label, action, state, or tooltip. This is explanatory tooltip text.","HIGH","destinations; item","","glossary.destination=Destino [strategy=semantic-concept]","{item} está sendo exportado para {destinations}.","{item} está sendo exportado para {destinos}.","INVALID_TOKENS","INVALID_DEEPL_REPAIRED","{item} está sendo exportado para {destinations}.","DeepL is structurally invalid for “{item} is being exported to {destinations}.” (matrix.tooltip.export.active) because one or more required placeholder names were translated, removed, or changed. The independently reviewed Codex wording is retained as the natural token-safe repair with the exact repository placeholders, plural form, and protected tokens restored."
"matrix.tooltip.export.inactive","pt-BR","{item} is not being exported.","3D5C74ACC064244CA844A5985D467922DF00655889AA20E9E09D1D734B70A9A7","Resource Matrix label, action, state, or tooltip. This is explanatory tooltip text.","MEDIUM","item","","","{item} não está sendo exportado.","{item} não está sendo exportado.","IDENTICAL","AGREED","{item} não está sendo exportado.","Both independent witnesses agree for “{item} is not being exported.” (matrix.tooltip.export.inactive); the shared wording is clear in the recorded UI context and preserves the required syntax."
"matrix.tooltip.import.active","pt-BR","{item} is being imported.","22B78023B0061204A0DAAD357D2E134A358394AEF6B2B56014E7F962FABBF63C","Resource Matrix label, action, state, or tooltip. This is explanatory tooltip text.","MEDIUM","item","","","{item} está sendo importado.","{item} está sendo importado.","IDENTICAL","AGREED","{item} está sendo importado.","Both independent witnesses agree for “{item} is being imported.” (matrix.tooltip.import.active); the shared wording is clear in the recorded UI context and preserves the required syntax."
"matrix.tooltip.input.available","pt-BR","{item} is available at this outpost.","7E957480BD17FC93AD8CCF3CCF75C1D611C2A0F1062E1B1EF3CE52149B52A5EF","Resource Matrix label, action, state, or tooltip. This is explanatory tooltip text.","MEDIUM","item","","term.outpost=Entreposto [strategy=semantic-concept, variants=entreposto | entrepostos]; glossary.inputs=Insumos [strategy=semantic-concept, variants=insumos | recursos necessários | materiais necessários]","{item} está disponível neste entreposto.","{item} está disponível neste posto avançado.","SUBSTANTIVE","CODEX","{item} está disponível neste entreposto.","Codex is selected for “{item} is available at this outpost.” (matrix.tooltip.input.available) because it preserves the row's approved product vocabulary (term.outpost=Entreposto [strategy=semantic-concept, variants=entreposto | entrepostos]; glossary.inputs=Insumos [strategy=semantic-concept, variants=insumos | recursos necessários | materiais necessários]); the fluent DeepL alternative diverges from at least one binding term or semantic label in this UI context."
"matrix.tooltip.input.unavailable","pt-BR","{item} is not available at this outpost.","CD51B09CECAF9938958EC84ED6BBD41ED9F65CCCA813377987402991246A0CD5","Resource Matrix label, action, state, or tooltip. This is explanatory tooltip text.","MEDIUM","item","","term.outpost=Entreposto [strategy=semantic-concept, variants=entreposto | entrepostos]; glossary.inputs=Insumos [strategy=semantic-concept, variants=insumos | recursos necessários | materiais necessários]","{item} não está disponível neste entreposto.","{item} não está disponível neste posto avançado.","SUBSTANTIVE","CODEX","{item} não está disponível neste entreposto.","Codex is selected for “{item} is not available at this outpost.” (matrix.tooltip.input.unavailable) because it preserves the row's approved product vocabulary (term.outpost=Entreposto [strategy=semantic-concept, variants=entreposto | entrepostos]; glossary.inputs=Insumos [strategy=semantic-concept, variants=insumos | recursos necessários | materiais necessários]); the fluent DeepL alternative diverges from at least one binding term or semantic label in this UI context."
"matrix.tooltip.manufacturing.blocked","pt-BR","{item} is not being produced at this outpost due to missing inputs.","6B5041B4E9ACD713834127A9C03F6511181DAD863E498E96483D2310DD98D6A9","Resource Matrix label, action, state, or tooltip. This is explanatory tooltip text.","MEDIUM","item","","term.outpost=Entreposto [strategy=semantic-concept, variants=entreposto | entrepostos]; glossary.inputs=Insumos [strategy=semantic-concept, variants=insumos | recursos necessários | materiais necessários]","{item} não está sendo produzido neste entreposto devido à falta de insumos.","{item} não está sendo produzido neste posto avançado devido à falta de insumos.","SUBSTANTIVE","CODEX","{item} não está sendo produzido neste entreposto devido à falta de insumos.","Codex is selected for “{item} is not being produced at this outpost due to missing inputs.” (matrix.tooltip.manufacturing.blocked) because it preserves the row's approved product vocabulary (term.outpost=Entreposto [strategy=semantic-concept, variants=entreposto | entrepostos]; glossary.inputs=Insumos [strategy=semantic-concept, variants=insumos | recursos necessários | materiais necessários]); the fluent DeepL alternative diverges from at least one binding term or semantic label in this UI context."
"matrix.tooltip.producing.active","pt-BR","{item} is being produced at this outpost.","89F21A9639298627054AC3918E70BF648B4396E095781366BE34464D13526799","Resource Matrix label, action, state, or tooltip. This is explanatory tooltip text.","MEDIUM","item","","term.outpost=Entreposto [strategy=semantic-concept, variants=entreposto | entrepostos]; glossary.producing=Em produção [strategy=key-scoped, variants=em produção | produzir | parar de produzir]","{item} está sendo produzido neste entreposto.","{item} está sendo produzido neste posto avançado.","SUBSTANTIVE","CODEX","{item} está sendo produzido neste entreposto.","Codex is selected for “{item} is being produced at this outpost.” (matrix.tooltip.producing.active) because it preserves the row's approved product vocabulary (term.outpost=Entreposto [strategy=semantic-concept, variants=entreposto | entrepostos]; glossary.producing=Em produção [strategy=key-scoped, variants=em produção | produzir | parar de produzir]); the fluent DeepL alternative diverges from at least one binding term or semantic label in this UI context."
"matrix.tooltip.producing.inactive","pt-BR","{item} is not being produced at this outpost.","B3AFCA938B63F0F57D691FE84D631E6D4437FDE13C97F357C38C8F382BD7AFED","Resource Matrix label, action, state, or tooltip. This is explanatory tooltip text.","MEDIUM","item","","term.outpost=Entreposto [strategy=semantic-concept, variants=entreposto | entrepostos]; glossary.producing=Em produção [strategy=key-scoped, variants=em produção | produzir | parar de produzir]","{item} não está sendo produzido neste entreposto.","{item} não está sendo produzido neste posto avançado.","SUBSTANTIVE","CODEX","{item} não está sendo produzido neste entreposto.","Codex is selected for “{item} is not being produced at this outpost.” (matrix.tooltip.producing.inactive) because it preserves the row's approved product vocabulary (term.outpost=Entreposto [strategy=semantic-concept, variants=entreposto | entrepostos]; glossary.producing=Em produção [strategy=key-scoped, variants=em produção | produzir | parar de produzir]); the fluent DeepL alternative diverges from at least one binding term or semantic label in this UI context."
"matrix.tooltip.xTech.add","pt-BR","Add {resource} as present. It can be extracted at any outpost if X-Tech Power Cores are available.","E34F279A7F5A3549EA040DD701E16C40D9F8249A016812C77F881DABCB4C403E","Resource Matrix label, action, state, or tooltip. This is explanatory tooltip text.","MEDIUM","resource","","term.outpost=Entreposto [strategy=semantic-concept, variants=entreposto | entrepostos]; term.x-tech-power-core=Núcleo de energia Tec-X [strategy=semantic-concept]; term.x-tech=Tec-X [strategy=phrase]; glossary.present=Presença [strategy=key-scoped, variants=presença | presente | disponível]","Adicione {resource} como presente. Ele pode ser extraído em qualquer entreposto se houver núcleos de energia Tec-X disponíveis.","Adicione {recurso} como presente. Ele pode ser extraído em qualquer posto avançado, desde que haja Núcleos de Energia X-Tech disponíveis.","INVALID_TOKENS","INVALID_DEEPL_REPAIRED","Adicione {resource} como presente. Ele pode ser extraído em qualquer entreposto se houver núcleos de energia Tec-X disponíveis.","DeepL is structurally invalid for “Add {resource} as present. It can be extracted at any outpost if X-Tech Power Cores are...” (matrix.tooltip.xTech.add) because one or more required placeholder names were translated, removed, or changed. The independently reviewed Codex wording is retained as the natural token-safe repair with the exact repository placeholders, plural form, and protected tokens restored."
"matrix.tooltip.xTech.present","pt-BR","{resource} has been explicitly recorded as present at this outpost.","89CF62DE4E95AA5CEAB06EE75ABBE42F751A04010C1ECACB0EE9465EC3AB67D1","Resource Matrix label, action, state, or tooltip. This is explanatory tooltip text.","MEDIUM","resource","","term.outpost=Entreposto [strategy=semantic-concept, variants=entreposto | entrepostos]; glossary.present=Presença [strategy=key-scoped, variants=presença | presente | disponível]","{resource} foi registrado explicitamente como presente neste entreposto.","{recurso} foi explicitamente registrado como presente neste posto avançado.","INVALID_TOKENS","INVALID_DEEPL_REPAIRED","{resource} foi registrado explicitamente como presente neste entreposto.","DeepL is structurally invalid for “{resource} has been explicitly recorded as present at this outpost.” (matrix.tooltip.xTech.present) because one or more required placeholder names were translated, removed, or changed. The independently reviewed Codex wording is retained as the natural token-safe repair with the exact repository placeholders, plural form, and protected tokens restored."
"network.active","pt-BR","Active network","0B957FC62D5C68AF27552AB97A19DBF3AA3CCD23B5170F2C4019C60ABE8BE776","Network navigation, creation, reset, or deletion UI.","LOW","","","glossary.network=Rede [strategy=semantic-concept]","Ativa rede","Rede ativa","SUBSTANTIVE","DEEPL","Rede ativa","DeepL is selected for “Active network” (network.active) because it provides more natural target-language grammar without changing the source meaning while retaining the approved terminology (glossary.network=Rede [strategy=semantic-concept]); placeholders and protected tokens remain exact."
"network.add","pt-BR","Add Network","E9DCB1FBEC276039EE2BAEEB66B84C21F9F8CCF54E2CB460172D516912A22600","Network navigation, creation, reset, or deletion UI.","LOW","","","glossary.network=Rede [strategy=semantic-concept]","Adicionar Rede","Adicionar rede","SUBSTANTIVE","DEEPL","Adicionar rede","DeepL is selected for “Add Network” (network.add) because it provides more natural target-language grammar without changing the source meaning while retaining the approved terminology (glossary.network=Rede [strategy=semantic-concept]); placeholders and protected tokens remain exact."
"network.delete.button","pt-BR","Delete Network","AA4090A876BCC1C8E2C1AF6A01D0A7A3734FD6D3CFD09BFA89A385770CB5E5BF","Network navigation, creation, reset, or deletion UI.","LOW","","","glossary.network=Rede [strategy=semantic-concept]","Excluir Rede","Excluir rede","SUBSTANTIVE","DEEPL","Excluir rede","DeepL is selected for “Delete Network” (network.delete.button) because it provides more natural target-language grammar without changing the source meaning while retaining the approved terminology (glossary.network=Rede [strategy=semantic-concept]); placeholders and protected tokens remain exact."
"network.delete.confirmTitle","pt-BR","DELETE NETWORK","11DC8262799793DF1CF2986AF191074D48FF37E294CF28AFC9AB48F73B560E94","Network navigation, creation, reset, or deletion UI.","LOW","","","glossary.network=Rede [strategy=semantic-concept]","EXCLUIR REDE","EXCLUIR REDE","IDENTICAL","AGREED","EXCLUIR REDE","Both independent witnesses agree for “DELETE NETWORK” (network.delete.confirmTitle); the shared wording is clear in the recorded UI context and preserves the required syntax."
"network.delete.explanation","pt-BR","Remove the current network from this collection?","76DEDAA619A8B2E99FB971B9FB03C7B9CB0FEDB7F1ECB70E271D503F14ABEB2C","Network navigation, creation, reset, or deletion UI.","HIGH","","","glossary.network=Rede [strategy=semantic-concept]","Remover a rede atual desta coleção?","Deseja remover a rede atual desta coleção?","SUBSTANTIVE","DEEPL","Deseja remover a rede atual desta coleção?","DeepL is selected for “Remove the current network from this collection?” (network.delete.explanation) because it provides more natural target-language grammar without changing the source meaning while retaining the approved terminology (glossary.network=Rede [strategy=semantic-concept]); placeholders and protected tokens remain exact."
"network.delete.undoHint","pt-BR","You can undo this action during the current session.","BF0AF22DD2EC6095FEE0D256A95B2DFD2A94A640EB3A49DA284B3702CFE01361","Network navigation, creation, reset, or deletion UI.","HIGH","","","glossary.undo-redo=Desfazer / Refazer [strategy=key-scoped]","Você pode desfazer esta ação durante a sessão atual.","Você pode desfazer essa ação durante a sessão atual.","SUBSTANTIVE","CODEX","Você pode desfazer esta ação durante a sessão atual.","Codex is selected for “You can undo this action during the current session.” (network.delete.undoHint) because it preserves the row's approved product vocabulary (glossary.undo-redo=Desfazer / Refazer [strategy=key-scoped]); the fluent DeepL alternative diverges from at least one binding term or semantic label in this UI context."
"network.label","pt-BR","NETWORK","B5A9716FCD63F4A279E2F6DF8F6DE89DCE75FF38FAD8C7E04EBB2D8E2227E2EB","Network navigation, creation, reset, or deletion UI. This is a form or control label.","LOW","","","glossary.network=Rede [strategy=semantic-concept]","REDE","REDE","IDENTICAL","AGREED","REDE","Both independent witnesses agree for “NETWORK” (network.label); the shared wording is clear in the recorded UI context and preserves the required syntax."
"network.next","pt-BR","Next Network","F450398F4C7903569B56638D94C9011C735664B10737251BFA7F4C0101F284E1","Network navigation, creation, reset, or deletion UI.","LOW","","","glossary.network=Rede [strategy=semantic-concept]","Próximo Rede","Próxima rede","SUBSTANTIVE","DEEPL","Próxima rede","DeepL is selected for “Next Network” (network.next) because it provides more natural target-language grammar without changing the source meaning while retaining the approved terminology (glossary.network=Rede [strategy=semantic-concept]); placeholders and protected tokens remain exact."
"network.previous","pt-BR","Previous Network","E295D9F36D309D7BD32F382E55F37078BE9A0F210F595FC041A9263CAD8F7CD6","Network navigation, creation, reset, or deletion UI.","LOW","","","glossary.network=Rede [strategy=semantic-concept]","Anterior Rede","Rede anterior","SUBSTANTIVE","DEEPL","Rede anterior","DeepL is selected for “Previous Network” (network.previous) because it provides more natural target-language grammar without changing the source meaning while retaining the approved terminology (glossary.network=Rede [strategy=semantic-concept]); placeholders and protected tokens remain exact."
"network.reset.button","pt-BR","Reset Network","9D09E8E28CBDF80525D2F7764BF37218267BA965A5FAB20169CCD79D006D468B","Network navigation, creation, reset, or deletion UI.","LOW","","","glossary.network=Rede [strategy=semantic-concept]","Redefinir Rede","Redefinir rede","SUBSTANTIVE","DEEPL","Redefinir rede","DeepL is selected for “Reset Network” (network.reset.button) because it provides more natural target-language grammar without changing the source meaning while retaining the approved terminology (glossary.network=Rede [strategy=semantic-concept]); placeholders and protected tokens remain exact."
"network.reset.confirmTitle","pt-BR","RESET NETWORK","5766579AA160E3F4BDCFE9D0A1F3CDCDCA184EA4DC775A8DB8F1483BE23DF912","Network navigation, creation, reset, or deletion UI.","LOW","","","glossary.network=Rede [strategy=semantic-concept]","REDEFINIR REDE","REINICIALIZAR REDE","SUBSTANTIVE","DEEPL","REINICIALIZAR REDE","DeepL is selected for “RESET NETWORK” (network.reset.confirmTitle) because it provides more natural target-language grammar without changing the source meaning while retaining the approved terminology (glossary.network=Rede [strategy=semantic-concept]); placeholders and protected tokens remain exact."
"network.reset.explanation","pt-BR","Reset the current network to a fresh default state?","C205E1A69D327991E52083EF9CB8C9D02EA17B4BA75F19A5481FC2AFF56A3709","Network navigation, creation, reset, or deletion UI.","HIGH","","","glossary.network=Rede [strategy=semantic-concept]","Redefinir a rede atual para um novo estado padrão?","Deseja redefinir a rede atual para o estado padrão?","SUBSTANTIVE","DEEPL","Deseja redefinir a rede atual para o estado padrão?","DeepL is selected for “Reset the current network to a fresh default state?” (network.reset.explanation) because it provides more natural target-language grammar without changing the source meaning while retaining the approved terminology (glossary.network=Rede [strategy=semantic-concept]); placeholders and protected tokens remain exact."
"outpost.biomes.label","pt-BR","Biomes","923B13B59420A08EB268290B93A1C70D296A8B817CE8947ADB6A49F366EF5ACE","Outpost navigation or details UI. This is a form or control label.","LOW","","","term.biome=Bioma [strategy=semantic-concept, variants=bioma | biomas]","Biomas","Biomas","IDENTICAL","AGREED","Biomas","Both independent witnesses agree for “Biomes” (outpost.biomes.label); the shared wording is clear in the recorded UI context and preserves the required syntax."
"outpost.body.label","pt-BR","Body","6CCAA6415B5EE449E3C5C716F57B4608EBE3B780F5AA6B077BC5D8EEE5D961F9","Outpost navigation or details UI. This is a form or control label.","LOW","","","term.planetary-body=Corpo celeste [strategy=semantic-concept, variants=corpo celeste | corpos celestes]","Corpo celeste","Corpo","SUBSTANTIVE","CODEX","Corpo celeste","Codex is selected for “Body” (outpost.body.label) because it preserves the row's approved product vocabulary (term.planetary-body=Corpo celeste [strategy=semantic-concept, variants=corpo celeste | corpos celestes]); the fluent DeepL alternative diverges from at least one binding term or semantic label in this UI context."
"outpost.body.select","pt-BR","Select body...","90F280224A8D610BF8D4DCAE00626AA3D4690006D09C8B5B9569751376DCD80F","Outpost navigation or details UI.","LOW","","","term.planetary-body=Corpo celeste [strategy=semantic-concept, variants=corpo celeste | corpos celestes]","Selecione o corpo celeste...","Selecione o corpo...","SUBSTANTIVE","CODEX","Selecione o corpo celeste...","Codex is selected for “Select body...” (outpost.body.select) because it preserves the row's approved product vocabulary (term.planetary-body=Corpo celeste [strategy=semantic-concept, variants=corpo celeste | corpos celestes]); the fluent DeepL alternative diverges from at least one binding term or semantic label in this UI context."
"outpost.defaultName","pt-BR","New Outpost","8D0546F4F9854D2F963190B3A1BD9EC4B7B39AE1C5E37B6B295673313CC0F0A3","Outpost navigation or details UI.","LOW","","","term.outpost=Entreposto [strategy=semantic-concept, variants=entreposto | entrepostos]","Novo entreposto","Novo Posto Avançado","SUBSTANTIVE","CODEX","Novo entreposto","Codex is selected for “New Outpost” (outpost.defaultName) because it preserves the row's approved product vocabulary (term.outpost=Entreposto [strategy=semantic-concept, variants=entreposto | entrepostos]); the fluent DeepL alternative diverges from at least one binding term or semantic label in this UI context."
"outpost.delete","pt-BR","Delete Outpost","7C7C8CE5EBE3BA6F5320C09AF897EA8E5F727E9A6750952C79BBC17E555B1F2B","Outpost navigation or details UI.","LOW","","","term.outpost=Entreposto [strategy=semantic-concept, variants=entreposto | entrepostos]","Excluir entreposto","Excluir Posto Avançado","SUBSTANTIVE","CODEX","Excluir entreposto","Codex is selected for “Delete Outpost” (outpost.delete) because it preserves the row's approved product vocabulary (term.outpost=Entreposto [strategy=semantic-concept, variants=entreposto | entrepostos]); the fluent DeepL alternative diverges from at least one binding term or semantic label in this UI context."
"outpost.details.heading","pt-BR","Outpost Details","7D886EAAF7F4BC15858F5417447819FCB5985CD60478E216E028EF0F213D4182","Outpost navigation or details UI. This is a visible heading.","LOW","","","term.outpost=Entreposto [strategy=semantic-concept, variants=entreposto | entrepostos]","Detalhes do entreposto","Detalhes do Posto Avançado","SUBSTANTIVE","CODEX","Detalhes do entreposto","Codex is selected for “Outpost Details” (outpost.details.heading) because it preserves the row's approved product vocabulary (term.outpost=Entreposto [strategy=semantic-concept, variants=entreposto | entrepostos]); the fluent DeepL alternative diverges from at least one binding term or semantic label in this UI context."
"outpost.name.label","pt-BR","Outpost name","3BD68489C2D0581A28EE1F1CE5DAB3BC21CE46D1FD761B4640DA783A41C3D457","Outpost navigation or details UI. This is a form or control label.","LOW","","","term.outpost=Entreposto [strategy=semantic-concept, variants=entreposto | entrepostos]","Nome do entreposto","Nome do posto avançado","SUBSTANTIVE","CODEX","Nome do entreposto","Codex is selected for “Outpost name” (outpost.name.label) because it preserves the row's approved product vocabulary (term.outpost=Entreposto [strategy=semantic-concept, variants=entreposto | entrepostos]); the fluent DeepL alternative diverges from at least one binding term or semantic label in this UI context."
"outpost.navigation.add","pt-BR","Add outpost","E918451B6D2EC69126402B9C3D175CBCF5114A80163A34073D64D10FE29E5D0A","Outpost navigation or details UI.","MEDIUM","","","term.outpost=Entreposto [strategy=semantic-concept, variants=entreposto | entrepostos]","Adicionar entreposto","Adicionar posto avançado","SUBSTANTIVE","CODEX","Adicionar entreposto","Codex is selected for “Add outpost” (outpost.navigation.add) because it preserves the row's approved product vocabulary (term.outpost=Entreposto [strategy=semantic-concept, variants=entreposto | entrepostos]); the fluent DeepL alternative diverges from at least one binding term or semantic label in this UI context."
"outpost.navigation.addButton","pt-BR","+ Add Outpost","06AD289BA37366FCBA4775FB277122AC18D8606595C6352F0E5C9BE65D9B5110","Outpost navigation or details UI.","MEDIUM","","","term.outpost=Entreposto [strategy=semantic-concept, variants=entreposto | entrepostos]","+ Adicionar Entreposto","+ Adicionar Posto Avançado","SUBSTANTIVE","CODEX","+ Adicionar Entreposto","Codex is selected for “+ Add Outpost” (outpost.navigation.addButton) because it preserves the row's approved product vocabulary (term.outpost=Entreposto [strategy=semantic-concept, variants=entreposto | entrepostos]); the fluent DeepL alternative diverges from at least one binding term or semantic label in this UI context."
"outpost.navigation.addWithLimit","pt-BR","Add outpost ({count} of {limit})","4928A704D273269A24171CBD44B902B9D71A29FB8DB6C1949798C197A98B4965","Outpost navigation or details UI.","HIGH","count; limit","","term.outpost=Entreposto [strategy=semantic-concept, variants=entreposto | entrepostos]","Adicionar entreposto ({count} de {limit})","Adicionar posto avançado ({count} de {limit})","SUBSTANTIVE","CODEX","Adicionar entreposto ({count} de {limit})","Codex is selected for “Add outpost ({count} of {limit})” (outpost.navigation.addWithLimit) because it preserves the row's approved product vocabulary (term.outpost=Entreposto [strategy=semantic-concept, variants=entreposto | entrepostos]); the fluent DeepL alternative diverges from at least one binding term or semantic label in this UI context."
"outpost.navigation.finishReshuffle","pt-BR","Finish reshuffling outposts","423DB1152FC67CD3D44FBB11830AF6E0791A279C6506F60456C664EFB193B6C6","Outpost navigation or details UI.","MEDIUM","","","term.outpost=Entreposto [strategy=semantic-concept, variants=entreposto | entrepostos]; glossary.reshuffle=Reordenar [strategy=key-scoped, variants=reordenar | concluir reordenação]","Concluir a reordenação dos entrepostos","Concluir a reorganização dos postos avançados","SUBSTANTIVE","CODEX","Concluir a reordenação dos entrepostos","Codex is selected for “Finish reshuffling outposts” (outpost.navigation.finishReshuffle) because it preserves the row's approved product vocabulary (term.outpost=Entreposto [strategy=semantic-concept, variants=entreposto | entrepostos]; glossary.reshuffle=Reordenar [strategy=key-scoped, variants=reordenar | concluir reordenação]); the fluent DeepL alternative diverges from at least one binding term or semantic label in this UI context."
"outpost.navigation.heading","pt-BR","Outposts","33E85B75FFC107AC8534734E5B71351017A834D0565B34B2ED638D6F126018ED","Outpost navigation or details UI. This is a visible heading.","MEDIUM","","","term.outpost=Entreposto [strategy=semantic-concept, variants=entreposto | entrepostos]","Entrepostos","Postos avançados","SUBSTANTIVE","CODEX","Entrepostos","Codex is selected for “Outposts” (outpost.navigation.heading) because it preserves the row's approved product vocabulary (term.outpost=Entreposto [strategy=semantic-concept, variants=entreposto | entrepostos]); the fluent DeepL alternative diverges from at least one binding term or semantic label in this UI context."
"outpost.navigation.hide","pt-BR","Hide outpost navigation","B839ADB9654CA0364F08C1339E3E4236761EFFE604E3E4F04DA5A812F37B9700","Outpost navigation or details UI.","MEDIUM","","","term.outpost=Entreposto [strategy=semantic-concept, variants=entreposto | entrepostos]","Ocultar navegação de entrepostos","Ocultar navegação dos postos avançados","SUBSTANTIVE","CODEX","Ocultar navegação de entrepostos","Codex is selected for “Hide outpost navigation” (outpost.navigation.hide) because it preserves the row's approved product vocabulary (term.outpost=Entreposto [strategy=semantic-concept, variants=entreposto | entrepostos]); the fluent DeepL alternative diverges from at least one binding term or semantic label in this UI context."
"outpost.navigation.lockOrder","pt-BR","Lock order","7502440CB9BF3D736CC75C78D7491D37DC186DA7164CA35F318B8F2D2FF6E851","Button that exits outpost reordering mode and prevents further reordering; “lock” is an ordering action, not security or login.","HIGH","","","glossary.lock-order=Bloquear a ordem [strategy=key-scoped]","Bloquear a ordem","Bloquear ordem","SUBSTANTIVE","CODEX","Bloquear a ordem","Codex is selected for “Lock order” (outpost.navigation.lockOrder) because it preserves the row's approved product vocabulary (glossary.lock-order=Bloquear a ordem [strategy=key-scoped]); the fluent DeepL alternative diverges from at least one binding term or semantic label in this UI context."
"outpost.navigation.reshuffle","pt-BR","Reshuffle outposts","58EA58B8292536DC1E5774C5F2A981EBE1F2E73AC2B7E353CA8F79684F327E7B","Outpost navigation or details UI.","MEDIUM","","","term.outpost=Entreposto [strategy=semantic-concept, variants=entreposto | entrepostos]; glossary.reshuffle=Reordenar [strategy=key-scoped, variants=reordenar | concluir reordenação]","Reordenar entrepostos","Reorganizar postos avançados","SUBSTANTIVE","CODEX","Reordenar entrepostos","Codex is selected for “Reshuffle outposts” (outpost.navigation.reshuffle) because it preserves the row's approved product vocabulary (term.outpost=Entreposto [strategy=semantic-concept, variants=entreposto | entrepostos]; glossary.reshuffle=Reordenar [strategy=key-scoped, variants=reordenar | concluir reordenação]); the fluent DeepL alternative diverges from at least one binding term or semantic label in this UI context."
"outpost.navigation.reshuffleButton","pt-BR","Reshuffle","24AB205A02FFFE0FE0223DC041BE048135351B78CAE94C04C035FCA9BCEA8BD8","Button that enters manual outpost reordering mode; it does not randomize the order.","HIGH","","","glossary.reshuffle=Reordenar [strategy=key-scoped, variants=reordenar | concluir reordenação]","Reordenar","Reorganizar","SUBSTANTIVE","CODEX","Reordenar","Codex is selected for “Reshuffle” (outpost.navigation.reshuffleButton) because it preserves the row's approved product vocabulary (glossary.reshuffle=Reordenar [strategy=key-scoped, variants=reordenar | concluir reordenação]); the fluent DeepL alternative diverges from at least one binding term or semantic label in this UI context."
"outpost.navigation.show","pt-BR","Show outpost navigation","BA0B278C43B4D6DE0A8FD21B2E975995EF957087C6C82264B85227AD7F74B397","Outpost navigation or details UI.","MEDIUM","","","term.outpost=Entreposto [strategy=semantic-concept, variants=entreposto | entrepostos]","Mostrar navegação de entrepostos","Mostrar navegação pelos postos avançados","SUBSTANTIVE","CODEX","Mostrar navegação de entrepostos","Codex is selected for “Show outpost navigation” (outpost.navigation.show) because it preserves the row's approved product vocabulary (term.outpost=Entreposto [strategy=semantic-concept, variants=entreposto | entrepostos]); the fluent DeepL alternative diverges from at least one binding term or semantic label in this UI context."
"outpost.referenceData.empty","pt-BR","No resource reference data found for this body.","866A6B8F00387269E5B2FA19103325087600910327518293F88B2F6B5A7650EB","Outpost navigation or details UI.","LOW","","","term.planetary-body=Corpo celeste [strategy=semantic-concept, variants=corpo celeste | corpos celestes]","Nenhum dado de referência de recursos encontrado para este corpo celeste.","Não foram encontrados dados de referência de recursos para este corpo.","SUBSTANTIVE","CODEX","Nenhum dado de referência de recursos encontrado para este corpo celeste.","Codex is selected for “No resource reference data found for this body.” (outpost.referenceData.empty) because it preserves the row's approved product vocabulary (term.planetary-body=Corpo celeste [strategy=semantic-concept, variants=corpo celeste | corpos celestes]); the fluent DeepL alternative diverges from at least one binding term or semantic label in this UI context."
"outpost.solar.label","pt-BR","Solar","31CE6E79178093B714406B55954C625A9FD47B70C7A6802D5FB5E744422E475C","Outpost navigation or details UI. This is a form or control label.","LOW","","","","Solar","Solar","IDENTICAL","AGREED","Solar","Both independent witnesses agree for “Solar” (outpost.solar.label); the shared wording is clear in the recorded UI context and preserves the required syntax."
"outpost.system.label","pt-BR","System","6725E7BBCD28F3A8A586FA34BF191FD72DDE8B61756932CD3237C17A6F196F1A","Outpost navigation or details UI. This is a form or control label.","LOW","","","term.star-system=Sistema estelar [strategy=semantic-concept, variants=sistema estelar | sistemas estelares]","Sistema","Sistema","IDENTICAL","AGREED","Sistema","Both independent witnesses agree for “System” (outpost.system.label); the shared wording is clear in the recorded UI context and preserves the required syntax."
"outpost.system.select","pt-BR","Select system...","431B1B70F97562CE0F87841BA9BA411218AB24EDE4C350C23A3545DFBE18689C","Outpost navigation or details UI.","LOW","","","term.star-system=Sistema estelar [strategy=semantic-concept, variants=sistema estelar | sistemas estelares]","Selecione o sistema...","Selecione um sistema...","SUBSTANTIVE","CODEX","Selecione o sistema...","Codex is selected for “Select system...” (outpost.system.select) because it preserves the row's approved product vocabulary (term.star-system=Sistema estelar [strategy=semantic-concept, variants=sistema estelar | sistemas estelares]); the fluent DeepL alternative diverges from at least one binding term or semantic label in this UI context."
"outpost.wind.label","pt-BR","Wind","D151346FE7EEA3C6A0865199579CA6017487DBF981D59CDD1FCADADB03518DC8","Outpost navigation or details UI. This is a form or control label.","LOW","","","","Eólica","Eólica","IDENTICAL","AGREED","Eólica","Both independent witnesses agree for “Wind” (outpost.wind.label); the shared wording is clear in the recorded UI context and preserves the required syntax."
"plannedSupply.add","pt-BR","Add {item} to Planned Supply","A8539A127A899BB2398BA3906312BBEE81A35C0D58EC399A484FCD0B41CF02C9","Planned Supply planning UI; virtual supply, not inventory.","MEDIUM","item","","glossary.planned-supply=Suprimento planejado [strategy=semantic-concept]","Adicionar {item} a Suprimento planejado","Adicionar {item} ao Abastecimento Planejado","SUBSTANTIVE","CODEX","Adicionar {item} a Suprimento planejado","Codex is selected for “Add {item} to Planned Supply” (plannedSupply.add) because it preserves the row's approved product vocabulary (glossary.planned-supply=Suprimento planejado [strategy=semantic-concept]); the fluent DeepL alternative diverges from at least one binding term or semantic label in this UI context."
"plannedSupply.addItems","pt-BR","Add items to Planned Supply","5C46C1CF781EA9B9D66DEE794383D0121D9D2FC5F4BB6201E73E61D10329E312","Planned Supply planning UI; virtual supply, not inventory.","MEDIUM","","","glossary.planned-supply=Suprimento planejado [strategy=semantic-concept]","Adicionar itens a Suprimento planejado","Adicionar itens ao fornecimento planejado","SUBSTANTIVE","CODEX","Adicionar itens a Suprimento planejado","Codex is selected for “Add items to Planned Supply” (plannedSupply.addItems) because it preserves the row's approved product vocabulary (glossary.planned-supply=Suprimento planejado [strategy=semantic-concept]); the fluent DeepL alternative diverges from at least one binding term or semantic label in this UI context."
"plannedSupply.collapse","pt-BR","Collapse Planned Supply","E15065C5BD181D7F121DAD0EB15A70975340E090B66B202E5F92A2CB8631406D","Planned Supply planning UI; virtual supply, not inventory.","MEDIUM","","","glossary.planned-supply=Suprimento planejado [strategy=semantic-concept]","Recolher Suprimento planejado","Recolher o Abastecimento Planejado","SUBSTANTIVE","CODEX","Recolher Suprimento planejado","Codex is selected for “Collapse Planned Supply” (plannedSupply.collapse) because it preserves the row's approved product vocabulary (glossary.planned-supply=Suprimento planejado [strategy=semantic-concept]); the fluent DeepL alternative diverges from at least one binding term or semantic label in this UI context."
"plannedSupply.empty","pt-BR","No planned supply.","3C83B844C6CE9EE6706973FCF39E55A35FF7AB50C29EEF75CE86FA07EA3A6FFB","Planned Supply planning UI; virtual supply, not inventory.","MEDIUM","","","glossary.planned-supply=Suprimento planejado [strategy=semantic-concept]","Nenhum suprimento planejado.","Não há fornecimento planejado.","SUBSTANTIVE","CODEX","Nenhum suprimento planejado.","Codex is selected for “No planned supply.” (plannedSupply.empty) because it preserves the row's approved product vocabulary (glossary.planned-supply=Suprimento planejado [strategy=semantic-concept]); the fluent DeepL alternative diverges from at least one binding term or semantic label in this UI context."
"plannedSupply.expand","pt-BR","Expand Planned Supply","8CCC084632C6908601B2EBACF0F20E85D93E881534F95C3268243A4E215B6527","Planned Supply planning UI; virtual supply, not inventory.","MEDIUM","","","glossary.planned-supply=Suprimento planejado [strategy=semantic-concept]","Expandir Suprimento planejado","Expandir o estoque planejado","SUBSTANTIVE","CODEX","Expandir Suprimento planejado","Codex is selected for “Expand Planned Supply” (plannedSupply.expand) because it preserves the row's approved product vocabulary (glossary.planned-supply=Suprimento planejado [strategy=semantic-concept]); the fluent DeepL alternative diverges from at least one binding term or semantic label in this UI context."
"plannedSupply.heading","pt-BR","Planned Supply","3748580A9E100E8B05D1F36B32346EDAA2DF422A8256FA71DF620ACFEA43E4AD","Feature heading for virtual future supply intent. It is not current inventory, a reservation, or an actual delivery. This is a visible heading.","HIGH","","","glossary.planned-supply=Suprimento planejado [strategy=semantic-concept]","Suprimento planejado","Fornecimento planejado","SUBSTANTIVE","CODEX","Suprimento planejado","Codex is selected for “Planned Supply” (plannedSupply.heading) because it preserves the row's approved product vocabulary (glossary.planned-supply=Suprimento planejado [strategy=semantic-concept]); the fluent DeepL alternative diverges from at least one binding term or semantic label in this UI context."
"plannedSupply.remove","pt-BR","Remove {item} from Planned Supply","00837F0F710BA09B864290FD9F8FD8FA53E364D3BC5F24FF6B06C3E7E02D0DD3","Planned Supply planning UI; virtual supply, not inventory.","MEDIUM","item","","glossary.planned-supply=Suprimento planejado [strategy=semantic-concept]","Remover {item} de Suprimento planejado","Remover {item} do estoque planejado","SUBSTANTIVE","CODEX","Remover {item} de Suprimento planejado","Codex is selected for “Remove {item} from Planned Supply” (plannedSupply.remove) because it preserves the row's approved product vocabulary (glossary.planned-supply=Suprimento planejado [strategy=semantic-concept]); the fluent DeepL alternative diverges from at least one binding term or semantic label in this UI context."
"plannedSupply.removeAll","pt-BR","Remove all Planned Supply","CF751884A0857D7CD62B5716C0F7BB082E80D3FE85CB229ABFFB1E013F81EE38","Planned Supply planning UI; virtual supply, not inventory.","MEDIUM","","","glossary.planned-supply=Suprimento planejado [strategy=semantic-concept]","Remover todo o Suprimento planejado","Remover todo o suprimento planejado","SUBSTANTIVE","DEEPL","Remover todo o suprimento planejado","DeepL is selected for “Remove all Planned Supply” (plannedSupply.removeAll) because it provides more natural target-language grammar without changing the source meaning while retaining the approved terminology (glossary.planned-supply=Suprimento planejado [strategy=semantic-concept]); placeholders and protected tokens remain exact."
"plannedSupply.section.inorganic","pt-BR","Inorganic Resources","CE416CB725F503F7401314798FE1EAA2BB694AAFAE04907EB650C510ADCB4D08","Planned Supply planning UI; virtual supply, not inventory.","MEDIUM","","","glossary.inorganic=Inorgânico [strategy=semantic-concept, variants=inorgânico | inorgânica | inorgânicos | inorgânicas]","Recursos inorgânicos","Recursos inorgânicos","IDENTICAL","AGREED","Recursos inorgânicos","Both independent witnesses agree for “Inorganic Resources” (plannedSupply.section.inorganic); the shared wording is clear in the recorded UI context and preserves the required syntax."
"plannedSupply.section.organic","pt-BR","Organic Resources","D04832A3DBACE8F178D1E7DD0767F251B538562419634813F2ACC771E7960289","Planned Supply planning UI; virtual supply, not inventory.","MEDIUM","","","glossary.organic=Orgânico [strategy=semantic-concept, variants=orgânico | orgânica | orgânicos | orgânicas]","Recursos orgânicos","Recursos orgânicos","IDENTICAL","AGREED","Recursos orgânicos","Both independent witnesses agree for “Organic Resources” (plannedSupply.section.organic); the shared wording is clear in the recorded UI context and preserves the required syntax."
"plannedSupply.section.products","pt-BR","Manufactured Products","B125CB525C552EA33D1B71C7588D5324CE7E9E281940068F317C74B4B2BB32CC","Planned Supply planning UI; virtual supply, not inventory.","MEDIUM","","","glossary.manufacturing=Fabricação [strategy=semantic-concept]","Produtos fabricados","Produtos manufaturados","SUBSTANTIVE","CODEX","Produtos fabricados","Codex is selected for “Manufactured Products” (plannedSupply.section.products) because it preserves the row's approved product vocabulary (glossary.manufacturing=Fabricação [strategy=semantic-concept]); the fluent DeepL alternative diverges from at least one binding term or semantic label in this UI context."
"power.label.good","pt-BR","Good","C939327CA16DCF97CA32521D8B834BF1DE16573D21DEDA3BB2A337CF403787A6","Power quality label or explanatory tooltip. This is a form or control label.","MEDIUM","","","","Boa","Bem","SUBSTANTIVE","CUSTOM","Bom","Custom wording “Bom” corrects power.label.good because the previous DeepL choice “Bem” used the wrong word class/sense rather than the adjectival quality rating. The corrected compact label matches the qualitative sense of power.quality.good; neither frozen witness supplies the required final form."
"power.label.none","pt-BR","None","DC937B59892604F5A86AC96936CD7FF09E25F18AE6B758E8014A24C7FA039E91","Power quality label or explanatory tooltip. This is a form or control label.","MEDIUM","","","","Nenhuma","Nenhum","SUBSTANTIVE","DEEPL","Nenhum","DeepL is selected for “None” (power.label.none) because it provides a more idiomatic, immediately understandable control label; placeholders and protected tokens remain exact."
"power.label.normal","pt-BR","Norm.","DEF003CB8AA2673D2417E0330782C9CE706F4759178EC19C75921F652B5F9DC1","Power quality label or explanatory tooltip. This is a form or control label.","MEDIUM","","","","Norm.","Normal.","SUBSTANTIVE","DEEPL","Normal.","DeepL is selected for “Norm.” (power.label.normal) because it provides a more idiomatic, immediately understandable control label; placeholders and protected tokens remain exact."
"power.label.poor","pt-BR","Poor","94DFD46D9DAE63E6C692415BBAB8E266C777E87CDD77BEAB02583B8ED7BD874D","Power quality label or explanatory tooltip. This is a form or control label.","MEDIUM","","","","Ruim","Ruim","IDENTICAL","AGREED","Ruim","Both independent witnesses agree for “Poor” (power.label.poor); the shared wording is clear in the recorded UI context and preserves the required syntax."
"power.label.unknown","pt-BR","—","BDA050585A00F0F6CB502350559D75532AE3B244C9498B996E7C5DF2D98DFC8D","Power quality label or explanatory tooltip. This is a form or control label.","MEDIUM","","","","—","—","IDENTICAL","AGREED","—","Both independent witnesses agree for “—” (power.label.unknown); the shared wording is clear in the recorded UI context and preserves the required syntax."
"power.label.veryPoor","pt-BR","V.Poor","23711E1D8AD43AB27CCCCF34CD8A62C0AA722733DD32706AE2BF55B8CF1D0116","Power quality label or explanatory tooltip. This is a form or control label.","MEDIUM","","","","M. ruim","Muito ruim","SUBSTANTIVE","DEEPL","Muito ruim","DeepL is selected for “V.Poor” (power.label.veryPoor) because it provides a more idiomatic, immediately understandable control label; placeholders and protected tokens remain exact."
"power.quality.good","pt-BR","Good","C939327CA16DCF97CA32521D8B834BF1DE16573D21DEDA3BB2A337CF403787A6","Power quality label or explanatory tooltip.","MEDIUM","","","","Boa","Bom","SUBSTANTIVE","DEEPL","Bom","DeepL is selected for “Good” (power.quality.good) because it provides a more idiomatic, immediately understandable control label; placeholders and protected tokens remain exact."
"power.quality.none","pt-BR","None","DC937B59892604F5A86AC96936CD7FF09E25F18AE6B758E8014A24C7FA039E91","Power quality label or explanatory tooltip.","MEDIUM","","","","Nenhuma","Nenhum","SUBSTANTIVE","DEEPL","Nenhum","DeepL is selected for “None” (power.quality.none) because it provides a more idiomatic, immediately understandable control label; placeholders and protected tokens remain exact."
"power.quality.normal","pt-BR","Normal","A7248EEB45EB1CE247F81693283E22E8B39E8A50890CECD22D02E75025547D90","Power quality label or explanatory tooltip.","MEDIUM","","","","Normal","Normal","IDENTICAL","AGREED","Normal","Both independent witnesses agree for “Normal” (power.quality.normal); the shared wording is clear in the recorded UI context and preserves the required syntax."
"power.quality.poor","pt-BR","Poor","94DFD46D9DAE63E6C692415BBAB8E266C777E87CDD77BEAB02583B8ED7BD874D","Power quality label or explanatory tooltip.","MEDIUM","","","","Ruim","Ruim","IDENTICAL","AGREED","Ruim","Both independent witnesses agree for “Poor” (power.quality.poor); the shared wording is clear in the recorded UI context and preserves the required syntax."
"power.quality.unknown","pt-BR","Unknown","B764CDC0EAB7137467211272FA539F1260D1BF2E71BCF6FF3BDC960F5C16AA14","Power quality label or explanatory tooltip.","MEDIUM","","","","Desconhecido","Desconhecido","IDENTICAL","AGREED","Desconhecido","Both independent witnesses agree for “Unknown” (power.quality.unknown); the shared wording is clear in the recorded UI context and preserves the required syntax."
"power.quality.veryPoor","pt-BR","Very Poor","58D10B9584397B0B71A4A877E0243F8B4202B3F642BE3B4E02A61BBBF4182F32","Power quality label or explanatory tooltip.","MEDIUM","","","","Muito ruim","Muito ruim","IDENTICAL","AGREED","Muito ruim","Both independent witnesses agree for “Very Poor” (power.quality.veryPoor); the shared wording is clear in the recorded UI context and preserves the required syntax."
"power.tooltip.modified","pt-BR","{source}: {quality} · {multiplier}× output ({modifier})","37B2719E6183F1811D2561A29EEF38307F671674FAAF90F2C4729E18B20599D8","Power quality label or explanatory tooltip. This is explanatory tooltip text.","HIGH","modifier; multiplier; quality; source","","","{source}: {quality} · {multiplier}× produção ({modifier})","{fonte}: {qualidade} · {multiplicador} × saída ({modificador})","INVALID_TOKENS","INVALID_DEEPL_REPAIRED","{source}: {quality} · {multiplier}× produção ({modifier})","DeepL is structurally invalid for “{source}: {quality} · {multiplier}× output ({modifier})” (power.tooltip.modified) because one or more required placeholder names were translated, removed, or changed. The independently reviewed Codex wording is retained as the natural token-safe repair with the exact repository placeholders, plural form, and protected tokens restored."
"power.tooltip.noModifier","pt-BR","{source}: {quality} · {multiplier}× output (no modifier)","082FBB8B5BC3BDFF1C71A7FF8F77A6DFA933011266DC6784C78974CF1309B04B","Power quality label or explanatory tooltip. This is explanatory tooltip text.","HIGH","multiplier; quality; source","","","{source}: {quality} · {multiplier}× produção (sem modificador)","{fonte}: {qualidade} · {multiplicador} × saída (sem modificador)","INVALID_TOKENS","INVALID_DEEPL_REPAIRED","{source}: {quality} · {multiplier}× produção (sem modificador)","DeepL is structurally invalid for “{source}: {quality} · {multiplier}× output (no modifier)” (power.tooltip.noModifier) because one or more required placeholder names were translated, removed, or changed. The independently reviewed Codex wording is retained as the natural token-safe repair with the exact repository placeholders, plural form, and protected tokens restored."
"power.tooltip.unknown","pt-BR","{source}: {quality}","8DC4D1F651257F48F5D24DD2A1FCA9B3E6ADF13061BA8ADA479B3351201BA517","Power quality label or explanatory tooltip. This is explanatory tooltip text.","HIGH","quality; source","","","{source}: {quality}","{fonte}: {qualidade}","INVALID_TOKENS","INVALID_DEEPL_REPAIRED","{source}: {quality}","DeepL is structurally invalid for “{source}: {quality}” (power.tooltip.unknown) because one or more required placeholder names were translated, removed, or changed. The independently reviewed Codex wording is retained as the natural token-safe repair with the exact repository placeholders, plural form, and protected tokens restored."
"production.empty","pt-BR","No local resources have been selected.","268C8F36EDA0EE5B32EE73CED9B8846849B570966A30A392F0E238D8BE80FFB1","Active Production section.","LOW","","","","Nenhum recurso local foi selecionado.","Nenhum recurso local foi selecionado.","IDENTICAL","AGREED","Nenhum recurso local foi selecionado.","Both independent witnesses agree for “No local resources have been selected.” (production.empty); the shared wording is clear in the recorded UI context and preserves the required syntax."
"production.heading","pt-BR","Active Production","048E7E34826F22874A7BE1F38FAE424C9404D91569160C5ECBDF48139FC577CB","Active Production section. This is a visible heading.","LOW","","","glossary.active-production=Produção ativa [strategy=semantic-concept]","Produção ativa","Produção ativa","IDENTICAL","AGREED","Produção ativa","Both independent witnesses agree for “Active Production” (production.heading); the shared wording is clear in the recorded UI context and preserves the required syntax."
"referenceFatal.diagnostic.actualDataset","pt-BR","Actual dataset ID","D1562EB9E94E9E96B380B70A6FA2EC27E2683DA11D1A723F052FF5B4E73B73EE","Tracker-authored application message.","LOW","","ID","","ID real do conjunto de dados","ID do conjunto de dados real","SUBSTANTIVE","DEEPL","ID do conjunto de dados real","DeepL is selected for “Actual dataset ID” (referenceFatal.diagnostic.actualDataset) because it provides more natural target-language grammar without changing the source meaning; placeholders and protected tokens remain exact."
"referenceFatal.diagnostic.actualHash","pt-BR","Actual hash prefix","6C3A935D967CD3A1AFEF55578D3234F5CDD23EF1663F246DDD60A22293695A6A","Tracker-authored application message.","LOW","","","","Prefixo de hash real","Prefixo de hash real","IDENTICAL","AGREED","Prefixo de hash real","Both independent witnesses agree for “Actual hash prefix” (referenceFatal.diagnostic.actualHash); the shared wording is clear in the recorded UI context and preserves the required syntax."
"referenceFatal.diagnostic.asset","pt-BR","Asset","80D298C9F240900F00B327F5B611DC41AA785788D6FD3EDBE35812CA88F02E9A","Tracker-authored application message.","LOW","","","","Arquivo","Ativo","SUBSTANTIVE","DEEPL","Ativo","DeepL is selected for “Asset” (referenceFatal.diagnostic.asset) because it provides more natural target-language grammar without changing the source meaning; placeholders and protected tokens remain exact."
"referenceFatal.diagnostic.code","pt-BR","Error code","0570B384C3CECF819FB8EBE7AAB1CBB56C7238845FA99B34FC2D6494A7BACD9A","Tracker-authored application message.","LOW","","","","Código de erro","Código de erro","IDENTICAL","AGREED","Código de erro","Both independent witnesses agree for “Error code” (referenceFatal.diagnostic.code); the shared wording is clear in the recorded UI context and preserves the required syntax."
"referenceFatal.diagnostic.expectedDataset","pt-BR","Expected dataset ID","F9BCC9C79CEE38D775E37506F08F6154E63833B5B2CC4160342F66FB6831CE6A","Tracker-authored application message.","LOW","","ID","","ID esperado do conjunto de dados","ID esperado do conjunto de dados","IDENTICAL","AGREED","ID esperado do conjunto de dados","Both independent witnesses agree for “Expected dataset ID” (referenceFatal.diagnostic.expectedDataset); the shared wording is clear in the recorded UI context and preserves the required syntax."
"referenceFatal.diagnostic.expectedHash","pt-BR","Expected hash prefix","8963009395F38E55F0D16BC200A299AC116DC323DCE9E16B38C33BDCCAA14A39","Tracker-authored application message.","LOW","","","","Prefixo de hash esperado","Prefixo de hash esperado","IDENTICAL","AGREED","Prefixo de hash esperado","Both independent witnesses agree for “Expected hash prefix” (referenceFatal.diagnostic.expectedHash); the shared wording is clear in the recorded UI context and preserves the required syntax."
"referenceFatal.diagnostic.locale","pt-BR","Locale","CA3DC612F47E3913B79F68EAC655D590812439EEC5865189C38A0D7623EFA0AA","Tracker-authored application message.","LOW","","","","Localidade","Configuração regional","SUBSTANTIVE","DEEPL","Configuração regional","DeepL is selected for “Locale” (referenceFatal.diagnostic.locale) because it provides more natural target-language grammar without changing the source meaning; placeholders and protected tokens remain exact."
"referenceFatal.diagnostic.mediaType","pt-BR","Media type","080D69147E5E9D098F24C01D7413101E31A17DD6853E4F7BCCCE2D775D945B4B","Tracker-authored application message.","LOW","","","","Tipo de conteúdo","Tipo de mídia","SUBSTANTIVE","DEEPL","Tipo de mídia","DeepL is selected for “Media type” (referenceFatal.diagnostic.mediaType) because it provides more natural target-language grammar without changing the source meaning; placeholders and protected tokens remain exact."
"referenceFatal.diagnostic.schemaVersion","pt-BR","Manifest schema version","10F91A96B0C00520302942A617346E2AADB048F20CDBF9885A054BF4608091CE","Tracker-authored application message.","LOW","","","","Versão do esquema do manifesto","Versão do esquema do manifesto","IDENTICAL","AGREED","Versão do esquema do manifesto","Both independent witnesses agree for “Manifest schema version” (referenceFatal.diagnostic.schemaVersion); the shared wording is clear in the recorded UI context and preserves the required syntax."
"referenceFatal.diagnostic.status","pt-BR","HTTP status","0F7CF91F242CDF7ABB04BB4710C174D56643D01BC39ACC3E4334C716D06B660B","Tracker-authored application message.","LOW","","","","Status HTTP","Status HTTP","IDENTICAL","AGREED","Status HTTP","Both independent witnesses agree for “HTTP status” (referenceFatal.diagnostic.status); the shared wording is clear in the recorded UI context and preserves the required syntax."
"referenceFatal.explanation","pt-BR","Required reference data could not be loaded correctly. The tracker has stopped to protect your saved work.","3EC004F7CA1FA38DB26295AFAE2403D503FD06CE9CFC32FAB2EF918F900445B6","Tracker-authored application message.","LOW","","","","Não foi possível carregar corretamente os dados de referência obrigatórios. O aplicativo foi interrompido para proteger o trabalho salvo.","Não foi possível carregar corretamente os dados de referência necessários. O rastreador foi interrompido para proteger seu trabalho salvo.","SUBSTANTIVE","DEEPL","Não foi possível carregar corretamente os dados de referência necessários. O rastreador foi interrompido para proteger seu trabalho salvo.","DeepL is selected for “Required reference data could not be loaded correctly. The tracker has stopped to prote...” (referenceFatal.explanation) because it provides more natural target-language grammar without changing the source meaning; placeholders and protected tokens remain exact."
"referenceFatal.heading","pt-BR","Reference data unavailable","7E97733458B49F2E75B96ED180A7A14D1CFE7562FA391AC12C8F59C7406AB8B9","Tracker-authored application message. This is a visible heading.","LOW","","","","Dados de referência indisponíveis","Dados de referência indisponíveis","IDENTICAL","AGREED","Dados de referência indisponíveis","Both independent witnesses agree for “Reference data unavailable” (referenceFatal.heading); the shared wording is clear in the recorded UI context and preserves the required syntax."
"referenceFatal.privacy","pt-BR","Reporting opens your email app and includes technical diagnostics only. No saved network data is included automatically.","303AC78FCAC8F3E34F83D4EB61798D823F0A7876AB00F9965161C611DBF8CDC1","Tracker-authored application message.","LOW","","","glossary.network=Rede [strategy=semantic-concept]","O envio do relatório abre o aplicativo de e-mail e inclui somente diagnósticos técnicos. Nenhum dado salvo da rede é incluído automaticamente.","O relatório abre seu aplicativo de e-mail e inclui apenas diagnósticos técnicos. Nenhum dado de rede salvo é incluído automaticamente.","SUBSTANTIVE","DEEPL","O relatório abre seu aplicativo de e-mail e inclui apenas diagnósticos técnicos. Nenhum dado de rede salvo é incluído automaticamente.","DeepL is selected for “Reporting opens your email app and includes technical diagnostics only. No saved networ...” (referenceFatal.privacy) because it provides more natural target-language grammar without changing the source meaning while retaining the approved terminology (glossary.network=Rede [strategy=semantic-concept]); placeholders and protected tokens remain exact."
"referenceFatal.reason.assetContentType","pt-BR","A required reference file was served with the wrong content type.","E4998173285DA086873408FE340C6AA619B3B0773F5A436F0FEB7049C644640B","Tracker-authored application message.","LOW","","","","Um arquivo de referência obrigatório foi fornecido com o tipo de conteúdo incorreto.","Um arquivo de referência obrigatório foi fornecido com o tipo de conteúdo incorreto.","IDENTICAL","AGREED","Um arquivo de referência obrigatório foi fornecido com o tipo de conteúdo incorreto.","Both independent witnesses agree for “A required reference file was served with the wrong content type.” (referenceFatal.reason.assetContentType); the shared wording is clear in the recorded UI context and preserves the required syntax."
"referenceFatal.reason.assetFetch","pt-BR","A required reference file could not be retrieved.","3979D0E6E4FC27C9E487BB1CD34873B03145520CC9C6A55375F1E9E79ABEA888","Tracker-authored application message.","LOW","","","","Um arquivo de referência obrigatório não pôde ser recuperado.","Não foi possível recuperar um arquivo de referência obrigatório.","SUBSTANTIVE","DEEPL","Não foi possível recuperar um arquivo de referência obrigatório.","DeepL is selected for “A required reference file could not be retrieved.” (referenceFatal.reason.assetFetch) because it provides more natural target-language grammar without changing the source meaning; placeholders and protected tokens remain exact."
"referenceFatal.reason.assetHash","pt-BR","A required reference file does not match the manifest.","0B3186DA86F196F10755F0C83C70EAA1FA314A6B5D44A29116799ADCD2073959","Tracker-authored application message.","LOW","","","","Um arquivo de referência obrigatório não corresponde ao manifesto.","Um arquivo de referência obrigatório não corresponde ao manifesto.","IDENTICAL","AGREED","Um arquivo de referência obrigatório não corresponde ao manifesto.","Both independent witnesses agree for “A required reference file does not match the manifest.” (referenceFatal.reason.assetHash); the shared wording is clear in the recorded UI context and preserves the required syntax."
"referenceFatal.reason.assetJson","pt-BR","A required reference file contains invalid JSON.","94C49FE1655FA6C35FCCD77C61FA4D7CA80A445E2E007011E1C4C9806E7CA89D","Tracker-authored application message.","LOW","","JSON","","Um arquivo de referência obrigatório contém JSON inválido.","Um arquivo de referência obrigatório contém JSON inválido.","IDENTICAL","AGREED","Um arquivo de referência obrigatório contém JSON inválido.","Both independent witnesses agree for “A required reference file contains invalid JSON.” (referenceFatal.reason.assetJson); the shared wording is clear in the recorded UI context and preserves the required syntax."
"referenceFatal.reason.assetSchema","pt-BR","A required reference file has an invalid structure.","C94A3A1F6EF842F8853A9E44C46EB1385D94E138889DA80DB70B9B410C0F9863","Tracker-authored application message.","LOW","","","","Um arquivo de referência obrigatório tem uma estrutura inválida.","Um arquivo de referência obrigatório possui uma estrutura inválida.","SUBSTANTIVE","DEEPL","Um arquivo de referência obrigatório possui uma estrutura inválida.","DeepL is selected for “A required reference file has an invalid structure.” (referenceFatal.reason.assetSchema) because it provides more natural target-language grammar without changing the source meaning; placeholders and protected tokens remain exact."
"referenceFatal.reason.assetSize","pt-BR","A required reference file exceeds the size limit.","A797C74204B047426FF140E429B3BC277771670CCF5999F0C6A74E784EDAFB66","Tracker-authored application message.","LOW","","","","Um arquivo de referência obrigatório excede o limite de tamanho.","Um arquivo de referência obrigatório excede o limite de tamanho.","IDENTICAL","AGREED","Um arquivo de referência obrigatório excede o limite de tamanho.","Both independent witnesses agree for “A required reference file exceeds the size limit.” (referenceFatal.reason.assetSize); the shared wording is clear in the recorded UI context and preserves the required syntax."
"referenceFatal.reason.buildMismatch","pt-BR","The reference data belongs to a different app build.","3D7236B730DBA31DF9744B3F9A09535F33D61F6C8AEF8C6B6F5C700EC3068CAB","Tracker-authored application message.","LOW","","","","Os dados de referência pertencem a outra versão do aplicativo.","Os dados de referência pertencem a uma versão diferente do aplicativo.","SUBSTANTIVE","DEEPL","Os dados de referência pertencem a uma versão diferente do aplicativo.","DeepL is selected for “The reference data belongs to a different app build.” (referenceFatal.reason.buildMismatch) because it provides more natural target-language grammar without changing the source meaning; placeholders and protected tokens remain exact."
"referenceFatal.reason.internal","pt-BR","The reference data integrity check could not complete.","C8BD867CDCD01CB72B305DA37244AB7AD7F3DEE94E525D460ED99C66214C484F","Tracker-authored application message.","LOW","","","","Não foi possível concluir a verificação de integridade dos dados de referência.","Não foi possível concluir a verificação de integridade dos dados de referência.","IDENTICAL","AGREED","Não foi possível concluir a verificação de integridade dos dados de referência.","Both independent witnesses agree for “The reference data integrity check could not complete.” (referenceFatal.reason.internal); the shared wording is clear in the recorded UI context and preserves the required syntax."
"referenceFatal.reason.manifestFetch","pt-BR","The reference manifest could not be retrieved.","077DAF53094553A2262D2E9B2FE0FE91E47B807ED53845BC0FA80EF62125B866","Tracker-authored application message.","LOW","","","","Não foi possível recuperar o manifesto de referência.","Não foi possível recuperar o manifesto de referência.","IDENTICAL","AGREED","Não foi possível recuperar o manifesto de referência.","Both independent witnesses agree for “The reference manifest could not be retrieved.” (referenceFatal.reason.manifestFetch); the shared wording is clear in the recorded UI context and preserves the required syntax."
"referenceFatal.reason.manifestInvalid","pt-BR","The reference manifest is invalid.","856BAD9547F9FCFC0FC3739C43F7BB29FEC0A60BB24ED9C6223890B50BFF15B8","Tracker-authored application message.","LOW","","","","O manifesto de referência é inválido.","O manifesto de referência é inválido.","IDENTICAL","AGREED","O manifesto de referência é inválido.","Both independent witnesses agree for “The reference manifest is invalid.” (referenceFatal.reason.manifestInvalid); the shared wording is clear in the recorded UI context and preserves the required syntax."
"referenceFatal.reason.manifestVersion","pt-BR","The reference manifest version is unsupported.","937951D077E320AE9746EEBBCD82288FC04A1F59E9931C027F9299AE2A8E52C7","Tracker-authored application message.","LOW","","","","A versão do manifesto de referência não é compatível.","A versão do manifesto de referência não é compatível.","IDENTICAL","AGREED","A versão do manifesto de referência não é compatível.","Both independent witnesses agree for “The reference manifest version is unsupported.” (referenceFatal.reason.manifestVersion); the shared wording is clear in the recorded UI context and preserves the required syntax."
"referenceFatal.reload","pt-BR","Reload","BDC090EC61E3FCFC65F469951DFE00F3F2ECFC6003C44DEAC8E05B7237092DE6","Tracker-authored application message.","LOW","","","","Recarregar","Atualizar","SUBSTANTIVE","DEEPL","Atualizar","DeepL is selected for “Reload” (referenceFatal.reload) because it provides more natural target-language grammar without changing the source meaning; placeholders and protected tokens remain exact."
"referenceFatal.report","pt-BR","Report","B6CE788D9786917C9D19ADAA0D904213365607C7F683D7277F508DCF142B4CC2","Tracker-authored application message.","LOW","","","","Relatar","Relatório","SUBSTANTIVE","DEEPL","Relatório","DeepL is selected for “Report” (referenceFatal.report) because it provides more natural target-language grammar without changing the source meaning; placeholders and protected tokens remain exact."
"referenceFatal.report.body","pt-BR","The tracker stopped during reference data verification. Technical diagnostics:","06E2FE496D91F39F7D0D02747423E0EC5650D97E614BCA7621C24A94861CB697","Tracker-authored application message.","LOW","","","","O aplicativo foi interrompido durante a verificação dos dados de referência. Diagnósticos técnicos:","O rastreador parou durante a verificação dos dados de referência. Diagnósticos técnicos:","SUBSTANTIVE","DEEPL","O rastreador parou durante a verificação dos dados de referência. Diagnósticos técnicos:","DeepL is selected for “The tracker stopped during reference data verification. Technical diagnostics:” (referenceFatal.report.body) because it provides more natural target-language grammar without changing the source meaning; placeholders and protected tokens remain exact."
"referenceFatal.report.subject","pt-BR","Starfield Outpost Tracker reference data problem","D82EA728AF2C1BC3A41761E4959F9857FD8BABAE0396D8BD2B989ED28A6F8680","Tracker-authored application message.","LOW","","","term.outpost=Entreposto [strategy=semantic-concept, variants=entreposto | entrepostos]; product.starfield=Starfield [strategy=phrase]","Problema nos dados de referência do rastreador de entrepostos de Starfield","Problema nos dados de referência do Starfield Outpost Tracker","SUBSTANTIVE","CODEX","Problema nos dados de referência do rastreador de entrepostos de Starfield","Codex is selected for “Starfield Outpost Tracker reference data problem” (referenceFatal.report.subject) because it preserves the row's approved product vocabulary (term.outpost=Entreposto [strategy=semantic-concept, variants=entreposto | entrepostos]; product.starfield=Starfield [strategy=phrase]); the fluent DeepL alternative diverges from at least one binding term or semantic label in this UI context."
"search.autocomplete.product","pt-BR","Product","FB9EF894175C327470F768D95CA7BEE65E19853A0EAACE3805F8A7B8A12270DA","Item search control, result, state flag, or accessibility instruction.","MEDIUM","","","","Produto","Produto","IDENTICAL","AGREED","Produto","Both independent witnesses agree for “Product” (search.autocomplete.product); the shared wording is clear in the recorded UI context and preserves the required syntax."
"search.autocomplete.resource","pt-BR","Resource","EB7A842FF958C49C6BB5AC2610915C41B9625D8BB553A87DEAFF5D1884430F34","Item search control, result, state flag, or accessibility instruction.","MEDIUM","","","","Recurso","Recurso","IDENTICAL","AGREED","Recurso","Both independent witnesses agree for “Resource” (search.autocomplete.resource); the shared wording is clear in the recorded UI context and preserves the required syntax."
"search.input.description","pt-BR","Type an item name or abbreviation, then confirm the item to search.","C803DDEE972FC87FE16A018031103C2B8931A0944CB6B84D03271C1226C2F9FC","Item search control, result, state flag, or accessibility instruction. This is accessible or instructional text.","MEDIUM","","","","Digite o nome ou a abreviação de um item e confirme o item que deseja pesquisar.","Digite o nome ou a abreviação de um item e, em seguida, confirme o item a ser pesquisado.","SUBSTANTIVE","DEEPL","Digite o nome ou a abreviação de um item e, em seguida, confirme o item a ser pesquisado.","DeepL is selected for “Type an item name or abbreviation, then confirm the item to search.” (search.input.description) because it provides clearer, more idiomatic accessible or instructional wording; placeholders and protected tokens remain exact."
"search.input.label","pt-BR","Search for resources or products in your outposts.","5503C57D0D797724DCCB827B724DBDA0FC47192929CC9BC7022E5793A287C9A1","Item search control, result, state flag, or accessibility instruction. This is a form or control label.","MEDIUM","","","term.outpost=Entreposto [strategy=semantic-concept, variants=entreposto | entrepostos]","Pesquisar recursos ou produtos nos seus entrepostos.","Pesquise recursos ou produtos em seus postos avançados.","SUBSTANTIVE","CODEX","Pesquisar recursos ou produtos nos seus entrepostos.","Codex is selected for “Search for resources or products in your outposts.” (search.input.label) because it preserves the row's approved product vocabulary (term.outpost=Entreposto [strategy=semantic-concept, variants=entreposto | entrepostos]); the fluent DeepL alternative diverges from at least one binding term or semantic label in this UI context."
"search.input.placeholder","pt-BR","Search resources or products","BB2BEF585C633AB7724C054DFF24AF17C79912DE8A4459A109E7F06546D3D694","Item search control, result, state flag, or accessibility instruction.","MEDIUM","","","","Pesquisar recursos ou produtos","Pesquisar recursos ou produtos","IDENTICAL","AGREED","Pesquisar recursos ou produtos","Both independent witnesses agree for “Search resources or products” (search.input.placeholder); the shared wording is clear in the recorded UI context and preserves the required syntax."
"search.results.close","pt-BR","Close Search Results","F96E828A9092B71523FBB3C9A567DAF6722E1245B6496CF2B914D45FAD6970CD","Item search control, result, state flag, or accessibility instruction.","MEDIUM","","","","Fechar Resultados da pesquisa","Fechar resultados da pesquisa","SUBSTANTIVE","DEEPL","Fechar resultados da pesquisa","DeepL is selected for “Close Search Results” (search.results.close) because it provides clearer, more idiomatic accessible or instructional wording; placeholders and protected tokens remain exact."
"search.results.dragInstructions","pt-BR","Move Search Results with the arrow keys. Hold Shift for larger steps.","959897EA69410FC9E83C495B5FAC4989501BE59DFDF33F9FDCB8AAEE31E9DC25","Item search control, result, state flag, or accessibility instruction.","HIGH","","Shift","","Mova os resultados da pesquisa com as teclas de seta. Mantenha Shift pressionado para passos maiores.","Navegue pelos resultados da pesquisa com as setas do teclado. Mantenha a tecla Shift pressionada para avançar em passos maiores.","SUBSTANTIVE","DEEPL","Navegue pelos resultados da pesquisa com as setas do teclado. Mantenha a tecla Shift pressionada para avançar em passos maiores.","DeepL is selected for “Move Search Results with the arrow keys. Hold Shift for larger steps.” (search.results.dragInstructions) because it provides clearer, more idiomatic accessible or instructional wording; placeholders and protected tokens remain exact."
"search.results.flag.exporting","pt-BR","Exporting","EB9B51193618C1A172014167484EF491D9E9BA6B222F0E4DD993F1339B7DFEC0","Item search control, result, state flag, or accessibility instruction.","MEDIUM","","","","Exportando","Exportação","SUBSTANTIVE","DEEPL","Exportação","DeepL is selected for “Exporting” (search.results.flag.exporting) because it provides clearer, more idiomatic accessible or instructional wording; placeholders and protected tokens remain exact."
"search.results.flag.importing","pt-BR","Importing","D252FFFACBF0370776D720324538A0E7F77D2A01267BBEEF6CD43378DC68605B","Item search control, result, state flag, or accessibility instruction.","MEDIUM","","","","Importando","Importação","SUBSTANTIVE","DEEPL","Importação","DeepL is selected for “Importing” (search.results.flag.importing) because it provides clearer, more idiomatic accessible or instructional wording; placeholders and protected tokens remain exact."
"search.results.flag.missingInputs","pt-BR","Missing Inputs","24BFB7E5906EA9DC87390942ECA120511DF604A3703F2C4EE588151E94E0C02C","Search-result state flag meaning required recipe or organic-production inputs are unavailable.","HIGH","","","glossary.inputs=Insumos [strategy=semantic-concept, variants=insumos | recursos necessários | materiais necessários]","Insumos ausentes","Entradas ausentes","SUBSTANTIVE","CODEX","Insumos ausentes","Codex is selected for “Missing Inputs” (search.results.flag.missingInputs) because it preserves the row's approved product vocabulary (glossary.inputs=Insumos [strategy=semantic-concept, variants=insumos | recursos necessários | materiais necessários]); the fluent DeepL alternative diverges from at least one binding term or semantic label in this UI context."
"search.results.flag.plannedSupply","pt-BR","Planned Supply","3748580A9E100E8B05D1F36B32346EDAA2DF422A8256FA71DF620ACFEA43E4AD","Item search control, result, state flag, or accessibility instruction.","MEDIUM","","","glossary.planned-supply=Suprimento planejado [strategy=semantic-concept]","Suprimento planejado","Suprimento planejado","IDENTICAL","AGREED","Suprimento planejado","Both independent witnesses agree for “Planned Supply” (search.results.flag.plannedSupply); the shared wording is clear in the recorded UI context and preserves the required syntax."
"search.results.flag.present","pt-BR","Present","43F9B89C0B9D22D8110EAD813EA3949F20592A8BFC3C777D2D49E64DA3B0CC9B","Search-result state flag meaning the item/resource exists or can exist at the outpost; not temporal “currently”.","HIGH","","","glossary.present=Presença [strategy=key-scoped, variants=presença | presente | disponível]","Presença","Atual","SUBSTANTIVE","CODEX","Presença","Codex is selected for “Present” (search.results.flag.present) because it preserves the row's approved product vocabulary (glossary.present=Presença [strategy=key-scoped, variants=presença | presente | disponível]); the fluent DeepL alternative diverges from at least one binding term or semantic label in this UI context."
"search.results.flag.producing","pt-BR","Producing","6205C14B87A9F7261B6078D0347AAA6998853CC7BE936390846C6F1B95BF0B56","Search-result state flag meaning configured active production, without a throughput claim.","HIGH","","","glossary.producing=Em produção [strategy=key-scoped, variants=em produção | produzir | parar de produzir]","Em produção","Produzindo","SUBSTANTIVE","CODEX","Em produção","Codex is selected for “Producing” (search.results.flag.producing) because it preserves the row's approved product vocabulary (glossary.producing=Em produção [strategy=key-scoped, variants=em produção | produzir | parar de produzir]); the fluent DeepL alternative diverges from at least one binding term or semantic label in this UI context."
"search.results.found","pt-BR","{searchItem} was found at {count} {count, plural, one {outpost} other {outposts}}.","CEC1C6BE530D72128E3C3B1F80BCD0302F86340CBB7E52365511ABDF269D0D0F","Item search control, result, state flag, or accessibility instruction.","HIGH","count; searchItem","","term.outpost=Entreposto [strategy=semantic-concept, variants=entreposto | entrepostos]","{searchItem} foi encontrado em {count} {count, plural, one {entreposto} other {entrepostos}}.","{searchItem} foi encontrado em {count} {count, plural, um {posto avançado} outros {postos avançados}}.","INVALID_TOKENS","INVALID_DEEPL_REPAIRED","{searchItem} foi encontrado em {count} {count, plural, one {entreposto} other {entrepostos}}.","DeepL is structurally invalid for “{searchItem} was found at {count} {count, plural, one {outpost} other {outposts}}.” (search.results.found) because the ICU plural syntax or its plural parameter/category structure was altered. The independently reviewed Codex wording is retained as the natural token-safe repair with the exact repository placeholders, plural form, and protected tokens restored."
"search.results.notFound","pt-BR","{searchItem} was not found at any outpost.","6325CC94B352FEBCD190C61B84407AF02FFF65652F2F3945547C7FE702472233","Item search control, result, state flag, or accessibility instruction.","MEDIUM","searchItem","","term.outpost=Entreposto [strategy=semantic-concept, variants=entreposto | entrepostos]","{searchItem} não foi encontrado em nenhum entreposto.","{searchItem} não foi encontrado em nenhum posto avançado.","SUBSTANTIVE","CODEX","{searchItem} não foi encontrado em nenhum entreposto.","Codex is selected for “{searchItem} was not found at any outpost.” (search.results.notFound) because it preserves the row's approved product vocabulary (term.outpost=Entreposto [strategy=semantic-concept, variants=entreposto | entrepostos]); the fluent DeepL alternative diverges from at least one binding term or semantic label in this UI context."
"search.results.title","pt-BR","Search Results","39414102545E7861AEC25ED038FCB11AAFB75B34686705063F2A8FF268CBD368","Item search control, result, state flag, or accessibility instruction. This is a visible heading.","MEDIUM","","","","Resultados da pesquisa","Resultados da busca","SUBSTANTIVE","DEEPL","Resultados da busca","DeepL is selected for “Search Results” (search.results.title) because it provides clearer, more idiomatic accessible or instructional wording; placeholders and protected tokens remain exact."
"search.submit","pt-BR","Search for item","C33D54FDF7B51A525DEA1D4120CC4AD9AE71A9469DBD27A55C818275D425312C","Item search control, result, state flag, or accessibility instruction.","MEDIUM","","","","Pesquisar item","Pesquisar item","IDENTICAL","AGREED","Pesquisar item","Both independent witnesses agree for “Search for item” (search.submit); the shared wording is clear in the recorded UI context and preserves the required syntax."
"shortcuts.action.addCargoLink","pt-BR","Add Cargo Link","85D0825E6F01A2CCB8FEBC0E71B2AFBD88E531B21869CBCDA43054E1F0D62520","Tracker-authored application message.","HIGH","","","term.cargo-link=Vínculo de carga [strategy=phrase]","Adicionar Vínculo de carga","Adicionar link de carga","SUBSTANTIVE","CODEX","Adicionar Vínculo de carga","Codex is selected for “Add Cargo Link” (shortcuts.action.addCargoLink) because it preserves the row's approved product vocabulary (term.cargo-link=Vínculo de carga [strategy=phrase]); the fluent DeepL alternative diverges from at least one binding term or semantic label in this UI context."
"shortcuts.action.addOutpost","pt-BR","Add outpost","E918451B6D2EC69126402B9C3D175CBCF5114A80163A34073D64D10FE29E5D0A","Tracker-authored application message.","HIGH","","","term.outpost=Entreposto [strategy=semantic-concept, variants=entreposto | entrepostos]","Adicionar entreposto","Adicionar posto avançado","SUBSTANTIVE","CODEX","Adicionar entreposto","Codex is selected for “Add outpost” (shortcuts.action.addOutpost) because it preserves the row's approved product vocabulary (term.outpost=Entreposto [strategy=semantic-concept, variants=entreposto | entrepostos]); the fluent DeepL alternative diverges from at least one binding term or semantic label in this UI context."
"shortcuts.action.collapseAllCargoLinks","pt-BR","Collapse All","55988E28A4E8720A588C5C53FD47616D929A404D3D2AF7E6F8BA313DCE6DC3E4","Tracker-authored application message.","HIGH","","","","Recolher Todos","Recolher tudo","SUBSTANTIVE","DEEPL","Recolher tudo","DeepL is selected for “Collapse All” (shortcuts.action.collapseAllCargoLinks) because it provides more natural target-language grammar without changing the source meaning; placeholders and protected tokens remain exact."
"shortcuts.action.expandAllCargoLinks","pt-BR","Expand All","9F5B023A413A7D0771CC3FB51B103DC0AAAAFE8F7B7C88C7258D43E3BC5B243D","Tracker-authored application message.","HIGH","","","","Expandir Todos","Expandir tudo","SUBSTANTIVE","DEEPL","Expandir tudo","DeepL is selected for “Expand All” (shortcuts.action.expandAllCargoLinks) because it provides more natural target-language grammar without changing the source meaning; placeholders and protected tokens remain exact."
"shortcuts.action.export","pt-BR","Export","3664895579F0A7E68C4AA09C91316E20239BC74499010E6423ECE40CAD7C28F7","Tracker-authored application message.","HIGH","","","glossary.file-import-export=Importar / Exportar [strategy=key-scoped]","Exportar","Exportar","IDENTICAL","AGREED","Exportar","Both independent witnesses agree for “Export” (shortcuts.action.export); the shared wording is clear in the recorded UI context and preserves the required syntax."
"shortcuts.action.focusCargoLinks","pt-BR","Focus Cargo Links","F4802247A8CF7C50951763056B87DE24F432E305AD819ECB78EC62CDBDB9CCEC","Tracker-authored application message.","HIGH","","","term.cargo-link=Vínculo de carga [strategy=phrase]","Focar Vínculos de carga","Foco em ligações de carga","SUBSTANTIVE","CODEX","Focar Vínculos de carga","Codex is selected for “Focus Cargo Links” (shortcuts.action.focusCargoLinks) because it preserves the row's approved product vocabulary (term.cargo-link=Vínculo de carga [strategy=phrase]); the fluent DeepL alternative diverges from at least one binding term or semantic label in this UI context."
"shortcuts.action.focusFirstInorganic","pt-BR","Inorganic","897FDA90A70D9858F75D9CBD82D0E8F76C5D41753289E3FF619EB61863A5E91F","Keyboard-shortcut action label that focuses the first inorganic-resource control.","HIGH","","","glossary.inorganic=Inorgânico [strategy=semantic-concept, variants=inorgânico | inorgânica | inorgânicos | inorgânicas]","Inorgânico","Inorgânicos","SUBSTANTIVE","DEEPL","Inorgânicos","DeepL is selected for “Inorganic” (shortcuts.action.focusFirstInorganic) because it provides a more idiomatic, immediately understandable control label while retaining the approved terminology (glossary.inorganic=Inorgânico [strategy=semantic-concept, variants=inorgânico | inorgânica | inorgânicos | inorgânicas]); placeholders and protected tokens remain exact."
"shortcuts.action.focusFirstOrganic","pt-BR","Organic","89B8CB68F4EDD75B5FB10DA9CC85802C15214A84CDA6D2F2D841BDF80E7109D3","Keyboard-shortcut action label that focuses the first organic-resource control.","HIGH","","","glossary.organic=Orgânico [strategy=semantic-concept, variants=orgânico | orgânica | orgânicos | orgânicas]","Orgânico","Orgânicos","SUBSTANTIVE","DEEPL","Orgânicos","DeepL is selected for “Organic” (shortcuts.action.focusFirstOrganic) because it provides a more idiomatic, immediately understandable control label while retaining the approved terminology (glossary.organic=Orgânico [strategy=semantic-concept, variants=orgânico | orgânica | orgânicos | orgânicas]); placeholders and protected tokens remain exact."
"shortcuts.action.focusManufacturingAction","pt-BR","Manufacturing","C6838ED989FD7D93BA9023466783C95230843EE13ACAFD63A355F9AD766CC39F","Keyboard-shortcut action label that focuses the manufacturing action control.","HIGH","","","glossary.manufacturing=Fabricação [strategy=semantic-concept]","Fabricação","Manufatura","SUBSTANTIVE","CODEX","Fabricação","Codex is selected for “Manufacturing” (shortcuts.action.focusManufacturingAction) because it preserves the row's approved product vocabulary (glossary.manufacturing=Fabricação [strategy=semantic-concept]); the fluent DeepL alternative diverges from at least one binding term or semantic label in this UI context."
"shortcuts.action.focusNavigation","pt-BR","Focus Navigation","24472FE6FC2068AE80EFF6E0200D0189608B8827654850B8397875246837836A","Tracker-authored application message.","HIGH","","","","Focar a navegação","Navegação em destaque","SUBSTANTIVE","DEEPL","Navegação em destaque","DeepL is selected for “Focus Navigation” (shortcuts.action.focusNavigation) because it provides more natural target-language grammar without changing the source meaning; placeholders and protected tokens remain exact."
"shortcuts.action.focusOutpostDetails","pt-BR","Focus Outpost Details","1EFC75B03DE8E0E05C3B26A40DF970DF16DBDED6A4BA7EF135D77C3CE32FC8A1","Tracker-authored application message.","HIGH","","","term.outpost=Entreposto [strategy=semantic-concept, variants=entreposto | entrepostos]","Focar Detalhes do entreposto","Detalhes do Posto Avançado em Destaque","SUBSTANTIVE","CODEX","Focar Detalhes do entreposto","Codex is selected for “Focus Outpost Details” (shortcuts.action.focusOutpostDetails) because it preserves the row's approved product vocabulary (term.outpost=Entreposto [strategy=semantic-concept, variants=entreposto | entrepostos]); the fluent DeepL alternative diverges from at least one binding term or semantic label in this UI context."
"shortcuts.action.focusPlannedSupply","pt-BR","Focus Planned Supply","8D7B0DB327DEFC26813D63F99B86FA49AE857C96BE45378D63C8AABCBEBCEB76","Tracker-authored application message.","HIGH","","","glossary.planned-supply=Suprimento planejado [strategy=semantic-concept]","Focar Suprimento planejado","Foco no fornecimento planejado","SUBSTANTIVE","CODEX","Focar Suprimento planejado","Codex is selected for “Focus Planned Supply” (shortcuts.action.focusPlannedSupply) because it preserves the row's approved product vocabulary (glossary.planned-supply=Suprimento planejado [strategy=semantic-concept]); the fluent DeepL alternative diverges from at least one binding term or semantic label in this UI context."
"shortcuts.action.focusResourceMatrix","pt-BR","Focus Resource Matrix","44E81583C2EBFA1AB02EDC63051DC5F04255344AA71DC1E9E51DFE53790E0360","Tracker-authored application message.","HIGH","","","glossary.resource-matrix=Matriz de recursos [strategy=phrase]","Focar Matriz de recursos","Matriz de Recursos do Focus","SUBSTANTIVE","CODEX","Focar Matriz de recursos","Codex is selected for “Focus Resource Matrix” (shortcuts.action.focusResourceMatrix) because it expresses the intended UI action or diagnostic fully in pt-BR; DeepL leaves the English residue “focus” in the target-language sentence."
"shortcuts.action.focusSearch","pt-BR","Focus Search for Items","E51E72ED7EE8D908AA73626008C669625DC40E93D93CDBA207878E19975593EE","Tracker-authored application message.","HIGH","","","","Focar a pesquisa de itens","Pesquisa de itens no Focus","SUBSTANTIVE","CODEX","Focar a pesquisa de itens","Codex is selected for “Focus Search for Items” (shortcuts.action.focusSearch) because it expresses the intended UI action or diagnostic fully in pt-BR; DeepL leaves the English residue “focus” in the target-language sentence."
"shortcuts.action.focusSearchResults","pt-BR","Focus Search Results","FFEBFB20EA12F539C80BA1E36EAB2032B8F122C506A16FA3F78C8DEE8BD445D9","Tracker-authored application message.","HIGH","","","","Focar Resultados da pesquisa","Resultados da pesquisa do Focus","SUBSTANTIVE","CODEX","Focar Resultados da pesquisa","Codex is selected for “Focus Search Results” (shortcuts.action.focusSearchResults) because it expresses the intended UI action or diagnostic fully in pt-BR; DeepL leaves the English residue “focus” in the target-language sentence."
"shortcuts.action.import","pt-BR","Import","2CFF9BAABF56CA002610E113BC94DEB6EDEDDDFC3C130365B6E88ED5195BF774","Tracker-authored application message.","HIGH","","","glossary.file-import-export=Importar / Exportar [strategy=key-scoped]","Importar","Importar","IDENTICAL","AGREED","Importar","Both independent witnesses agree for “Import” (shortcuts.action.import); the shared wording is clear in the recorded UI context and preserves the required syntax."
"shortcuts.action.nextOutpost","pt-BR","Next outpost","DEF30461A56CB316B7129F4AC1BB0C120E21E68BBD25E48CFBF05CAF9CDFB87D","Tracker-authored application message.","HIGH","","","term.outpost=Entreposto [strategy=semantic-concept, variants=entreposto | entrepostos]","Próximo entreposto","Próximo posto avançado","SUBSTANTIVE","CODEX","Próximo entreposto","Codex is selected for “Next outpost” (shortcuts.action.nextOutpost) because it preserves the row's approved product vocabulary (term.outpost=Entreposto [strategy=semantic-concept, variants=entreposto | entrepostos]); the fluent DeepL alternative diverges from at least one binding term or semantic label in this UI context."
"shortcuts.action.previousOutpost","pt-BR","Previous outpost","7E593746F34E85C483B84F1A22D6BB02BFCB9596C3245646C40FB6ABE47FEBCD","Tracker-authored application message.","HIGH","","","term.outpost=Entreposto [strategy=semantic-concept, variants=entreposto | entrepostos]","Anterior entreposto","Posto avançado anterior","SUBSTANTIVE","CODEX","Anterior entreposto","Codex is selected for “Previous outpost” (shortcuts.action.previousOutpost) because it preserves the row's approved product vocabulary (term.outpost=Entreposto [strategy=semantic-concept, variants=entreposto | entrepostos]); the fluent DeepL alternative diverges from at least one binding term or semantic label in this UI context."
"shortcuts.action.redo","pt-BR","Redo","74273989B0966E2369B6D01AADB23AF4AD6A9E724643FA88F2BDE99202A36708","Tracker-authored application message.","HIGH","","","glossary.undo-redo=Desfazer / Refazer [strategy=key-scoped]","Refazer","Refazer","IDENTICAL","AGREED","Refazer","Both independent witnesses agree for “Redo” (shortcuts.action.redo); the shared wording is clear in the recorded UI context and preserves the required syntax."
"shortcuts.action.toggleNavigation","pt-BR","Show/hide Navigation","7937955816AED06A1A324E2CE9ABA0262F65EDD01DD361D8080B3A60FB0D3A22","Tracker-authored application message.","HIGH","","","","Mostrar ou ocultar a navegação","Mostrar/ocultar navegação","SUBSTANTIVE","DEEPL","Mostrar/ocultar navegação","DeepL is selected for “Show/hide Navigation” (shortcuts.action.toggleNavigation) because it provides more natural target-language grammar without changing the source meaning; placeholders and protected tokens remain exact."
"shortcuts.action.toggleValidation","pt-BR","Toggle Validation details","90928F457C0204375D13F06546F74A81ECB1ABE84E0AE421726A42F2D6859608","Tracker-authored application message.","HIGH","","","glossary.validation=Validação [strategy=semantic-concept]","Alternar os detalhes da validação","Alternar detalhes de validação","SUBSTANTIVE","DEEPL","Alternar detalhes de validação","DeepL is selected for “Toggle Validation details” (shortcuts.action.toggleValidation) because it provides more natural target-language grammar without changing the source meaning while retaining the approved terminology (glossary.validation=Validação [strategy=semantic-concept]); placeholders and protected tokens remain exact."
"shortcuts.action.undo","pt-BR","Undo","A8283ADE31856F71220DB0E6F60A257C6889DC4DAD0F275F66AD44B9ED9BF8D5","Tracker-authored application message.","HIGH","","","glossary.undo-redo=Desfazer / Refazer [strategy=key-scoped]","Desfazer","Desfazer","IDENTICAL","AGREED","Desfazer","Both independent witnesses agree for “Undo” (shortcuts.action.undo); the shared wording is clear in the recorded UI context and preserves the required syntax."
"shortcuts.closeDialog","pt-BR","Close Keyboard Shortcuts dialog","7AD19E9AA61D97954761BDB3A883E60D71A78B7DF3887C8B172CC6BF9CA4C8E2","Tracker-authored application message.","HIGH","","","","Fechar a caixa de diálogo Atalhos de teclado","Fechar a caixa de diálogo “Atalhos de teclado”","SUBSTANTIVE","DEEPL","Fechar a caixa de diálogo “Atalhos de teclado”","DeepL is selected for “Close Keyboard Shortcuts dialog” (shortcuts.closeDialog) because it provides more natural target-language grammar without changing the source meaning; placeholders and protected tokens remain exact."
"shortcuts.group.cargoLinks","pt-BR","Cargo Links","E9B8BE501BF399617C9333EAD8AF1489FBC8A33BC7E250C52EE05609CE8CB30F","Tracker-authored application message.","HIGH","","","term.cargo-link=Vínculo de carga [strategy=phrase]","Vínculos de carga","Links do Cargo","SUBSTANTIVE","CODEX","Vínculos de carga","Codex is selected for “Cargo Links” (shortcuts.group.cargoLinks) because it preserves the row's approved product vocabulary (term.cargo-link=Vínculo de carga [strategy=phrase]); the fluent DeepL alternative diverges from at least one binding term or semantic label in this UI context."
"shortcuts.group.history","pt-BR","History","0E769600933790607B2A13B33DDFADE0FA17810EB62C3B28EE23E59516516491","Tracker-authored application message.","HIGH","","","","Histórico","Histórico","IDENTICAL","AGREED","Histórico","Both independent witnesses agree for “History” (shortcuts.group.history); the shared wording is clear in the recorded UI context and preserves the required syntax."
"shortcuts.group.importExport","pt-BR","Import / Export","6E061FABEF2190A6D7CB2576AE2B9DF184C8C6243C1156A860DBA3DAA5B4763B","Tracker-authored application message.","HIGH","","","glossary.file-import-export=Importar / Exportar [strategy=key-scoped]","Importar / Exportar","Importar/Exportar","SUBSTANTIVE","CODEX","Importar / Exportar","Codex is selected for “Import / Export” (shortcuts.group.importExport) because it preserves the row's approved product vocabulary (glossary.file-import-export=Importar / Exportar [strategy=key-scoped]); the fluent DeepL alternative diverges from at least one binding term or semantic label in this UI context."
"shortcuts.group.outpostNavigation","pt-BR","Outpost Navigation","BC71DCA632083ECF778E6CA2974F907E215DBDFC9D0C18C9838EEDDD1E5D3714","Tracker-authored application message.","HIGH","","","term.outpost=Entreposto [strategy=semantic-concept, variants=entreposto | entrepostos]","Navegação de entrepostos","Navegação pelo Posto Avançado","SUBSTANTIVE","CODEX","Navegação de entrepostos","Codex is selected for “Outpost Navigation” (shortcuts.group.outpostNavigation) because it preserves the row's approved product vocabulary (term.outpost=Entreposto [strategy=semantic-concept, variants=entreposto | entrepostos]); the fluent DeepL alternative diverges from at least one binding term or semantic label in this UI context."
"shortcuts.group.resourceMatrix","pt-BR","Resource Matrix","0FF84E3776BFD5BC3F7CB4E19082D8AF196D2FE785AA1368744C9A46FAEA6569","Tracker-authored application message.","HIGH","","","glossary.resource-matrix=Matriz de recursos [strategy=phrase]","Matriz de recursos","Matriz de recursos","IDENTICAL","AGREED","Matriz de recursos","Both independent witnesses agree for “Resource Matrix” (shortcuts.group.resourceMatrix); the shared wording is clear in the recorded UI context and preserves the required syntax."
"shortcuts.group.search","pt-BR","Search","49C266BAAAA70981EA188FA714D5C40CF13830D786A861C9943AE0D26A7F3FE9","Tracker-authored application message.","HIGH","","","","Pesquisar","Pesquisa","SUBSTANTIVE","DEEPL","Pesquisa","DeepL is selected for “Search” (shortcuts.group.search) because it provides more natural target-language grammar without changing the source meaning; placeholders and protected tokens remain exact."
"shortcuts.group.validation","pt-BR","Validation","68E1CA575295BB5604FEA711B5D2EFF44006CE4BD985481083A76B71FCE0DAEF","Tracker-authored application message.","HIGH","","","glossary.validation=Validação [strategy=semantic-concept]","Validação","Validação","IDENTICAL","AGREED","Validação","Both independent witnesses agree for “Validation” (shortcuts.group.validation); the shared wording is clear in the recorded UI context and preserves the required syntax."
"shortcuts.group.workspace","pt-BR","Workspace","87BB59BA2F92F2A5A9F13E021FD58DD14AE5C065B1046146875E6E68D5EBC8B7","Tracker-authored application message.","HIGH","","","","Área de trabalho","Área de Trabalho","SUBSTANTIVE","DEEPL","Área de Trabalho","DeepL is selected for “Workspace” (shortcuts.group.workspace) because it provides more natural target-language grammar without changing the source meaning; placeholders and protected tokens remain exact."
"shortcuts.introduction","pt-BR","Global commands available throughout the application. Shortcuts yield to text editing and open dialogs where appropriate.","B84701CD597E0FCBEDAFB7592E3FDA66951E66E3C4CA6334E697F2A85B09D179","Tracker-authored application message.","HIGH","","","","Comandos globais disponíveis em todo o aplicativo. Os atalhos cedem prioridade à edição de texto e às caixas de diálogo abertas quando necessário.","Comandos globais disponíveis em todo o aplicativo. Os atalhos permitem a edição de texto e abrem caixas de diálogo quando apropriado.","SUBSTANTIVE","DEEPL","Comandos globais disponíveis em todo o aplicativo. Os atalhos permitem a edição de texto e abrem caixas de diálogo quando apropriado.","DeepL is selected for “Global commands available throughout the application. Shortcuts yield to text editing a...” (shortcuts.introduction) because it provides more natural target-language grammar without changing the source meaning; placeholders and protected tokens remain exact."
"shortcuts.title","pt-BR","Keyboard Shortcuts","59CDAA26DD9DCD4CBCDED97A7B91029B396BCFDBFD927356FACBEB163283A3DF","Tracker-authored application message. This is a visible heading.","HIGH","","","","Atalhos de teclado","Atalhos de teclado","IDENTICAL","AGREED","Atalhos de teclado","Both independent witnesses agree for “Keyboard Shortcuts” (shortcuts.title); the shared wording is clear in the recorded UI context and preserves the required syntax."
"status.dismiss","pt-BR","Dismiss status message","94752DF4A3AFA627C0EB04C2EBBEDA43BD3439B39B60AE69239B863D2DCB4B75","Status bar, import/export feedback, or reference-data feedback.","MEDIUM","","","","Dispensar a mensagem de status","Fechar mensagem de status","SUBSTANTIVE","DEEPL","Fechar mensagem de status","DeepL is selected for “Dismiss status message” (status.dismiss) because it provides more natural target-language grammar without changing the source meaning; placeholders and protected tokens remain exact."
"status.dismiss.short","pt-BR","Dismiss","48845BFF334A50A59AAECF499F28A7A24C3B4B891B8B18A9F1169AD8E8A6B261","Status bar, import/export feedback, or reference-data feedback.","MEDIUM","","","","Dispensar","Fechar","SUBSTANTIVE","DEEPL","Fechar","DeepL is selected for “Dismiss” (status.dismiss.short) because it provides more natural target-language grammar without changing the source meaning; placeholders and protected tokens remain exact."
"status.drag.reorder","pt-BR","Drop to reorder · Esc to cancel","04DBC72920C2D3478E8566409B94F9FA5E979C63806DC33C25C9915DCC6E0B29","Status bar, import/export feedback, or reference-data feedback.","MEDIUM","","Esc","","Solte para reordenar · Esc para cancelar","Arrastar para reordenar · Esc para cancelar","SUBSTANTIVE","DEEPL","Arrastar para reordenar · Esc para cancelar","DeepL is selected for “Drop to reorder · Esc to cancel” (status.drag.reorder) because it provides more natural target-language grammar without changing the source meaning; placeholders and protected tokens remain exact."
"status.export.success","pt-BR","Exported {fileName}.","51AA2FC44EBE53A80B7C2B4ACED6E02128DAC8591B73F3D3663AECD4183DEE0D","Status bar, import/export feedback, or reference-data feedback.","MEDIUM","fileName","","glossary.file-import-export=Importar / Exportar [strategy=key-scoped]","Exportado {fileName}.","{nomeDoArquivo} exportado.","INVALID_TOKENS","INVALID_DEEPL_REPAIRED","Exportado {fileName}.","DeepL is structurally invalid for “Exported {fileName}.” (status.export.success) because one or more required placeholder names were translated, removed, or changed. The independently reviewed Codex wording is retained as the natural token-safe repair with the exact repository placeholders, plural form, and protected tokens restored."
"status.import.aggregateLimitExceeded","pt-BR","This import contains too many items to open safely.","315AC334305B4FDC6E77D2CE6E1EE6B309A81078DAEA605265B16F152F223F9B","Status bar, import/export feedback, or reference-data feedback.","MEDIUM","","","glossary.file-import-export=Importar / Exportar [strategy=key-scoped]","Esta importação contém itens demais para ser aberta com segurança.","Esta importação contém itens demais para ser aberta com segurança.","IDENTICAL","AGREED","Esta importação contém itens demais para ser aberta com segurança.","Both independent witnesses agree for “This import contains too many items to open safely.” (status.import.aggregateLimitExceeded); the shared wording is clear in the recorded UI context and preserves the required syntax."
"status.import.arrayLimitExceeded","pt-BR","This import contains too many items in one section.","A98517EB47338D0060C99A3B4C4497BA8064341BD2F207566A76A53557D85C9A","Status bar, import/export feedback, or reference-data feedback.","MEDIUM","","","glossary.file-import-export=Importar / Exportar [strategy=key-scoped]","Esta importação contém itens demais em uma seção.","Esta importação contém muitos itens em uma única seção.","SUBSTANTIVE","CODEX","Esta importação contém itens demais em uma seção.","Codex is selected for “This import contains too many items in one section.” (status.import.arrayLimitExceeded) because it preserves the row's approved product vocabulary (glossary.file-import-export=Importar / Exportar [strategy=key-scoped]); the fluent DeepL alternative diverges from at least one binding term or semantic label in this UI context."
"status.import.duplicateNetworkId","pt-BR","The selected collection contains duplicate network ID ""{id}"".","91035A72894723B9589D43C2AA37D0A3B2D5B91D4C70B3CC7E7F9ACAFC6233C5","Status bar, import/export feedback, or reference-data feedback.","MEDIUM","id","ID","glossary.network=Rede [strategy=semantic-concept]; glossary.file-import-export=Importar / Exportar [strategy=key-scoped]","A coleção selecionada contém o ID de rede duplicado “{id}”.","A coleção selecionada contém um ID de rede duplicado “{id}”.","SUBSTANTIVE","CODEX","A coleção selecionada contém o ID de rede duplicado “{id}”.","Codex is selected for “The selected collection contains duplicate network ID ""{id}"".” (status.import.duplicateNetworkId) because it preserves the row's approved product vocabulary (glossary.network=Rede [strategy=semantic-concept]; glossary.file-import-export=Importar / Exportar [strategy=key-scoped]); the fluent DeepL alternative diverges from at least one binding term or semantic label in this UI context."
"status.import.emptyCollection","pt-BR","The selected collection does not contain any networks.","E7269044472AB120758726D2A7C0990ED93D5748D2F569051841FA9A0518D52A","Status bar, import/export feedback, or reference-data feedback.","MEDIUM","","","glossary.network=Rede [strategy=semantic-concept]; glossary.file-import-export=Importar / Exportar [strategy=key-scoped]","A coleção selecionada não contém redes.","A coleção selecionada não contém nenhuma rede.","SUBSTANTIVE","CODEX","A coleção selecionada não contém redes.","Codex is selected for “The selected collection does not contain any networks.” (status.import.emptyCollection) because it preserves the row's approved product vocabulary (glossary.network=Rede [strategy=semantic-concept]; glossary.file-import-export=Importar / Exportar [strategy=key-scoped]); the fluent DeepL alternative diverges from at least one binding term or semantic label in this UI context."
"status.import.failed","pt-BR","Import failed for {fileName}: {reason}","D3FB408CD70B6735432BA3876C00A4C80909818B90AB34B7D19B4DD4B9A4139B","Status bar, import/export feedback, or reference-data feedback.","HIGH","fileName; reason","","glossary.file-import-export=Importar / Exportar [strategy=key-scoped]","Falha ao importar {fileName}: {reason}","Falha na importação de {fileName}: {motivo}","INVALID_TOKENS","INVALID_DEEPL_REPAIRED","Falha ao importar {fileName}: {reason}","DeepL is structurally invalid for “Import failed for {fileName}: {reason}” (status.import.failed) because one or more required placeholder names were translated, removed, or changed. The independently reviewed Codex wording is retained as the natural token-safe repair with the exact repository placeholders, plural form, and protected tokens restored."
"status.import.fileTooLarge","pt-BR","This import is too large to open safely.","F52959415C0D566021375CABF4E3A7F283223439D0A0D4BA9C30395813B66EC0","Status bar, import/export feedback, or reference-data feedback.","MEDIUM","","","glossary.file-import-export=Importar / Exportar [strategy=key-scoped]","Esta importação é grande demais para ser aberta com segurança.","Esta importação é grande demais para ser aberta com segurança.","IDENTICAL","AGREED","Esta importação é grande demais para ser aberta com segurança.","Both independent witnesses agree for “This import is too large to open safely.” (status.import.fileTooLarge); the shared wording is clear in the recorded UI context and preserves the required syntax."
"status.import.invalid","pt-BR","The selected file could not be imported.","F57E852DBDF8D227D7235E37453E633147660194DE95861C6AA1FC2C19A9F61F","Status bar, import/export feedback, or reference-data feedback.","MEDIUM","","","glossary.file-import-export=Importar / Exportar [strategy=key-scoped]","Não foi possível importar o arquivo selecionado.","Não foi possível importar o arquivo selecionado.","IDENTICAL","AGREED","Não foi possível importar o arquivo selecionado.","Both independent witnesses agree for “The selected file could not be imported.” (status.import.invalid); the shared wording is clear in the recorded UI context and preserves the required syntax."
"status.import.invalidCapabilities","pt-BR","The selected file contains invalid character capability data.","900B1DE022A8D5C5ECFAD8DAC2D811B438B9CE4B48B79362813CAF63C5F4D3CD","Status bar, import/export feedback, or reference-data feedback.","MEDIUM","","","glossary.file-import-export=Importar / Exportar [strategy=key-scoped]","O arquivo selecionado contém dados de capacidade do personagem inválidos.","O arquivo selecionado contém dados de capacidade de caracteres inválidos.","SUBSTANTIVE","CODEX","O arquivo selecionado contém dados de capacidade do personagem inválidos.","Codex is selected for “The selected file contains invalid character capability data.” (status.import.invalidCapabilities) because it preserves the row's approved product vocabulary (glossary.file-import-export=Importar / Exportar [strategy=key-scoped]); the fluent DeepL alternative diverges from at least one binding term or semantic label in this UI context."
"status.import.invalidCargoPad","pt-BR","The selected file contains an invalid cargo link.","80E6B31E945456F78A0D4D3C17FCA4E361E932AB067C78E1741EC72C7167CACF","Status bar, import/export feedback, or reference-data feedback.","MEDIUM","","","term.cargo-link=Vínculo de carga [strategy=phrase]; glossary.file-import-export=Importar / Exportar [strategy=key-scoped]","O arquivo selecionado contém um vínculo de carga inválido.","O arquivo selecionado contém um link de carga inválido.","SUBSTANTIVE","CODEX","O arquivo selecionado contém um vínculo de carga inválido.","Codex is selected for “The selected file contains an invalid cargo link.” (status.import.invalidCargoPad) because it preserves the row's approved product vocabulary (term.cargo-link=Vínculo de carga [strategy=phrase]; glossary.file-import-export=Importar / Exportar [strategy=key-scoped]); the fluent DeepL alternative diverges from at least one binding term or semantic label in this UI context."
"status.import.invalidCharacter","pt-BR","The selected file contains invalid character data.","BD5ED70C6173FF383408C7A38FCC554BE508D3E9D9CD39CC95B3BC8D1E68DCED","Status bar, import/export feedback, or reference-data feedback.","MEDIUM","","","glossary.file-import-export=Importar / Exportar [strategy=key-scoped]","O arquivo selecionado contém dados de personagem inválidos.","O arquivo selecionado contém dados de caracteres inválidos.","SUBSTANTIVE","CODEX","O arquivo selecionado contém dados de personagem inválidos.","Codex is selected for “The selected file contains invalid character data.” (status.import.invalidCharacter) because it preserves the row's approved product vocabulary (glossary.file-import-export=Importar / Exportar [strategy=key-scoped]); the fluent DeepL alternative diverges from at least one binding term or semantic label in this UI context."
"status.import.invalidCollection","pt-BR","The selected file is not a valid network collection.","BC66E649584981FB39CC26D61A389E2EAE742D59E4370E8B75A20E07232D5DB0","Status bar, import/export feedback, or reference-data feedback.","MEDIUM","","","glossary.network=Rede [strategy=semantic-concept]; glossary.file-import-export=Importar / Exportar [strategy=key-scoped]","O arquivo selecionado não é uma coleção de redes válida.","O arquivo selecionado não é uma coleção de rede válida.","SUBSTANTIVE","CODEX","O arquivo selecionado não é uma coleção de redes válida.","Codex is selected for “The selected file is not a valid network collection.” (status.import.invalidCollection) because it preserves the row's approved product vocabulary (glossary.network=Rede [strategy=semantic-concept]; glossary.file-import-export=Importar / Exportar [strategy=key-scoped]); the fluent DeepL alternative diverges from at least one binding term or semantic label in this UI context."
"status.import.invalidExplicitPresence","pt-BR","The selected file contains invalid explicit resource presence data.","6D950D361F054D9460158DC85EC415B833AA7A17158D013089F02D5A71A750DB","Status bar, import/export feedback, or reference-data feedback.","MEDIUM","","","glossary.file-import-export=Importar / Exportar [strategy=key-scoped]","O arquivo selecionado contém dados de presença explícita de recursos inválidos.","O arquivo selecionado contém dados inválidos de presença de recursos explícitos.","SUBSTANTIVE","CODEX","O arquivo selecionado contém dados de presença explícita de recursos inválidos.","Codex is selected for “The selected file contains invalid explicit resource presence data.” (status.import.invalidExplicitPresence) because it preserves the row's approved product vocabulary (glossary.file-import-export=Importar / Exportar [strategy=key-scoped]); the fluent DeepL alternative diverges from at least one binding term or semantic label in this UI context."
"status.import.invalidIdentity","pt-BR","The selected file contains an empty or duplicate stable identifier.","C9292F13386F46BB1F806B5ECDF57383D948809E7A468BB445BC0C67347B10BB","Status bar, import/export feedback, or reference-data feedback.","MEDIUM","","","glossary.file-import-export=Importar / Exportar [strategy=key-scoped]","O arquivo selecionado contém um identificador estável vazio ou duplicado.","O arquivo selecionado contém um identificador estável vazio ou duplicado.","IDENTICAL","AGREED","O arquivo selecionado contém um identificador estável vazio ou duplicado.","Both independent witnesses agree for “The selected file contains an empty or duplicate stable identifier.” (status.import.invalidIdentity); the shared wording is clear in the recorded UI context and preserves the required syntax."
"status.import.invalidJson","pt-BR","The selected file does not contain valid JSON.","DD6FEB84D5535C61CC0FD35E39359A85A7F9882D1892BB4886B279770E414A7E","Status bar, import/export feedback, or reference-data feedback.","MEDIUM","","JSON","glossary.file-import-export=Importar / Exportar [strategy=key-scoped]","O arquivo selecionado não contém JSON válido.","O arquivo selecionado não contém JSON válido.","IDENTICAL","AGREED","O arquivo selecionado não contém JSON válido.","Both independent witnesses agree for “The selected file does not contain valid JSON.” (status.import.invalidJson); the shared wording is clear in the recorded UI context and preserves the required syntax."
"status.import.invalidNetwork","pt-BR","The selected file is not a valid outpost network.","8FD34F0BDDEB12638C2761BD955B5DDF84788A3599AD8776A8E61F224AFFC41F","Status bar, import/export feedback, or reference-data feedback.","MEDIUM","","","term.outpost=Entreposto [strategy=semantic-concept, variants=entreposto | entrepostos]; glossary.network=Rede [strategy=semantic-concept]; glossary.file-import-export=Importar / Exportar [strategy=key-scoped]","O arquivo selecionado não é uma rede de entrepostos válida.","O arquivo selecionado não é uma rede de postos avançados válida.","SUBSTANTIVE","CODEX","O arquivo selecionado não é uma rede de entrepostos válida.","Codex is selected for “The selected file is not a valid outpost network.” (status.import.invalidNetwork) because it preserves the row's approved product vocabulary (term.outpost=Entreposto [strategy=semantic-concept, variants=entreposto | entrepostos]; glossary.network=Rede [strategy=semantic-concept]; glossary.file-import-export=Importar / Exportar [strategy=key-scoped]); the fluent DeepL alternative diverges from at least one binding term or semantic label in this UI context."
"status.import.invalidOutpost","pt-BR","The selected file contains an invalid outpost.","4A0A96AD5328DE1716C0FB0301941D5D67914AF561C0FC6C0A8892A4BC1B641F","Status bar, import/export feedback, or reference-data feedback.","MEDIUM","","","term.outpost=Entreposto [strategy=semantic-concept, variants=entreposto | entrepostos]; glossary.file-import-export=Importar / Exportar [strategy=key-scoped]","O arquivo selecionado contém um entreposto inválido.","O arquivo selecionado contém um posto avançado inválido.","SUBSTANTIVE","CODEX","O arquivo selecionado contém um entreposto inválido.","Codex is selected for “The selected file contains an invalid outpost.” (status.import.invalidOutpost) because it preserves the row's approved product vocabulary (term.outpost=Entreposto [strategy=semantic-concept, variants=entreposto | entrepostos]; glossary.file-import-export=Importar / Exportar [strategy=key-scoped]); the fluent DeepL alternative diverges from at least one binding term or semantic label in this UI context."
"status.import.invalidSkills","pt-BR","The selected file contains invalid character skill data.","F7470064AA2C994A5772856BD799B9B244ACF52CF1EF9B68B0D05F11338735C8","Status bar, import/export feedback, or reference-data feedback.","MEDIUM","","","glossary.file-import-export=Importar / Exportar [strategy=key-scoped]","O arquivo selecionado contém dados de habilidade do personagem inválidos.","O arquivo selecionado contém dados inválidos de habilidades de personagens.","SUBSTANTIVE","CODEX","O arquivo selecionado contém dados de habilidade do personagem inválidos.","Codex is selected for “The selected file contains invalid character skill data.” (status.import.invalidSkills) because it preserves the row's approved product vocabulary (glossary.file-import-export=Importar / Exportar [strategy=key-scoped]); the fluent DeepL alternative diverges from at least one binding term or semantic label in this UI context."
"status.import.invalidStructure","pt-BR","The selected file contains malformed network data.","4DA93EEF49FE417BC9C4E0AFAE91FB6E81286154C45887C345D60CB0A8E962C9","Status bar, import/export feedback, or reference-data feedback.","MEDIUM","","","glossary.network=Rede [strategy=semantic-concept]; glossary.file-import-export=Importar / Exportar [strategy=key-scoped]","O arquivo selecionado contém dados de rede malformados.","O arquivo selecionado contém dados de rede malformados.","IDENTICAL","AGREED","O arquivo selecionado contém dados de rede malformados.","Both independent witnesses agree for “The selected file contains malformed network data.” (status.import.invalidStructure); the shared wording is clear in the recorded UI context and preserves the required syntax."
"status.import.malformedEntry","pt-BR","The selected collection contains a malformed network entry.","B2D75C5EB9F6C0542BA76BE66309F8CAA88C3E55CE91BEB7356C557080F6A8F1","Status bar, import/export feedback, or reference-data feedback.","MEDIUM","","","glossary.network=Rede [strategy=semantic-concept]; glossary.file-import-export=Importar / Exportar [strategy=key-scoped]","A coleção selecionada contém uma entrada de rede malformada.","A coleção selecionada contém uma entrada de rede com formato incorreto.","SUBSTANTIVE","CODEX","A coleção selecionada contém uma entrada de rede malformada.","Codex is selected for “The selected collection contains a malformed network entry.” (status.import.malformedEntry) because it preserves the row's approved product vocabulary (glossary.network=Rede [strategy=semantic-concept]; glossary.file-import-export=Importar / Exportar [strategy=key-scoped]); the fluent DeepL alternative diverges from at least one binding term or semantic label in this UI context."
"status.import.readFailed","pt-BR","The selected file could not be read.","3345DD67F1A33EC68CCD43BB945635E2E73480388F530D4DA81D48CEA751608D","Status bar, import/export feedback, or reference-data feedback.","MEDIUM","","","glossary.file-import-export=Importar / Exportar [strategy=key-scoped]","Não foi possível ler o arquivo selecionado.","Não foi possível ler o arquivo selecionado.","IDENTICAL","AGREED","Não foi possível ler o arquivo selecionado.","Both independent witnesses agree for “The selected file could not be read.” (status.import.readFailed); the shared wording is clear in the recorded UI context and preserves the required syntax."
"status.import.stringTooLong","pt-BR","This import contains a text value that is too long.","3AA1FBFEECFDD6A6273A51BC3B923AA36BCF4EBFF8CD688086485F22D5A549B8","Status bar, import/export feedback, or reference-data feedback.","MEDIUM","","","glossary.file-import-export=Importar / Exportar [strategy=key-scoped]","Esta importação contém um valor de texto longo demais.","Esta importação contém um valor de texto muito longo.","SUBSTANTIVE","CODEX","Esta importação contém um valor de texto longo demais.","Codex is selected for “This import contains a text value that is too long.” (status.import.stringTooLong) because it preserves the row's approved product vocabulary (glossary.file-import-export=Importar / Exportar [strategy=key-scoped]); the fluent DeepL alternative diverges from at least one binding term or semantic label in this UI context."
"status.import.success","pt-BR","Imported {fileName}.","361B33E2DFEB7D4A86AF74DC9697F2C5FDF80431482DF7A17F704E1580BF4B6D","Status bar, import/export feedback, or reference-data feedback.","MEDIUM","fileName","","glossary.file-import-export=Importar / Exportar [strategy=key-scoped]","Importado {fileName}.","{fileName} importado.","SUBSTANTIVE","CODEX","Importado {fileName}.","Codex is selected for “Imported {fileName}.” (status.import.success) because it preserves the row's approved product vocabulary (glossary.file-import-export=Importar / Exportar [strategy=key-scoped]); the fluent DeepL alternative diverges from at least one binding term or semantic label in this UI context."
"status.import.tooManyNetworks","pt-BR","This import contains too many saved networks.","BC2B208D06D0EBEA9DE7DB854B08349D402BDC8836B468EE9579603443D6EB92","Status bar, import/export feedback, or reference-data feedback.","MEDIUM","","","glossary.network=Rede [strategy=semantic-concept]; glossary.file-import-export=Importar / Exportar [strategy=key-scoped]","Esta importação contém redes salvas demais.","Esta importação contém muitas redes salvas.","SUBSTANTIVE","CODEX","Esta importação contém redes salvas demais.","Codex is selected for “This import contains too many saved networks.” (status.import.tooManyNetworks) because it preserves the row's approved product vocabulary (glossary.network=Rede [strategy=semantic-concept]; glossary.file-import-export=Importar / Exportar [strategy=key-scoped]); the fluent DeepL alternative diverges from at least one binding term or semantic label in this UI context."
"status.import.unsupportedCollectionSchema","pt-BR","Unsupported network collection schema version: {version}","C52C0C7B92366B92F3849A01CA5ABB310C050005F0244638C0F2E690967B3D78","Status bar, import/export feedback, or reference-data feedback.","MEDIUM","version","","glossary.network=Rede [strategy=semantic-concept]; glossary.file-import-export=Importar / Exportar [strategy=key-scoped]","Versão incompatível do esquema da coleção de redes: {version}","Versão do esquema da coleção de redes não suportada: {version}","SUBSTANTIVE","CODEX","Versão incompatível do esquema da coleção de redes: {version}","Codex is selected for “Unsupported network collection schema version: {version}” (status.import.unsupportedCollectionSchema) because it preserves the row's approved product vocabulary (glossary.network=Rede [strategy=semantic-concept]; glossary.file-import-export=Importar / Exportar [strategy=key-scoped]); the fluent DeepL alternative diverges from at least one binding term or semantic label in this UI context."
"status.import.unsupportedNetworkSchema","pt-BR","Unsupported network schema version: {version}","CE92D012A818B638C8CFAA69AF9F7F8217C53DD2B7359D433ED240657EF1B5CB","Status bar, import/export feedback, or reference-data feedback.","MEDIUM","version","","glossary.network=Rede [strategy=semantic-concept]; glossary.file-import-export=Importar / Exportar [strategy=key-scoped]","Versão incompatível do esquema da rede: {version}","Versão do esquema de rede não suportada: {version}","SUBSTANTIVE","CODEX","Versão incompatível do esquema da rede: {version}","Codex is selected for “Unsupported network schema version: {version}” (status.import.unsupportedNetworkSchema) because it preserves the row's approved product vocabulary (glossary.network=Rede [strategy=semantic-concept]; glossary.file-import-export=Importar / Exportar [strategy=key-scoped]); the fluent DeepL alternative diverges from at least one binding term or semantic label in this UI context."
"status.referenceData.error","pt-BR","Reference data error: {detail}","5E61C384097B1E054857EA6EE27C83BDDD40E5B7165130E86FDB826C86790BFC","Status bar, import/export feedback, or reference-data feedback.","MEDIUM","detail","","","Erro nos dados de referência: {detail}","Erro nos dados de referência: {detail}","IDENTICAL","AGREED","Erro nos dados de referência: {detail}","Both independent witnesses agree for “Reference data error: {detail}” (status.referenceData.error); the shared wording is clear in the recorded UI context and preserves the required syntax."
"status.referenceData.failed","pt-BR","Failed to load reference data.","DCB0208B9AE5F716F800A20585241ECC7CEACF1D45D812E4354439FA5BC88342","Status bar, import/export feedback, or reference-data feedback.","MEDIUM","","","","Falha ao carregar os dados de referência.","Falha ao carregar os dados de referência.","IDENTICAL","AGREED","Falha ao carregar os dados de referência.","Both independent witnesses agree for “Failed to load reference data.” (status.referenceData.failed); the shared wording is clear in the recorded UI context and preserves the required syntax."
"status.referenceData.loaded","pt-BR","Reference data loaded: {systems} systems, {bodies} bodies, {resources} resources, {products} products.","441B2500B3CC624F74A47931F31DF0E20935EA33D87E26138D2BDF98B33CD5E7","Status bar, import/export feedback, or reference-data feedback.","HIGH","bodies; products; resources; systems","","term.planetary-body=Corpo celeste [strategy=semantic-concept, variants=corpo celeste | corpos celestes]; term.star-system=Sistema estelar [strategy=semantic-concept, variants=sistema estelar | sistemas estelares]","Dados de referência carregados: {systems} sistemas, {bodies} corpos celestes, {resources} recursos e {products} produtos.","Dados de referência carregados: {systems} sistemas, {bodies} corpos, {resources} recursos, {products} produtos.","SUBSTANTIVE","CODEX","Dados de referência carregados: {systems} sistemas, {bodies} corpos celestes, {resources} recursos e {products} produtos.","Codex is selected for “Reference data loaded: {systems} systems, {bodies} bodies, {resources} resources, {prod...” (status.referenceData.loaded) because it preserves the row's approved product vocabulary (term.planetary-body=Corpo celeste [strategy=semantic-concept, variants=corpo celeste | corpos celestes]; term.star-system=Sistema estelar [strategy=semantic-concept, variants=sistema estelar | sistemas estelares]); the fluent DeepL alternative diverges from at least one binding term or semantic label in this UI context."
"status.referenceData.reload","pt-BR","Reload Reference Data","04968B492913D179B6631E1BFF478E42E1F7B15CA1DFE6A86AFEA3EE095130F4","Status bar, import/export feedback, or reference-data feedback.","MEDIUM","","","","Recarregar dados de referência","Recarregar dados de referência","IDENTICAL","AGREED","Recarregar dados de referência","Both independent witnesses agree for “Reload Reference Data” (status.referenceData.reload); the shared wording is clear in the recorded UI context and preserves the required syntax."
"status.storage.capacity","pt-BR","This collection is too large to save safely. Changes remain in memory.","37E321B51C2F69D6CE867123E547B4C72677619F342BA01FC15257A5E91CA75E","Status bar, import/export feedback, or reference-data feedback.","MEDIUM","","","","Esta coleção é grande demais para ser salva com segurança. As alterações permanecem na memória.","Esta coleção é grande demais para ser salva com segurança. As alterações permanecem na memória.","IDENTICAL","AGREED","Esta coleção é grande demais para ser salva com segurança. As alterações permanecem na memória.","Both independent witnesses agree for “This collection is too large to save safely. Changes remain in memory.” (status.storage.capacity); the shared wording is clear in the recorded UI context and preserves the required syntax."
"status.storage.recovery","pt-BR","Saved browser data could not be restored. Using a temporary collection; the original is preserved until an edit.","1BE84B9FD262E5A82E90612CB354EF3DDCB0907733726FDD1EFE1F391D84F923","Status bar, import/export feedback, or reference-data feedback.","MEDIUM","","","","Não foi possível restaurar os dados salvos no navegador. Uma coleção temporária está em uso; o original será preservado até uma edição.","Não foi possível restaurar os dados salvos no navegador. Usando uma coleção temporária; a original é preservada até que seja editada.","SUBSTANTIVE","DEEPL","Não foi possível restaurar os dados salvos no navegador. Usando uma coleção temporária; a original é preservada até que seja editada.","DeepL is selected for “Saved browser data could not be restored. Using a temporary collection; the original is...” (status.storage.recovery) because it provides more natural target-language grammar without changing the source meaning; placeholders and protected tokens remain exact."
"status.storage.unavailable","pt-BR","Browser storage is unavailable. This collection is only in memory.","157D03CBEA973C44D2A332C5E0080EA8D42ABB5C84A67D15562E1A42827220DA","Status bar, import/export feedback, or reference-data feedback.","MEDIUM","","","","O armazenamento do navegador não está disponível. Esta coleção está somente na memória.","O armazenamento do navegador está indisponível. Esta coleção está apenas na memória.","SUBSTANTIVE","DEEPL","O armazenamento do navegador está indisponível. Esta coleção está apenas na memória.","DeepL is selected for “Browser storage is unavailable. This collection is only in memory.” (status.storage.unavailable) because it provides more natural target-language grammar without changing the source meaning; placeholders and protected tokens remain exact."
"status.storage.unsaved","pt-BR","Changes are only in memory and have not been saved in this browser.","D5BDF41E686368FB0D2ECA36CA35E9EBDEAAD96D84A3D18D09109722CA71754E","Status bar, import/export feedback, or reference-data feedback.","MEDIUM","","","","As alterações estão somente na memória e não foram salvas neste navegador.","As alterações estão apenas na memória e não foram salvas neste navegador.","SUBSTANTIVE","DEEPL","As alterações estão apenas na memória e não foram salvas neste navegador.","DeepL is selected for “Changes are only in memory and have not been saved in this browser.” (status.storage.unsaved) because it provides more natural target-language grammar without changing the source meaning; placeholders and protected tokens remain exact."
"transfer.export.button","pt-BR","Export","3664895579F0A7E68C4AA09C91316E20239BC74499010E6423ECE40CAD7C28F7","Whole-collection JSON import/export control.","MEDIUM","","","glossary.file-import-export=Importar / Exportar [strategy=key-scoped]","Exportar","Exportar","IDENTICAL","AGREED","Exportar","Both independent witnesses agree for “Export” (transfer.export.button); the shared wording is clear in the recorded UI context and preserves the required syntax."
"transfer.export.tooltip","pt-BR","Export all networks to JSON","299585BDC19610DDB02287483F51E0397FC5D295C5230190B039E0540F73F95D","Whole-collection JSON import/export control. This is explanatory tooltip text.","MEDIUM","","JSON","glossary.network=Rede [strategy=semantic-concept]; glossary.file-import-export=Importar / Exportar [strategy=key-scoped]","Exportar todas as redes para JSON","Exportar todas as redes para JSON","IDENTICAL","AGREED","Exportar todas as redes para JSON","Both independent witnesses agree for “Export all networks to JSON” (transfer.export.tooltip); the shared wording is clear in the recorded UI context and preserves the required syntax."
"transfer.import.button","pt-BR","Import","2CFF9BAABF56CA002610E113BC94DEB6EDEDDDFC3C130365B6E88ED5195BF774","Whole-collection JSON import/export control.","MEDIUM","","","glossary.file-import-export=Importar / Exportar [strategy=key-scoped]","Importar","Importar","IDENTICAL","AGREED","Importar","Both independent witnesses agree for “Import” (transfer.import.button); the shared wording is clear in the recorded UI context and preserves the required syntax."
"transfer.import.tooltip","pt-BR","Import all networks from JSON","ACE5CBE29BD01BF19418906273462FCC73B80F139B71EE2038D5CDBAAF18E5A6","Whole-collection JSON import/export control. This is explanatory tooltip text.","MEDIUM","","JSON","glossary.network=Rede [strategy=semantic-concept]; glossary.file-import-export=Importar / Exportar [strategy=key-scoped]","Importar todas as redes de JSON","Importar todas as redes do JSON","SUBSTANTIVE","CODEX","Importar todas as redes de JSON","Codex is selected for “Import all networks from JSON” (transfer.import.tooltip) because it preserves the row's approved product vocabulary (glossary.network=Rede [strategy=semantic-concept]; glossary.file-import-export=Importar / Exportar [strategy=key-scoped]); the fluent DeepL alternative diverges from at least one binding term or semantic label in this UI context."
"validation.activeProductionInorganicInvalid","pt-BR","{resource} is marked as produced, but is not available for outpost extraction in {biomes}.","343A59EBAE1750C2E095CAE84BE65ECF2B40356B29B69886BF4A50D626E06FF8","Validation severity, diagnostic, context, or remediation.","HIGH","biomes; resource","","term.outpost=Entreposto [strategy=semantic-concept, variants=entreposto | entrepostos]; term.biome=Bioma [strategy=semantic-concept, variants=bioma | biomas]","{resource} consta como produzido, mas não está disponível para extração no entreposto em {biomes}.","{resource} está marcado como produzido, mas não está disponível para extração em postos avançados nos {biomes}.","SUBSTANTIVE","CODEX","{resource} consta como produzido, mas não está disponível para extração no entreposto em {biomes}.","Codex is selected for “{resource} is marked as produced, but is not available for outpost extraction in {biomes}.” (validation.activeProductionInorganicInvalid) because it preserves the row's approved product vocabulary (term.outpost=Entreposto [strategy=semantic-concept, variants=entreposto | entrepostos]; term.biome=Bioma [strategy=semantic-concept, variants=bioma | biomas]); the fluent DeepL alternative diverges from at least one binding term or semantic label in this UI context."
"validation.activeProductionInorganicInvalidMany","pt-BR","{resource} is marked as produced, but is not available for outpost extraction in {biomes} biomes.","BFFA154C806911B4861A9A7A75D9EC26BA3F8194E309AE0DB0982EAF8011BBD9","Validation severity, diagnostic, context, or remediation.","HIGH","biomes; resource","","term.outpost=Entreposto [strategy=semantic-concept, variants=entreposto | entrepostos]; term.biome=Bioma [strategy=semantic-concept, variants=bioma | biomas]","{resource} consta como produzido, mas não está disponível para extração no entreposto nos biomas {biomes}.","{resource} está marcado como produzido, mas não está disponível para extração no posto avançado nos biomas {biomes}.","SUBSTANTIVE","CODEX","{resource} consta como produzido, mas não está disponível para extração no entreposto nos biomas {biomes}.","Codex is selected for “{resource} is marked as produced, but is not available for outpost extraction in {biome...” (validation.activeProductionInorganicInvalidMany) because it preserves the row's approved product vocabulary (term.outpost=Entreposto [strategy=semantic-concept, variants=entreposto | entrepostos]; term.biome=Bioma [strategy=semantic-concept, variants=bioma | biomas]); the fluent DeepL alternative diverges from at least one binding term or semantic label in this UI context."
"validation.activeProductionInorganicInvalidOne","pt-BR","{resource} is marked as produced, but is not available for outpost extraction in {biomes} biome.","FADF8014E84AA89E507B9D402163008BBE82235A11A07FF450BED88C5B743874","Validation severity, diagnostic, context, or remediation.","HIGH","biomes; resource","","term.outpost=Entreposto [strategy=semantic-concept, variants=entreposto | entrepostos]; term.biome=Bioma [strategy=semantic-concept, variants=bioma | biomas]","{resource} consta como produzido, mas não está disponível para extração no entreposto no bioma {biomes}.","{resource} está marcado como produzido, mas não está disponível para extração no posto avançado no bioma {biomes}.","SUBSTANTIVE","CODEX","{resource} consta como produzido, mas não está disponível para extração no entreposto no bioma {biomes}.","Codex is selected for “{resource} is marked as produced, but is not available for outpost extraction in {biome...” (validation.activeProductionInorganicInvalidOne) because it preserves the row's approved product vocabulary (term.outpost=Entreposto [strategy=semantic-concept, variants=entreposto | entrepostos]; term.biome=Bioma [strategy=semantic-concept, variants=bioma | biomas]); the fluent DeepL alternative diverges from at least one binding term or semantic label in this UI context."
"validation.activeProductionOrganicInvalid","pt-BR","{resource} is marked as produced, but is not available for outpost harvesting in {biomes}.","6B374E2F42FCF3002184E5FA78DE4475BF4C3092A8291B5AC4643228591C7CA4","Validation severity, diagnostic, context, or remediation.","HIGH","biomes; resource","","term.outpost=Entreposto [strategy=semantic-concept, variants=entreposto | entrepostos]; term.biome=Bioma [strategy=semantic-concept, variants=bioma | biomas]","{resource} consta como produzido, mas não está disponível para coleta no entreposto em {biomes}.","{resource} está marcado como produzido, mas não está disponível para coleta em postos avançados em {biomes}.","SUBSTANTIVE","CODEX","{resource} consta como produzido, mas não está disponível para coleta no entreposto em {biomes}.","Codex is selected for “{resource} is marked as produced, but is not available for outpost harvesting in {biomes}.” (validation.activeProductionOrganicInvalid) because it preserves the row's approved product vocabulary (term.outpost=Entreposto [strategy=semantic-concept, variants=entreposto | entrepostos]; term.biome=Bioma [strategy=semantic-concept, variants=bioma | biomas]); the fluent DeepL alternative diverges from at least one binding term or semantic label in this UI context."
"validation.activeProductionOrganicInvalidMany","pt-BR","{resource} is marked as produced, but is not available for outpost harvesting in {biomes} biomes.","40CDB5188C81CA5A8309C5F82E856126B1F2DDD23975432F9C6E4671F0CE600D","Validation severity, diagnostic, context, or remediation.","HIGH","biomes; resource","","term.outpost=Entreposto [strategy=semantic-concept, variants=entreposto | entrepostos]; term.biome=Bioma [strategy=semantic-concept, variants=bioma | biomas]","{resource} consta como produzido, mas não está disponível para coleta no entreposto nos biomas {biomes}.","{resource} está marcado como produzido, mas não está disponível para colheita em postos avançados nos biomas {biomes}.","SUBSTANTIVE","CODEX","{resource} consta como produzido, mas não está disponível para coleta no entreposto nos biomas {biomes}.","Codex is selected for “{resource} is marked as produced, but is not available for outpost harvesting in {biome...” (validation.activeProductionOrganicInvalidMany) because it preserves the row's approved product vocabulary (term.outpost=Entreposto [strategy=semantic-concept, variants=entreposto | entrepostos]; term.biome=Bioma [strategy=semantic-concept, variants=bioma | biomas]); the fluent DeepL alternative diverges from at least one binding term or semantic label in this UI context."
"validation.activeProductionOrganicInvalidOne","pt-BR","{resource} is marked as produced, but is not available for outpost harvesting in {biomes} biome.","510D2A280451EA1F2A1E1C9CA575215D0997FAA3ED4E9E40CFA39CE8468A6D5B","Validation severity, diagnostic, context, or remediation.","HIGH","biomes; resource","","term.outpost=Entreposto [strategy=semantic-concept, variants=entreposto | entrepostos]; term.biome=Bioma [strategy=semantic-concept, variants=bioma | biomas]","{resource} consta como produzido, mas não está disponível para coleta no entreposto no bioma {biomes}.","{recurso} está marcado como produzido, mas não está disponível para coleta no posto avançado no bioma {biomas}.","INVALID_TOKENS","INVALID_DEEPL_REPAIRED","{resource} consta como produzido, mas não está disponível para coleta no entreposto no bioma {biomes}.","DeepL is structurally invalid for “{resource} is marked as produced, but is not available for outpost harvesting in {biome...” (validation.activeProductionOrganicInvalidOne) because one or more required placeholder names were translated, removed, or changed. The independently reviewed Codex wording is retained as the natural token-safe repair with the exact repository placeholders, plural form, and protected tokens restored."
"validation.bodySystemMismatch","pt-BR","This outpost's selected planetary body does not belong to its selected star system.","665FF46A8B0020E578CB5C395BE5C1C6862BDFDEE41C4B4B306E10E372FBBED9","Validation severity, diagnostic, context, or remediation.","HIGH","","","term.outpost=Entreposto [strategy=semantic-concept, variants=entreposto | entrepostos]; term.planetary-body=Corpo celeste [strategy=semantic-concept, variants=corpo celeste | corpos celestes]; term.star-system=Sistema estelar [strategy=semantic-concept, variants=sistema estelar | sistemas estelares]","O corpo celeste selecionado para este entreposto não pertence ao sistema estelar selecionado.","O corpo planetário selecionado por este posto avançado não pertence ao sistema estelar selecionado.","SUBSTANTIVE","CODEX","O corpo celeste selecionado para este entreposto não pertence ao sistema estelar selecionado.","Codex is selected for “This outpost's selected planetary body does not belong to its selected star system.” (validation.bodySystemMismatch) because it preserves the row's approved product vocabulary (term.outpost=Entreposto [strategy=semantic-concept, variants=entreposto | entrepostos]; term.planetary-body=Corpo celeste [strategy=semantic-concept, variants=corpo celeste | corpos celestes]; term.star-system=Sistema estelar [strategy=semantic-concept, variants=sistema estelar | sistemas estelares]); the fluent DeepL alternative diverges from at least one binding term or semantic label in this UI context."
"validation.cargoPadLinkedMultiple","pt-BR","This Cargo Link has more than one connection.","FCD89051E9CB532472031A914B324BEF8ADA243221C547604A09A13BDFFCCEE8","Validation severity, diagnostic, context, or remediation.","HIGH","","","term.cargo-link=Vínculo de carga [strategy=phrase]","Este vínculo de carga tem mais de uma conexão.","Este Cargo Link possui mais de uma conexão.","SUBSTANTIVE","CODEX","Este vínculo de carga tem mais de uma conexão.","Codex is selected for “This Cargo Link has more than one connection.” (validation.cargoPadLinkedMultiple) because it preserves the row's approved product vocabulary (term.cargo-link=Vínculo de carga [strategy=phrase]); the fluent DeepL alternative diverges from at least one binding term or semantic label in this UI context."
"validation.cargoPadSkillLimit","pt-BR","This outpost has {count} cargo links, but the current {skill} level allows a maximum of {limit}.","0D4B4EC504FA591E5B87AC6D9D9D48704DB2E7C3FAD97D63FAFC367862119097","Validation severity, diagnostic, context, or remediation.","HIGH","count; limit; skill","","term.cargo-link=Vínculo de carga [strategy=phrase]; term.outpost=Entreposto [strategy=semantic-concept, variants=entreposto | entrepostos]","Este entreposto tem {count} vínculos de carga, mas o nível atual de {skill} permite no máximo {limit}.","Este posto avançado possui {count} links de carga, mas o nível atual de {skill} permite um máximo de {limit}.","SUBSTANTIVE","CODEX","Este entreposto tem {count} vínculos de carga, mas o nível atual de {skill} permite no máximo {limit}.","Codex is selected for “This outpost has {count} cargo links, but the current {skill} level allows a maximum of...” (validation.cargoPadSkillLimit) because it preserves the row's approved product vocabulary (term.cargo-link=Vínculo de carga [strategy=phrase]; term.outpost=Entreposto [strategy=semantic-concept, variants=entreposto | entrepostos]); the fluent DeepL alternative diverges from at least one binding term or semantic label in this UI context."
"validation.close","pt-BR","Close validation details","CA5D5310C383358C79F7A0FE35B48EDA45CE70634CC9046D5D37DA7AE23609B5","Validation severity, diagnostic, context, or remediation.","HIGH","","","glossary.validation=Validação [strategy=semantic-concept]","Fechar detalhes da validação","Fechar detalhes de validação","SUBSTANTIVE","DEEPL","Fechar detalhes de validação","DeepL is selected for “Close validation details” (validation.close) because it provides clearer diagnostic phrasing and a more natural relationship between the failure and its cause while retaining the approved terminology (glossary.validation=Validação [strategy=semantic-concept]); placeholders and protected tokens remain exact."
"validation.context.pad","pt-BR","Cargo Link {ordinal}","EFB845F6ED747B80EB2821A9912CDC967497F7C7C6466595AABF814F4A25EFC6","Validation severity, diagnostic, context, or remediation.","HIGH","ordinal","","term.cargo-link=Vínculo de carga [strategy=phrase]","Vínculo de carga {ordinal}","Conexão de Carga {ordinal}","SUBSTANTIVE","CODEX","Vínculo de carga {ordinal}","Codex is selected for “Cargo Link {ordinal}” (validation.context.pad) because it preserves the row's approved product vocabulary (term.cargo-link=Vínculo de carga [strategy=phrase]); the fluent DeepL alternative diverges from at least one binding term or semantic label in this UI context."
"validation.context.separator","pt-BR","{outpost} · {pad}","3724D428153B755740BF4189602FF2B37B154948ECE74684C39EDBECAAF6CE81","Validation severity, diagnostic, context, or remediation.","HIGH","outpost; pad","","term.outpost=Entreposto [strategy=semantic-concept, variants=entreposto | entrepostos]","{outpost} · {pad}","{posto avançado} · {plataforma}","INVALID_TOKENS","INVALID_DEEPL_REPAIRED","{outpost} · {pad}","DeepL is structurally invalid for “{outpost} · {pad}” (validation.context.separator) because one or more required placeholder names were translated, removed, or changed. The independently reviewed Codex wording is retained as the natural token-safe repair with the exact repository placeholders, plural form, and protected tokens restored."
"validation.counts","pt-BR","{errors} errors · {warnings} warnings · {info} info","DA686744D7CB82372559F943895D7E118662B1F85B19FE5C587A573C860675F2","Validation severity, diagnostic, context, or remediation.","HIGH","errors; info; warnings","","glossary.validation-error=Erro [strategy=semantic-concept]; glossary.validation-warning=Aviso [strategy=semantic-concept]; glossary.validation-info=Informação [strategy=semantic-concept]","{errors} erros · {warnings} avisos · {info} informações","{errors} erros · {warnings} avisos · {info} informações","IDENTICAL","AGREED","{errors} erros · {warnings} avisos · {info} informações","Both independent witnesses agree for “{errors} errors · {warnings} warnings · {info} info” (validation.counts); the shared wording is clear in the recorded UI context and preserves the required syntax."
"validation.duplicateActiveProduction","pt-BR","{item} appears more than once in this outpost's active production.","408EF1531484F81EF82204FDC8AC014CD10136752AF8CE8BB63C6909DE609C3D","Validation severity, diagnostic, context, or remediation.","HIGH","item","","term.outpost=Entreposto [strategy=semantic-concept, variants=entreposto | entrepostos]; glossary.active-production=Produção ativa [strategy=semantic-concept]","{item} aparece mais de uma vez na produção ativa deste entreposto.","{item} aparece mais de uma vez na produção ativa deste posto avançado.","SUBSTANTIVE","CODEX","{item} aparece mais de uma vez na produção ativa deste entreposto.","Codex is selected for “{item} appears more than once in this outpost's active production.” (validation.duplicateActiveProduction) because it preserves the row's approved product vocabulary (term.outpost=Entreposto [strategy=semantic-concept, variants=entreposto | entrepostos]; glossary.active-production=Produção ativa [strategy=semantic-concept]); the fluent DeepL alternative diverges from at least one binding term or semantic label in this UI context."
"validation.duplicateBiome","pt-BR","{item} appears more than once in this outpost's biome selection.","98D4842D5357ED12DCAEE0CB21876314875296892807D9F0B4E8D5BF6B1D6DC4","Validation severity, diagnostic, context, or remediation.","HIGH","item","","term.outpost=Entreposto [strategy=semantic-concept, variants=entreposto | entrepostos]; term.biome=Bioma [strategy=semantic-concept, variants=bioma | biomas]","{item} aparece mais de uma vez na seleção de biomas deste entreposto.","{item} aparece mais de uma vez na seleção de biomas deste posto avançado.","SUBSTANTIVE","CODEX","{item} aparece mais de uma vez na seleção de biomas deste entreposto.","Codex is selected for “{item} appears more than once in this outpost's biome selection.” (validation.duplicateBiome) because it preserves the row's approved product vocabulary (term.outpost=Entreposto [strategy=semantic-concept, variants=entreposto | entrepostos]; term.biome=Bioma [strategy=semantic-concept, variants=bioma | biomas]); the fluent DeepL alternative diverges from at least one binding term or semantic label in this UI context."
"validation.duplicateExplicitPresence","pt-BR","{item} appears more than once in this outpost's explicit resource presence.","7CD8AA72F3BB3FFD4303234B375FB45AE1AC996C70661B0579FB124DAB3A85B0","Validation severity, diagnostic, context, or remediation.","HIGH","item","","term.outpost=Entreposto [strategy=semantic-concept, variants=entreposto | entrepostos]","{item} aparece mais de uma vez na presença explícita de recursos deste entreposto.","{item} aparece mais de uma vez na presença explícita de recursos deste posto avançado.","SUBSTANTIVE","CODEX","{item} aparece mais de uma vez na presença explícita de recursos deste entreposto.","Codex is selected for “{item} appears more than once in this outpost's explicit resource presence.” (validation.duplicateExplicitPresence) because it preserves the row's approved product vocabulary (term.outpost=Entreposto [strategy=semantic-concept, variants=entreposto | entrepostos]); the fluent DeepL alternative diverges from at least one binding term or semantic label in this UI context."
"validation.duplicateLocalResource","pt-BR","{item} appears more than once in this outpost's local resources.","98590D7EF4CF73812F603C54B05B2E992917A3EE655737A9C2D457E55374C51A","Validation severity, diagnostic, context, or remediation.","HIGH","item","","term.outpost=Entreposto [strategy=semantic-concept, variants=entreposto | entrepostos]","{item} aparece mais de uma vez nos recursos locais deste entreposto.","{item} aparece mais de uma vez nos recursos locais deste posto avançado.","SUBSTANTIVE","CODEX","{item} aparece mais de uma vez nos recursos locais deste entreposto.","Codex is selected for “{item} appears more than once in this outpost's local resources.” (validation.duplicateLocalResource) because it preserves the row's approved product vocabulary (term.outpost=Entreposto [strategy=semantic-concept, variants=entreposto | entrepostos]); the fluent DeepL alternative diverges from at least one binding term or semantic label in this UI context."
"validation.duplicateManufacturing","pt-BR","{item} appears more than once in this outpost's manufacturing list.","4A672C33903413951067839530919DA2B42703B982606FF49CFD4A9B2177D74C","Validation severity, diagnostic, context, or remediation.","HIGH","item","","term.outpost=Entreposto [strategy=semantic-concept, variants=entreposto | entrepostos]; glossary.manufacturing=Fabricação [strategy=semantic-concept]","{item} aparece mais de uma vez na lista de fabricação deste entreposto.","{item} aparece mais de uma vez na lista de fabricação deste posto avançado.","SUBSTANTIVE","CODEX","{item} aparece mais de uma vez na lista de fabricação deste entreposto.","Codex is selected for “{item} appears more than once in this outpost's manufacturing list.” (validation.duplicateManufacturing) because it preserves the row's approved product vocabulary (term.outpost=Entreposto [strategy=semantic-concept, variants=entreposto | entrepostos]; glossary.manufacturing=Fabricação [strategy=semantic-concept]); the fluent DeepL alternative diverges from at least one binding term or semantic label in this UI context."
"validation.duplicateOutboundItem","pt-BR","{item} appears more than once in this Cargo Link's outbound items.","39E57ED738A1A8E969109EC4BFED550BB5F922390A5D4FF9304D8BA5F426ED02","Validation severity, diagnostic, context, or remediation.","HIGH","item","","term.cargo-link=Vínculo de carga [strategy=phrase]","{item} aparece mais de uma vez nos itens de saída deste vínculo de carga.","{item} aparece mais de uma vez nos itens de saída deste Cargo Link.","SUBSTANTIVE","CODEX","{item} aparece mais de uma vez nos itens de saída deste vínculo de carga.","Codex is selected for “{item} appears more than once in this Cargo Link's outbound items.” (validation.duplicateOutboundItem) because it preserves the row's approved product vocabulary (term.cargo-link=Vínculo de carga [strategy=phrase]); the fluent DeepL alternative diverges from at least one binding term or semantic label in this UI context."
"validation.duplicateOutpostName","pt-BR","{count} outposts are named ""{name}"". Unique outpost names are recommended to avoid ambiguity.","4C8312E1F6CCD26528398627BD8DE9C4025557A067D2F60A875E399608F5E6C4","Validation severity, diagnostic, context, or remediation.","HIGH","count; name","","term.outpost=Entreposto [strategy=semantic-concept, variants=entreposto | entrepostos]","{count} entrepostos têm o nome “{name}”. Recomendamos nomes exclusivos para evitar ambiguidades.","{count} postos avançados têm o nome “{name}”. Recomenda-se usar nomes exclusivos para os postos avançados a fim de evitar ambiguidades.","SUBSTANTIVE","CODEX","{count} entrepostos têm o nome “{name}”. Recomendamos nomes exclusivos para evitar ambiguidades.","Codex is selected for “{count} outposts are named ""{name}"". Unique outpost names are recommended to avoid ambi...” (validation.duplicateOutpostName) because it preserves the row's approved product vocabulary (term.outpost=Entreposto [strategy=semantic-concept, variants=entreposto | entrepostos]); the fluent DeepL alternative diverges from at least one binding term or semantic label in this UI context."
"validation.duplicatePlannedSupply","pt-BR","{item} appears more than once in this outpost's Planned Supply.","2D1491D5C8DB17E640841C670CA7202B62919A7E7B4399F17C2D7A20F01ED98D","Validation severity, diagnostic, context, or remediation.","HIGH","item","","term.outpost=Entreposto [strategy=semantic-concept, variants=entreposto | entrepostos]; glossary.planned-supply=Suprimento planejado [strategy=semantic-concept]","{item} aparece mais de uma vez no Suprimento planejado deste entreposto.","{item} aparece mais de uma vez no Abastecimento Planejado deste posto avançado.","SUBSTANTIVE","CODEX","{item} aparece mais de uma vez no Suprimento planejado deste entreposto.","Codex is selected for “{item} appears more than once in this outpost's Planned Supply.” (validation.duplicatePlannedSupply) because it preserves the row's approved product vocabulary (term.outpost=Entreposto [strategy=semantic-concept, variants=entreposto | entrepostos]; glossary.planned-supply=Suprimento planejado [strategy=semantic-concept]); the fluent DeepL alternative diverges from at least one binding term or semantic label in this UI context."
"validation.filter.all","pt-BR","All","A52ACE420F2175D08B1577A1BEA5445E36801229C074EF9ED6C55A73401FD9C2","Validation severity, diagnostic, context, or remediation.","HIGH","","","","Todos","Todos","IDENTICAL","AGREED","Todos","Both independent witnesses agree for “All” (validation.filter.all); the shared wording is clear in the recorded UI context and preserves the required syntax."
"validation.filter.error","pt-BR","Errors","CB702378F31507EFA79A2A2C6046050BC9F578F149C88E3C0A3D9532AB4B5300","Validation severity, diagnostic, context, or remediation.","HIGH","","","glossary.validation-error=Erro [strategy=semantic-concept]","Erros","Erros","IDENTICAL","AGREED","Erros","Both independent witnesses agree for “Errors” (validation.filter.error); the shared wording is clear in the recorded UI context and preserves the required syntax."
"validation.filter.info","pt-BR","Info","170322A32F3C35B2C61576A5553D352D7B3C8AE7086DAB78F15FC891A28C067C","Validation severity, diagnostic, context, or remediation.","HIGH","","","glossary.validation-info=Informação [strategy=semantic-concept]","Informação","Informações","SUBSTANTIVE","CODEX","Informação","Codex is selected for “Info” (validation.filter.info) because it preserves the row's approved product vocabulary (glossary.validation-info=Informação [strategy=semantic-concept]); the fluent DeepL alternative diverges from at least one binding term or semantic label in this UI context."
"validation.filter.warning","pt-BR","Warnings","0E04CD10F9AFD7E546E176B34B56A243D8C741198AA0BFEE27D7661A370DC043","Validation severity, diagnostic, context, or remediation.","HIGH","","","glossary.validation-warning=Aviso [strategy=semantic-concept]","Avisos","Avisos","IDENTICAL","AGREED","Avisos","Both independent witnesses agree for “Warnings” (validation.filter.warning); the shared wording is clear in the recorded UI context and preserves the required syntax."
"validation.heading","pt-BR","Validation","68E1CA575295BB5604FEA711B5D2EFF44006CE4BD985481083A76B71FCE0DAEF","Heading for domain validation results containing errors, warnings, and informational findings; not form submission validation alone. This is a visible heading.","HIGH","","","glossary.validation=Validação [strategy=semantic-concept]","Validação","Validação","IDENTICAL","AGREED","Validação","Both independent witnesses agree for “Validation” (validation.heading); the shared wording is clear in the recorded UI context and preserves the required syntax."
"validation.interstellarHelium3","pt-BR","This Inter-System Cargo Link is sending cargo, but its outpost has no available Helium-3 supply.","5ACB93205A0583C817D0B8157F802B528C08E057BB0ADEAB9A916148D18F9171","Validation severity, diagnostic, context, or remediation.","HIGH","","","term.inter-system-cargo-link=Vínculo de carga entre sistemas [strategy=phrase]; term.cargo-link=Vínculo de carga [strategy=phrase]; term.outpost=Entreposto [strategy=semantic-concept, variants=entreposto | entrepostos]","Este vínculo de carga entre sistemas está enviando carga, mas seu entreposto não dispõe de suprimento de Hélio-3.","Este Inter-System Cargo Link está enviando carga, mas seu posto avançado não possui estoque disponível de hélio-3.","SUBSTANTIVE","CODEX","Este vínculo de carga entre sistemas está enviando carga, mas seu entreposto não dispõe de suprimento de Hélio-3.","Codex is selected for “This Inter-System Cargo Link is sending cargo, but its outpost has no available Helium-...” (validation.interstellarHelium3) because it preserves the row's approved product vocabulary (term.inter-system-cargo-link=Vínculo de carga entre sistemas [strategy=phrase]; term.cargo-link=Vínculo de carga [strategy=phrase]; term.outpost=Entreposto [strategy=semantic-concept, variants=entreposto | entrepostos]); the fluent DeepL alternative diverges from at least one binding term or semantic label in this UI context."
"validation.invalidCharacterLevel","pt-BR","Character level is {level}, but a recorded character level must be a whole number from {minimum} to {maximum}.","557A628B5FD3728FAAC1175E6D6EAF7F8D41ED8CB896805EB05788BB52ADF1A6","Validation severity, diagnostic, context, or remediation.","HIGH","level; maximum; minimum","","","O nível do personagem é {level}, mas um nível registrado precisa ser um número inteiro de {minimum} a {maximum}.","O nível do personagem é {level}, mas o nível registrado deve ser um número inteiro entre {minimum} e {maximum}.","SUBSTANTIVE","DEEPL","O nível do personagem é {level}, mas o nível registrado deve ser um número inteiro entre {minimum} e {maximum}.","DeepL is selected for “Character level is {level}, but a recorded character level must be a whole number from ...” (validation.invalidCharacterLevel) because it provides clearer diagnostic phrasing and a more natural relationship between the failure and its cause; placeholders and protected tokens remain exact."
"validation.invalidSkillLevel","pt-BR","{skill} has level {level}, but valid skill levels are integers {minimum} through {maximum}.","479C20E3082325683BBB0FD99CD53B56C8C4A7A002923C68D54B6E9487411C86","Validation severity, diagnostic, context, or remediation.","HIGH","level; maximum; minimum; skill","","","{skill} está no nível {level}, mas os níveis válidos são números inteiros de {minimum} a {maximum}.","A {habilidade} tem nível {level}, mas os níveis válidos de habilidade são números inteiros de {minimum} a {maximum}.","INVALID_TOKENS","INVALID_DEEPL_REPAIRED","{skill} está no nível {level}, mas os níveis válidos são números inteiros de {minimum} a {maximum}.","DeepL is structurally invalid for “{skill} has level {level}, but valid skill levels are integers {minimum} through {maxim...” (validation.invalidSkillLevel) because one or more required placeholder names were translated, removed, or changed. The independently reviewed Codex wording is retained as the natural token-safe repair with the exact repository placeholders, plural form, and protected tokens restored."
"validation.issueCount","pt-BR","Validation: {count} {count, plural, one {issue} other {issues}}","F0C30AE770A0C8A8C672000A3292FF3FE8F3D0A23945D4079779B5A408A675C4","Validation severity, diagnostic, context, or remediation.","HIGH","count","","glossary.validation=Validação [strategy=semantic-concept]","Validação: {count} {count, plural, one {problema} other {problemas}}","Validação: {count} {count, plural, um {problema} ou outros {problemas}}","INVALID_TOKENS","INVALID_DEEPL_REPAIRED","Validação: {count} {count, plural, one {problema} other {problemas}}","DeepL is structurally invalid for “Validation: {count} {count, plural, one {issue} other {issues}}” (validation.issueCount) because the ICU plural syntax or its plural parameter/category structure was altered. The independently reviewed Codex wording is retained as the natural token-safe repair with the exact repository placeholders, plural form, and protected tokens restored."
"validation.manufacturingInputUnavailable","pt-BR","{product} requires {input}, but {input} is not available at this outpost.","5D636D52EEFF0A72CE322FD0388383DD6783828EE5AC9DA99242EE7CA9F7CE4F","Validation severity, diagnostic, context, or remediation.","HIGH","input; product","","term.outpost=Entreposto [strategy=semantic-concept, variants=entreposto | entrepostos]; glossary.inputs=Insumos [strategy=semantic-concept, variants=insumos | recursos necessários | materiais necessários]","{product} requer {input}, mas {input} não está disponível neste entreposto.","{produto} requer {entrada}, mas {entrada} não está disponível neste posto avançado.","INVALID_TOKENS","INVALID_DEEPL_REPAIRED","{product} requer {input}, mas {input} não está disponível neste entreposto.","DeepL is structurally invalid for “{product} requires {input}, but {input} is not available at this outpost.” (validation.manufacturingInputUnavailable) because one or more required placeholder names were translated, removed, or changed. The independently reviewed Codex wording is retained as the natural token-safe repair with the exact repository placeholders, plural form, and protected tokens restored."
"validation.missingCargoEndpoint","pt-BR","This cargo connection refers to a missing outpost or Cargo Link endpoint.","DE666AA19EEA71AF84123F9502737CCA410AEA2B9EA680E0DBB0DA1B22BCD1EB","Validation severity, diagnostic, context, or remediation.","HIGH","","","term.cargo-link=Vínculo de carga [strategy=phrase]; term.outpost=Entreposto [strategy=semantic-concept, variants=entreposto | entrepostos]","Esta conexão de carga faz referência a um entreposto ou uma extremidade de vínculo de carga ausente.","Esta conexão de carga refere-se a um posto avançado ou ponto de conexão de carga ausente.","SUBSTANTIVE","CODEX","Esta conexão de carga faz referência a um entreposto ou uma extremidade de vínculo de carga ausente.","Codex is selected for “This cargo connection refers to a missing outpost or Cargo Link endpoint.” (validation.missingCargoEndpoint) because it preserves the row's approved product vocabulary (term.cargo-link=Vínculo de carga [strategy=phrase]; term.outpost=Entreposto [strategy=semantic-concept, variants=entreposto | entrepostos]); the fluent DeepL alternative diverges from at least one binding term or semantic label in this UI context."
"validation.none","pt-BR","No validation issues.","21D05437FB5BF4D6620AD3FEB0A477B311E4FE078083DD371C526972FEAEEF5C","Validation severity, diagnostic, context, or remediation.","HIGH","","","glossary.validation=Validação [strategy=semantic-concept]","Nenhum problema de validação.","Nenhum problema de validação.","IDENTICAL","AGREED","Nenhum problema de validação.","Both independent witnesses agree for “No validation issues.” (validation.none); the shared wording is clear in the recorded UI context and preserves the required syntax."
"validation.open","pt-BR","Open validation details","77DDEF905E8B93BB72AE88AD640D48A41D25FB28E2530E59996DCF1A94822ECA","Validation severity, diagnostic, context, or remediation.","HIGH","","","glossary.validation=Validação [strategy=semantic-concept]","Abrir detalhes da validação","Abrir detalhes de validação","SUBSTANTIVE","DEEPL","Abrir detalhes de validação","DeepL is selected for “Open validation details” (validation.open) because it provides clearer diagnostic phrasing and a more natural relationship between the failure and its cause while retaining the approved terminology (glossary.validation=Validação [strategy=semantic-concept]); placeholders and protected tokens remain exact."
"validation.organicInputUnavailable","pt-BR","{species} requires {input}, but {input} is not available at this outpost.","6C9034CE1B9DD269D679570EB922B190B3A495B01898426091DF8323B7C6517F","Validation severity, diagnostic, context, or remediation.","HIGH","input; species","","term.outpost=Entreposto [strategy=semantic-concept, variants=entreposto | entrepostos]; glossary.inputs=Insumos [strategy=semantic-concept, variants=insumos | recursos necessários | materiais necessários]","{species} requer {input}, mas {input} não está disponível neste entreposto.","{espécie} requer {entrada}, mas {entrada} não está disponível neste posto avançado.","INVALID_TOKENS","INVALID_DEEPL_REPAIRED","{species} requer {input}, mas {input} não está disponível neste entreposto.","DeepL is structurally invalid for “{species} requires {input}, but {input} is not available at this outpost.” (validation.organicInputUnavailable) because one or more required placeholder names were translated, removed, or changed. The independently reviewed Codex wording is retained as the natural token-safe repair with the exact repository placeholders, plural form, and protected tokens restored."
"validation.outpostBodyNotEligible","pt-BR","This outpost is located on a body that cannot host outposts.","2A2282A192939493A1C1868D1A1C14D95443D82432460E1B0D29B81953D33AE1","Validation severity, diagnostic, context, or remediation.","HIGH","","","term.outpost=Entreposto [strategy=semantic-concept, variants=entreposto | entrepostos]; term.planetary-body=Corpo celeste [strategy=semantic-concept, variants=corpo celeste | corpos celestes]","Este entreposto fica em um corpo celeste que não pode abrigar entrepostos.","Este posto avançado está localizado em um corpo celeste que não pode abrigar postos avançados.","SUBSTANTIVE","CODEX","Este entreposto fica em um corpo celeste que não pode abrigar entrepostos.","Codex is selected for “This outpost is located on a body that cannot host outposts.” (validation.outpostBodyNotEligible) because it preserves the row's approved product vocabulary (term.outpost=Entreposto [strategy=semantic-concept, variants=entreposto | entrepostos]; term.planetary-body=Corpo celeste [strategy=semantic-concept, variants=corpo celeste | corpos celestes]); the fluent DeepL alternative diverges from at least one binding term or semantic label in this UI context."
"validation.outpostNameLength","pt-BR","Starfield normally limits outpost names to 25 characters; longer modded names remain supported.","E784CAB57A18B4483195176094C6A818AE3FBEFF92674F7355962C05A1877A44","Validation severity, diagnostic, context, or remediation.","HIGH","","","term.outpost=Entreposto [strategy=semantic-concept, variants=entreposto | entrepostos]; product.starfield=Starfield [strategy=phrase]","Starfield normalmente limita os nomes dos entrepostos a 25 caracteres; nomes maiores adicionados por mods continuam compatíveis.","O Starfield normalmente limita os nomes dos postos avançados a 25 caracteres; nomes modificados mais longos continuam sendo suportados.","SUBSTANTIVE","CODEX","Starfield normalmente limita os nomes dos entrepostos a 25 caracteres; nomes maiores adicionados por mods continuam compatíveis.","Codex is selected for “Starfield normally limits outpost names to 25 characters; longer modded names remain su...” (validation.outpostNameLength) because it preserves the row's approved product vocabulary (term.outpost=Entreposto [strategy=semantic-concept, variants=entreposto | entrepostos]; product.starfield=Starfield [strategy=phrase]); the fluent DeepL alternative diverges from at least one binding term or semantic label in this UI context."
"validation.outpostSkillLimit","pt-BR","This network has {count} outposts, but the current {skill} level allows a maximum of {limit}.","4D1CE1DF98BDA2E18E1BEA5735B16B8AD97CCC63E5B2E324E8E39BF4A1E4489F","Validation severity, diagnostic, context, or remediation.","HIGH","count; limit; skill","","term.outpost=Entreposto [strategy=semantic-concept, variants=entreposto | entrepostos]; glossary.network=Rede [strategy=semantic-concept]","Esta rede tem {count} entrepostos, mas o nível atual de {skill} permite no máximo {limit}.","Esta rede possui {count} postos avançados, mas o nível atual de {skill} permite um máximo de {limit}.","SUBSTANTIVE","CODEX","Esta rede tem {count} entrepostos, mas o nível atual de {skill} permite no máximo {limit}.","Codex is selected for “This network has {count} outposts, but the current {skill} level allows a maximum of {l...” (validation.outpostSkillLimit) because it preserves the row's approved product vocabulary (term.outpost=Entreposto [strategy=semantic-concept, variants=entreposto | entrepostos]; glossary.network=Rede [strategy=semantic-concept]); the fluent DeepL alternative diverges from at least one binding term or semantic label in this UI context."
"validation.planetaryHabitationRequirement","pt-BR","This outpost requires {skill} rank {required}, but the recorded character rank is {recorded}.","F45CBAADE159B507024D0485DB395C0F14F2DB63F6C23FB7CD5712E1935E5EA9","Validation severity, diagnostic, context, or remediation.","HIGH","recorded; required; skill","","term.outpost=Entreposto [strategy=semantic-concept, variants=entreposto | entrepostos]","Este entreposto requer grau {required} em {skill}, mas o grau registrado do personagem é {recorded}.","Este posto avançado exige a classificação {skill} de nível {required}, mas a classificação registrada do personagem é {recorded}.","SUBSTANTIVE","CODEX","Este entreposto requer grau {required} em {skill}, mas o grau registrado do personagem é {recorded}.","Codex is selected for “This outpost requires {skill} rank {required}, but the recorded character rank is {reco...” (validation.planetaryHabitationRequirement) because it preserves the row's approved product vocabulary (term.outpost=Entreposto [strategy=semantic-concept, variants=entreposto | entrepostos]); the fluent DeepL alternative diverges from at least one binding term or semantic label in this UI context."
"validation.plannedSupplyUnresolved","pt-BR","{count} {count, plural, one {item} other {items}} in Planned Supply: {itemList}.","BE7699EC7C1923EA45A34F86ED126C15EF94933206CDB8839A9C6FAE4310BF48","Validation severity, diagnostic, context, or remediation.","HIGH","count; itemList","","glossary.planned-supply=Suprimento planejado [strategy=semantic-concept]","{count} {count, plural, one {item} other {itens}} em Suprimento planejado: {itemList}.","{count} {count, plural, um {item} e outros {items}} no Abastecimento Planejado: {itemList}.","INVALID_TOKENS","INVALID_DEEPL_REPAIRED","{count} {count, plural, one {item} other {itens}} em Suprimento planejado: {itemList}.","DeepL is structurally invalid for “{count} {count, plural, one {item} other {items}} in Planned Supply: {itemList}.” (validation.plannedSupplyUnresolved) because the ICU plural syntax or its plural parameter/category structure was altered. The independently reviewed Codex wording is retained as the natural token-safe repair with the exact repository placeholders, plural form, and protected tokens restored."
"validation.regularPadCrossSystem","pt-BR","This Cargo Link is connected to an outpost in another star system; use an Inter-System Cargo Link instead.","0036D346FA2E3589A83E0C1E156EB47038633D52DD365DF5CD83EED4B3C9A2FB","Validation severity, diagnostic, context, or remediation.","HIGH","","","term.inter-system-cargo-link=Vínculo de carga entre sistemas [strategy=phrase]; term.cargo-link=Vínculo de carga [strategy=phrase]; term.outpost=Entreposto [strategy=semantic-concept, variants=entreposto | entrepostos]; term.star-system=Sistema estelar [strategy=semantic-concept, variants=sistema estelar | sistemas estelares]","Este vínculo de carga está conectado a um entreposto em outro sistema estelar; use um vínculo de carga entre sistemas.","Este Link de Carga está conectado a um posto avançado em outro sistema estelar; use um Link de Carga Inter-sistêmico em vez disso.","SUBSTANTIVE","CODEX","Este vínculo de carga está conectado a um entreposto em outro sistema estelar; use um vínculo de carga entre sistemas.","Codex is selected for “This Cargo Link is connected to an outpost in another star system; use an Inter-System ...” (validation.regularPadCrossSystem) because it preserves the row's approved product vocabulary (term.inter-system-cargo-link=Vínculo de carga entre sistemas [strategy=phrase]; term.cargo-link=Vínculo de carga [strategy=phrase]; term.outpost=Entreposto [strategy=semantic-concept, variants=entreposto | entrepostos]; term.star-system=Sistema estelar [strategy=semantic-concept, variants=sistema estelar | sistemas estelares]); the fluent DeepL alternative diverges from at least one binding term or semantic label in this UI context."
"validation.remediation.extraction","pt-BR","Available for extraction in: {biomes}","033652C06FCF14E7028EFC79DED08BDC6242BAF35CBC75A969F66CF88E50189F","Validation severity, diagnostic, context, or remediation.","HIGH","biomes","","term.biome=Bioma [strategy=semantic-concept, variants=bioma | biomas]","Disponível para extração em: {biomes}","Disponível para extração em: {biomas}","INVALID_TOKENS","INVALID_DEEPL_REPAIRED","Disponível para extração em: {biomes}","DeepL is structurally invalid for “Available for extraction in: {biomes}” (validation.remediation.extraction) because one or more required placeholder names were translated, removed, or changed. The independently reviewed Codex wording is retained as the natural token-safe repair with the exact repository placeholders, plural form, and protected tokens restored."
"validation.remediation.harvesting","pt-BR","Available for harvesting in: {biomes}","FAE957E97B0F9EF61CB62E87B9E083C560CD16BB015219DD1B3D64FAC1979E77","Validation severity, diagnostic, context, or remediation.","HIGH","biomes","","term.biome=Bioma [strategy=semantic-concept, variants=bioma | biomas]","Disponível para coleta em: {biomes}","Disponível para coleta em: {biomas}","INVALID_TOKENS","INVALID_DEEPL_REPAIRED","Disponível para coleta em: {biomes}","DeepL is structurally invalid for “Available for harvesting in: {biomes}” (validation.remediation.harvesting) because one or more required placeholder names were translated, removed, or changed. The independently reviewed Codex wording is retained as the natural token-safe repair with the exact repository placeholders, plural form, and protected tokens restored."
"validation.remediation.organicSources","pt-BR","Available from: {sources}","079E06CF1CE43D59E4122D165732D4D39B7405F6EA48021A2BFF063549D71012","Validation severity, diagnostic, context, or remediation.","HIGH","sources","","glossary.source=Origem [strategy=semantic-concept]","Disponível em: {sources}","Disponível em: {fontes}","INVALID_TOKENS","INVALID_DEEPL_REPAIRED","Disponível em: {sources}","DeepL is structurally invalid for “Available from: {sources}” (validation.remediation.organicSources) because one or more required placeholder names were translated, removed, or changed. The independently reviewed Codex wording is retained as the natural token-safe repair with the exact repository placeholders, plural form, and protected tokens restored."
"validation.selectedBiomeInvalid","pt-BR","This selected biome belongs to a different planetary body.","6D576D3401E2A28EF6D6D90BE82FEF4E4A34C47FDEC0102556426FBE7EC1E066","Validation severity, diagnostic, context, or remediation.","HIGH","","","term.biome=Bioma [strategy=semantic-concept, variants=bioma | biomas]; term.planetary-body=Corpo celeste [strategy=semantic-concept, variants=corpo celeste | corpos celestes]","O bioma selecionado pertence a outro corpo celeste.","Este bioma selecionado pertence a um corpo planetário diferente.","SUBSTANTIVE","CODEX","O bioma selecionado pertence a outro corpo celeste.","Codex is selected for “This selected biome belongs to a different planetary body.” (validation.selectedBiomeInvalid) because it preserves the row's approved product vocabulary (term.biome=Bioma [strategy=semantic-concept, variants=bioma | biomas]; term.planetary-body=Corpo celeste [strategy=semantic-concept, variants=corpo celeste | corpos celestes]); the fluent DeepL alternative diverges from at least one binding term or semantic label in this UI context."
"validation.selfLinkedCargoPad","pt-BR","This cargo connection uses the same Cargo Link at both endpoints.","37A36CCB8D15AE9949772C22FE628AE24C43622ECBA3A4618483EE8B495D65E1","Validation severity, diagnostic, context, or remediation.","HIGH","","","term.cargo-link=Vínculo de carga [strategy=phrase]","Esta conexão de carga usa o mesmo vínculo de carga nas duas extremidades.","Esta conexão de carga utiliza a mesma Ligação de Carga em ambos os pontos finais.","SUBSTANTIVE","CODEX","Esta conexão de carga usa o mesmo vínculo de carga nas duas extremidades.","Codex is selected for “This cargo connection uses the same Cargo Link at both endpoints.” (validation.selfLinkedCargoPad) because it preserves the row's approved product vocabulary (term.cargo-link=Vínculo de carga [strategy=phrase]); the fluent DeepL alternative diverges from at least one binding term or semantic label in this UI context."
"validation.severity.error","pt-BR","Error","54A0E8C17EBB21A11F8A25B8042786EF7EFE52441E6CC87E92C67E0C4C0C6E78","Validation severity, diagnostic, context, or remediation.","HIGH","","","glossary.validation-error=Erro [strategy=semantic-concept]","Erro","Erro","IDENTICAL","AGREED","Erro","Both independent witnesses agree for “Error” (validation.severity.error); the shared wording is clear in the recorded UI context and preserves the required syntax."
"validation.severity.info","pt-BR","Info","170322A32F3C35B2C61576A5553D352D7B3C8AE7086DAB78F15FC891A28C067C","Validation severity, diagnostic, context, or remediation.","HIGH","","","glossary.validation-info=Informação [strategy=semantic-concept]","Informação","Informação","IDENTICAL","AGREED","Informação","Both independent witnesses agree for “Info” (validation.severity.info); the shared wording is clear in the recorded UI context and preserves the required syntax."
"validation.severity.warning","pt-BR","Warning","E981DDAE45D8F4CA53F1CCBE613AD254A041DACF65A06026099A6302D332113B","Validation severity, diagnostic, context, or remediation.","HIGH","","","glossary.validation-warning=Aviso [strategy=semantic-concept]","Aviso","Aviso","IDENTICAL","AGREED","Aviso","Both independent witnesses agree for “Warning” (validation.severity.warning); the shared wording is clear in the recorded UI context and preserves the required syntax."
"validation.unknownBiome","pt-BR","This outpost refers to unknown body-biome ID ""{id}"".","E1DA964E2CA929F08EAB04CB1BDC0647323400630396D29DE66A0DA4ECC75ACD","Validation severity, diagnostic, context, or remediation.","HIGH","id","ID","term.outpost=Entreposto [strategy=semantic-concept, variants=entreposto | entrepostos]; term.biome=Bioma [strategy=semantic-concept, variants=bioma | biomas]; term.planetary-body=Corpo celeste [strategy=semantic-concept, variants=corpo celeste | corpos celestes]","Este entreposto faz referência ao ID de bioma do corpo desconhecido “{id}”.","Este posto avançado se refere a um ID de corpo-bioma desconhecido “{id}”.","SUBSTANTIVE","CODEX","Este entreposto faz referência ao ID de bioma do corpo desconhecido “{id}”.","Codex is selected for “This outpost refers to unknown body-biome ID ""{id}"".” (validation.unknownBiome) because it preserves the row's approved product vocabulary (term.outpost=Entreposto [strategy=semantic-concept, variants=entreposto | entrepostos]; term.biome=Bioma [strategy=semantic-concept, variants=bioma | biomas]; term.planetary-body=Corpo celeste [strategy=semantic-concept, variants=corpo celeste | corpos celestes]); the fluent DeepL alternative diverges from at least one binding term or semantic label in this UI context."
"validation.unknownBody","pt-BR","This outpost refers to unknown planetary body ID ""{id}"".","DA5ED3FC64770A5D1CB08189EC222343D0D13D7169E01214381323FCB25228E2","Validation severity, diagnostic, context, or remediation.","HIGH","id","ID","term.outpost=Entreposto [strategy=semantic-concept, variants=entreposto | entrepostos]; term.planetary-body=Corpo celeste [strategy=semantic-concept, variants=corpo celeste | corpos celestes]","Este entreposto faz referência ao ID de corpo celeste desconhecido “{id}”.","Este posto avançado se refere a um ID de corpo planetário desconhecido “{id}”.","SUBSTANTIVE","CODEX","Este entreposto faz referência ao ID de corpo celeste desconhecido “{id}”.","Codex is selected for “This outpost refers to unknown planetary body ID ""{id}"".” (validation.unknownBody) because it preserves the row's approved product vocabulary (term.outpost=Entreposto [strategy=semantic-concept, variants=entreposto | entrepostos]; term.planetary-body=Corpo celeste [strategy=semantic-concept, variants=corpo celeste | corpos celestes]); the fluent DeepL alternative diverges from at least one binding term or semantic label in this UI context."
"validation.unknownExplicitResource","pt-BR","This outpost refers to unknown resource ID ""{id}"" in its explicit resource presence.","FD98EB6E83DF87E0D8F039DEAB0DBEB6B9FF1057B00476AB6E52CF432263451E","Validation severity, diagnostic, context, or remediation.","HIGH","id","ID","term.outpost=Entreposto [strategy=semantic-concept, variants=entreposto | entrepostos]","Este entreposto faz referência ao ID de recurso desconhecido “{id}” na presença explícita de recursos.","Este posto avançado faz referência a um ID de recurso desconhecido “{id}” em sua lista explícita de recursos.","SUBSTANTIVE","CODEX","Este entreposto faz referência ao ID de recurso desconhecido “{id}” na presença explícita de recursos.","Codex is selected for “This outpost refers to unknown resource ID ""{id}"" in its explicit resource presence.” (validation.unknownExplicitResource) because it preserves the row's approved product vocabulary (term.outpost=Entreposto [strategy=semantic-concept, variants=entreposto | entrepostos]); the fluent DeepL alternative diverges from at least one binding term or semantic label in this UI context."
"validation.unknownLocalResource","pt-BR","This outpost refers to unknown resource ID ""{id}"" in its local resources.","25EF5B070F2192423A3417D425AD2BD968121472069DE0634ABEAD4478721816","Validation severity, diagnostic, context, or remediation.","HIGH","id","ID","term.outpost=Entreposto [strategy=semantic-concept, variants=entreposto | entrepostos]","Este entreposto faz referência ao ID de recurso desconhecido “{id}” nos recursos locais.","Este posto avançado faz referência a um ID de recurso desconhecido “{id}” em seus recursos locais.","SUBSTANTIVE","CODEX","Este entreposto faz referência ao ID de recurso desconhecido “{id}” nos recursos locais.","Codex is selected for “This outpost refers to unknown resource ID ""{id}"" in its local resources.” (validation.unknownLocalResource) because it preserves the row's approved product vocabulary (term.outpost=Entreposto [strategy=semantic-concept, variants=entreposto | entrepostos]); the fluent DeepL alternative diverges from at least one binding term or semantic label in this UI context."
"validation.unknownManufacturingProduct","pt-BR","This outpost refers to unknown product ID ""{id}"" in its manufacturing list.","676EECBDA18952E4E1337C7209F730A4681D85259A469B433214A9CBF262FBCC","Validation severity, diagnostic, context, or remediation.","HIGH","id","ID","term.outpost=Entreposto [strategy=semantic-concept, variants=entreposto | entrepostos]; glossary.manufacturing=Fabricação [strategy=semantic-concept]","Este entreposto faz referência ao ID de produto desconhecido “{id}” na lista de fabricação.","Este posto avançado se refere a um ID de produto desconhecido “{id}” em sua lista de fabricação.","SUBSTANTIVE","CODEX","Este entreposto faz referência ao ID de produto desconhecido “{id}” na lista de fabricação.","Codex is selected for “This outpost refers to unknown product ID ""{id}"" in its manufacturing list.” (validation.unknownManufacturingProduct) because it preserves the row's approved product vocabulary (term.outpost=Entreposto [strategy=semantic-concept, variants=entreposto | entrepostos]; glossary.manufacturing=Fabricação [strategy=semantic-concept]); the fluent DeepL alternative diverges from at least one binding term or semantic label in this UI context."
"validation.unknownOutboundItem","pt-BR","This Cargo Link refers to unknown {kind} ID ""{id}"" in its outbound items.","B7A414025A12F066B07642528EBBBB6E1B2E00F8550F92A95603AD724FBD69D9","Validation severity, diagnostic, context, or remediation.","HIGH","id; kind","ID","term.cargo-link=Vínculo de carga [strategy=phrase]","Este vínculo de carga faz referência ao ID de {kind} desconhecido “{id}” nos itens de saída.","Este Cargo Link refere-se a um ID de {kind} desconhecido “{id}” em seus itens de saída.","SUBSTANTIVE","CODEX","Este vínculo de carga faz referência ao ID de {kind} desconhecido “{id}” nos itens de saída.","Codex is selected for “This Cargo Link refers to unknown {kind} ID ""{id}"" in its outbound items.” (validation.unknownOutboundItem) because it preserves the row's approved product vocabulary (term.cargo-link=Vínculo de carga [strategy=phrase]); the fluent DeepL alternative diverges from at least one binding term or semantic label in this UI context."
"validation.unknownPlannedItem","pt-BR","This outpost refers to unknown {kind} ID ""{id}"" in Planned Supply.","9F80386C805E2AE70EC4A6E593CE774C919F328FBA406EC4447940E86F3E3FC7","Validation severity, diagnostic, context, or remediation.","HIGH","id; kind","ID","term.outpost=Entreposto [strategy=semantic-concept, variants=entreposto | entrepostos]; glossary.planned-supply=Suprimento planejado [strategy=semantic-concept]","Este entreposto faz referência ao ID de {kind} desconhecido “{id}” em Suprimento planejado.","Este posto avançado se refere a um ID de {tipo} desconhecido “{id}” no Abastecimento Planejado.","INVALID_TOKENS","INVALID_DEEPL_REPAIRED","Este entreposto faz referência ao ID de {kind} desconhecido “{id}” em Suprimento planejado.","DeepL is structurally invalid for “This outpost refers to unknown {kind} ID ""{id}"" in Planned Supply.” (validation.unknownPlannedItem) because one or more required placeholder names were translated, removed, or changed. The independently reviewed Codex wording is retained as the natural token-safe repair with the exact repository placeholders, plural form, and protected tokens restored."
"validation.unknownProductionResource","pt-BR","This outpost refers to unknown resource ID ""{id}"" in its active production.","283D486D59E6085AAFBC0B201C46CB2A08618E9E64205A13AD35087A2EA8ECD7","Validation severity, diagnostic, context, or remediation.","HIGH","id","ID","term.outpost=Entreposto [strategy=semantic-concept, variants=entreposto | entrepostos]; glossary.active-production=Produção ativa [strategy=semantic-concept]","Este entreposto faz referência ao ID de recurso desconhecido “{id}” na produção ativa.","Este posto avançado faz referência ao ID de recurso desconhecido “{id}” em sua produção ativa.","SUBSTANTIVE","CODEX","Este entreposto faz referência ao ID de recurso desconhecido “{id}” na produção ativa.","Codex is selected for “This outpost refers to unknown resource ID ""{id}"" in its active production.” (validation.unknownProductionResource) because it preserves the row's approved product vocabulary (term.outpost=Entreposto [strategy=semantic-concept, variants=entreposto | entrepostos]; glossary.active-production=Produção ativa [strategy=semantic-concept]); the fluent DeepL alternative diverges from at least one binding term or semantic label in this UI context."
"validation.unknownProductionSpecies","pt-BR","This outpost refers to unknown species ID ""{id}"" in its active production.","91A800002BC1CE2AF9CEFD856D1CBD18D7773ACDE7BBE005AEF527092A252C17","Validation severity, diagnostic, context, or remediation.","HIGH","id","ID","term.outpost=Entreposto [strategy=semantic-concept, variants=entreposto | entrepostos]; glossary.active-production=Produção ativa [strategy=semantic-concept]","Este entreposto faz referência ao ID de espécie desconhecido “{id}” na produção ativa.","Este posto avançado faz referência a um ID de espécie desconhecido “{id}” em sua produção ativa.","SUBSTANTIVE","CODEX","Este entreposto faz referência ao ID de espécie desconhecido “{id}” na produção ativa.","Codex is selected for “This outpost refers to unknown species ID ""{id}"" in its active production.” (validation.unknownProductionSpecies) because it preserves the row's approved product vocabulary (term.outpost=Entreposto [strategy=semantic-concept, variants=entreposto | entrepostos]; glossary.active-production=Produção ativa [strategy=semantic-concept]); the fluent DeepL alternative diverges from at least one binding term or semantic label in this UI context."
"validation.unknownSystem","pt-BR","This outpost refers to unknown star system ID ""{id}"".","8432E06037C7C251B843C3EDD4B1A1D078A462F6362C19D2D5FD11D5A39AF2FF","Validation severity, diagnostic, context, or remediation.","HIGH","id","ID","term.outpost=Entreposto [strategy=semantic-concept, variants=entreposto | entrepostos]; term.star-system=Sistema estelar [strategy=semantic-concept, variants=sistema estelar | sistemas estelares]","Este entreposto faz referência ao ID de sistema estelar desconhecido “{id}”.","Este posto avançado faz referência a um ID de sistema estelar desconhecido “{id}”.","SUBSTANTIVE","CODEX","Este entreposto faz referência ao ID de sistema estelar desconhecido “{id}”.","Codex is selected for “This outpost refers to unknown star system ID ""{id}"".” (validation.unknownSystem) because it preserves the row's approved product vocabulary (term.outpost=Entreposto [strategy=semantic-concept, variants=entreposto | entrepostos]; term.star-system=Sistema estelar [strategy=semantic-concept, variants=sistema estelar | sistemas estelares]); the fluent DeepL alternative diverges from at least one binding term or semantic label in this UI context."
"validation.unresolvedCargoExport","pt-BR","This cargo export has no actual source.","9EAACCEA3A841501964523BCF982FD87C47D6757074376F1BC1CB8D66A5C4C43","Validation severity, diagnostic, context, or remediation.","HIGH","","","glossary.source=Origem [strategy=semantic-concept]","Esta exportação de carga não tem uma origem real.","Esta exportação de carga não possui origem real.","SUBSTANTIVE","DEEPL","Esta exportação de carga não possui origem real.","DeepL is selected for “This cargo export has no actual source.” (validation.unresolvedCargoExport) because it provides clearer diagnostic phrasing and a more natural relationship between the failure and its cause while retaining the approved terminology (glossary.source=Origem [strategy=semantic-concept]); placeholders and protected tokens remain exact."
"validation.unspecifiedOrganicSource","pt-BR","{resource} is recorded as produced, but no flora or fauna source has been specified.","056A3D5076F6B12651B3FB863784E24F15758949E1FCE79C6C9F4EB67B5AB577","Validation severity, diagnostic, context, or remediation.","HIGH","resource","","glossary.source=Origem [strategy=semantic-concept]","{resource} consta como produzido, mas nenhuma origem de flora ou fauna foi especificada.","{recurso} está registrado como produzido, mas nenhuma fonte de flora ou fauna foi especificada.","INVALID_TOKENS","INVALID_DEEPL_REPAIRED","{resource} consta como produzido, mas nenhuma origem de flora ou fauna foi especificada.","DeepL is structurally invalid for “{resource} is recorded as produced, but no flora or fauna source has been specified.” (validation.unspecifiedOrganicSource) because one or more required placeholder names were translated, removed, or changed. The independently reviewed Codex wording is retained as the natural token-safe repair with the exact repository placeholders, plural form, and protected tokens restored."
"validation.xTechCapabilityPresent","pt-BR","{resource} is recorded as present, but the character lacks the required extraction capability.","4932C2D2FC3BBD2ED3859E703D8D1C96C8F12B70E305639170B4F35DD787C001","Validation severity, diagnostic, context, or remediation.","HIGH","resource","","glossary.present=Presença [strategy=key-scoped, variants=presença | presente | disponível]","{resource} consta como presente, mas o personagem não tem a capacidade de extração necessária.","{recurso} está registrado como presente, mas o personagem não possui a capacidade de extração necessária.","INVALID_TOKENS","INVALID_DEEPL_REPAIRED","{resource} consta como presente, mas o personagem não tem a capacidade de extração necessária.","DeepL is structurally invalid for “{resource} is recorded as present, but the character lacks the required extraction capa...” (validation.xTechCapabilityPresent) because one or more required placeholder names were translated, removed, or changed. The independently reviewed Codex wording is retained as the natural token-safe repair with the exact repository placeholders, plural form, and protected tokens restored."
"validation.xTechCapabilityProduced","pt-BR","{resource} is recorded as produced, but the character lacks the required extraction capability.","1753E5EEEAA84EE6B9C7B00083238621AA9239C11E55991E503F168B1A50975E","Validation severity, diagnostic, context, or remediation.","HIGH","resource","","","{resource} consta como produzido, mas o personagem não tem a capacidade de extração necessária.","{resource} está registrado como produzido, mas o personagem não possui a capacidade de extração necessária.","SUBSTANTIVE","DEEPL","{resource} está registrado como produzido, mas o personagem não possui a capacidade de extração necessária.","DeepL is selected for “{resource} is recorded as produced, but the character lacks the required extraction cap...” (validation.xTechCapabilityProduced) because it provides clearer diagnostic phrasing and a more natural relationship between the failure and its cause; placeholders and protected tokens remain exact."
"validation.xTechRequiresPresence","pt-BR","{resource} is recorded as produced, but it is not explicitly recorded as present at this outpost.","D3303EB03DD18D210409EA33E566B86C34E4EC8108714854E26C2D17E70EDFBC","Validation severity, diagnostic, context, or remediation.","HIGH","resource","","term.outpost=Entreposto [strategy=semantic-concept, variants=entreposto | entrepostos]; glossary.present=Presença [strategy=key-scoped, variants=presença | presente | disponível]","{resource} consta como produzido, mas não está registrado explicitamente como presente neste entreposto.","{resource} está registrado como produzido, mas não está explicitamente registrado como presente neste posto avançado.","SUBSTANTIVE","CODEX","{resource} consta como produzido, mas não está registrado explicitamente como presente neste entreposto.","Codex is selected for “{resource} is recorded as produced, but it is not explicitly recorded as present at thi...” (validation.xTechRequiresPresence) because it preserves the row's approved product vocabulary (term.outpost=Entreposto [strategy=semantic-concept, variants=entreposto | entrepostos]; glossary.present=Presença [strategy=key-scoped, variants=presença | presente | disponível]); the fluent DeepL alternative diverges from at least one binding term or semantic label in this UI context."
