"Key","Locale","EnglishSource","EnglishSourceSha256","Context","Risk","Parameters","ProtectedTokens","OfficialTermConstraints","CodexTranslation","DeepLTranslation","ComparisonStatus","AdjudicationDecision","FinalTranslation","ReviewerNote"
"about.artwork","zh-Hans","Favicon artwork (separate license):","1672A1543E07F4A17985250AA236981FA83C925A274E16BF29EC9C1F55B0D8BC","About dialog content or accessible control.","LOW","","","","网站图标素材（单独许可）：","","MISSING","CODEX","网站图标素材（单独许可）：","Release preparation copy: Codex drafted and reviewed about.artwork against the approved meaning, UI role and literal identifiers; no new DeepL or native review. License scope, voluntary support and local-data boundaries are explanatory copy, not replacement legal terms."
"about.attribution","zh-Hans","designed by gravisio from Flaticon","EEE6A4550C16EA33E2D314F4E77291D12838FEBE646600010632735BD446F848","About dialog content or accessible control.","LOW","","designed by gravisio from Flaticon","","designed by gravisio from Flaticon","","MISSING","CODEX","designed by gravisio from Flaticon","Release preparation copy: Codex drafted and reviewed about.attribution against the approved meaning, UI role and literal identifiers; no new DeepL or native review. Certificate-prescribed invariant credit replaces the obsolete source wording; previous provider evidence remains in Git history."
"about.backup","zh-Hans","Saved in this browser profile on this site, with no account sync or server backup. Export before clearing browser data or moving devices. Import replaces the collection. If saving fails, export your in-memory work.","10F42C0EC190FB9BC14FEB95922B54DD9FCF4066DE775F65BDFA39C4211B89CC","About dialog content or accessible control.","LOW","","","","数据保存在此浏览器配置文件中，仅供此网站使用，不提供账户同步或服务器备份。清除浏览器数据或更换设备前请先导出。导入会替换整个集合。保存失败时，请导出内存中的工作内容。","","MISSING","CODEX","数据保存在此浏览器配置文件中，仅供此网站使用，不提供账户同步或服务器备份。清除浏览器数据或更换设备前请先导出。导入会替换整个集合。保存失败时，请导出内存中的工作内容。","Release preparation copy: Codex drafted and reviewed about.backup against the approved meaning, UI role and literal identifiers; no new DeepL or native review. License scope, voluntary support and local-data boundaries are explanatory copy, not replacement legal terms."
"about.build","zh-Hans","Build {commit}","954964A8306F874AF4BE2DC50620E52967203BE81589FE546C3E4A3AA7CBE200","About dialog content or accessible control.","LOW","commit","","","构建 {commit}","","MISSING","CODEX","构建 {commit}","Release preparation copy: Codex drafted and reviewed about.build against the approved meaning, UI role and literal identifiers; no new DeepL or native review. License scope, voluntary support and local-data boundaries are explanatory copy, not replacement legal terms."
"about.buildSource","zh-Hans","Source for this build","A952E15E6036338D5314516EC646C3D0140D5F85553A0BBFF71782F105BE2B34","About dialog content or accessible control.","LOW","","","","此构建的源代码","","MISSING","CODEX","此构建的源代码","Release preparation copy: Codex drafted and reviewed about.buildSource against the approved meaning, UI role and literal identifiers; no new DeepL or native review. License scope, voluntary support and local-data boundaries are explanatory copy, not replacement legal terms."
"about.closeDialog","zh-Hans","Close About dialog","BADE4BD70A7F5829AD34BCB1FAEFF8663832F5D9974F5FA0DA112D256E12ED78","About dialog content or accessible control.","LOW","","","","关闭“关于”对话框","关闭“关于”对话框","IDENTICAL","AGREED","关闭“关于”对话框","Codex and DeepL independently agree for “Close About dialog” (about.closeDialog); the shared wording preserves the English meaning, required tokens, and approved Simplified Chinese style."
"about.contact","zh-Hans","Private / alternative contact","2478C099EF6FA9CC5B8EB8823F0AC76B59AB28B766CD2E877B34BF326FD9EE4F","About dialog content or accessible control.","LOW","","","","私密或其他联系方式","","MISSING","CODEX","私密或其他联系方式","Release preparation copy: Codex drafted and reviewed about.contact against the approved meaning, UI role and literal identifiers; no new DeepL or native review. License scope, voluntary support and local-data boundaries are explanatory copy, not replacement legal terms."
"about.description","zh-Hans","A tracking tool for Starfield outpost networks.","A385DFA0EF4B91EF17C72901A82FD98B4A6C087F914E97981E2E268B448516F3","About dialog content or accessible control. This is accessible or instructional text.","LOW","","","term.outpost=哨站 [strategy=phrase]; product.starfield-localized=星空 [strategy=semantic-concept]; glossary.network=哨站网络 [strategy=semantic-concept, variants=哨站网络 | 网络]","用于记录《星空》哨站网络的追踪工具。","一款用于追踪《星域》前哨站网络的工具。","SUBSTANTIVE","CODEX","用于记录《星空》哨站网络的追踪工具。","Codex is selected for “A tracking tool for Starfield outpost networks.” (about.description) because its wording more precisely matches the tracker context and approved Chinese punctuation and spacing; the DeepL alternative is less precise, less natural, or semantically weaker. It also follows the row’s binding terminology (term.outpost=哨站 [strategy=phrase]; product.starfield-localized=星空 [strategy=semantic-concept]; glossary.network=哨站网络 [strategy=semantic-concept, variants=哨站网络 | 网络]), which the DeepL candidate does not consistently preserve."
"about.funding","zh-Hans","Voluntary support for the developer’s Bethesda modding and tools work. Released projects are free to use; tips or memberships buy no extra features, exclusives, access, priority support or delivery commitments.","55A68A1559BB9A73544E561602840875D641A4388BCC9E9762C932188FB14895","About dialog content or accessible control.","LOW","","Bethesda","","自愿支持开发者为 Bethesda 游戏制作模组和工具。已发布的项目均可免费使用；打赏或会员不购买额外功能、专属内容、访问权限、优先支持或交付承诺。","","MISSING","CODEX","自愿支持开发者为 Bethesda 游戏制作模组和工具。已发布的项目均可免费使用；打赏或会员不购买额外功能、专属内容、访问权限、优先支持或交付承诺。","Release preparation copy: Codex drafted and reviewed about.funding against the approved meaning, UI role and literal identifiers; no new DeepL or native review. License scope, voluntary support and local-data boundaries are explanatory copy, not replacement legal terms."
"about.issues","zh-Hans","Bugs and suggestions","3D83AC7A899CF17CD7C4E6401362ADF1136BEA46005C64EC8CBF95C6D4122E1B","About dialog content or accessible control.","LOW","","","","问题报告与建议","","MISSING","CODEX","问题报告与建议","Release preparation copy: Codex drafted and reviewed about.issues against the approved meaning, UI role and literal identifiers; no new DeepL or native review. License scope, voluntary support and local-data boundaries are explanatory copy, not replacement legal terms."
"about.license","zh-Hans","Full license","6B43E03E00A846DD4FD35C0FCCEC63C88AC637DB2805DBBD91216FB3A3F99D92","About dialog content or accessible control.","LOW","","","","完整许可证","","MISSING","CODEX","完整许可证","Release preparation copy: Codex drafted and reviewed about.license against the approved meaning, UI role and literal identifiers; no new DeepL or native review. License scope, voluntary support and local-data boundaries are explanatory copy, not replacement legal terms."
"about.licenseSummary","zh-Hans","Project-authored code: GPL-3.0-or-later, without warranty. Artwork and game-derived content have separate rights.","6D474223C94DC984542DC5DF4CF3EBBC97D01EE7FE65F58C3BB43F70946AD7EE","About dialog content or accessible control.","LOW","","GPL-3.0-or-later","","项目原创代码采用 GPL-3.0-or-later 许可，不提供任何担保。美术素材和源自游戏的内容适用各自的权利条款。","","MISSING","CODEX","项目原创代码采用 GPL-3.0-or-later 许可，不提供任何担保。美术素材和源自游戏的内容适用各自的权利条款。","Release preparation copy: Codex drafted and reviewed about.licenseSummary against the approved meaning, UI role and literal identifiers; no new DeepL or native review. License scope, voluntary support and local-data boundaries are explanatory copy, not replacement legal terms."
"about.modified","zh-Hans","local / modified","C1302006893E644718C30E10D063F83982E7F59DCF8F74FD1AB12B22C14DC4E5","About dialog content or accessible control.","LOW","","","","本地 / 已修改","","MISSING","CODEX","本地 / 已修改","Release preparation copy: Codex drafted and reviewed about.modified against the approved meaning, UI role and literal identifiers; no new DeepL or native review. License scope, voluntary support and local-data boundaries are explanatory copy, not replacement legal terms."
"about.notices","zh-Hans","Third-party notices","8FADBC8DE2733658492151AFBEF233902D6D43DE12EEA937B8773D938BCBC8E3","About dialog content or accessible control.","LOW","","","","第三方声明","","MISSING","CODEX","第三方声明","Release preparation copy: Codex drafted and reviewed about.notices against the approved meaning, UI role and literal identifiers; no new DeepL or native review. License scope, voluntary support and local-data boundaries are explanatory copy, not replacement legal terms."
"about.repository","zh-Hans","Source repository","53DB3B48E1AD4170808C3842C52F9BEE1ED27C66B9B192E91EC3C2C678064994","About dialog content or accessible control.","LOW","","","","源代码仓库","","MISSING","CODEX","源代码仓库","Release preparation copy: Codex drafted and reviewed about.repository against the approved meaning, UI role and literal identifiers; no new DeepL or native review. License scope, voluntary support and local-data boundaries are explanatory copy, not replacement legal terms."
"about.support","zh-Hans","Support Gooberpede","C40D81D65A7CC6A059703CA6F930DAEF7FE8BC3A1BE0AF54B8C0AE5071133B54","About dialog content or accessible control.","LOW","","Gooberpede","","支持 Gooberpede","","MISSING","CODEX","支持 Gooberpede","Release preparation copy: Codex drafted and reviewed about.support against the approved meaning, UI role and literal identifiers; no new DeepL or native review. License scope, voluntary support and local-data boundaries are explanatory copy, not replacement legal terms."
"about.unknown","zh-Hans","local / unverified","C4C51655D0B244AA84D5C83768F8C4647017F63DE666E7C09652954A91F7A274","About dialog content or accessible control.","LOW","","","","本地 / 未验证","","MISSING","CODEX","本地 / 未验证","Release preparation copy: Codex drafted and reviewed about.unknown against the approved meaning, UI role and literal identifiers; no new DeepL or native review. License scope, voluntary support and local-data boundaries are explanatory copy, not replacement legal terms."
"about.unofficial","zh-Hans","Independent, unofficial project; not affiliated with or endorsed by Bethesda Game Studios or Microsoft.","BDA9BA76D3844680CA77725C6F65D21A66086862794E3A9E2E38886305DC4054","About dialog content or accessible control.","LOW","","Bethesda Game Studios; Microsoft","","本项目为独立的非官方项目，与 Bethesda Game Studios 或 Microsoft 无隶属关系，也未经其认可。","","MISSING","CODEX","本项目为独立的非官方项目，与 Bethesda Game Studios 或 Microsoft 无隶属关系，也未经其认可。","Release preparation copy: Codex drafted and reviewed about.unofficial against the approved meaning, UI role and literal identifiers; no new DeepL or native review. License scope, voluntary support and local-data boundaries are explanatory copy, not replacement legal terms."
"about.version","zh-Hans","Version {version}","A18745121BB8AF6D1A0C689CFB3C2A2245D10D5FE3B37FF37C8B69FD74773DFA","About dialog content or accessible control.","LOW","version","","","版本 {version}","","MISSING","CODEX","版本 {version}","Release preparation copy: Codex drafted and reviewed about.version against the approved meaning, UI role and literal identifiers; no new DeepL or native review. License scope, voluntary support and local-data boundaries are explanatory copy, not replacement legal terms."
"cargo.add","zh-Hans","Add cargo link","53FAE1C321AAC37F6E1F73EC7A82A17C25779F4656987058445CA620C9E848A1","Cargo Link, destination, or export UI.","MEDIUM","","","term.cargo-link=货运链接 [strategy=phrase]","添加货运链接","添加货运链接","IDENTICAL","AGREED","添加货运链接","Codex and DeepL independently agree for “Add cargo link” (cargo.add); the shared wording preserves the English meaning, required tokens, and approved Simplified Chinese style."
"cargo.addButton","zh-Hans","+ Add Cargo Link","D2211C3FDC73278A6EC7B28F2F322486D54D76EF53402B5C1EA6E5FAE2F3FB2C","Cargo Link, destination, or export UI.","MEDIUM","","","term.cargo-link=货运链接 [strategy=phrase]","+ 添加货运链接","+ 添加货运链接","IDENTICAL","AGREED","+ 添加货运链接","Codex and DeepL independently agree for “+ Add Cargo Link” (cargo.addButton); the shared wording preserves the English meaning, required tokens, and approved Simplified Chinese style."
"cargo.addWithLimit","zh-Hans","Add cargo link ({count} of {limit})","A4CF04E083D4098E72C8FA76DC07141B3F2233D71D5D719788CADE708B40044F","Cargo Link, destination, or export UI.","HIGH","count; limit","","term.cargo-link=货运链接 [strategy=phrase]","添加货运链接（{count}/{limit}）","添加货运航线（{count} 条中的 {limit} 条）","SUBSTANTIVE","CODEX","添加货运链接（{count}/{limit}）","Codex is selected for “Add cargo link ({count} of {limit})” (cargo.addWithLimit) because its wording more precisely matches the tracker context and approved Chinese punctuation and spacing; the DeepL alternative is less precise, less natural, or semantically weaker. It also follows the row’s binding terminology (term.cargo-link=货运链接 [strategy=phrase]), which the DeepL candidate does not consistently preserve."
"cargo.collapseAll","zh-Hans","Collapse all","25F7B3721119F1EC7FDF7C8C66E779EE9999E2049E569AFC3B00A9FBDEECE7DB","Cargo Link, destination, or export UI.","MEDIUM","","","","全部折叠","折叠全部","SUBSTANTIVE","CODEX","全部折叠","Codex is selected for “Collapse all” (cargo.collapseAll) because its wording more precisely matches the tracker context and approved Chinese punctuation and spacing; the DeepL alternative is less precise, less natural, or semantically weaker."
"cargo.destination.linkedLocator","zh-Hans","{outpost} / {pad}","E3F588AC487BF246C4AEBCEED554F74BC9D737A9B31D9689304A6DF69D9A9CE2","Cargo Link, destination, or export UI.","HIGH","outpost; pad","","term.outpost=哨站 [strategy=phrase]; glossary.destination=目的地 [strategy=semantic-concept]","{outpost} / {pad}","{前哨站} / {停机坪}","INVALID_TOKENS","INVALID_DEEPL_REPAIRED","{outpost} / {pad}","DeepL is retained as invalid comparative evidence for “{outpost} / {pad}” (cargo.destination.linkedLocator) because it failed PLACEHOLDERS validation; the independently reviewed Codex wording restores the exact structural contract and approved terminology."
"cargo.destination.noPads","zh-Hans","{outpost} — no cargo links","DA54B44E36D3853E5A719426F6B58F79D702F8D63C98A289C15B05C5DF5230DF","Cargo Link, destination, or export UI.","MEDIUM","outpost","","term.cargo-link=货运链接 [strategy=phrase]; term.outpost=哨站 [strategy=phrase]; glossary.destination=目的地 [strategy=semantic-concept]","{outpost} — 无货运链接","{前哨站} — 无货运链接","INVALID_TOKENS","INVALID_DEEPL_REPAIRED","{outpost} — 无货运链接","DeepL is retained as invalid comparative evidence for “{outpost} — no cargo links” (cargo.destination.noPads) because it failed PLACEHOLDERS validation; the independently reviewed Codex wording restores the exact structural contract and approved terminology."
"cargo.destination.nothing","zh-Hans","nothing","1785CFC3BC6AC7738E8B38CDCCD1AF12563C2B9070E07AF336A1BF8C0F772B6A","Cargo Link, destination, or export UI.","MEDIUM","","","glossary.destination=目的地 [strategy=semantic-concept]","无","无","IDENTICAL","AGREED","无","Codex and DeepL independently agree for “nothing” (cargo.destination.nothing); the shared wording preserves the English meaning, required tokens, and approved Simplified Chinese style."
"cargo.destination.outpost","zh-Hans","Destination outpost","46A7B7798BF8C076C932ADE71CE877EFDE16D0E06263BFC372CF0D700949E83F","Cargo Link, destination, or export UI.","MEDIUM","","","term.outpost=哨站 [strategy=phrase]; glossary.destination=目的地 [strategy=semantic-concept]","目的地哨站","目的地前哨站","SUBSTANTIVE","CODEX","目的地哨站","Codex is selected for “Destination outpost” (cargo.destination.outpost) because its wording more precisely matches the tracker context and approved Chinese punctuation and spacing; the DeepL alternative is less precise, less natural, or semantically weaker. It also follows the row’s binding terminology (term.outpost=哨站 [strategy=phrase]; glossary.destination=目的地 [strategy=semantic-concept]), which the DeepL candidate does not consistently preserve."
"cargo.destination.pad","zh-Hans","Destination cargo link","6CCAD8677D177EDD2552DF915A90B9E51BB8C8B6E28093F9D86BAEC22387121B","Cargo Link, destination, or export UI.","MEDIUM","","","term.cargo-link=货运链接 [strategy=phrase]; glossary.destination=目的地 [strategy=semantic-concept]","目的地货运链接","目的地货运链接","IDENTICAL","AGREED","目的地货运链接","Codex and DeepL independently agree for “Destination cargo link” (cargo.destination.pad); the shared wording preserves the English meaning, required tokens, and approved Simplified Chinese style."
"cargo.destination.padContents","zh-Hans","{pad}: ({contents})","46C4E560ED412E5E91CC2809ACDDFF9A902694FC19310541DB444D9DA539A9DF","Cargo Link, destination, or export UI.","HIGH","contents; pad","","glossary.destination=目的地 [strategy=semantic-concept]","{pad}：（{contents}）","{停机坪}: ({内容})","INVALID_TOKENS","INVALID_DEEPL_REPAIRED","{pad}：（{contents}）","DeepL is retained as invalid comparative evidence for “{pad}: ({contents})” (cargo.destination.padContents) because it failed PLACEHOLDERS validation; the independently reviewed Codex wording restores the exact structural contract and approved terminology."
"cargo.destination.padContentsLinked","zh-Hans","{pad}: ({contents}) — linked to {destination}","0CDFF888723D4F5B2F31DC1F49E83C2A8078560E4B8D26A2E12C1674CF04028C","Cargo Link, destination, or export UI.","HIGH","contents; destination; pad","","glossary.destination=目的地 [strategy=semantic-concept]","{pad}：（{contents}）— 已链接至{destination}","{停机坪}: ({内容}) — 已连接至 {目的地}","INVALID_TOKENS","INVALID_DEEPL_REPAIRED","{pad}：（{contents}）— 已链接至{destination}","DeepL is retained as invalid comparative evidence for “{pad}: ({contents}) — linked to {destination}” (cargo.destination.padContentsLinked) because it failed PLACEHOLDERS validation; the independently reviewed Codex wording restores the exact structural contract and approved terminology."
"cargo.destination.selectPad","zh-Hans","Select cargo link...","0C06C8F77EE648241D2AEF00115499EE25AAA6DD865860141BDE71A7172DE88D","Cargo Link, destination, or export UI.","MEDIUM","","","term.cargo-link=货运链接 [strategy=phrase]; glossary.destination=目的地 [strategy=semantic-concept]","选择货运链接……","选择货运航线……","SUBSTANTIVE","CODEX","选择货运链接……","Codex is selected for “Select cargo link...” (cargo.destination.selectPad) because its wording more precisely matches the tracker context and approved Chinese punctuation and spacing; the DeepL alternative is less precise, less natural, or semantically weaker. It also follows the row’s binding terminology (term.cargo-link=货运链接 [strategy=phrase]; glossary.destination=目的地 [strategy=semantic-concept]), which the DeepL candidate does not consistently preserve."
"cargo.destination.unknownPad","zh-Hans","Unknown cargo link","986ADDDD7490611B32FC3E1060624621C2336F0803BABC1EECF9E2F039E58A12","Cargo Link, destination, or export UI.","MEDIUM","","","term.cargo-link=货运链接 [strategy=phrase]; glossary.destination=目的地 [strategy=semantic-concept]","未知货运链接","未知货运航线","SUBSTANTIVE","CODEX","未知货运链接","Codex is selected for “Unknown cargo link” (cargo.destination.unknownPad) because its wording more precisely matches the tracker context and approved Chinese punctuation and spacing; the DeepL alternative is less precise, less natural, or semantically weaker. It also follows the row’s binding terminology (term.cargo-link=货运链接 [strategy=phrase]; glossary.destination=目的地 [strategy=semantic-concept]), which the DeepL candidate does not consistently preserve."
"cargo.destination.unknownPadInline","zh-Hans","unknown cargo link","442FB1860DD920A894B5F436CDB708ACF518300BE6D959474056852299E3116E","Cargo Link, destination, or export UI.","MEDIUM","","","term.cargo-link=货运链接 [strategy=phrase]; glossary.destination=目的地 [strategy=semantic-concept]","未知货运链接","未知货运链接","IDENTICAL","AGREED","未知货运链接","Codex and DeepL independently agree for “unknown cargo link” (cargo.destination.unknownPadInline); the shared wording preserves the English meaning, required tokens, and approved Simplified Chinese style."
"cargo.destination.unlinked","zh-Hans","Unlinked","1E690B5815BE5BF48D2EB8F1DA6D951667E1F4003ED8C3A1015989004358BF11","Cargo Link, destination, or export UI.","MEDIUM","","","glossary.destination=目的地 [strategy=semantic-concept]","未链接","未链接","IDENTICAL","AGREED","未链接","Codex and DeepL independently agree for “Unlinked” (cargo.destination.unlinked); the shared wording preserves the English meaning, required tokens, and approved Simplified Chinese style."
"cargo.expandAll","zh-Hans","Expand all","A3E586BE3EFF5FB9F768C0846035DB47CCF0F0E10727B0F14D829FF3A5913324","Cargo Link, destination, or export UI.","MEDIUM","","","","全部展开","展开全部","SUBSTANTIVE","CODEX","全部展开","Codex is selected for “Expand all” (cargo.expandAll) because its wording more precisely matches the tracker context and approved Chinese punctuation and spacing; the DeepL alternative is less precise, less natural, or semantically weaker."
"cargo.export.toggle","zh-Hans","Toggle export for {item}","867731F380025E7C28E0513647868E7DB3665B77CFF914373499D3D3A7F5FF69","Cargo Link, destination, or export UI.","MEDIUM","item","","","切换{item}的导出状态","切换 {item} 的导出状态","SUBSTANTIVE","CODEX","切换{item}的导出状态","Codex is selected for “Toggle export for {item}” (cargo.export.toggle) because its wording more precisely matches the tracker context and approved Chinese punctuation and spacing; the DeepL alternative is less precise, less natural, or semantically weaker."
"cargo.exports.empty","zh-Hans","No items available to export.","1553E216F5D6C9DEDE00C63081AFE00F232C07089697F3FA257F121E275608DE","Cargo Link, destination, or export UI.","MEDIUM","","","","没有可导出的物品。","没有可导出的项目。","SUBSTANTIVE","CODEX","没有可导出的物品。","Codex is selected for “No items available to export.” (cargo.exports.empty) because its wording more precisely matches the tracker context and approved Chinese punctuation and spacing; the DeepL alternative is less precise, less natural, or semantically weaker."
"cargo.exports.heading","zh-Hans","Exports","2F4DCF59FF0CC41C77E519CA3D451220B2943856177BB20A634F2499F61610FE","Cargo Link, destination, or export UI. This is a visible heading.","MEDIUM","","","","导出","导出","IDENTICAL","AGREED","导出","Codex and DeepL independently agree for “Exports” (cargo.exports.heading); the shared wording preserves the English meaning, required tokens, and approved Simplified Chinese style."
"cargo.finishReshuffle","zh-Hans","Finish reshuffling cargo links","DE6771ED000ECD9E652637A426CBF9ED582C779884763A3B2885A07927EED8C9","Cargo Link, destination, or export UI.","MEDIUM","","","term.cargo-link=货运链接 [strategy=phrase]; glossary.reshuffle=调整顺序 [strategy=key-scoped, variants=调整顺序 | 完成排序]","完成货运链接排序","完成货物链接的重新排序","SUBSTANTIVE","CODEX","完成货运链接排序","Codex is selected for “Finish reshuffling cargo links” (cargo.finishReshuffle) because its wording more precisely matches the tracker context and approved Chinese punctuation and spacing; the DeepL alternative is less precise, less natural, or semantically weaker. It also follows the row’s binding terminology (term.cargo-link=货运链接 [strategy=phrase]; glossary.reshuffle=调整顺序 [strategy=key-scoped, variants=调整顺序 | 完成排序]), which the DeepL candidate does not consistently preserve."
"cargo.heading","zh-Hans","Cargo Links","E9B8BE501BF399617C9333EAD8AF1489FBC8A33BC7E250C52EE05609CE8CB30F","Cargo Link, destination, or export UI. This is a visible heading.","MEDIUM","","","term.cargo-link=货运链接 [strategy=phrase]","货运链接","货运链接","IDENTICAL","AGREED","货运链接","Codex and DeepL independently agree for “Cargo Links” (cargo.heading); the shared wording preserves the English meaning, required tokens, and approved Simplified Chinese style."
"cargo.interSystem.button","zh-Hans","Inter-System","74A7AD9B6748097BC975C51D06631E4C04DEB46CF8A8E3C56AE474EC598DC359","Cargo Link, destination, or export UI.","MEDIUM","","","","跨星系","星系间","SUBSTANTIVE","CODEX","跨星系","Codex is selected for “Inter-System” (cargo.interSystem.button) because its wording more precisely matches the tracker context and approved Chinese punctuation and spacing; the DeepL alternative is less precise, less natural, or semantically weaker."
"cargo.interSystem.context","zh-Hans","Inter-System Cargo Links","7A411DB1C8AC75256E3606688FECC60E1FE9D580FB322FBE48E6EC1F40B82875","Cargo Link, destination, or export UI.","MEDIUM","","","term.inter-system-cargo-link=跨星系货运链接 [strategy=phrase]; term.cargo-link=货运链接 [strategy=phrase]","跨星系货运链接","星系间货运航线","SUBSTANTIVE","CODEX","跨星系货运链接","Codex is selected for “Inter-System Cargo Links” (cargo.interSystem.context) because its wording more precisely matches the tracker context and approved Chinese punctuation and spacing; the DeepL alternative is less precise, less natural, or semantically weaker. It also follows the row’s binding terminology (term.inter-system-cargo-link=跨星系货运链接 [strategy=phrase]; term.cargo-link=货运链接 [strategy=phrase]), which the DeepL candidate does not consistently preserve."
"cargo.interstellar","zh-Hans","Inter-System Cargo Link","DAD8480F89FA1500A3C89CD78F12984A6F3C58387856BC5DC6D3D3EE7719F6F1","Cargo Link, destination, or export UI.","MEDIUM","","","term.inter-system-cargo-link=跨星系货运链接 [strategy=phrase]; term.cargo-link=货运链接 [strategy=phrase]","跨星系货运链接","系统间货运链接","SUBSTANTIVE","CODEX","跨星系货运链接","Codex is selected for “Inter-System Cargo Link” (cargo.interstellar) because its wording more precisely matches the tracker context and approved Chinese punctuation and spacing; the DeepL alternative is less precise, less natural, or semantically weaker. It also follows the row’s binding terminology (term.inter-system-cargo-link=跨星系货运链接 [strategy=phrase]; term.cargo-link=货运链接 [strategy=phrase]), which the DeepL candidate does not consistently preserve."
"cargo.lockOrder","zh-Hans","Lock order","7502440CB9BF3D736CC75C78D7491D37DC186DA7164CA35F318B8F2D2FF6E851","Button that exits cargo-link reordering mode and prevents further reordering; “lock” is an ordering action, not security or login.","HIGH","","","glossary.lock-order=锁定顺序 [strategy=key-scoped]","锁定顺序","锁定顺序","IDENTICAL","AGREED","锁定顺序","Codex and DeepL independently agree for “Lock order” (cargo.lockOrder); the shared wording preserves the English meaning, required tokens, and approved Simplified Chinese style."
"cargo.pad.count","zh-Hans","{count} {count, plural, one {cargo link} other {cargo links}}","9A6DC79391FEDF484957800C0CEF991D69CA0091EFDEDEADB653ED9874EDE079","Cargo Link, destination, or export UI.","MEDIUM","count","","term.cargo-link=货运链接 [strategy=phrase]","{count}{count, plural, one {条货运链接} other {条货运链接}}","{count} {count（复数），一个 {货运链接} 及其他 {货运链接}}","INVALID_TOKENS","INVALID_DEEPL_REPAIRED","{count}{count, plural, one {条货运链接} other {条货运链接}}","DeepL is retained as invalid comparative evidence for “{count} {count, plural, one {cargo link} other {cargo links}}” (cargo.pad.count) because it failed PLURAL_SYNTAX validation; the independently reviewed Codex wording restores the exact structural contract and approved terminology."
"cargo.pad.emptyExports","zh-Hans","No exports","832A865AC1D9ED0631ADA7C0BA36E531E11412F822C15003C319882181948B6A","Cargo Link, destination, or export UI.","MEDIUM","","","","无导出物品","无出口","SUBSTANTIVE","CODEX","无导出物品","Codex is selected for “No exports” (cargo.pad.emptyExports) because its wording more precisely matches the tracker context and approved Chinese punctuation and spacing; the DeepL alternative is less precise, less natural, or semantically weaker."
"cargo.pad.linkType.interSystem","zh-Hans","Inter-System Cargo Link","DAD8480F89FA1500A3C89CD78F12984A6F3C58387856BC5DC6D3D3EE7719F6F1","Cargo Link, destination, or export UI.","MEDIUM","","","term.inter-system-cargo-link=跨星系货运链接 [strategy=phrase]; term.cargo-link=货运链接 [strategy=phrase]","跨星系货运链接","系统间货运通道","SUBSTANTIVE","CODEX","跨星系货运链接","Codex is selected for “Inter-System Cargo Link” (cargo.pad.linkType.interSystem) because its wording more precisely matches the tracker context and approved Chinese punctuation and spacing; the DeepL alternative is less precise, less natural, or semantically weaker. It also follows the row’s binding terminology (term.inter-system-cargo-link=跨星系货运链接 [strategy=phrase]; term.cargo-link=货运链接 [strategy=phrase]), which the DeepL candidate does not consistently preserve."
"cargo.pad.linkType.standard","zh-Hans","Standard Cargo Link","37BFFE86EC5D5F97A6735C8489B407D60AA6C1E58876C32E1CFFE4A8A9C559E9","Cargo Link, destination, or export UI.","MEDIUM","","","term.cargo-link=货运链接 [strategy=phrase]","标准货运链接","标准货运通道","SUBSTANTIVE","CODEX","标准货运链接","Codex is selected for “Standard Cargo Link” (cargo.pad.linkType.standard) because its wording more precisely matches the tracker context and approved Chinese punctuation and spacing; the DeepL alternative is less precise, less natural, or semantically weaker. It also follows the row’s binding terminology (term.cargo-link=货运链接 [strategy=phrase]), which the DeepL candidate does not consistently preserve."
"cargo.pad.linkedTo","zh-Hans","Linked to {outpost}","9B270A455E565319B43E4DCD3BD021F3EF43E7A91110BEE4014BADFE3B886E58","Cargo Link, destination, or export UI.","MEDIUM","outpost","","term.outpost=哨站 [strategy=phrase]; glossary.destination=目的地 [strategy=semantic-concept]","已链接至{outpost}","已连接至 {前哨站}","INVALID_TOKENS","INVALID_DEEPL_REPAIRED","已链接至{outpost}","DeepL is retained as invalid comparative evidence for “Linked to {outpost}” (cargo.pad.linkedTo) because it failed PLACEHOLDERS validation; the independently reviewed Codex wording restores the exact structural contract and approved terminology."
"cargo.pad.noDestination","zh-Hans","Unlinked","1E690B5815BE5BF48D2EB8F1DA6D951667E1F4003ED8C3A1015989004358BF11","Cargo Link, destination, or export UI.","MEDIUM","","","glossary.destination=目的地 [strategy=semantic-concept]","未链接","未连接","SUBSTANTIVE","CODEX","未链接","Codex is selected for “Unlinked” (cargo.pad.noDestination) because its wording more precisely matches the tracker context and approved Chinese punctuation and spacing; the DeepL alternative is less precise, less natural, or semantically weaker. It also follows the row’s binding terminology (glossary.destination=目的地 [strategy=semantic-concept]), which the DeepL candidate does not consistently preserve."
"cargo.pad.noInboundCargo","zh-Hans","No inbound cargo","AAFB78702B148BC725669B35884D9E6EE22E98BB0EC65B38FB212CA412A7AE61","Cargo Link, destination, or export UI.","MEDIUM","","","","无入站货物","无入站货物","IDENTICAL","AGREED","无入站货物","Codex and DeepL independently agree for “No inbound cargo” (cargo.pad.noInboundCargo); the shared wording preserves the English meaning, required tokens, and approved Simplified Chinese style."
"cargo.pad.noOutboundCargo","zh-Hans","No outbound cargo","AA0E00F725DDC52B23BCECAAE97C2AE9B03099E23AF8C81FA0EA96D3F46C6505","Cargo Link, destination, or export UI.","MEDIUM","","","","无出站货物","无出港货物","SUBSTANTIVE","CODEX","无出站货物","Codex is selected for “No outbound cargo” (cargo.pad.noOutboundCargo) because its wording more precisely matches the tracker context and approved Chinese punctuation and spacing; the DeepL alternative is less precise, less natural, or semantically weaker."
"cargo.pad.remove","zh-Hans","Remove {pad}","9FD22A4B7B210E0D60CA99E2F566705EC366AF0C1D7405DCD560BF5DB1259A74","Cargo Link, destination, or export UI.","MEDIUM","pad","","","移除{pad}","移除 {货运站}","INVALID_TOKENS","INVALID_DEEPL_REPAIRED","移除{pad}","DeepL is retained as invalid comparative evidence for “Remove {pad}” (cargo.pad.remove) because it failed PLACEHOLDERS validation; the independently reviewed Codex wording restores the exact structural contract and approved terminology."
"cargo.pad.semanticSummary","zh-Hans","Destination {destination}. Outbound: {outbound}. Inbound: {inbound}. {linkType}.","A8FD06193EC26210033876EDCA16BDBA192077C57A765A1B0A8166E5750C635F","Cargo Link, destination, or export UI.","HIGH","destination; inbound; linkType; outbound","","glossary.destination=目的地 [strategy=semantic-concept]","目的地：{destination}。出站：{outbound}。入站：{inbound}。{linkType}。","目的地 {destination}。出港：{outbound}。进港：{inbound}。{linkType}。","SUBSTANTIVE","CODEX","目的地：{destination}。出站：{outbound}。入站：{inbound}。{linkType}。","Codex is selected for “Destination {destination}. Outbound: {outbound}. Inbound: {inbound}. {linkType}.” (cargo.pad.semanticSummary) because its wording more precisely matches the tracker context and approved Chinese punctuation and spacing; the DeepL alternative is less precise, less natural, or semantically weaker. It also follows the row’s binding terminology (glossary.destination=目的地 [strategy=semantic-concept]), which the DeepL candidate does not consistently preserve."
"cargo.pad.summary","zh-Hans","Cargo Link {ordinal}","EFB845F6ED747B80EB2821A9912CDC967497F7C7C6466595AABF814F4A25EFC6","Cargo Link, destination, or export UI.","MEDIUM","ordinal","","term.cargo-link=货运链接 [strategy=phrase]","货运链接{ordinal}","货运链接 {序数}","INVALID_TOKENS","INVALID_DEEPL_REPAIRED","货运链接{ordinal}","DeepL is retained as invalid comparative evidence for “Cargo Link {ordinal}” (cargo.pad.summary) because it failed PLACEHOLDERS validation; the independently reviewed Codex wording restores the exact structural contract and approved terminology."
"cargo.remove","zh-Hans","Remove","C3812FC4ACB861D5182FC2B8155F327F736FBE5E5EB86A7BD7AFCB6DC5497282","Cargo Link, destination, or export UI.","MEDIUM","","","","移除","移除","IDENTICAL","AGREED","移除","Codex and DeepL independently agree for “Remove” (cargo.remove); the shared wording preserves the English meaning, required tokens, and approved Simplified Chinese style."
"cargo.reshuffle","zh-Hans","Reshuffle cargo links","E0A5AB1F1B266318FE16026151B449CE54535894A23C69CC4C3CA45570372E30","Cargo Link, destination, or export UI.","MEDIUM","","","term.cargo-link=货运链接 [strategy=phrase]; glossary.reshuffle=调整顺序 [strategy=key-scoped, variants=调整顺序 | 完成排序]","调整货运链接顺序","重新排列货运链接","SUBSTANTIVE","CODEX","调整货运链接顺序","Codex is selected for “Reshuffle cargo links” (cargo.reshuffle) because its wording more precisely matches the tracker context and approved Chinese punctuation and spacing; the DeepL alternative is less precise, less natural, or semantically weaker. It also follows the row’s binding terminology (term.cargo-link=货运链接 [strategy=phrase]; glossary.reshuffle=调整顺序 [strategy=key-scoped, variants=调整顺序 | 完成排序]), which the DeepL candidate does not consistently preserve."
"cargo.reshuffleButton","zh-Hans","Reshuffle","24AB205A02FFFE0FE0223DC041BE048135351B78CAE94C04C035FCA9BCEA8BD8","Button that enters manual cargo-link reordering mode; it does not randomize the order.","HIGH","","","glossary.reshuffle=调整顺序 [strategy=key-scoped, variants=调整顺序 | 完成排序]","调整顺序","重新排列","SUBSTANTIVE","CODEX","调整顺序","Codex is selected for “Reshuffle” (cargo.reshuffleButton) because its wording more precisely matches the tracker context and approved Chinese punctuation and spacing; the DeepL alternative is less precise, less natural, or semantically weaker. It also follows the row’s binding terminology (glossary.reshuffle=调整顺序 [strategy=key-scoped, variants=调整顺序 | 完成排序]), which the DeepL candidate does not consistently preserve."
"character.level","zh-Hans","Level","1709305C9FA966D14F56F0DA3C3614BBC10ADCF53D72F90341BB96D24AFCFCA3","Character details field or Starfield skill label.","LOW","","","","等级","级别","SUBSTANTIVE","CODEX","等级","Codex is selected for “Level” (character.level) because its wording more precisely matches the tracker context and approved Chinese punctuation and spacing; the DeepL alternative is less precise, less natural, or semantically weaker."
"character.level.rejectedEmpty","zh-Hans","Invalid level. Previous value restored. Enter a level from 1 to 999.","BDEB729B08E505155C537651FFB36F2AB266DABE7B1358C25CBFFD149F771CA4","Character details field or Starfield skill label.","LOW","","","","等级无效。已恢复先前的值。请输入1至999之间的等级。","级别无效。已恢复先前值。请输入 1 到 999 之间的级别。","SUBSTANTIVE","CODEX","等级无效。已恢复先前的值。请输入1至999之间的等级。","Codex is selected for “Invalid level. Previous value restored. Enter a level from 1 to 999.” (character.level.rejectedEmpty) because its wording more precisely matches the tracker context and approved Chinese punctuation and spacing; the DeepL alternative is less precise, less natural, or semantically weaker."
"character.level.rejectedRestored","zh-Hans","Invalid level. Restored to {value}. Enter a level from 1 to 999.","B40532B6F8E6F20DB8FD5DAF994D9D07DD9FEA96A4FC445761C35D242F5E2A34","Character details field or Starfield skill label.","LOW","value","","","等级无效。已恢复为{value}。请输入1至999之间的等级。","等级无效。已恢复为 {value}。请输入1到999之间的等级。","SUBSTANTIVE","CODEX","等级无效。已恢复为{value}。请输入1至999之间的等级。","Codex is selected for “Invalid level. Restored to {value}. Enter a level from 1 to 999.” (character.level.rejectedRestored) because its wording more precisely matches the tracker context and approved Chinese punctuation and spacing; the DeepL alternative is less precise, less natural, or semantically weaker."
"character.name","zh-Hans","Character","1405A63E8A78B85C1B035B3C5277E3CC39FA98621C110BC522C85547D8AFAB1A","Character details field or Starfield skill label.","LOW","","","","角色","角色","IDENTICAL","AGREED","角色","Codex and DeepL independently agree for “Character” (character.name); the shared wording preserves the English meaning, required tokens, and approved Simplified Chinese style."
"character.skill.outpostEngineering","zh-Hans","Outpost Engineering","19B32438AE32FD11528B4BBFB3C1D8ED87226BEF897CAD12F3CD9568427BFFEE","Character details field or Starfield skill label.","LOW","","","term.outpost=哨站 [strategy=phrase]; skill.outpost-engineering=哨站工程 [strategy=phrase]","哨站工程","前哨站工程","SUBSTANTIVE","CODEX","哨站工程","Codex is selected for “Outpost Engineering” (character.skill.outpostEngineering) because its wording more precisely matches the tracker context and approved Chinese punctuation and spacing; the DeepL alternative is less precise, less natural, or semantically weaker. It also follows the row’s binding terminology (term.outpost=哨站 [strategy=phrase]; skill.outpost-engineering=哨站工程 [strategy=phrase]), which the DeepL candidate does not consistently preserve."
"character.skill.outpostManagement","zh-Hans","Outpost Management","A58D0772E0598F067CC037FC206CE9FE005398D2505F7084E015C455B23D81A3","Character details field or Starfield skill label.","LOW","","","term.outpost=哨站 [strategy=phrase]; skill.outpost-management=哨站管理 [strategy=phrase]","哨站管理","前哨站管理","SUBSTANTIVE","CODEX","哨站管理","Codex is selected for “Outpost Management” (character.skill.outpostManagement) because its wording more precisely matches the tracker context and approved Chinese punctuation and spacing; the DeepL alternative is less precise, less natural, or semantically weaker. It also follows the row’s binding terminology (term.outpost=哨站 [strategy=phrase]; skill.outpost-management=哨站管理 [strategy=phrase]), which the DeepL candidate does not consistently preserve."
"character.skill.planetaryHabitation","zh-Hans","Planetary Habitation","3913EC7627467F60C60459292711D981A72B4A06F40562C4267989A25FD6E55C","Character details field or Starfield skill label.","LOW","","","skill.planetary-habitation=行星居住 [strategy=phrase]","行星居住","行星栖息","SUBSTANTIVE","CODEX","行星居住","Codex is selected for “Planetary Habitation” (character.skill.planetaryHabitation) because its wording more precisely matches the tracker context and approved Chinese punctuation and spacing; the DeepL alternative is less precise, less natural, or semantically weaker. It also follows the row’s binding terminology (skill.planetary-habitation=行星居住 [strategy=phrase]), which the DeepL candidate does not consistently preserve."
"character.skill.researchMethods","zh-Hans","Research Methods","3D3F20B68B19BC1402226BFB8BF596BAFF6A66CDC5FC89F0D7F8F42CB5A8850A","Character details field or Starfield skill label.","LOW","","","skill.research-methods=研究方法 [strategy=phrase]","研究方法","研究方法","IDENTICAL","AGREED","研究方法","Codex and DeepL independently agree for “Research Methods” (character.skill.researchMethods); the shared wording preserves the English meaning, required tokens, and approved Simplified Chinese style."
"character.skill.specialProjects","zh-Hans","Special Projects","DD0B829F63D765DE8A7C303E0B5C3C3A11F0D6CEDB1AE54268B6373FA0869C0C","Character details field or Starfield skill label.","LOW","","","skill.special-projects=特殊项目 [strategy=phrase]","特殊项目","特别项目","SUBSTANTIVE","CODEX","特殊项目","Codex is selected for “Special Projects” (character.skill.specialProjects) because its wording more precisely matches the tracker context and approved Chinese punctuation and spacing; the DeepL alternative is less precise, less natural, or semantically weaker. It also follows the row’s binding terminology (skill.special-projects=特殊项目 [strategy=phrase]), which the DeepL candidate does not consistently preserve."
"character.skillRank.rejectedEmpty","zh-Hans","Invalid rank. Previous value restored. Enter a rank from 0 to 4.","80B7EA62FF82C306ABC8F9CFDFE0F0B5B4402943FB259F48F37AB5FE57C5622D","Character details field or Starfield skill label.","LOW","","","","技能等级无效。已恢复先前的值。请输入0至4之间的等级。","军衔无效。已恢复先前值。请输入0至4之间的军衔。","SUBSTANTIVE","CODEX","技能等级无效。已恢复先前的值。请输入0至4之间的等级。","Codex is selected for “Invalid rank. Previous value restored. Enter a rank from 0 to 4.” (character.skillRank.rejectedEmpty) because its wording more precisely matches the tracker context and approved Chinese punctuation and spacing; the DeepL alternative is less precise, less natural, or semantically weaker."
"character.skillRank.rejectedRestored","zh-Hans","Invalid rank. Restored to {value}. Enter a rank from 0 to 4.","CB679CAFE2CD502C03EF32A1B042F11037CA7AEC55E96FF1EF292907E57319D0","Character details field or Starfield skill label.","LOW","value","","","技能等级无效。已恢复为{value}。请输入0至4之间的等级。","等级无效。已恢复为 {value}。请输入 0 到 4 之间的等级。","SUBSTANTIVE","CODEX","技能等级无效。已恢复为{value}。请输入0至4之间的等级。","Codex is selected for “Invalid rank. Restored to {value}. Enter a rank from 0 to 4.” (character.skillRank.rejectedRestored) because its wording more precisely matches the tracker context and approved Chinese punctuation and spacing; the DeepL alternative is less precise, less natural, or semantically weaker."
"common.about","zh-Hans","About","4EFCA0D10C5FEB8E9B35EB1D994F2905BB71714E6A271F511D713B539EA5FAA1","Shared visible or accessible UI action.","LOW","","","","关于","关于","IDENTICAL","AGREED","关于","Codex and DeepL independently agree for “About” (common.about); the shared wording preserves the English meaning, required tokens, and approved Simplified Chinese style."
"common.add","zh-Hans","+ Add","C007258C23B0C011FB7751C141B02F926CF3DAAED1BF1B5AD2630166FBD7ACDB","Shared visible or accessible UI action.","LOW","","","","+ 添加","+ 添加","IDENTICAL","AGREED","+ 添加","Codex and DeepL independently agree for “+ Add” (common.add); the shared wording preserves the English meaning, required tokens, and approved Simplified Chinese style."
"common.cancel","zh-Hans","Cancel","19766ED6CCB2F4A32778EED80D1928D2C87A18D7C275CCB163EC6709D3EB2E27","Shared visible or accessible UI action.","LOW","","","","取消","取消","IDENTICAL","AGREED","取消","Codex and DeepL independently agree for “Cancel” (common.cancel); the shared wording preserves the English meaning, required tokens, and approved Simplified Chinese style."
"common.cancel.lower","zh-Hans","cancel","2374D91794B79F4FB4EC9587D2CF00AECC4F9953FAB3ED1DD12AB147A0B721F9","Shared visible or accessible UI action.","LOW","","","","取消","取消","IDENTICAL","AGREED","取消","Codex and DeepL independently agree for “cancel” (common.cancel.lower); the shared wording preserves the English meaning, required tokens, and approved Simplified Chinese style."
"common.close","zh-Hans","Close","7D9EB7ACB13E24625C404401D8E88B2350E32162455885F18276CF802F7701ED","Shared visible or accessible UI action.","LOW","","","","关闭","关闭","IDENTICAL","AGREED","关闭","Codex and DeepL independently agree for “Close” (common.close); the shared wording preserves the English meaning, required tokens, and approved Simplified Chinese style."
"common.collapseItem","zh-Hans","Collapse {item}","BF6FAF0BEE16AF0AB30A12FB946BC8EE9DAEBCEF91215A311C56FDEDF1110FE6","Shared visible or accessible UI action.","LOW","item","","","折叠{item}","折叠 {项目}","INVALID_TOKENS","INVALID_DEEPL_REPAIRED","折叠{item}","DeepL is retained as invalid comparative evidence for “Collapse {item}” (common.collapseItem) because it failed PLACEHOLDERS validation; the independently reviewed Codex wording restores the exact structural contract and approved terminology."
"common.dragToReorder","zh-Hans","Drag {item} to reorder","EC1FB0D17C7786E584A4058C2615E2FC72DB167628A213FD87B7876A9923B29A","Shared visible or accessible UI action.","LOW","item","","","拖动{item}以调整顺序","拖动 {item} 重新排序","SUBSTANTIVE","CODEX","拖动{item}以调整顺序","Codex is selected for “Drag {item} to reorder” (common.dragToReorder) because its wording more precisely matches the tracker context and approved Chinese punctuation and spacing; the DeepL alternative is less precise, less natural, or semantically weaker."
"common.edit","zh-Hans","edit","262121C5372BE8AF3AE6FF0D3D138D9E6E1249335222C7F0E02535E35073BB0B","Shared visible or accessible UI action.","LOW","","","","编辑","编辑","IDENTICAL","AGREED","编辑","Codex and DeepL independently agree for “edit” (common.edit); the shared wording preserves the English meaning, required tokens, and approved Simplified Chinese style."
"common.expandItem","zh-Hans","Expand {item}","71095F43C84CE024864DF4D831022C695F5245837BB3C2980944C62FDECB82D3","Shared visible or accessible UI action.","LOW","item","","","展开{item}","展开 {项目}","INVALID_TOKENS","INVALID_DEEPL_REPAIRED","展开{item}","DeepL is retained as invalid comparative evidence for “Expand {item}” (common.expandItem) because it failed PLACEHOLDERS validation; the independently reviewed Codex wording restores the exact structural contract and approved terminology."
"common.help","zh-Hans","Help","B79CAC926E0B2E347E72CC91D5174037C9E17AE7733FD7BDB570F71B10CD7BFC","Shared visible or accessible UI action.","LOW","","","","帮助","帮助","IDENTICAL","AGREED","帮助","Codex and DeepL independently agree for “Help” (common.help); the shared wording preserves the English meaning, required tokens, and approved Simplified Chinese style."
"common.moveDown","zh-Hans","Move {item} down","28EAD9D3C31C004FA025649ED35F6F211E2196D6F0B2687D36C7306ACE5DD6F8","Shared visible or accessible UI action.","LOW","item","","","下移{item}","将 {item} 向下移动","SUBSTANTIVE","CODEX","下移{item}","Codex is selected for “Move {item} down” (common.moveDown) because its wording more precisely matches the tracker context and approved Chinese punctuation and spacing; the DeepL alternative is less precise, less natural, or semantically weaker."
"common.moveUp","zh-Hans","Move {item} up","309715D5ABC4A5809F1D97EF0A26EED13CC4B3879E4AD02F5E928F66B52AEA24","Shared visible or accessible UI action.","LOW","item","","","上移{item}","将 {item} 向上移动","SUBSTANTIVE","CODEX","上移{item}","Codex is selected for “Move {item} up” (common.moveUp) because its wording more precisely matches the tracker context and approved Chinese punctuation and spacing; the DeepL alternative is less precise, less natural, or semantically weaker."
"common.removeItem","zh-Hans","Remove {item}","C0CB17362DDA768865C711B4460785556EB374DEC3D9B97A21485F558716FDD9","Shared visible or accessible UI action.","LOW","item","","","移除{item}","删除 {item}","SUBSTANTIVE","CODEX","移除{item}","Codex is selected for “Remove {item}” (common.removeItem) because its wording more precisely matches the tracker context and approved Chinese punctuation and spacing; the DeepL alternative is less precise, less natural, or semantically weaker."
"common.save","zh-Hans","save","157DCA92E4250458339D4B835250D44C238F3355E1B7986195188EE434E9BAFF","Shared visible or accessible UI action.","LOW","","","","保存","保存","IDENTICAL","AGREED","保存","Codex and DeepL independently agree for “save” (common.save); the shared wording preserves the English meaning, required tokens, and approved Simplified Chinese style."
"help.biomes","zh-Hans","Selected biomes limit inorganic resource availability to resources that can occur in those biomes.","386453983957C7E075D5FCFA61B432C4A83E9299DB3723C0B82B74E2C754F9C0","Contextual help, tooltip, or explanatory guidance.","HIGH","","","term.biome=生物群系 [strategy=semantic-concept, variants=生物群系 | 生物群落 | 生态群落]","所选生物群系仅会将无机资源的可用范围限制为能在其中出现的资源。","","MISSING","CODEX","所选生物群系仅会将无机资源的可用范围限制为能在其中出现的资源。","Planet-level organic farming semantics were reviewed for this correction; prior biome-bound source evidence is intentionally retired."
"help.contextLabel","zh-Hans","Help for {context}","2305D35987B5CA25ED9BE3778B9BEBD0839ED05B57FC7B9AA1AE16EE7C8232C3","Contextual help, tooltip, or explanatory guidance.","HIGH","context","","","{context}的帮助","{context} 的帮助","SUBSTANTIVE","CODEX","{context}的帮助","Codex is selected for “Help for {context}” (help.contextLabel) because its wording more precisely matches the tracker context and approved Chinese punctuation and spacing; the DeepL alternative is less precise, less natural, or semantically weaker."
"help.forContext","zh-Hans","Help for {context}","2305D35987B5CA25ED9BE3778B9BEBD0839ED05B57FC7B9AA1AE16EE7C8232C3","Contextual help, tooltip, or explanatory guidance.","HIGH","context","","","{context}的帮助","{context} 的帮助","SUBSTANTIVE","CODEX","{context}的帮助","Codex is selected for “Help for {context}” (help.forContext) because its wording more precisely matches the tracker context and approved Chinese punctuation and spacing; the DeepL alternative is less precise, less natural, or semantically weaker."
"help.inorganicPresentPossible","zh-Hans","{resource} may be present at this outpost.","7A19C93E01E0E0F539BDAF043D2BAD406A1C2A5F84AE2D7D0C584433E5F19E20","Contextual help, tooltip, or explanatory guidance.","HIGH","resource","","term.outpost=哨站 [strategy=phrase]; glossary.present=存在 [strategy=key-scoped, variants=存在 | 可用]","{resource}可能存在于此哨站。","该前哨站可能存在 {resource}。","SUBSTANTIVE","CODEX","{resource}可能存在于此哨站。","Codex is selected for “{resource} may be present at this outpost.” (help.inorganicPresentPossible) because its wording more precisely matches the tracker context and approved Chinese punctuation and spacing; the DeepL alternative is less precise, less natural, or semantically weaker. It also follows the row’s binding terminology (term.outpost=哨站 [strategy=phrase]; glossary.present=存在 [strategy=key-scoped, variants=存在 | 可用]), which the DeepL candidate does not consistently preserve."
"help.inorganicPresentRecorded","zh-Hans","{resource} is recorded as present at this outpost.","5433476C752DD4838F551A5F46C13FD312C09B6D942EAB5E8DB76CC58CF48A5B","Contextual help, tooltip, or explanatory guidance.","HIGH","resource","","term.outpost=哨站 [strategy=phrase]; glossary.present=存在 [strategy=key-scoped, variants=存在 | 可用]","{resource}已记录为存在于此哨站。","记录显示该前哨站存在 {resource}。","SUBSTANTIVE","CODEX","{resource}已记录为存在于此哨站。","Codex is selected for “{resource} is recorded as present at this outpost.” (help.inorganicPresentRecorded) because its wording more precisely matches the tracker context and approved Chinese punctuation and spacing; the DeepL alternative is less precise, less natural, or semantically weaker. It also follows the row’s binding terminology (term.outpost=哨站 [strategy=phrase]; glossary.present=存在 [strategy=key-scoped, variants=存在 | 可用]), which the DeepL candidate does not consistently preserve."
"help.interSystem","zh-Hans","Inter-System Cargo Links can connect outposts in different star systems and require Helium-3.","839122CE4B7D22320D6B55D17FC1A1B44D8E7EF980015E244A88E6C3DA9EA8E5","Contextual help, tooltip, or explanatory guidance.","HIGH","","","term.inter-system-cargo-link=跨星系货运链接 [strategy=phrase]; term.cargo-link=货运链接 [strategy=phrase]; term.outpost=哨站 [strategy=phrase]; term.star-system=星系 [strategy=phrase]","跨星系货运链接可以连接不同星系中的哨站，并且需要氦-3。","星系间货运通道可连接不同星系中的前哨站，且需要氦-3。","SUBSTANTIVE","CODEX","跨星系货运链接可以连接不同星系中的哨站，并且需要氦-3。","Codex is selected for “Inter-System Cargo Links can connect outposts in different star systems and require Helium-3.” (help.interSystem) because its wording more precisely matches the tracker context and approved Chinese punctuation and spacing; the DeepL alternative is less precise, less natural, or semantically weaker. It also follows the row’s binding terminology (term.inter-system-cargo-link=跨星系货运链接 [strategy=phrase]; term.cargo-link=货运链接 [strategy=phrase]; term.outpost=哨站 [strategy=phrase]; term.star-system=星系 [strategy=phrase]), which the DeepL candidate does not consistently preserve."
"help.logistics","zh-Hans","Items currently assigned to cargo links are displayed here.","9AACF81A4429C8A3204D369D51D6C7415852888BC9345C9FF418364A0E6F20A3","Contextual help, tooltip, or explanatory guidance.","HIGH","","","term.cargo-link=货运链接 [strategy=phrase]; glossary.logistics=物流 [strategy=key-scoped]","当前已分配到货运链接的物品会显示在这里。","当前分配给货运航线的物品将在此处显示。","SUBSTANTIVE","CODEX","当前已分配到货运链接的物品会显示在这里。","Codex is selected for “Items currently assigned to cargo links are displayed here.” (help.logistics) because its wording more precisely matches the tracker context and approved Chinese punctuation and spacing; the DeepL alternative is less precise, less natural, or semantically weaker. It also follows the row’s binding terminology (term.cargo-link=货运链接 [strategy=phrase]; glossary.logistics=物流 [strategy=key-scoped]), which the DeepL candidate does not consistently preserve."
"help.organic.availableBiome","zh-Hans","{resource} is available from a domesticable species on this planet.","800288FB8556213CA1A000007CD9B7A9ED0A679F2F4CF3F485FA0E43F812EDF4","Contextual help, tooltip, or explanatory guidance.","HIGH","resource","","term.planet=行星 [strategy=semantic-concept, variants=行星 | 星球]","此行星上的可养殖物种可以提供{resource}。","","MISSING","CODEX","此行星上的可养殖物种可以提供{resource}。","Planet-level organic farming semantics were reviewed for this correction; prior biome-bound source evidence is intentionally retired."
"help.organic.availableBiomes","zh-Hans","{resource} is available from a domesticable species on this planet.","800288FB8556213CA1A000007CD9B7A9ED0A679F2F4CF3F485FA0E43F812EDF4","Contextual help, tooltip, or explanatory guidance.","HIGH","resource","","term.planet=行星 [strategy=semantic-concept, variants=行星 | 星球]","此行星上的可养殖物种可以提供{resource}。","","MISSING","CODEX","此行星上的可养殖物种可以提供{resource}。","Planet-level organic farming semantics were reviewed for this correction; prior biome-bound source evidence is intentionally retired."
"help.organic.availablePlanet","zh-Hans","{resource} is available from a domesticable species on this planet.","800288FB8556213CA1A000007CD9B7A9ED0A679F2F4CF3F485FA0E43F812EDF4","Contextual help, tooltip, or explanatory guidance.","HIGH","resource","","term.planet=行星 [strategy=semantic-concept, variants=行星 | 星球]","此行星上的可养殖物种可以提供{resource}。","","MISSING","CODEX","此行星上的可养殖物种可以提供{resource}。","Planet-level organic farming semantics were reviewed for this correction; prior biome-bound source evidence is intentionally retired."
"help.organic.availableSelectedBiome","zh-Hans","{resource} is available from a domesticable species on this planet.","800288FB8556213CA1A000007CD9B7A9ED0A679F2F4CF3F485FA0E43F812EDF4","Contextual help, tooltip, or explanatory guidance.","HIGH","resource","","term.planet=行星 [strategy=semantic-concept, variants=行星 | 星球]","此行星上的可养殖物种可以提供{resource}。","","MISSING","CODEX","此行星上的可养殖物种可以提供{resource}。","Planet-level organic farming semantics were reviewed for this correction; prior biome-bound source evidence is intentionally retired."
"help.organic.unavailableBiome","zh-Hans","{resource} is not available from this domesticable species on this planet.","62532143EA01F6A47D6146772E4EC2B1AC5AEE3776D976EC7AA0DEC13AFB33CE","Contextual help, tooltip, or explanatory guidance.","HIGH","resource","","term.planet=行星 [strategy=semantic-concept, variants=行星 | 星球]","此行星上可养殖的物种无法提供{resource}。","","MISSING","CODEX","此行星上可养殖的物种无法提供{resource}。","Planet-level organic farming semantics were reviewed for this correction; prior biome-bound source evidence is intentionally retired."
"help.organic.unavailableBiomes","zh-Hans","{resource} is not available from this domesticable species on this planet.","62532143EA01F6A47D6146772E4EC2B1AC5AEE3776D976EC7AA0DEC13AFB33CE","Contextual help, tooltip, or explanatory guidance.","HIGH","resource","","term.planet=行星 [strategy=semantic-concept, variants=行星 | 星球]","此行星上可养殖的物种无法提供{resource}。","","MISSING","CODEX","此行星上可养殖的物种无法提供{resource}。","Planet-level organic farming semantics were reviewed for this correction; prior biome-bound source evidence is intentionally retired."
"help.organic.unavailablePlanet","zh-Hans","{resource} is not available from this domesticable species on this planet.","62532143EA01F6A47D6146772E4EC2B1AC5AEE3776D976EC7AA0DEC13AFB33CE","Contextual help, tooltip, or explanatory guidance.","HIGH","resource","","term.planet=行星 [strategy=semantic-concept, variants=行星 | 星球]","此行星上可养殖的物种无法提供{resource}。","","MISSING","CODEX","此行星上可养殖的物种无法提供{resource}。","Planet-level organic farming semantics were reviewed for this correction; prior biome-bound source evidence is intentionally retired."
"help.plannedSupply","zh-Hans","Selected items act as placeholders until local or imported supply is established.","CAFFBA1914AB60D9E102CB58E0FE0B10E353579F43CB8BB67FB90AE5A8468DCE","Contextual help, tooltip, or explanatory guidance.","HIGH","","","","在建立本地或导入供应之前，所选物品代表尚未解决的预期供应。","所选项目将作为占位符，直到建立本地或进口供应为止。","SUBSTANTIVE","CODEX","在建立本地或导入供应之前，所选物品代表尚未解决的预期供应。","Codex is selected for “Selected items act as placeholders until local or imported supply is established.” (help.plannedSupply) because its wording more precisely matches the tracker context and approved Chinese punctuation and spacing; the DeepL alternative is less precise, less natural, or semantically weaker."
"help.present","zh-Hans","Shows whether a resource can be present at this outpost.","2D44B13D06D4C5D9586131A1C16DB22686334E21758E9EF6EB8B045DD15E34CE","Contextual help, tooltip, or explanatory guidance.","HIGH","","","term.outpost=哨站 [strategy=phrase]; glossary.present=存在 [strategy=key-scoped, variants=存在 | 可用]","显示资源是否可以存在于此哨站。","显示该资源是否可能存在于此前哨站。","SUBSTANTIVE","CODEX","显示资源是否可以存在于此哨站。","Codex is selected for “Shows whether a resource can be present at this outpost.” (help.present) because its wording more precisely matches the tracker context and approved Chinese punctuation and spacing; the DeepL alternative is less precise, less natural, or semantically weaker. It also follows the row’s binding terminology (term.outpost=哨站 [strategy=phrase]; glossary.present=存在 [strategy=key-scoped, variants=存在 | 可用]), which the DeepL candidate does not consistently preserve."
"help.producing","zh-Hans","Shows whether this outpost is currently set to produce the resource or product.","29DCDE55AD1D0CD4D37C40CF36C7B456875A6C5B7140B102FABFB09C0F0AABC7","Contextual help, tooltip, or explanatory guidance.","HIGH","","","term.outpost=哨站 [strategy=phrase]; glossary.producing=生产中 [strategy=key-scoped, variants=生产中 | 开始生产 | 停止生产]","显示此哨站当前是否配置为生产该资源或产品。","显示该前哨站当前是否设置为生产该资源或产品。","SUBSTANTIVE","CODEX","显示此哨站当前是否配置为生产该资源或产品。","Codex is selected for “Shows whether this outpost is currently set to produce the resource or product.” (help.producing) because its wording more precisely matches the tracker context and approved Chinese punctuation and spacing; the DeepL alternative is less precise, less natural, or semantically weaker. It also follows the row’s binding terminology (term.outpost=哨站 [strategy=phrase]; glossary.producing=生产中 [strategy=key-scoped, variants=生产中 | 开始生产 | 停止生产]), which the DeepL candidate does not consistently preserve."
"help.validation","zh-Hans","Errors identify invalid states, warnings identify incomplete or inconsistent states, and info highlights useful follow-up items.","789745A39ED1260E4E0F45198AA483207C2B651ED1DDF801C4077D03D1FD3FE4","Contextual help, tooltip, or explanatory guidance.","HIGH","","","glossary.validation-error=错误 [strategy=semantic-concept]; glossary.validation-warning=警告 [strategy=semantic-concept]; glossary.validation-info=信息 [strategy=semantic-concept]","错误表示无效状态，警告表示不完整或不一致的状态，信息则提示值得跟进的项目。","错误标识无效状态，警告标识不完整或不一致的状态，而信息则突出显示有用的后续事项。","SUBSTANTIVE","CODEX","错误表示无效状态，警告表示不完整或不一致的状态，信息则提示值得跟进的项目。","Codex is selected for “Errors identify invalid states, warnings identify incomplete or inconsistent states, and info highlights useful follow-up items.” (help.validation) because its wording more precisely matches the tracker context and approved Chinese punctuation and spacing; the DeepL alternative is less precise, less natural, or semantically weaker. It also follows the row’s binding terminology (glossary.validation-error=错误 [strategy=semantic-concept]; glossary.validation-warning=警告 [strategy=semantic-concept]; glossary.validation-info=信息 [strategy=semantic-concept]), which the DeepL candidate does not consistently preserve."
"history.addBiome","zh-Hans","Add biome selection for {outpost}","893FBD42D6863BBAA9AD361602DFACB90A7E9E91C64ADF3AD34E922E34081731","Relocalizable Undo/Redo action description.","MEDIUM","outpost","","term.outpost=哨站 [strategy=phrase]; term.biome=生物群系 [strategy=semantic-concept, variants=生物群系 | 生物群落 | 生态群落]","为{outpost}添加生物群系选择","为 {前哨站} 添加生物群系选择功能","INVALID_TOKENS","INVALID_DEEPL_REPAIRED","为{outpost}添加生物群系选择","DeepL is retained as invalid comparative evidence for “Add biome selection for {outpost}” (history.addBiome) because it failed PLACEHOLDERS validation; the independently reviewed Codex wording restores the exact structural contract and approved terminology."
"history.addCargoPad","zh-Hans","Add {outpost} / {pad}","416B79340A29487BC0F3C9C6D7675C5D6969D3347B5826DBD8F0FD415399FDBC","Relocalizable Undo/Redo action description.","HIGH","outpost; pad","","term.outpost=哨站 [strategy=phrase]","添加{outpost} / {pad}","添加 {前哨站} / {平台}","INVALID_TOKENS","INVALID_DEEPL_REPAIRED","添加{outpost} / {pad}","DeepL is retained as invalid comparative evidence for “Add {outpost} / {pad}” (history.addCargoPad) because it failed PLACEHOLDERS validation; the independently reviewed Codex wording restores the exact structural contract and approved terminology."
"history.addExplicitResource","zh-Hans","Add explicit resource {resource} to {outpost}","EB0C15D35B7EEA055EBD46086D374FED5D3BD2D8461A1BA3CBD5DCCF5F65B798","Relocalizable Undo/Redo action description.","HIGH","outpost; resource","","term.outpost=哨站 [strategy=phrase]","将明确存在的资源{resource}添加到{outpost}","将特定资源 {resource} 添加到 {outpost}","SUBSTANTIVE","CODEX","将明确存在的资源{resource}添加到{outpost}","Codex is selected for “Add explicit resource {resource} to {outpost}” (history.addExplicitResource) because its wording more precisely matches the tracker context and approved Chinese punctuation and spacing; the DeepL alternative is less precise, less natural, or semantically weaker. It also follows the row’s binding terminology (term.outpost=哨站 [strategy=phrase]), which the DeepL candidate does not consistently preserve."
"history.addExport","zh-Hans","Add export {item} to {outpost} / {pad}","8BF72E540F447BEE04AB301D6FABBC89D0547E89B3BB831228853173EEE1DBD1","Relocalizable Undo/Redo action description.","HIGH","item; outpost; pad","","term.outpost=哨站 [strategy=phrase]","将导出物品{item}添加到{outpost} / {pad}","将 {item} 添加到 {前哨站} / {平台} 的出口清单中","INVALID_TOKENS","INVALID_DEEPL_REPAIRED","将导出物品{item}添加到{outpost} / {pad}","DeepL is retained as invalid comparative evidence for “Add export {item} to {outpost} / {pad}” (history.addExport) because it failed PLACEHOLDERS validation; the independently reviewed Codex wording restores the exact structural contract and approved terminology."
"history.addLocalResource","zh-Hans","Add local resource {resource} to {outpost}","1A568B9382CE83A903BF161A3A89A3B665BCFC58BECD028E0FE8C3CA285714EA","Relocalizable Undo/Redo action description.","HIGH","outpost; resource","","term.outpost=哨站 [strategy=phrase]","将本地资源{resource}添加到{outpost}","将本地资源 {resource} 添加到 {outpost}","SUBSTANTIVE","CODEX","将本地资源{resource}添加到{outpost}","Codex is selected for “Add local resource {resource} to {outpost}” (history.addLocalResource) because its wording more precisely matches the tracker context and approved Chinese punctuation and spacing; the DeepL alternative is less precise, less natural, or semantically weaker. It also follows the row’s binding terminology (term.outpost=哨站 [strategy=phrase]), which the DeepL candidate does not consistently preserve."
"history.addNetwork","zh-Hans","Add network","0B6A12F5D7070417ADA9474DD5F213744693BC727D2504C94C2D8055A0826A84","Relocalizable Undo/Redo action description.","MEDIUM","","","glossary.network=哨站网络 [strategy=semantic-concept, variants=哨站网络 | 网络]","添加哨站网络","添加网络","SUBSTANTIVE","CODEX","添加哨站网络","Codex is selected for “Add network” (history.addNetwork) because its wording more precisely matches the tracker context and approved Chinese punctuation and spacing; the DeepL alternative is less precise, less natural, or semantically weaker. It also follows the row’s binding terminology (glossary.network=哨站网络 [strategy=semantic-concept, variants=哨站网络 | 网络]), which the DeepL candidate does not consistently preserve."
"history.addOutpost","zh-Hans","Add outpost","E918451B6D2EC69126402B9C3D175CBCF5114A80163A34073D64D10FE29E5D0A","Relocalizable Undo/Redo action description.","MEDIUM","","","term.outpost=哨站 [strategy=phrase]","添加哨站","添加前哨站","SUBSTANTIVE","CODEX","添加哨站","Codex is selected for “Add outpost” (history.addOutpost) because its wording more precisely matches the tracker context and approved Chinese punctuation and spacing; the DeepL alternative is less precise, less natural, or semantically weaker. It also follows the row’s binding terminology (term.outpost=哨站 [strategy=phrase]), which the DeepL candidate does not consistently preserve."
"history.addPlannedSupply","zh-Hans","Add Planned Supply {item}","01C358D6681105870D2F96A2246E9D9AB36C48D17786F9CF4149585D613D4765","Relocalizable Undo/Redo action description.","MEDIUM","item","","glossary.planned-supply=计划供应 [strategy=key-scoped]","添加计划供应{item}","添加计划补给 {item}","SUBSTANTIVE","CODEX","添加计划供应{item}","Codex is selected for “Add Planned Supply {item}” (history.addPlannedSupply) because its wording more precisely matches the tracker context and approved Chinese punctuation and spacing; the DeepL alternative is less precise, less natural, or semantically weaker. It also follows the row’s binding terminology (glossary.planned-supply=计划供应 [strategy=key-scoped]), which the DeepL candidate does not consistently preserve."
"history.benchmark","zh-Hans","{label}","1F0B60B0B03A95C72373255490256B7384E30D23C62AB3477558ED6209C312AB","Relocalizable Undo/Redo action description.","MEDIUM","label","","","{label}","{label}","IDENTICAL","AGREED","{label}","Codex and DeepL independently agree for “{label}” (history.benchmark); the shared wording preserves the English meaning, required tokens, and approved Simplified Chinese style."
"history.changeBody","zh-Hans","Change {outpost} body to {body}","E8CD919D877A72EB0730C959C5ADA078D7B1E61E118C01B0B0F941A009166594","Relocalizable Undo/Redo action description.","HIGH","body; outpost","","term.outpost=哨站 [strategy=phrase]; term.planetary-body=行星体 [strategy=phrase]","将{outpost}的行星体改为{body}","将 {前哨站} 的主体更改为 {主体}","INVALID_TOKENS","INVALID_DEEPL_REPAIRED","将{outpost}的行星体改为{body}","DeepL is retained as invalid comparative evidence for “Change {outpost} body to {body}” (history.changeBody) because it failed PLACEHOLDERS validation; the independently reviewed Codex wording restores the exact structural contract and approved terminology."
"history.changeCargoLink","zh-Hans","Change link for {localOutpost} / {localPad} to {remoteOutpost} / {remotePad}","108A2278E01EABCE4807854AAEFFA410B9EA645F0DDA2A6C0660D30F417DF617","Relocalizable Undo/Redo action description.","HIGH","localOutpost; localPad; remoteOutpost; remotePad","","","将{localOutpost} / {localPad}的链接改为{remoteOutpost} / {remotePad}","将 {localOutpost} / {localPad} 与 {remoteOutpost} / {remotePad} 之间的链接更改为","SUBSTANTIVE","CODEX","将{localOutpost} / {localPad}的链接改为{remoteOutpost} / {remotePad}","Codex is selected for “Change link for {localOutpost} / {localPad} to {remoteOutpost} / {remotePad}” (history.changeCargoLink) because its wording more precisely matches the tracker context and approved Chinese punctuation and spacing; the DeepL alternative is less precise, less natural, or semantically weaker."
"history.changeCargoPadType","zh-Hans","Change {outpost} / {pad} to {type}","86065BEEC14B2BCDE4BF7F722D54A067C374AAEACE2FB0DD7123629A8F00604A","Relocalizable Undo/Redo action description.","HIGH","outpost; pad; type","","term.outpost=哨站 [strategy=phrase]","将{outpost} / {pad}改为{type}","将 {前哨站} / {停靠点} 更改为 {类型}","INVALID_TOKENS","INVALID_DEEPL_REPAIRED","将{outpost} / {pad}改为{type}","DeepL is retained as invalid comparative evidence for “Change {outpost} / {pad} to {type}” (history.changeCargoPadType) because it failed PLACEHOLDERS validation; the independently reviewed Codex wording restores the exact structural contract and approved terminology."
"history.changeCharacterLevel","zh-Hans","Change character level from {previousLevel} to {level}","2C4695DE4208CE65326C97BB6474FA50C6BAB491933ECBEE2DF644BD98B55271","Relocalizable Undo/Redo action description.","HIGH","level; previousLevel","","","将角色等级从{previousLevel}改为{level}","将角色等级从 {previousLevel} 更改为 {level}","SUBSTANTIVE","CODEX","将角色等级从{previousLevel}改为{level}","Codex is selected for “Change character level from {previousLevel} to {level}” (history.changeCharacterLevel) because its wording more precisely matches the tracker context and approved Chinese punctuation and spacing; the DeepL alternative is less precise, less natural, or semantically weaker."
"history.changeSkill","zh-Hans","Change {skill} from {previousRank} to {rank}","05B1667E5AEB74081B3E9764FB39D361EA2993FA87EBC8EFB7245BD6F929321E","Relocalizable Undo/Redo action description.","HIGH","previousRank; rank; skill","","","将{skill}从{previousRank}级改为{rank}级","将 {skill} 从 {previousRank} 更改为 {rank}","SUBSTANTIVE","CODEX","将{skill}从{previousRank}级改为{rank}级","Codex is selected for “Change {skill} from {previousRank} to {rank}” (history.changeSkill) because its wording more precisely matches the tracker context and approved Chinese punctuation and spacing; the DeepL alternative is less precise, less natural, or semantically weaker."
"history.changeSystem","zh-Hans","Change {outpost} system to {system}","434BE195B40DA835328B4169238A89FDE6CBFD1E8A050CB109C88FC287C9EE56","Relocalizable Undo/Redo action description.","HIGH","outpost; system","","term.outpost=哨站 [strategy=phrase]; term.star-system=星系 [strategy=phrase]","将{outpost}的星系改为{system}","将 {outpost} 系统更改为 {system}","SUBSTANTIVE","CODEX","将{outpost}的星系改为{system}","Codex is selected for “Change {outpost} system to {system}” (history.changeSystem) because its wording more precisely matches the tracker context and approved Chinese punctuation and spacing; the DeepL alternative is less precise, less natural, or semantically weaker. It also follows the row’s binding terminology (term.outpost=哨站 [strategy=phrase]; term.star-system=星系 [strategy=phrase]), which the DeepL candidate does not consistently preserve."
"history.clearBody","zh-Hans","Clear body for {outpost}","9EE9E438B559F3E1D27076737BCFB1C7CCE220987BA38D8AFAB970C17F04BB50","Relocalizable Undo/Redo action description.","MEDIUM","outpost","","term.outpost=哨站 [strategy=phrase]; term.planetary-body=行星体 [strategy=phrase]","清除{outpost}的行星体","清空 {outpost} 的正文","SUBSTANTIVE","CODEX","清除{outpost}的行星体","Codex is selected for “Clear body for {outpost}” (history.clearBody) because its wording more precisely matches the tracker context and approved Chinese punctuation and spacing; the DeepL alternative is less precise, less natural, or semantically weaker. It also follows the row’s binding terminology (term.outpost=哨站 [strategy=phrase]; term.planetary-body=行星体 [strategy=phrase]), which the DeepL candidate does not consistently preserve."
"history.clearCharacterLevel","zh-Hans","Clear character level","53C89A49BC93F1FD145A2A8A7BCAD56512B91602445B68A48D31A42CAF6B1DCA","Relocalizable Undo/Redo action description.","MEDIUM","","","","清除角色等级","清空角色等级","SUBSTANTIVE","CODEX","清除角色等级","Codex is selected for “Clear character level” (history.clearCharacterLevel) because its wording more precisely matches the tracker context and approved Chinese punctuation and spacing; the DeepL alternative is less precise, less natural, or semantically weaker."
"history.clearSkill","zh-Hans","Clear {skill}","C786683A01571783C5CEE701248E06C1E2DF39C77F491D7B91CA2ACD5BE7C5C0","Relocalizable Undo/Redo action description.","MEDIUM","skill","","","清除{skill}","清除 {技能}","INVALID_TOKENS","INVALID_DEEPL_REPAIRED","清除{skill}","DeepL is retained as invalid comparative evidence for “Clear {skill}” (history.clearSkill) because it failed PLACEHOLDERS validation; the independently reviewed Codex wording restores the exact structural contract and approved terminology."
"history.clearSystem","zh-Hans","Clear system for {outpost}","9A97C0059A13680B72EAE571F32117DDB8F15163B7B3BAFD2D4941CB0F3B0C2C","Relocalizable Undo/Redo action description.","MEDIUM","outpost","","term.outpost=哨站 [strategy=phrase]; term.star-system=星系 [strategy=phrase]","清除{outpost}的星系","清除 {前哨站} 的系统","INVALID_TOKENS","INVALID_DEEPL_REPAIRED","清除{outpost}的星系","DeepL is retained as invalid comparative evidence for “Clear system for {outpost}” (history.clearSystem) because it failed PLACEHOLDERS validation; the independently reviewed Codex wording restores the exact structural contract and approved terminology."
"history.deleteCargoPad","zh-Hans","Delete {outpost} / {pad}","F82A5ADC1AD6ADB5B5873FF6288E72228D4736CEB5896DC680E0167E1A4CDFBE","Relocalizable Undo/Redo action description.","HIGH","outpost; pad","","term.outpost=哨站 [strategy=phrase]","删除{outpost} / {pad}","删除 {前哨站} / {基地}","INVALID_TOKENS","INVALID_DEEPL_REPAIRED","删除{outpost} / {pad}","DeepL is retained as invalid comparative evidence for “Delete {outpost} / {pad}” (history.deleteCargoPad) because it failed PLACEHOLDERS validation; the independently reviewed Codex wording restores the exact structural contract and approved terminology."
"history.deleteNetwork","zh-Hans","Delete network","C791F434B1DC472E954E4B21607059C30827A221DDC3D04919AB8229F846D500","Relocalizable Undo/Redo action description.","MEDIUM","","","glossary.network=哨站网络 [strategy=semantic-concept, variants=哨站网络 | 网络]","删除哨站网络","删除网络","SUBSTANTIVE","CODEX","删除哨站网络","Codex is selected for “Delete network” (history.deleteNetwork) because its wording more precisely matches the tracker context and approved Chinese punctuation and spacing; the DeepL alternative is less precise, less natural, or semantically weaker. It also follows the row’s binding terminology (glossary.network=哨站网络 [strategy=semantic-concept, variants=哨站网络 | 网络]), which the DeepL candidate does not consistently preserve."
"history.deleteOutpost","zh-Hans","Delete outpost {outpost}","79C589562212E521272A6E54394BF20BC22128C297D348F35D42C0DD140A797A","Relocalizable Undo/Redo action description.","MEDIUM","outpost","","term.outpost=哨站 [strategy=phrase]","删除哨站{outpost}","删除前哨站 {前哨站}","INVALID_TOKENS","INVALID_DEEPL_REPAIRED","删除哨站{outpost}","DeepL is retained as invalid comparative evidence for “Delete outpost {outpost}” (history.deleteOutpost) because it failed PLACEHOLDERS validation; the independently reviewed Codex wording restores the exact structural contract and approved terminology."
"history.editManufacturing","zh-Hans","Edit manufacturing at {outpost}","C9AFE37FB5D66D5F7AC538C1EED10DD229AB717193B4225A90B34AF5A1FEF8CC","Relocalizable Undo/Redo action description.","MEDIUM","outpost","","term.outpost=哨站 [strategy=phrase]; glossary.manufacturing=制造 [strategy=semantic-concept]","编辑{outpost}的制造项目","编辑 {前哨站} 的生产设置","INVALID_TOKENS","INVALID_DEEPL_REPAIRED","编辑{outpost}的制造项目","DeepL is retained as invalid comparative evidence for “Edit manufacturing at {outpost}” (history.editManufacturing) because it failed PLACEHOLDERS validation; the independently reviewed Codex wording restores the exact structural contract and approved terminology."
"history.importNetworks","zh-Hans","Import networks","84098C98A37E069A64F1531E4CEAC2C1CCE108FF2CB8B62332E877C9BA57D580","Relocalizable Undo/Redo action description.","MEDIUM","","","glossary.network=哨站网络 [strategy=semantic-concept, variants=哨站网络 | 网络]; glossary.file-import-export=导入 / 导出 [strategy=key-scoped]","导入哨站网络","导入网络","SUBSTANTIVE","CODEX","导入哨站网络","Codex is selected for “Import networks” (history.importNetworks) because its wording more precisely matches the tracker context and approved Chinese punctuation and spacing; the DeepL alternative is less precise, less natural, or semantically weaker. It also follows the row’s binding terminology (glossary.network=哨站网络 [strategy=semantic-concept, variants=哨站网络 | 网络]; glossary.file-import-export=导入 / 导出 [strategy=key-scoped]), which the DeepL candidate does not consistently preserve."
"history.linkCargoPad","zh-Hans","Link {localOutpost} / {localPad} to {remoteOutpost} / {remotePad}","88EE5C1148024FD285A212393D75507FE47480AFD766F6B54F5AA5CC956488D4","Relocalizable Undo/Redo action description.","HIGH","localOutpost; localPad; remoteOutpost; remotePad","","","将{localOutpost} / {localPad}链接至{remoteOutpost} / {remotePad}","将 {localOutpost} / {localPad} 链接到 {remoteOutpost} / {remotePad}","SUBSTANTIVE","CODEX","将{localOutpost} / {localPad}链接至{remoteOutpost} / {remotePad}","Codex is selected for “Link {localOutpost} / {localPad} to {remoteOutpost} / {remotePad}” (history.linkCargoPad) because its wording more precisely matches the tracker context and approved Chinese punctuation and spacing; the DeepL alternative is less precise, less natural, or semantically weaker."
"history.moveCargoPad","zh-Hans","Move {outpost} / {pad} to position {position}","6E7E6A017CC6BDF02F26F2324E39AFA81B6F1A60C38CFF35107A3E228D0E2F47","Relocalizable Undo/Redo action description.","HIGH","outpost; pad; position","","term.outpost=哨站 [strategy=phrase]","将{outpost} / {pad}移至第{position}位","将 {前哨站} / {平台} 移动到位置 {position}","INVALID_TOKENS","INVALID_DEEPL_REPAIRED","将{outpost} / {pad}移至第{position}位","DeepL is retained as invalid comparative evidence for “Move {outpost} / {pad} to position {position}” (history.moveCargoPad) because it failed PLACEHOLDERS validation; the independently reviewed Codex wording restores the exact structural contract and approved terminology."
"history.moveOutpost","zh-Hans","Move {outpost} to position {position}","3B3006733CC17E27FD128D53A7968132F9ABBB1C1486BCD51F6DB29EC38443EE","Relocalizable Undo/Redo action description.","HIGH","outpost; position","","term.outpost=哨站 [strategy=phrase]","将{outpost}移至第{position}位","将 {outpost} 移动到位置 {position}","SUBSTANTIVE","CODEX","将{outpost}移至第{position}位","Codex is selected for “Move {outpost} to position {position}” (history.moveOutpost) because its wording more precisely matches the tracker context and approved Chinese punctuation and spacing; the DeepL alternative is less precise, less natural, or semantically weaker. It also follows the row’s binding terminology (term.outpost=哨站 [strategy=phrase]), which the DeepL candidate does not consistently preserve."
"history.networkContext","zh-Hans","Network {ordinal}: {action}","1E82C6A8AA649F636D185126B84DC803B03D803FA3E6F8B1949064CE4B371ADF","Relocalizable Undo/Redo action description.","HIGH","action; ordinal","","glossary.network=哨站网络 [strategy=semantic-concept, variants=哨站网络 | 网络]","哨站网络{ordinal}：{action}","网络 {序号}：{操作}","INVALID_TOKENS","INVALID_DEEPL_REPAIRED","哨站网络{ordinal}：{action}","DeepL is retained as invalid comparative evidence for “Network {ordinal}: {action}” (history.networkContext) because it failed PLACEHOLDERS validation; the independently reviewed Codex wording restores the exact structural contract and approved terminology."
"history.redo","zh-Hans","Redo","74273989B0966E2369B6D01AADB23AF4AD6A9E724643FA88F2BDE99202A36708","Relocalizable Undo/Redo action description.","MEDIUM","","","glossary.undo-redo=撤销 / 重做 [strategy=key-scoped]","重做","重做","IDENTICAL","AGREED","重做","Codex and DeepL independently agree for “Redo” (history.redo); the shared wording preserves the English meaning, required tokens, and approved Simplified Chinese style."
"history.redo.action","zh-Hans","Redo: {action}","B547829FEB3803DBDD25DAB483F1901FBD919E143CF04C05762190B5DE1BB758","Relocalizable Undo/Redo action description.","MEDIUM","action","","glossary.undo-redo=撤销 / 重做 [strategy=key-scoped]","重做：{action}","重做：{操作}","INVALID_TOKENS","INVALID_DEEPL_REPAIRED","重做：{action}","DeepL is retained as invalid comparative evidence for “Redo: {action}” (history.redo.action) because it failed PLACEHOLDERS validation; the independently reviewed Codex wording restores the exact structural contract and approved terminology."
"history.redo.none","zh-Hans","Nothing to redo","4AAF2710A06093447959EBE89E9476D48AD0A7D243FBBE9977CE51C595876B55","Relocalizable Undo/Redo action description.","MEDIUM","","","glossary.undo-redo=撤销 / 重做 [strategy=key-scoped]","没有可重做的操作","无操作可重做","SUBSTANTIVE","CODEX","没有可重做的操作","Codex is selected for “Nothing to redo” (history.redo.none) because its wording more precisely matches the tracker context and approved Chinese punctuation and spacing; the DeepL alternative is less precise, less natural, or semantically weaker. It also follows the row’s binding terminology (glossary.undo-redo=撤销 / 重做 [strategy=key-scoped]), which the DeepL candidate does not consistently preserve."
"history.removeBiome","zh-Hans","Remove biome selection for {outpost}","969F3EA42820E901A14033E682789514084F6D170128CBFB3EBE9704B15BD4D5","Relocalizable Undo/Redo action description.","MEDIUM","outpost","","term.outpost=哨站 [strategy=phrase]; term.biome=生物群系 [strategy=semantic-concept, variants=生物群系 | 生物群落 | 生态群落]","移除{outpost}的生物群系选择","取消 {前哨站} 的生物群系选择","INVALID_TOKENS","INVALID_DEEPL_REPAIRED","移除{outpost}的生物群系选择","DeepL is retained as invalid comparative evidence for “Remove biome selection for {outpost}” (history.removeBiome) because it failed PLACEHOLDERS validation; the independently reviewed Codex wording restores the exact structural contract and approved terminology."
"history.removeExplicitResource","zh-Hans","Remove explicit resource {resource} from {outpost}","9C3EFF7493C2FD697060EC06B55B6E909891DD72F270CFE8AF967D58AD468D13","Relocalizable Undo/Redo action description.","HIGH","outpost; resource","","term.outpost=哨站 [strategy=phrase]","从{outpost}移除明确存在的资源{resource}","从 {前哨站} 中移除指定资源 {资源}","INVALID_TOKENS","INVALID_DEEPL_REPAIRED","从{outpost}移除明确存在的资源{resource}","DeepL is retained as invalid comparative evidence for “Remove explicit resource {resource} from {outpost}” (history.removeExplicitResource) because it failed PLACEHOLDERS validation; the independently reviewed Codex wording restores the exact structural contract and approved terminology."
"history.removeExport","zh-Hans","Remove export {item} from {outpost} / {pad}","F56A09E0EA0D5AFE4297842F244021A1886029E3AFD252A720D8AAD9E8131574","Relocalizable Undo/Redo action description.","HIGH","item; outpost; pad","","term.outpost=哨站 [strategy=phrase]","从{outpost} / {pad}移除导出物品{item}","从 {前哨站} / {补给站} 中移除出口 {物品}","INVALID_TOKENS","INVALID_DEEPL_REPAIRED","从{outpost} / {pad}移除导出物品{item}","DeepL is retained as invalid comparative evidence for “Remove export {item} from {outpost} / {pad}” (history.removeExport) because it failed PLACEHOLDERS validation; the independently reviewed Codex wording restores the exact structural contract and approved terminology."
"history.removeLocalResource","zh-Hans","Remove local resource {resource} from {outpost}","3D62E4624BCD438245F262B2E9C5C42B787739DEB56A721898CAABD659145AD5","Relocalizable Undo/Redo action description.","HIGH","outpost; resource","","term.outpost=哨站 [strategy=phrase]","从{outpost}移除本地资源{resource}","从 {前哨站} 中移除本地资源 {resource}","INVALID_TOKENS","INVALID_DEEPL_REPAIRED","从{outpost}移除本地资源{resource}","DeepL is retained as invalid comparative evidence for “Remove local resource {resource} from {outpost}” (history.removeLocalResource) because it failed PLACEHOLDERS validation; the independently reviewed Codex wording restores the exact structural contract and approved terminology."
"history.removePlannedSupply","zh-Hans","Remove Planned Supply {item}","948C1F6C5869D505D4D42C229E5FC4B3AA89D81EEF2C938A732156C427A06F29","Relocalizable Undo/Redo action description.","MEDIUM","item","","glossary.planned-supply=计划供应 [strategy=key-scoped]","移除计划供应{item}","移除计划补给 {item}","SUBSTANTIVE","CODEX","移除计划供应{item}","Codex is selected for “Remove Planned Supply {item}” (history.removePlannedSupply) because its wording more precisely matches the tracker context and approved Chinese punctuation and spacing; the DeepL alternative is less precise, less natural, or semantically weaker. It also follows the row’s binding terminology (glossary.planned-supply=计划供应 [strategy=key-scoped]), which the DeepL candidate does not consistently preserve."
"history.renameCharacter","zh-Hans","Rename character {previousName} to {name}","8D4BCA97AE9F42035389F0C55B63FF4E2C4A05C16E28C85DC0FCDB4DF13806DD","Relocalizable Undo/Redo action description.","HIGH","name; previousName","","","将角色{previousName}重命名为{name}","将角色 {previousName} 重命名为 {name}","SUBSTANTIVE","CODEX","将角色{previousName}重命名为{name}","Codex is selected for “Rename character {previousName} to {name}” (history.renameCharacter) because its wording more precisely matches the tracker context and approved Chinese punctuation and spacing; the DeepL alternative is less precise, less natural, or semantically weaker."
"history.renameOutpost","zh-Hans","Rename outpost {previousName} to {name}","8F0926A3817A8249DE5756C3295E233FF53C310F6A9E6C6AECF9AFE9D2A1BC4C","Relocalizable Undo/Redo action description.","HIGH","name; previousName","","term.outpost=哨站 [strategy=phrase]","将哨站{previousName}重命名为{name}","将前哨站 {previousName} 重命名为 {name}","SUBSTANTIVE","CODEX","将哨站{previousName}重命名为{name}","Codex is selected for “Rename outpost {previousName} to {name}” (history.renameOutpost) because its wording more precisely matches the tracker context and approved Chinese punctuation and spacing; the DeepL alternative is less precise, less natural, or semantically weaker. It also follows the row’s binding terminology (term.outpost=哨站 [strategy=phrase]), which the DeepL candidate does not consistently preserve."
"history.resetNetwork","zh-Hans","Reset network","4A609854AE08898CAE2C4B634B016AFD1FDC3BEB4F84342B1239EC55DD8EEF6F","Relocalizable Undo/Redo action description.","MEDIUM","","","glossary.network=哨站网络 [strategy=semantic-concept, variants=哨站网络 | 网络]","重置哨站网络","重置网络","SUBSTANTIVE","CODEX","重置哨站网络","Codex is selected for “Reset network” (history.resetNetwork) because its wording more precisely matches the tracker context and approved Chinese punctuation and spacing; the DeepL alternative is less precise, less natural, or semantically weaker. It also follows the row’s binding terminology (glossary.network=哨站网络 [strategy=semantic-concept, variants=哨站网络 | 网络]), which the DeepL candidate does not consistently preserve."
"history.setCharacterLevel","zh-Hans","Set character level to {level}","780B89077917658A4A33F5391C437D7C839EAC9A75DFBF2ED43D19B8E44C2889","Relocalizable Undo/Redo action description.","MEDIUM","level","","","将角色等级设为{level}","将角色等级设为 {level}","SUBSTANTIVE","CODEX","将角色等级设为{level}","Codex is selected for “Set character level to {level}” (history.setCharacterLevel) because its wording more precisely matches the tracker context and approved Chinese punctuation and spacing; the DeepL alternative is less precise, less natural, or semantically weaker."
"history.setSkill","zh-Hans","Set {skill} to {rank}","77319DA02DA0DBEE04C21303E9C8460EA452D1CB980B146CF12582679109EAD6","Relocalizable Undo/Redo action description.","HIGH","rank; skill","","","将{skill}设为{rank}级","将 {技能} 设为 {等级}","INVALID_TOKENS","INVALID_DEEPL_REPAIRED","将{skill}设为{rank}级","DeepL is retained as invalid comparative evidence for “Set {skill} to {rank}” (history.setSkill) because it failed PLACEHOLDERS validation; the independently reviewed Codex wording restores the exact structural contract and approved terminology."
"history.startProducing","zh-Hans","Start producing {resource} at {outpost}","A19EAEEBCA12AC4C3545C0B61AB4A78E7056468D7B8AE2CC203C0401ADF421F6","Relocalizable Undo/Redo action description.","HIGH","outpost; resource","","term.outpost=哨站 [strategy=phrase]; glossary.producing=生产中 [strategy=key-scoped, variants=生产中 | 开始生产 | 停止生产]","开始在{outpost}生产{resource}","在 {前哨站} 开始生产 {资源}","INVALID_TOKENS","INVALID_DEEPL_REPAIRED","开始在{outpost}生产{resource}","DeepL is retained as invalid comparative evidence for “Start producing {resource} at {outpost}” (history.startProducing) because it failed PLACEHOLDERS validation; the independently reviewed Codex wording restores the exact structural contract and approved terminology."
"history.stopProducing","zh-Hans","Stop producing {resource} at {outpost}","2790D53F2BF7B708F26E90199DE17B9513C9139A68F79CB1DEB82265FEF538C1","Relocalizable Undo/Redo action description.","HIGH","outpost; resource","","term.outpost=哨站 [strategy=phrase]; glossary.producing=生产中 [strategy=key-scoped, variants=生产中 | 开始生产 | 停止生产]","停止在{outpost}生产{resource}","在 {前哨站} 停止生产 {资源}","INVALID_TOKENS","INVALID_DEEPL_REPAIRED","停止在{outpost}生产{resource}","DeepL is retained as invalid comparative evidence for “Stop producing {resource} at {outpost}” (history.stopProducing) because it failed PLACEHOLDERS validation; the independently reviewed Codex wording restores the exact structural contract and approved terminology."
"history.undo","zh-Hans","Undo","A8283ADE31856F71220DB0E6F60A257C6889DC4DAD0F275F66AD44B9ED9BF8D5","Relocalizable Undo/Redo action description.","MEDIUM","","","glossary.undo-redo=撤销 / 重做 [strategy=key-scoped]","撤销","撤销","IDENTICAL","AGREED","撤销","Codex and DeepL independently agree for “Undo” (history.undo); the shared wording preserves the English meaning, required tokens, and approved Simplified Chinese style."
"history.undo.action","zh-Hans","Undo: {action}","A6CB877C6B435FF3EF0D9ABAD3387FFFCC47FA869E27199FE203B086E36A51E8","Relocalizable Undo/Redo action description.","MEDIUM","action","","glossary.undo-redo=撤销 / 重做 [strategy=key-scoped]","撤销：{action}","撤销：{操作}","INVALID_TOKENS","INVALID_DEEPL_REPAIRED","撤销：{action}","DeepL is retained as invalid comparative evidence for “Undo: {action}” (history.undo.action) because it failed PLACEHOLDERS validation; the independently reviewed Codex wording restores the exact structural contract and approved terminology."
"history.undo.none","zh-Hans","Nothing to undo","8329007820D54938FE5DBF93C1D1CA8D76CD0657AD4C882689605F572E4AE6F0","Relocalizable Undo/Redo action description.","MEDIUM","","","glossary.undo-redo=撤销 / 重做 [strategy=key-scoped]","没有可撤销的操作","无操作可撤销","SUBSTANTIVE","CODEX","没有可撤销的操作","Codex is selected for “Nothing to undo” (history.undo.none) because its wording more precisely matches the tracker context and approved Chinese punctuation and spacing; the DeepL alternative is less precise, less natural, or semantically weaker. It also follows the row’s binding terminology (glossary.undo-redo=撤销 / 重做 [strategy=key-scoped]), which the DeepL candidate does not consistently preserve."
"history.unlinkCargoPad","zh-Hans","Unlink {outpost} / {pad}","7D8EBF7B409B216684FF93170EEAE15F2111513D9D1262FF30E02F9A4DE5A668","Relocalizable Undo/Redo action description.","HIGH","outpost; pad","","term.outpost=哨站 [strategy=phrase]","取消链接{outpost} / {pad}","解除 {前哨站} / {平台} 的关联","INVALID_TOKENS","INVALID_DEEPL_REPAIRED","取消链接{outpost} / {pad}","DeepL is retained as invalid comparative evidence for “Unlink {outpost} / {pad}” (history.unlinkCargoPad) because it failed PLACEHOLDERS validation; the independently reviewed Codex wording restores the exact structural contract and approved terminology."
"locale.selector.automatic","zh-Hans","Automatic ({locale})","F139A462E854752156E3389DC3276EC53EC63E5840856D9649163DB4D1E08FD5","Language selector and effective-locale presentation.","LOW","locale","","","自动（{locale}）","自动（{locale}）","IDENTICAL","AGREED","自动（{locale}）","Codex and DeepL independently agree for “Automatic ({locale})” (locale.selector.automatic); the shared wording preserves the English meaning, required tokens, and approved Simplified Chinese style."
"locale.selector.current","zh-Hans","Language and region: {locale}","4130B7241194E6419EDB302D6D20F78FB64719872DA27A1790711E229321E8A1","Language selector and effective-locale presentation.","LOW","locale","","","语言和地区：{locale}","语言和地区：{locale}","IDENTICAL","AGREED","语言和地区：{locale}","Codex and DeepL independently agree for “Language and region: {locale}” (locale.selector.current); the shared wording preserves the English meaning, required tokens, and approved Simplified Chinese style."
"locale.selector.label","zh-Hans","Language and region","4F9555CD54EADE38887A7B1D16435E6487A41C92F684BD78E01F20EA991C8E7D","Language selector and effective-locale presentation. This is a form or control label.","LOW","","","","语言和地区","语言和地区","IDENTICAL","AGREED","语言和地区","Codex and DeepL independently agree for “Language and region” (locale.selector.label); the shared wording preserves the English meaning, required tokens, and approved Simplified Chinese style."
"matrix.action.toggle","zh-Hans","{action} {item}","DC8B8B32CEB833991863B5F3DACF816862F17865C8B68302C2CEAE5E445FA49D","Resource Matrix label, action, state, or tooltip.","HIGH","action; item","","","{action}{item}","{操作} {项目}","INVALID_TOKENS","INVALID_DEEPL_REPAIRED","{action}{item}","DeepL is retained as invalid comparative evidence for “{action} {item}” (matrix.action.toggle) because it failed PLACEHOLDERS validation; the independently reviewed Codex wording restores the exact structural contract and approved terminology."
"matrix.action.togglePresent","zh-Hans","Toggle Present for {item}","3B1861C21786E4B797EA34D360FBA067E9B75766F21067D01CC9F3EA3655C739","Resource Matrix label, action, state, or tooltip.","MEDIUM","item","","glossary.present=存在 [strategy=key-scoped, variants=存在 | 可用]","切换{item}的存在状态","切换 {item} 的“在场”状态","SUBSTANTIVE","CODEX","切换{item}的存在状态","Codex is selected for “Toggle Present for {item}” (matrix.action.togglePresent) because its wording more precisely matches the tracker context and approved Chinese punctuation and spacing; the DeepL alternative is less precise, less natural, or semantically weaker. It also follows the row’s binding terminology (glossary.present=存在 [strategy=key-scoped, variants=存在 | 可用]), which the DeepL candidate does not consistently preserve."
"matrix.action.toggleProducing","zh-Hans","Toggle Producing for {item}","83C0CBABA203A6B13DF5A148B7872FFE8D686A15440DA523539073C54D1703BE","Resource Matrix label, action, state, or tooltip.","MEDIUM","item","","glossary.producing=生产中 [strategy=key-scoped, variants=生产中 | 开始生产 | 停止生产]","切换{item}的生产状态","切换 {item} 的“生成”状态","SUBSTANTIVE","CODEX","切换{item}的生产状态","Codex is selected for “Toggle Producing for {item}” (matrix.action.toggleProducing) because its wording more precisely matches the tracker context and approved Chinese punctuation and spacing; the DeepL alternative is less precise, less natural, or semantically weaker. It also follows the row’s binding terminology (glossary.producing=生产中 [strategy=key-scoped, variants=生产中 | 开始生产 | 停止生产]), which the DeepL candidate does not consistently preserve."
"matrix.action.toggleProducingSource","zh-Hans","Toggle Producing from {source} for {item}","42793C59523D94302785651913A4291213010AD11779FCE9378B7782B43BB2B5","Resource Matrix label, action, state, or tooltip.","HIGH","item; source","","glossary.producing=生产中 [strategy=key-scoped, variants=生产中 | 开始生产 | 停止生产]; glossary.source=来源 [strategy=semantic-concept, variants=来源 | 来源哨站]","切换{item}是否由{source}生产","切换 {item} 来自 {source} 的制作","SUBSTANTIVE","CODEX","切换{item}是否由{source}生产","Codex is selected for “Toggle Producing from {source} for {item}” (matrix.action.toggleProducingSource) because its wording more precisely matches the tracker context and approved Chinese punctuation and spacing; the DeepL alternative is less precise, less natural, or semantically weaker. It also follows the row’s binding terminology (glossary.producing=生产中 [strategy=key-scoped, variants=生产中 | 开始生产 | 停止生产]; glossary.source=来源 [strategy=semantic-concept, variants=来源 | 来源哨站]), which the DeepL candidate does not consistently preserve."
"matrix.action.xTech.add","zh-Hans","Add {resource} as present","48E58826798CF2E5504DCE63D53A13988656582AED2B000DD05BC58F134C0666","Resource Matrix label, action, state, or tooltip.","MEDIUM","resource","","glossary.present=存在 [strategy=key-scoped, variants=存在 | 可用]","将{resource}添加为存在","将 {resource} 添加为现有资源","SUBSTANTIVE","CUSTOM","将{resource}标记为存在","A custom wording is selected for “Add {resource} as present” (matrix.action.xTech.add) because 标记为存在 states the Present-state action more naturally than either 添加为存在 or 添加为现有资源; placeholders, terminology, and punctuation remain exact."
"matrix.column.inputs","zh-Hans","Inputs","7ABC49DFA87BC183179762B87F9914CEADC46C29A5621493A4A91E54D401C1ED","Compact Resource Matrix column for items required by configured recipes or organic production; not data-entry fields.","HIGH","","","glossary.inputs=所需材料 [strategy=semantic-concept, variants=所需材料 | 所需资源]","所需材料","输入","SUBSTANTIVE","CODEX","所需材料","Codex is selected for “Inputs” (matrix.column.inputs) because its wording more precisely matches the tracker context and approved Chinese punctuation and spacing; the DeepL alternative is less precise, less natural, or semantically weaker. It also follows the row’s binding terminology (glossary.inputs=所需材料 [strategy=semantic-concept, variants=所需材料 | 所需资源]), which the DeepL candidate does not consistently preserve."
"matrix.column.item","zh-Hans","Item","652BCC3A478428893CC505AE19F847B49BE52F861BEDC64BB192CEED409FA733","Resource Matrix label, action, state, or tooltip.","MEDIUM","","","","物品","物品","IDENTICAL","AGREED","物品","Codex and DeepL independently agree for “Item” (matrix.column.item); the shared wording preserves the English meaning, required tokens, and approved Simplified Chinese style."
"matrix.column.logistics","zh-Hans","Logistics","AE6E98909C98E7C973D920A2D6868685D2E2F25DB3E98683EF3D0DBAE00BF7D6","Compact Resource Matrix column for items actually assigned to routed cargo exports; not merely items that could be exported.","HIGH","","","glossary.logistics=物流 [strategy=key-scoped]","物流","后勤","SUBSTANTIVE","CODEX","物流","Codex is selected for “Logistics” (matrix.column.logistics) because its wording more precisely matches the tracker context and approved Chinese punctuation and spacing; the DeepL alternative is less precise, less natural, or semantically weaker. It also follows the row’s binding terminology (glossary.logistics=物流 [strategy=key-scoped]), which the DeepL candidate does not consistently preserve."
"matrix.column.present","zh-Hans","Present","43F9B89C0B9D22D8110EAD813EA3949F20592A8BFC3C777D2D49E64DA3B0CC9B","Compact Resource Matrix column label meaning the item/resource exists or can exist at this outpost/location; not temporal “currently”.","HIGH","","","glossary.present=存在 [strategy=key-scoped, variants=存在 | 可用]","存在","现有","SUBSTANTIVE","CODEX","存在","Codex is selected for “Present” (matrix.column.present) because its wording more precisely matches the tracker context and approved Chinese punctuation and spacing; the DeepL alternative is less precise, less natural, or semantically weaker. It also follows the row’s binding terminology (glossary.present=存在 [strategy=key-scoped, variants=存在 | 可用]), which the DeepL candidate does not consistently preserve."
"matrix.column.producing","zh-Hans","Producing","6205C14B87A9F7261B6078D0347AAA6998853CC7BE936390846C6F1B95BF0B56","Compact Resource Matrix state meaning this outpost is configured to extract, harvest, or manufacture the item; no throughput is implied.","HIGH","","","glossary.producing=生产中 [strategy=key-scoped, variants=生产中 | 开始生产 | 停止生产]","生产中","生产","SUBSTANTIVE","CODEX","生产中","Codex is selected for “Producing” (matrix.column.producing) because its wording more precisely matches the tracker context and approved Chinese punctuation and spacing; the DeepL alternative is less precise, less natural, or semantically weaker. It also follows the row’s binding terminology (glossary.producing=生产中 [strategy=key-scoped, variants=生产中 | 开始生产 | 停止生产]), which the DeepL candidate does not consistently preserve."
"matrix.column.source","zh-Hans","Source","0E570CA6FABE24F94E52C1833F3FFD25567022BEB826FA16891F3322051BC221","Resource Matrix label, action, state, or tooltip.","MEDIUM","","","glossary.source=来源 [strategy=semantic-concept, variants=来源 | 来源哨站]","来源","来源","IDENTICAL","AGREED","来源","Codex and DeepL independently agree for “Source” (matrix.column.source); the shared wording preserves the English meaning, required tokens, and approved Simplified Chinese style."
"matrix.heading","zh-Hans","Resource Matrix","0FF84E3776BFD5BC3F7CB4E19082D8AF196D2FE785AA1368744C9A46FAEA6569","Heading for the Resource Matrix, a tabular view of resource presence, active production, recipe inputs, and routed logistics. This is a visible heading.","HIGH","","","glossary.resource-matrix=资源状态表 [strategy=phrase]","资源状态表","资源矩阵","SUBSTANTIVE","CODEX","资源状态表","Codex is selected for “Resource Matrix” (matrix.heading) because its wording more precisely matches the tracker context and approved Chinese punctuation and spacing; the DeepL alternative is less precise, less natural, or semantically weaker. It also follows the row’s binding terminology (glossary.resource-matrix=资源状态表 [strategy=phrase]), which the DeepL candidate does not consistently preserve."
"matrix.imports.empty","zh-Hans","No imports.","0D77E00016DF198643A2253AFBFBE2438E9B062704280FD31A6401F534C29C89","Resource Matrix label, action, state, or tooltip.","MEDIUM","","","","没有导入物品。","无进口。","SUBSTANTIVE","CODEX","没有导入物品。","Codex is selected for “No imports.” (matrix.imports.empty) because its wording more precisely matches the tracker context and approved Chinese punctuation and spacing; the DeepL alternative is less precise, less natural, or semantically weaker."
"matrix.manufacturing.add","zh-Hans","Add manufactured product","9121C16E7EDB9925D309961B06EE2F11B3E7B1F05E2FA48ABA47B1F2B63FB0EA","Resource Matrix label, action, state, or tooltip.","MEDIUM","","","glossary.manufacturing=制造 [strategy=semantic-concept]","添加制造产品","添加制成品","SUBSTANTIVE","DEEPL","添加制成品","Source-blinded constrained re-adjudication preferred the exact DeepL candidate because 制成品 is the more natural noun for a manufactured output in this control."
"matrix.manufacturing.addLabel","zh-Hans","Add product","61C2739652DED96551EFED256FE50CD2B163432AFC860F3DE72E67B389419350","Resource Matrix label, action, state, or tooltip.","MEDIUM","","","glossary.manufacturing=制造 [strategy=semantic-concept]","添加产品","添加产品","IDENTICAL","AGREED","添加产品","Codex and DeepL independently agree for “Add product” (matrix.manufacturing.addLabel); the shared wording preserves the English meaning, required tokens, and approved Simplified Chinese style."
"matrix.manufacturing.empty","zh-Hans","No manufacturing recorded.","99A796FE6FA135735F0A14B99075E5C0042639AA22F89F176B3E6E5C5FF962A4","Resource Matrix label, action, state, or tooltip.","MEDIUM","","","glossary.manufacturing=制造 [strategy=semantic-concept]","未记录制造项目。","未记录任何制造信息。","SUBSTANTIVE","CODEX","未记录制造项目。","Codex is selected for “No manufacturing recorded.” (matrix.manufacturing.empty) because its wording more precisely matches the tracker context and approved Chinese punctuation and spacing; the DeepL alternative is less precise, less natural, or semantically weaker. It also follows the row’s binding terminology (glossary.manufacturing=制造 [strategy=semantic-concept]), which the DeepL candidate does not consistently preserve."
"matrix.manufacturing.select","zh-Hans","Select product...","BC94A3C3810455749C1271E4F7F3326D0E62558B83CA19258D3DDE4DE99923B8","Resource Matrix label, action, state, or tooltip.","MEDIUM","","","glossary.manufacturing=制造 [strategy=semantic-concept]","选择产品……","选择产品...","SUBSTANTIVE","CODEX","选择产品……","Codex is selected for “Select product...” (matrix.manufacturing.select) because its wording more precisely matches the tracker context and approved Chinese punctuation and spacing; the DeepL alternative is less precise, less natural, or semantically weaker. It also follows the row’s binding terminology (glossary.manufacturing=制造 [strategy=semantic-concept]), which the DeepL candidate does not consistently preserve."
"matrix.section.imports","zh-Hans","Imports","7DF60B64E7EF61E31FC47CAA6F57B0DDCE2FBBD9EB6A49D425EA04F34F5A542C","Resource Matrix label, action, state, or tooltip.","MEDIUM","","","","导入","进口","SUBSTANTIVE","DEEPL","进口","Source-blinded re-adjudication preferred the exact DeepL candidate because 进口 denotes incoming goods in the Resource Matrix and avoids confusion with software data import."
"matrix.section.inorganic","zh-Hans","Inorganic","897FDA90A70D9858F75D9CBD82D0E8F76C5D41753289E3FF619EB61863A5E91F","Resource Matrix section heading for mineral/inorganic resources.","HIGH","","","glossary.inorganic=无机 [strategy=semantic-concept]","无机","无机","IDENTICAL","AGREED","无机","Codex and DeepL independently agree for “Inorganic” (matrix.section.inorganic); the shared wording preserves the English meaning, required tokens, and approved Simplified Chinese style."
"matrix.section.manufacturing","zh-Hans","Manufacturing","C6838ED989FD7D93BA9023466783C95230843EE13ACAFD63A355F9AD766CC39F","Resource Matrix section heading for configured product manufacturing; no throughput is modeled.","HIGH","","","glossary.manufacturing=制造 [strategy=semantic-concept]","制造","生产","SUBSTANTIVE","CODEX","制造","Codex is selected for “Manufacturing” (matrix.section.manufacturing) because its wording more precisely matches the tracker context and approved Chinese punctuation and spacing; the DeepL alternative is less precise, less natural, or semantically weaker. It also follows the row’s binding terminology (glossary.manufacturing=制造 [strategy=semantic-concept]), which the DeepL candidate does not consistently preserve."
"matrix.section.organic","zh-Hans","Organic","89B8CB68F4EDD75B5FB10DA9CC85802C15214A84CDA6D2F2D841BDF80E7109D3","Resource Matrix section heading for resources obtained from flora or fauna.","HIGH","","","glossary.organic=有机 [strategy=semantic-concept]","有机","有机","IDENTICAL","AGREED","有机","Codex and DeepL independently agree for “Organic” (matrix.section.organic); the shared wording preserves the English meaning, required tokens, and approved Simplified Chinese style."
"matrix.source.unspecified","zh-Hans","Unspecified","5B8AA0BF3C59DAEC38E2D0C690A1A62513208D1E2075DAD62A32CA0B9440B1A1","Resource Matrix label, action, state, or tooltip.","MEDIUM","","","glossary.source=来源 [strategy=semantic-concept, variants=来源 | 来源哨站]","未指定","未指定","IDENTICAL","AGREED","未指定","Codex and DeepL independently agree for “Unspecified” (matrix.source.unspecified); the shared wording preserves the English meaning, required tokens, and approved Simplified Chinese style."
"matrix.state.active","zh-Hans","{item}: active","C5842642495AB6998996C229C92496708FC4AC40E64CABBF5D42D2C105D54505","Resource Matrix label, action, state, or tooltip.","MEDIUM","item","","","{item}：启用","{item}: 有效","SUBSTANTIVE","CODEX","{item}：启用","Codex is selected for “{item}: active” (matrix.state.active) because its wording more precisely matches the tracker context and approved Chinese punctuation and spacing; the DeepL alternative is less precise, less natural, or semantically weaker."
"matrix.state.inactive","zh-Hans","{item}: inactive","6A8DF3F499FC4DBF092E8D8BA000DA986477895629A19B6E0F4D0D1585B62630","Resource Matrix label, action, state, or tooltip.","MEDIUM","item","","","{item}：未启用","{item}：非活性","SUBSTANTIVE","CODEX","{item}：未启用","Codex is selected for “{item}: inactive” (matrix.state.inactive) because its wording more precisely matches the tracker context and approved Chinese punctuation and spacing; the DeepL alternative is less precise, less natural, or semantically weaker."
"matrix.tooltip.export.active","zh-Hans","{item} is being exported to {destinations}.","055BBD5D2C929206E046EC3F250A6E5E18CA49A54ABAD1F5BB25F548EC20368F","Resource Matrix label, action, state, or tooltip. This is explanatory tooltip text.","HIGH","destinations; item","","glossary.destination=目的地 [strategy=semantic-concept]","{item}正在导出至{destinations}。","{item} 正在导出至 {destinations}。","SUBSTANTIVE","CODEX","{item}正在导出至{destinations}。","Codex is selected for “{item} is being exported to {destinations}.” (matrix.tooltip.export.active) because its wording more precisely matches the tracker context and approved Chinese punctuation and spacing; the DeepL alternative is less precise, less natural, or semantically weaker. It also follows the row’s binding terminology (glossary.destination=目的地 [strategy=semantic-concept]), which the DeepL candidate does not consistently preserve."
"matrix.tooltip.export.inactive","zh-Hans","{item} is not being exported.","3D5C74ACC064244CA844A5985D467922DF00655889AA20E9E09D1D734B70A9A7","Resource Matrix label, action, state, or tooltip. This is explanatory tooltip text.","MEDIUM","item","","","{item}未在导出。","{item} 未被导出。","SUBSTANTIVE","CUSTOM","{item}未被导出。","Source-blinded re-adjudication required a custom spacing-normalized passive construction so the item is clearly described as not being exported."
"matrix.tooltip.import.active","zh-Hans","{item} is being imported.","22B78023B0061204A0DAAD357D2E134A358394AEF6B2B56014E7F962FABBF63C","Resource Matrix label, action, state, or tooltip. This is explanatory tooltip text.","MEDIUM","item","","","{item}正在导入。","{item} 正在被导入。","SUBSTANTIVE","CUSTOM","{item}正在被导入。","Source-blinded re-adjudication required a custom spacing-normalized passive construction so the item is clearly the object being imported."
"matrix.tooltip.input.available","zh-Hans","{item} is available at this outpost.","7E957480BD17FC93AD8CCF3CCF75C1D611C2A0F1062E1B1EF3CE52149B52A5EF","Resource Matrix label, action, state, or tooltip. This is explanatory tooltip text.","MEDIUM","item","","term.outpost=哨站 [strategy=phrase]; glossary.inputs=所需材料 [strategy=semantic-concept, variants=所需材料 | 所需资源]","此哨站有可用的{item}。","该前哨站有 {item} 库存。","SUBSTANTIVE","CODEX","此哨站有可用的{item}。","Codex is selected for “{item} is available at this outpost.” (matrix.tooltip.input.available) because its wording more precisely matches the tracker context and approved Chinese punctuation and spacing; the DeepL alternative is less precise, less natural, or semantically weaker. It also follows the row’s binding terminology (term.outpost=哨站 [strategy=phrase]; glossary.inputs=所需材料 [strategy=semantic-concept, variants=所需材料 | 所需资源]), which the DeepL candidate does not consistently preserve."
"matrix.tooltip.input.unavailable","zh-Hans","{item} is not available at this outpost.","CD51B09CECAF9938958EC84ED6BBD41ED9F65CCCA813377987402991246A0CD5","Resource Matrix label, action, state, or tooltip. This is explanatory tooltip text.","MEDIUM","item","","term.outpost=哨站 [strategy=phrase]; glossary.inputs=所需材料 [strategy=semantic-concept, variants=所需材料 | 所需资源]","此哨站没有可用的{item}。","该前哨站没有 {item}。","SUBSTANTIVE","CODEX","此哨站没有可用的{item}。","Codex is selected for “{item} is not available at this outpost.” (matrix.tooltip.input.unavailable) because its wording more precisely matches the tracker context and approved Chinese punctuation and spacing; the DeepL alternative is less precise, less natural, or semantically weaker. It also follows the row’s binding terminology (term.outpost=哨站 [strategy=phrase]; glossary.inputs=所需材料 [strategy=semantic-concept, variants=所需材料 | 所需资源]), which the DeepL candidate does not consistently preserve."
"matrix.tooltip.manufacturing.blocked","zh-Hans","{item} is not being produced at this outpost due to missing inputs.","6B5041B4E9ACD713834127A9C03F6511181DAD863E498E96483D2310DD98D6A9","Resource Matrix label, action, state, or tooltip. This is explanatory tooltip text.","MEDIUM","item","","term.outpost=哨站 [strategy=phrase]; glossary.inputs=所需材料 [strategy=semantic-concept, variants=所需材料 | 所需资源]","由于缺少所需材料，{item}未在此哨站生产。","由于缺少原料，该前哨站目前无法生产 {item}。","SUBSTANTIVE","CODEX","由于缺少所需材料，{item}未在此哨站生产。","Codex is selected for “{item} is not being produced at this outpost due to missing inputs.” (matrix.tooltip.manufacturing.blocked) because its wording more precisely matches the tracker context and approved Chinese punctuation and spacing; the DeepL alternative is less precise, less natural, or semantically weaker. It also follows the row’s binding terminology (term.outpost=哨站 [strategy=phrase]; glossary.inputs=所需材料 [strategy=semantic-concept, variants=所需材料 | 所需资源]), which the DeepL candidate does not consistently preserve."
"matrix.tooltip.producing.active","zh-Hans","{item} is being produced at this outpost.","89F21A9639298627054AC3918E70BF648B4396E095781366BE34464D13526799","Resource Matrix label, action, state, or tooltip. This is explanatory tooltip text.","MEDIUM","item","","term.outpost=哨站 [strategy=phrase]; glossary.producing=生产中 [strategy=key-scoped, variants=生产中 | 开始生产 | 停止生产]","{item}正在此哨站生产。","该前哨站正在生产 {item}。","SUBSTANTIVE","CODEX","{item}正在此哨站生产。","Codex is selected for “{item} is being produced at this outpost.” (matrix.tooltip.producing.active) because its wording more precisely matches the tracker context and approved Chinese punctuation and spacing; the DeepL alternative is less precise, less natural, or semantically weaker. It also follows the row’s binding terminology (term.outpost=哨站 [strategy=phrase]; glossary.producing=生产中 [strategy=key-scoped, variants=生产中 | 开始生产 | 停止生产]), which the DeepL candidate does not consistently preserve."
"matrix.tooltip.producing.inactive","zh-Hans","{item} is not being produced at this outpost.","B3AFCA938B63F0F57D691FE84D631E6D4437FDE13C97F357C38C8F382BD7AFED","Resource Matrix label, action, state, or tooltip. This is explanatory tooltip text.","MEDIUM","item","","term.outpost=哨站 [strategy=phrase]; glossary.producing=生产中 [strategy=key-scoped, variants=生产中 | 开始生产 | 停止生产]","{item}未在此哨站生产。","该前哨站目前未生产 {item}。","SUBSTANTIVE","CODEX","{item}未在此哨站生产。","Codex is selected for “{item} is not being produced at this outpost.” (matrix.tooltip.producing.inactive) because its wording more precisely matches the tracker context and approved Chinese punctuation and spacing; the DeepL alternative is less precise, less natural, or semantically weaker. It also follows the row’s binding terminology (term.outpost=哨站 [strategy=phrase]; glossary.producing=生产中 [strategy=key-scoped, variants=生产中 | 开始生产 | 停止生产]), which the DeepL candidate does not consistently preserve."
"matrix.tooltip.xTech.add","zh-Hans","Add {resource} as present. It can be extracted at any outpost if X-Tech Power Cores are available.","E34F279A7F5A3549EA040DD701E16C40D9F8249A016812C77F881DABCB4C403E","Resource Matrix label, action, state, or tooltip. This is explanatory tooltip text.","MEDIUM","resource","","term.outpost=哨站 [strategy=phrase]; term.x-tech-power-core=X技术能量核心 [strategy=phrase]; term.x-tech=X技术 [strategy=phrase]; glossary.present=存在 [strategy=key-scoped, variants=存在 | 可用]","将{resource}添加为存在。如果有可用的X技术能量核心，就能在任意哨站开采该资源。","将 {resource} 标记为“有”。只要有 X-Tech 动力核心，即可在任何前哨站开采该资源。","SUBSTANTIVE","CUSTOM","将{resource}标记为存在。如果有可用的X技术能量核心，即可在任意哨站开采该资源。","Source-blinded constrained re-adjudication required custom wording to preserve 标记为存在, approved X技术 terminology, and the conditional any-outpost extraction meaning."
"matrix.tooltip.xTech.present","zh-Hans","{resource} has been explicitly recorded as present at this outpost.","89CF62DE4E95AA5CEAB06EE75ABBE42F751A04010C1ECACB0EE9465EC3AB67D1","Resource Matrix label, action, state, or tooltip. This is explanatory tooltip text.","MEDIUM","resource","","term.outpost=哨站 [strategy=phrase]; glossary.present=存在 [strategy=key-scoped, variants=存在 | 可用]","{resource}已明确记录为存在于此哨站。","{资源} 已被明确记录为存在于该前哨站。","INVALID_TOKENS","INVALID_DEEPL_REPAIRED","{resource}已明确记录为存在于此哨站。","DeepL is retained as invalid comparative evidence for “{resource} has been explicitly recorded as present at this outpost.” (matrix.tooltip.xTech.present) because it failed PLACEHOLDERS validation; the independently reviewed Codex wording restores the exact structural contract and approved terminology."
"network.active","zh-Hans","Active network","0B957FC62D5C68AF27552AB97A19DBF3AA3CCD23B5170F2C4019C60ABE8BE776","Network navigation, creation, reset, or deletion UI.","LOW","","","glossary.network=哨站网络 [strategy=semantic-concept, variants=哨站网络 | 网络]","当前哨站网络","活动网络","SUBSTANTIVE","CODEX","当前哨站网络","Codex is selected for “Active network” (network.active) because its wording more precisely matches the tracker context and approved Chinese punctuation and spacing; the DeepL alternative is less precise, less natural, or semantically weaker. It also follows the row’s binding terminology (glossary.network=哨站网络 [strategy=semantic-concept, variants=哨站网络 | 网络]), which the DeepL candidate does not consistently preserve."
"network.add","zh-Hans","Add Network","E9DCB1FBEC276039EE2BAEEB66B84C21F9F8CCF54E2CB460172D516912A22600","Network navigation, creation, reset, or deletion UI.","LOW","","","glossary.network=哨站网络 [strategy=semantic-concept, variants=哨站网络 | 网络]","添加哨站网络","添加网络","SUBSTANTIVE","CODEX","添加哨站网络","Codex is selected for “Add Network” (network.add) because its wording more precisely matches the tracker context and approved Chinese punctuation and spacing; the DeepL alternative is less precise, less natural, or semantically weaker. It also follows the row’s binding terminology (glossary.network=哨站网络 [strategy=semantic-concept, variants=哨站网络 | 网络]), which the DeepL candidate does not consistently preserve."
"network.delete.button","zh-Hans","Delete Network","AA4090A876BCC1C8E2C1AF6A01D0A7A3734FD6D3CFD09BFA89A385770CB5E5BF","Network navigation, creation, reset, or deletion UI.","LOW","","","glossary.network=哨站网络 [strategy=semantic-concept, variants=哨站网络 | 网络]","删除哨站网络","删除网络","SUBSTANTIVE","CODEX","删除哨站网络","Codex is selected for “Delete Network” (network.delete.button) because its wording more precisely matches the tracker context and approved Chinese punctuation and spacing; the DeepL alternative is less precise, less natural, or semantically weaker. It also follows the row’s binding terminology (glossary.network=哨站网络 [strategy=semantic-concept, variants=哨站网络 | 网络]), which the DeepL candidate does not consistently preserve."
"network.delete.confirmTitle","zh-Hans","DELETE NETWORK","11DC8262799793DF1CF2986AF191074D48FF37E294CF28AFC9AB48F73B560E94","Network navigation, creation, reset, or deletion UI.","LOW","","","glossary.network=哨站网络 [strategy=semantic-concept, variants=哨站网络 | 网络]","删除哨站网络","删除网络","SUBSTANTIVE","CODEX","删除哨站网络","Codex is selected for “DELETE NETWORK” (network.delete.confirmTitle) because its wording more precisely matches the tracker context and approved Chinese punctuation and spacing; the DeepL alternative is less precise, less natural, or semantically weaker. It also follows the row’s binding terminology (glossary.network=哨站网络 [strategy=semantic-concept, variants=哨站网络 | 网络]), which the DeepL candidate does not consistently preserve."
"network.delete.explanation","zh-Hans","Remove the current network from this collection?","76DEDAA619A8B2E99FB971B9FB03C7B9CB0FEDB7F1ECB70E271D503F14ABEB2C","Network navigation, creation, reset, or deletion UI.","HIGH","","","glossary.network=哨站网络 [strategy=semantic-concept, variants=哨站网络 | 网络]","要从此集合中移除当前哨站网络吗？","要从该集合中移除当前网络吗？","SUBSTANTIVE","CODEX","要从此集合中移除当前哨站网络吗？","Codex is selected for “Remove the current network from this collection?” (network.delete.explanation) because its wording more precisely matches the tracker context and approved Chinese punctuation and spacing; the DeepL alternative is less precise, less natural, or semantically weaker. It also follows the row’s binding terminology (glossary.network=哨站网络 [strategy=semantic-concept, variants=哨站网络 | 网络]), which the DeepL candidate does not consistently preserve."
"network.delete.undoHint","zh-Hans","You can undo this action during the current session.","BF0AF22DD2EC6095FEE0D256A95B2DFD2A94A640EB3A49DA284B3702CFE01361","Network navigation, creation, reset, or deletion UI.","HIGH","","","glossary.undo-redo=撤销 / 重做 [strategy=key-scoped]","你可以在当前会话中撤销此操作。","您可以在当前会话期间撤销此操作。","SUBSTANTIVE","CODEX","你可以在当前会话中撤销此操作。","Codex is selected for “You can undo this action during the current session.” (network.delete.undoHint) because its wording more precisely matches the tracker context and approved Chinese punctuation and spacing; the DeepL alternative is less precise, less natural, or semantically weaker. It also follows the row’s binding terminology (glossary.undo-redo=撤销 / 重做 [strategy=key-scoped]), which the DeepL candidate does not consistently preserve."
"network.label","zh-Hans","NETWORK","B5A9716FCD63F4A279E2F6DF8F6DE89DCE75FF38FAD8C7E04EBB2D8E2227E2EB","Network navigation, creation, reset, or deletion UI. This is a form or control label.","LOW","","","glossary.network=哨站网络 [strategy=semantic-concept, variants=哨站网络 | 网络]","哨站网络","网络","SUBSTANTIVE","CODEX","哨站网络","Codex is selected for “NETWORK” (network.label) because its wording more precisely matches the tracker context and approved Chinese punctuation and spacing; the DeepL alternative is less precise, less natural, or semantically weaker. It also follows the row’s binding terminology (glossary.network=哨站网络 [strategy=semantic-concept, variants=哨站网络 | 网络]), which the DeepL candidate does not consistently preserve."
"network.next","zh-Hans","Next Network","F450398F4C7903569B56638D94C9011C735664B10737251BFA7F4C0101F284E1","Network navigation, creation, reset, or deletion UI.","LOW","","","glossary.network=哨站网络 [strategy=semantic-concept, variants=哨站网络 | 网络]","下一个哨站网络","下一个网络","SUBSTANTIVE","CODEX","下一个哨站网络","Codex is selected for “Next Network” (network.next) because its wording more precisely matches the tracker context and approved Chinese punctuation and spacing; the DeepL alternative is less precise, less natural, or semantically weaker. It also follows the row’s binding terminology (glossary.network=哨站网络 [strategy=semantic-concept, variants=哨站网络 | 网络]), which the DeepL candidate does not consistently preserve."
"network.previous","zh-Hans","Previous Network","E295D9F36D309D7BD32F382E55F37078BE9A0F210F595FC041A9263CAD8F7CD6","Network navigation, creation, reset, or deletion UI.","LOW","","","glossary.network=哨站网络 [strategy=semantic-concept, variants=哨站网络 | 网络]","上一个哨站网络","上一个网络","SUBSTANTIVE","CODEX","上一个哨站网络","Codex is selected for “Previous Network” (network.previous) because its wording more precisely matches the tracker context and approved Chinese punctuation and spacing; the DeepL alternative is less precise, less natural, or semantically weaker. It also follows the row’s binding terminology (glossary.network=哨站网络 [strategy=semantic-concept, variants=哨站网络 | 网络]), which the DeepL candidate does not consistently preserve."
"network.reset.button","zh-Hans","Reset Network","9D09E8E28CBDF80525D2F7764BF37218267BA965A5FAB20169CCD79D006D468B","Network navigation, creation, reset, or deletion UI.","LOW","","","glossary.network=哨站网络 [strategy=semantic-concept, variants=哨站网络 | 网络]","重置哨站网络","重置网络","SUBSTANTIVE","CODEX","重置哨站网络","Codex is selected for “Reset Network” (network.reset.button) because its wording more precisely matches the tracker context and approved Chinese punctuation and spacing; the DeepL alternative is less precise, less natural, or semantically weaker. It also follows the row’s binding terminology (glossary.network=哨站网络 [strategy=semantic-concept, variants=哨站网络 | 网络]), which the DeepL candidate does not consistently preserve."
"network.reset.confirmTitle","zh-Hans","RESET NETWORK","5766579AA160E3F4BDCFE9D0A1F3CDCDCA184EA4DC775A8DB8F1483BE23DF912","Network navigation, creation, reset, or deletion UI.","LOW","","","glossary.network=哨站网络 [strategy=semantic-concept, variants=哨站网络 | 网络]","重置哨站网络","重置网络","SUBSTANTIVE","CODEX","重置哨站网络","Codex is selected for “RESET NETWORK” (network.reset.confirmTitle) because its wording more precisely matches the tracker context and approved Chinese punctuation and spacing; the DeepL alternative is less precise, less natural, or semantically weaker. It also follows the row’s binding terminology (glossary.network=哨站网络 [strategy=semantic-concept, variants=哨站网络 | 网络]), which the DeepL candidate does not consistently preserve."
"network.reset.explanation","zh-Hans","Reset the current network to a fresh default state?","C205E1A69D327991E52083EF9CB8C9D02EA17B4BA75F19A5481FC2AFF56A3709","Network navigation, creation, reset, or deletion UI.","HIGH","","","glossary.network=哨站网络 [strategy=semantic-concept, variants=哨站网络 | 网络]","要将当前哨站网络重置为全新的默认状态吗？","将当前网络重置为全新的默认状态吗？","SUBSTANTIVE","CODEX","要将当前哨站网络重置为全新的默认状态吗？","Codex is selected for “Reset the current network to a fresh default state?” (network.reset.explanation) because its wording more precisely matches the tracker context and approved Chinese punctuation and spacing; the DeepL alternative is less precise, less natural, or semantically weaker. It also follows the row’s binding terminology (glossary.network=哨站网络 [strategy=semantic-concept, variants=哨站网络 | 网络]), which the DeepL candidate does not consistently preserve."
"outpost.biomes.label","zh-Hans","Biomes","923B13B59420A08EB268290B93A1C70D296A8B817CE8947ADB6A49F366EF5ACE","Outpost navigation or details UI. This is a form or control label.","LOW","","","term.biome=生物群系 [strategy=semantic-concept, variants=生物群系 | 生物群落 | 生态群落]","生物群系","生物群系","IDENTICAL","AGREED","生物群系","Codex and DeepL independently agree for “Biomes” (outpost.biomes.label); the shared wording preserves the English meaning, required tokens, and approved Simplified Chinese style."
"outpost.body.label","zh-Hans","Body","6CCAA6415B5EE449E3C5C716F57B4608EBE3B780F5AA6B077BC5D8EEE5D961F9","Outpost navigation or details UI. This is a form or control label.","LOW","","","term.planetary-body=行星体 [strategy=phrase]","行星体","生物体","SUBSTANTIVE","CODEX","行星体","Codex is selected for “Body” (outpost.body.label) because its wording more precisely matches the tracker context and approved Chinese punctuation and spacing; the DeepL alternative is less precise, less natural, or semantically weaker. It also follows the row’s binding terminology (term.planetary-body=行星体 [strategy=phrase]), which the DeepL candidate does not consistently preserve."
"outpost.body.select","zh-Hans","Select body...","90F280224A8D610BF8D4DCAE00626AA3D4690006D09C8B5B9569751376DCD80F","Outpost navigation or details UI.","LOW","","","term.planetary-body=行星体 [strategy=phrase]","选择行星体……","选择躯体...","SUBSTANTIVE","CODEX","选择行星体……","Codex is selected for “Select body...” (outpost.body.select) because its wording more precisely matches the tracker context and approved Chinese punctuation and spacing; the DeepL alternative is less precise, less natural, or semantically weaker. It also follows the row’s binding terminology (term.planetary-body=行星体 [strategy=phrase]), which the DeepL candidate does not consistently preserve."
"outpost.defaultName","zh-Hans","New Outpost","8D0546F4F9854D2F963190B3A1BD9EC4B7B39AE1C5E37B6B295673313CC0F0A3","Outpost navigation or details UI.","LOW","","","term.outpost=哨站 [strategy=phrase]","新哨站","新建前哨站","SUBSTANTIVE","CODEX","新哨站","Codex is selected for “New Outpost” (outpost.defaultName) because its wording more precisely matches the tracker context and approved Chinese punctuation and spacing; the DeepL alternative is less precise, less natural, or semantically weaker. It also follows the row’s binding terminology (term.outpost=哨站 [strategy=phrase]), which the DeepL candidate does not consistently preserve."
"outpost.delete","zh-Hans","Delete Outpost","7C7C8CE5EBE3BA6F5320C09AF897EA8E5F727E9A6750952C79BBC17E555B1F2B","Outpost navigation or details UI.","LOW","","","term.outpost=哨站 [strategy=phrase]","删除哨站","删除前哨站","SUBSTANTIVE","CODEX","删除哨站","Codex is selected for “Delete Outpost” (outpost.delete) because its wording more precisely matches the tracker context and approved Chinese punctuation and spacing; the DeepL alternative is less precise, less natural, or semantically weaker. It also follows the row’s binding terminology (term.outpost=哨站 [strategy=phrase]), which the DeepL candidate does not consistently preserve."
"outpost.details.heading","zh-Hans","Outpost Details","7D886EAAF7F4BC15858F5417447819FCB5985CD60478E216E028EF0F213D4182","Outpost navigation or details UI. This is a visible heading.","LOW","","","term.outpost=哨站 [strategy=phrase]","哨站详情","前哨站详情","SUBSTANTIVE","CODEX","哨站详情","Codex is selected for “Outpost Details” (outpost.details.heading) because its wording more precisely matches the tracker context and approved Chinese punctuation and spacing; the DeepL alternative is less precise, less natural, or semantically weaker. It also follows the row’s binding terminology (term.outpost=哨站 [strategy=phrase]), which the DeepL candidate does not consistently preserve."
"outpost.name.label","zh-Hans","Outpost name","3BD68489C2D0581A28EE1F1CE5DAB3BC21CE46D1FD761B4640DA783A41C3D457","Outpost navigation or details UI. This is a form or control label.","LOW","","","term.outpost=哨站 [strategy=phrase]","哨站名称","前哨站名称","SUBSTANTIVE","CODEX","哨站名称","Codex is selected for “Outpost name” (outpost.name.label) because its wording more precisely matches the tracker context and approved Chinese punctuation and spacing; the DeepL alternative is less precise, less natural, or semantically weaker. It also follows the row’s binding terminology (term.outpost=哨站 [strategy=phrase]), which the DeepL candidate does not consistently preserve."
"outpost.navigation.add","zh-Hans","Add outpost","E918451B6D2EC69126402B9C3D175CBCF5114A80163A34073D64D10FE29E5D0A","Outpost navigation or details UI.","MEDIUM","","","term.outpost=哨站 [strategy=phrase]","添加哨站","添加前哨站","SUBSTANTIVE","CODEX","添加哨站","Codex is selected for “Add outpost” (outpost.navigation.add) because its wording more precisely matches the tracker context and approved Chinese punctuation and spacing; the DeepL alternative is less precise, less natural, or semantically weaker. It also follows the row’s binding terminology (term.outpost=哨站 [strategy=phrase]), which the DeepL candidate does not consistently preserve."
"outpost.navigation.addButton","zh-Hans","+ Add Outpost","06AD289BA37366FCBA4775FB277122AC18D8606595C6352F0E5C9BE65D9B5110","Outpost navigation or details UI.","MEDIUM","","","term.outpost=哨站 [strategy=phrase]","+ 添加哨站","+ 添加前哨站","SUBSTANTIVE","CODEX","+ 添加哨站","Codex is selected for “+ Add Outpost” (outpost.navigation.addButton) because its wording more precisely matches the tracker context and approved Chinese punctuation and spacing; the DeepL alternative is less precise, less natural, or semantically weaker. It also follows the row’s binding terminology (term.outpost=哨站 [strategy=phrase]), which the DeepL candidate does not consistently preserve."
"outpost.navigation.addWithLimit","zh-Hans","Add outpost ({count} of {limit})","4928A704D273269A24171CBD44B902B9D71A29FB8DB6C1949798C197A98B4965","Outpost navigation or details UI.","HIGH","count; limit","","term.outpost=哨站 [strategy=phrase]","添加哨站（{count}/{limit}）","添加前哨站（{count} 个，上限 {limit}）","SUBSTANTIVE","CODEX","添加哨站（{count}/{limit}）","Codex is selected for “Add outpost ({count} of {limit})” (outpost.navigation.addWithLimit) because its wording more precisely matches the tracker context and approved Chinese punctuation and spacing; the DeepL alternative is less precise, less natural, or semantically weaker. It also follows the row’s binding terminology (term.outpost=哨站 [strategy=phrase]), which the DeepL candidate does not consistently preserve."
"outpost.navigation.finishReshuffle","zh-Hans","Finish reshuffling outposts","423DB1152FC67CD3D44FBB11830AF6E0791A279C6506F60456C664EFB193B6C6","Outpost navigation or details UI.","MEDIUM","","","term.outpost=哨站 [strategy=phrase]; glossary.reshuffle=调整顺序 [strategy=key-scoped, variants=调整顺序 | 完成排序]","完成哨站排序","完成前哨站重新洗牌","SUBSTANTIVE","CODEX","完成哨站排序","Codex is selected for “Finish reshuffling outposts” (outpost.navigation.finishReshuffle) because its wording more precisely matches the tracker context and approved Chinese punctuation and spacing; the DeepL alternative is less precise, less natural, or semantically weaker. It also follows the row’s binding terminology (term.outpost=哨站 [strategy=phrase]; glossary.reshuffle=调整顺序 [strategy=key-scoped, variants=调整顺序 | 完成排序]), which the DeepL candidate does not consistently preserve."
"outpost.navigation.heading","zh-Hans","Outposts","33E85B75FFC107AC8534734E5B71351017A834D0565B34B2ED638D6F126018ED","Outpost navigation or details UI. This is a visible heading.","MEDIUM","","","term.outpost=哨站 [strategy=phrase]","哨站","前哨站","SUBSTANTIVE","CODEX","哨站","Codex is selected for “Outposts” (outpost.navigation.heading) because its wording more precisely matches the tracker context and approved Chinese punctuation and spacing; the DeepL alternative is less precise, less natural, or semantically weaker. It also follows the row’s binding terminology (term.outpost=哨站 [strategy=phrase]), which the DeepL candidate does not consistently preserve."
"outpost.navigation.hide","zh-Hans","Hide outpost navigation","B839ADB9654CA0364F08C1339E3E4236761EFFE604E3E4F04DA5A812F37B9700","Outpost navigation or details UI.","MEDIUM","","","term.outpost=哨站 [strategy=phrase]","隐藏哨站导航","隐藏前哨站导航","SUBSTANTIVE","CODEX","隐藏哨站导航","Codex is selected for “Hide outpost navigation” (outpost.navigation.hide) because its wording more precisely matches the tracker context and approved Chinese punctuation and spacing; the DeepL alternative is less precise, less natural, or semantically weaker. It also follows the row’s binding terminology (term.outpost=哨站 [strategy=phrase]), which the DeepL candidate does not consistently preserve."
"outpost.navigation.lockOrder","zh-Hans","Lock order","7502440CB9BF3D736CC75C78D7491D37DC186DA7164CA35F318B8F2D2FF6E851","Button that exits outpost reordering mode and prevents further reordering; “lock” is an ordering action, not security or login.","HIGH","","","glossary.lock-order=锁定顺序 [strategy=key-scoped]","锁定顺序","锁定顺序","IDENTICAL","AGREED","锁定顺序","Codex and DeepL independently agree for “Lock order” (outpost.navigation.lockOrder); the shared wording preserves the English meaning, required tokens, and approved Simplified Chinese style."
"outpost.navigation.reshuffle","zh-Hans","Reshuffle outposts","58EA58B8292536DC1E5774C5F2A981EBE1F2E73AC2B7E353CA8F79684F327E7B","Outpost navigation or details UI.","MEDIUM","","","term.outpost=哨站 [strategy=phrase]; glossary.reshuffle=调整顺序 [strategy=key-scoped, variants=调整顺序 | 完成排序]","调整哨站顺序","重新排列前哨站","SUBSTANTIVE","CODEX","调整哨站顺序","Codex is selected for “Reshuffle outposts” (outpost.navigation.reshuffle) because its wording more precisely matches the tracker context and approved Chinese punctuation and spacing; the DeepL alternative is less precise, less natural, or semantically weaker. It also follows the row’s binding terminology (term.outpost=哨站 [strategy=phrase]; glossary.reshuffle=调整顺序 [strategy=key-scoped, variants=调整顺序 | 完成排序]), which the DeepL candidate does not consistently preserve."
"outpost.navigation.reshuffleButton","zh-Hans","Reshuffle","24AB205A02FFFE0FE0223DC041BE048135351B78CAE94C04C035FCA9BCEA8BD8","Button that enters manual outpost reordering mode; it does not randomize the order.","HIGH","","","glossary.reshuffle=调整顺序 [strategy=key-scoped, variants=调整顺序 | 完成排序]","调整顺序","重新排列","SUBSTANTIVE","CODEX","调整顺序","Codex is selected for “Reshuffle” (outpost.navigation.reshuffleButton) because its wording more precisely matches the tracker context and approved Chinese punctuation and spacing; the DeepL alternative is less precise, less natural, or semantically weaker. It also follows the row’s binding terminology (glossary.reshuffle=调整顺序 [strategy=key-scoped, variants=调整顺序 | 完成排序]), which the DeepL candidate does not consistently preserve."
"outpost.navigation.show","zh-Hans","Show outpost navigation","BA0B278C43B4D6DE0A8FD21B2E975995EF957087C6C82264B85227AD7F74B397","Outpost navigation or details UI.","MEDIUM","","","term.outpost=哨站 [strategy=phrase]","显示哨站导航","显示前哨站导航","SUBSTANTIVE","CODEX","显示哨站导航","Codex is selected for “Show outpost navigation” (outpost.navigation.show) because its wording more precisely matches the tracker context and approved Chinese punctuation and spacing; the DeepL alternative is less precise, less natural, or semantically weaker. It also follows the row’s binding terminology (term.outpost=哨站 [strategy=phrase]), which the DeepL candidate does not consistently preserve."
"outpost.referenceData.empty","zh-Hans","No resource reference data found for this body.","866A6B8F00387269E5B2FA19103325087600910327518293F88B2F6B5A7650EB","Outpost navigation or details UI.","LOW","","","term.planetary-body=行星体 [strategy=phrase]","未找到此行星体的资源参考数据。","未找到此实体的资源参考数据。","SUBSTANTIVE","CODEX","未找到此行星体的资源参考数据。","Codex is selected for “No resource reference data found for this body.” (outpost.referenceData.empty) because its wording more precisely matches the tracker context and approved Chinese punctuation and spacing; the DeepL alternative is less precise, less natural, or semantically weaker. It also follows the row’s binding terminology (term.planetary-body=行星体 [strategy=phrase]), which the DeepL candidate does not consistently preserve."
"outpost.solar.label","zh-Hans","Solar","31CE6E79178093B714406B55954C625A9FD47B70C7A6802D5FB5E744422E475C","Outpost navigation or details UI. This is a form or control label.","LOW","","","","太阳能","太阳系","SUBSTANTIVE","CODEX","太阳能","Codex is selected for “Solar” (outpost.solar.label) because its wording more precisely matches the tracker context and approved Chinese punctuation and spacing; the DeepL alternative is less precise, less natural, or semantically weaker."
"outpost.system.label","zh-Hans","System","6725E7BBCD28F3A8A586FA34BF191FD72DDE8B61756932CD3237C17A6F196F1A","Outpost navigation or details UI. This is a form or control label.","LOW","","","term.star-system=星系 [strategy=phrase]","星系","星系","IDENTICAL","AGREED","星系","Codex and DeepL independently agree for “System” (outpost.system.label); the shared wording preserves the English meaning, required tokens, and approved Simplified Chinese style."
"outpost.system.select","zh-Hans","Select system...","431B1B70F97562CE0F87841BA9BA411218AB24EDE4C350C23A3545DFBE18689C","Outpost navigation or details UI.","LOW","","","term.star-system=星系 [strategy=phrase]","选择星系……","选择星系...","SUBSTANTIVE","CODEX","选择星系……","Codex is selected for “Select system...” (outpost.system.select) because its wording more precisely matches the tracker context and approved Chinese punctuation and spacing; the DeepL alternative is less precise, less natural, or semantically weaker. It also follows the row’s binding terminology (term.star-system=星系 [strategy=phrase]), which the DeepL candidate does not consistently preserve."
"outpost.wind.label","zh-Hans","Wind","D151346FE7EEA3C6A0865199579CA6017487DBF981D59CDD1FCADADB03518DC8","Outpost navigation or details UI. This is a form or control label.","LOW","","","","风能","风能","IDENTICAL","AGREED","风能","Codex and DeepL independently agree for “Wind” (outpost.wind.label); the shared wording preserves the English meaning, required tokens, and approved Simplified Chinese style."
"plannedSupply.add","zh-Hans","Add {item} to Planned Supply","A8539A127A899BB2398BA3906312BBEE81A35C0D58EC399A484FCD0B41CF02C9","Planned Supply planning UI; virtual supply, not inventory.","MEDIUM","item","","glossary.planned-supply=计划供应 [strategy=key-scoped]","将{item}添加到计划供应","将 {项目} 添加到计划供应中","INVALID_TOKENS","INVALID_DEEPL_REPAIRED","将{item}添加到计划供应","DeepL is retained as invalid comparative evidence for “Add {item} to Planned Supply” (plannedSupply.add) because it failed PLACEHOLDERS validation; the independently reviewed Codex wording restores the exact structural contract and approved terminology."
"plannedSupply.addItems","zh-Hans","Add items to Planned Supply","5C46C1CF781EA9B9D66DEE794383D0121D9D2FC5F4BB6201E73E61D10329E312","Planned Supply planning UI; virtual supply, not inventory.","MEDIUM","","","glossary.planned-supply=计划供应 [strategy=key-scoped]","向计划供应添加物品","将项目添加到计划供应中","SUBSTANTIVE","CODEX","向计划供应添加物品","Codex is selected for “Add items to Planned Supply” (plannedSupply.addItems) because its wording more precisely matches the tracker context and approved Chinese punctuation and spacing; the DeepL alternative is less precise, less natural, or semantically weaker. It also follows the row’s binding terminology (glossary.planned-supply=计划供应 [strategy=key-scoped]), which the DeepL candidate does not consistently preserve."
"plannedSupply.collapse","zh-Hans","Collapse Planned Supply","E15065C5BD181D7F121DAD0EB15A70975340E090B66B202E5F92A2CB8631406D","Planned Supply planning UI; virtual supply, not inventory.","MEDIUM","","","glossary.planned-supply=计划供应 [strategy=key-scoped]","折叠计划供应","折叠计划供应","IDENTICAL","AGREED","折叠计划供应","Codex and DeepL independently agree for “Collapse Planned Supply” (plannedSupply.collapse); the shared wording preserves the English meaning, required tokens, and approved Simplified Chinese style."
"plannedSupply.empty","zh-Hans","No planned supply.","3C83B844C6CE9EE6706973FCF39E55A35FF7AB50C29EEF75CE86FA07EA3A6FFB","Planned Supply planning UI; virtual supply, not inventory.","MEDIUM","","","glossary.planned-supply=计划供应 [strategy=key-scoped]","没有计划供应。","没有计划供应。","IDENTICAL","AGREED","没有计划供应。","Codex and DeepL independently agree for “No planned supply.” (plannedSupply.empty); the shared wording preserves the English meaning, required tokens, and approved Simplified Chinese style."
"plannedSupply.expand","zh-Hans","Expand Planned Supply","8CCC084632C6908601B2EBACF0F20E85D93E881534F95C3268243A4E215B6527","Planned Supply planning UI; virtual supply, not inventory.","MEDIUM","","","glossary.planned-supply=计划供应 [strategy=key-scoped]","展开计划供应","展开“计划供应”","SUBSTANTIVE","CODEX","展开计划供应","Codex is selected for “Expand Planned Supply” (plannedSupply.expand) because its wording more precisely matches the tracker context and approved Chinese punctuation and spacing; the DeepL alternative is less precise, less natural, or semantically weaker. It also follows the row’s binding terminology (glossary.planned-supply=计划供应 [strategy=key-scoped]), which the DeepL candidate does not consistently preserve."
"plannedSupply.heading","zh-Hans","Planned Supply","3748580A9E100E8B05D1F36B32346EDAA2DF422A8256FA71DF620ACFEA43E4AD","Feature heading for virtual future supply intent. It is not current inventory, a reservation, or an actual delivery. This is a visible heading.","HIGH","","","glossary.planned-supply=计划供应 [strategy=key-scoped]","计划供应","计划供应","IDENTICAL","AGREED","计划供应","Codex and DeepL independently agree for “Planned Supply” (plannedSupply.heading); the shared wording preserves the English meaning, required tokens, and approved Simplified Chinese style."
"plannedSupply.remove","zh-Hans","Remove {item} from Planned Supply","00837F0F710BA09B864290FD9F8FD8FA53E364D3BC5F24FF6B06C3E7E02D0DD3","Planned Supply planning UI; virtual supply, not inventory.","MEDIUM","item","","glossary.planned-supply=计划供应 [strategy=key-scoped]","从计划供应中移除{item}","从计划供应中移除 {项目}","INVALID_TOKENS","INVALID_DEEPL_REPAIRED","从计划供应中移除{item}","DeepL is retained as invalid comparative evidence for “Remove {item} from Planned Supply” (plannedSupply.remove) because it failed PLACEHOLDERS validation; the independently reviewed Codex wording restores the exact structural contract and approved terminology."
"plannedSupply.removeAll","zh-Hans","Remove all Planned Supply","CF751884A0857D7CD62B5716C0F7BB082E80D3FE85CB229ABFFB1E013F81EE38","Planned Supply planning UI; virtual supply, not inventory.","MEDIUM","","","glossary.planned-supply=计划供应 [strategy=key-scoped]","移除所有计划供应","移除所有计划供应","IDENTICAL","AGREED","移除所有计划供应","Codex and DeepL independently agree for “Remove all Planned Supply” (plannedSupply.removeAll); the shared wording preserves the English meaning, required tokens, and approved Simplified Chinese style."
"plannedSupply.section.inorganic","zh-Hans","Inorganic Resources","CE416CB725F503F7401314798FE1EAA2BB694AAFAE04907EB650C510ADCB4D08","Planned Supply planning UI; virtual supply, not inventory.","MEDIUM","","","glossary.inorganic=无机 [strategy=semantic-concept]","无机资源","无机资源","IDENTICAL","AGREED","无机资源","Codex and DeepL independently agree for “Inorganic Resources” (plannedSupply.section.inorganic); the shared wording preserves the English meaning, required tokens, and approved Simplified Chinese style."
"plannedSupply.section.organic","zh-Hans","Organic Resources","D04832A3DBACE8F178D1E7DD0767F251B538562419634813F2ACC771E7960289","Planned Supply planning UI; virtual supply, not inventory.","MEDIUM","","","glossary.organic=有机 [strategy=semantic-concept]","有机资源","有机资源","IDENTICAL","AGREED","有机资源","Codex and DeepL independently agree for “Organic Resources” (plannedSupply.section.organic); the shared wording preserves the English meaning, required tokens, and approved Simplified Chinese style."
"plannedSupply.section.products","zh-Hans","Manufactured Products","B125CB525C552EA33D1B71C7588D5324CE7E9E281940068F317C74B4B2BB32CC","Planned Supply planning UI; virtual supply, not inventory.","MEDIUM","","","glossary.manufacturing=制造 [strategy=semantic-concept]","制造产品","制成品","SUBSTANTIVE","DEEPL","制成品","Source-blinded constrained re-adjudication preferred the exact DeepL candidate because 制成品 is the natural manufactured-product noun and matches the related control."
"power.label.good","zh-Hans","Good","C939327CA16DCF97CA32521D8B834BF1DE16573D21DEDA3BB2A337CF403787A6","Power quality label or explanatory tooltip. This is a form or control label.","MEDIUM","","","","良好","商品","SUBSTANTIVE","CODEX","良好","Codex is selected for “Good” (power.label.good) because its wording more precisely matches the tracker context and approved Chinese punctuation and spacing; the DeepL alternative is less precise, less natural, or semantically weaker."
"power.label.none","zh-Hans","None","DC937B59892604F5A86AC96936CD7FF09E25F18AE6B758E8014A24C7FA039E91","Power quality label or explanatory tooltip. This is a form or control label.","MEDIUM","","","","无","无","IDENTICAL","AGREED","无","Codex and DeepL independently agree for “None” (power.label.none); the shared wording preserves the English meaning, required tokens, and approved Simplified Chinese style."
"power.label.normal","zh-Hans","Norm.","DEF003CB8AA2673D2417E0330782C9CE706F4759178EC19C75921F652B5F9DC1","Power quality label or explanatory tooltip. This is a form or control label.","MEDIUM","","","","正常","正常","IDENTICAL","AGREED","正常","Codex and DeepL independently agree for “Norm.” (power.label.normal); the shared wording preserves the English meaning, required tokens, and approved Simplified Chinese style."
"power.label.poor","zh-Hans","Poor","94DFD46D9DAE63E6C692415BBAB8E266C777E87CDD77BEAB02583B8ED7BD874D","Power quality label or explanatory tooltip. This is a form or control label.","MEDIUM","","","","差","差","IDENTICAL","AGREED","差","Codex and DeepL independently agree for “Poor” (power.label.poor); the shared wording preserves the English meaning, required tokens, and approved Simplified Chinese style."
"power.label.unknown","zh-Hans","—","BDA050585A00F0F6CB502350559D75532AE3B244C9498B996E7C5DF2D98DFC8D","Power quality label or explanatory tooltip. This is a form or control label.","MEDIUM","","","","—","—","IDENTICAL","AGREED","—","Codex and DeepL independently agree for “—” (power.label.unknown); the shared wording preserves the English meaning, required tokens, and approved Simplified Chinese style."
"power.label.veryPoor","zh-Hans","V.Poor","23711E1D8AD43AB27CCCCF34CD8A62C0AA722733DD32706AE2BF55B8CF1D0116","Power quality label or explanatory tooltip. This is a form or control label.","MEDIUM","","","","很差","极差","SUBSTANTIVE","DEEPL","极差","DeepL is selected for “V.Poor” (power.label.veryPoor) because 极差 expresses “very poor” more precisely than 很差 while remaining compact and natural for the qualitative power rating; all required structural and Chinese quality checks remain satisfied."
"power.quality.good","zh-Hans","Good","C939327CA16DCF97CA32521D8B834BF1DE16573D21DEDA3BB2A337CF403787A6","Power quality label or explanatory tooltip.","MEDIUM","","","","良好","良好","IDENTICAL","AGREED","良好","Codex and DeepL independently agree for “Good” (power.quality.good); the shared wording preserves the English meaning, required tokens, and approved Simplified Chinese style."
"power.quality.none","zh-Hans","None","DC937B59892604F5A86AC96936CD7FF09E25F18AE6B758E8014A24C7FA039E91","Power quality label or explanatory tooltip.","MEDIUM","","","","无","无","IDENTICAL","AGREED","无","Codex and DeepL independently agree for “None” (power.quality.none); the shared wording preserves the English meaning, required tokens, and approved Simplified Chinese style."
"power.quality.normal","zh-Hans","Normal","A7248EEB45EB1CE247F81693283E22E8B39E8A50890CECD22D02E75025547D90","Power quality label or explanatory tooltip.","MEDIUM","","","","正常","正常","IDENTICAL","AGREED","正常","Codex and DeepL independently agree for “Normal” (power.quality.normal); the shared wording preserves the English meaning, required tokens, and approved Simplified Chinese style."
"power.quality.poor","zh-Hans","Poor","94DFD46D9DAE63E6C692415BBAB8E266C777E87CDD77BEAB02583B8ED7BD874D","Power quality label or explanatory tooltip.","MEDIUM","","","","差","差","IDENTICAL","AGREED","差","Codex and DeepL independently agree for “Poor” (power.quality.poor); the shared wording preserves the English meaning, required tokens, and approved Simplified Chinese style."
"power.quality.unknown","zh-Hans","Unknown","B764CDC0EAB7137467211272FA539F1260D1BF2E71BCF6FF3BDC960F5C16AA14","Power quality label or explanatory tooltip.","MEDIUM","","","","未知","未知","IDENTICAL","AGREED","未知","Codex and DeepL independently agree for “Unknown” (power.quality.unknown); the shared wording preserves the English meaning, required tokens, and approved Simplified Chinese style."
"power.quality.veryPoor","zh-Hans","Very Poor","58D10B9584397B0B71A4A877E0243F8B4202B3F642BE3B4E02A61BBBF4182F32","Power quality label or explanatory tooltip.","MEDIUM","","","","很差","极差","SUBSTANTIVE","DEEPL","极差","DeepL is selected for “Very Poor” (power.quality.veryPoor) because 极差 expresses “very poor” more precisely than 很差 while remaining compact and natural for the qualitative power rating; all required structural and Chinese quality checks remain satisfied."
"power.tooltip.modified","zh-Hans","{source}: {quality} · {multiplier}× output ({modifier})","37B2719E6183F1811D2561A29EEF38307F671674FAAF90F2C4729E18B20599D8","Power quality label or explanatory tooltip. This is explanatory tooltip text.","HIGH","modifier; multiplier; quality; source","","","{source}：{quality} · 输出为 {multiplier}×（{modifier}）","{来源}: {质量} · {倍数}× 输出 ({修饰符})","INVALID_TOKENS","INVALID_DEEPL_REPAIRED","{source}：{quality} · 输出为 {multiplier}×（{modifier}）","DeepL is retained as invalid comparative evidence for “{source}: {quality} · {multiplier}× output ({modifier})” (power.tooltip.modified) because it failed PLACEHOLDERS validation; the independently reviewed Codex wording restores the exact structural contract and approved terminology."
"power.tooltip.noModifier","zh-Hans","{source}: {quality} · {multiplier}× output (no modifier)","082FBB8B5BC3BDFF1C71A7FF8F77A6DFA933011266DC6784C78974CF1309B04B","Power quality label or explanatory tooltip. This is explanatory tooltip text.","HIGH","multiplier; quality; source","","","{source}：{quality} · 输出为 {multiplier}×（无修正）","{来源}: {质量} · {倍数}× 输出（无修饰符）","INVALID_TOKENS","INVALID_DEEPL_REPAIRED","{source}：{quality} · 输出为 {multiplier}×（无修正）","DeepL is retained as invalid comparative evidence for “{source}: {quality} · {multiplier}× output (no modifier)” (power.tooltip.noModifier) because it failed PLACEHOLDERS validation; the independently reviewed Codex wording restores the exact structural contract and approved terminology."
"power.tooltip.unknown","zh-Hans","{source}: {quality}","8DC4D1F651257F48F5D24DD2A1FCA9B3E6ADF13061BA8ADA479B3351201BA517","Power quality label or explanatory tooltip. This is explanatory tooltip text.","HIGH","quality; source","","","{source}：{quality}","{来源}: {质量}","INVALID_TOKENS","INVALID_DEEPL_REPAIRED","{source}：{quality}","DeepL is retained as invalid comparative evidence for “{source}: {quality}” (power.tooltip.unknown) because it failed PLACEHOLDERS validation; the independently reviewed Codex wording restores the exact structural contract and approved terminology."
"production.empty","zh-Hans","No local resources have been selected.","268C8F36EDA0EE5B32EE73CED9B8846849B570966A30A392F0E238D8BE80FFB1","Active Production section.","LOW","","","","尚未选择本地资源。","未选择任何本地资源。","SUBSTANTIVE","CODEX","尚未选择本地资源。","Codex is selected for “No local resources have been selected.” (production.empty) because its wording more precisely matches the tracker context and approved Chinese punctuation and spacing; the DeepL alternative is less precise, less natural, or semantically weaker."
"production.heading","zh-Hans","Active Production","048E7E34826F22874A7BE1F38FAE424C9404D91569160C5ECBDF48139FC577CB","Active Production section. This is a visible heading.","LOW","","","glossary.active-production=当前生产 [strategy=semantic-concept]","当前生产","正在进行的生产","SUBSTANTIVE","CODEX","当前生产","Codex is selected for “Active Production” (production.heading) because its wording more precisely matches the tracker context and approved Chinese punctuation and spacing; the DeepL alternative is less precise, less natural, or semantically weaker. It also follows the row’s binding terminology (glossary.active-production=当前生产 [strategy=semantic-concept]), which the DeepL candidate does not consistently preserve."
"referenceFatal.diagnostic.actualDataset","zh-Hans","Actual dataset ID","D1562EB9E94E9E96B380B70A6FA2EC27E2683DA11D1A723F052FF5B4E73B73EE","Tracker-authored application message.","LOW","","ID","","实际数据集 ID","实际数据集 ID","IDENTICAL","AGREED","实际数据集 ID","Codex and DeepL independently agree for “Actual dataset ID” (referenceFatal.diagnostic.actualDataset); the shared wording preserves the English meaning, required tokens, and approved Simplified Chinese style."
"referenceFatal.diagnostic.actualHash","zh-Hans","Actual hash prefix","6C3A935D967CD3A1AFEF55578D3234F5CDD23EF1663F246DDD60A22293695A6A","Tracker-authored application message.","LOW","","","","实际哈希前缀","实际哈希前缀","IDENTICAL","AGREED","实际哈希前缀","Codex and DeepL independently agree for “Actual hash prefix” (referenceFatal.diagnostic.actualHash); the shared wording preserves the English meaning, required tokens, and approved Simplified Chinese style."
"referenceFatal.diagnostic.asset","zh-Hans","Asset","80D298C9F240900F00B327F5B611DC41AA785788D6FD3EDBE35812CA88F02E9A","Tracker-authored application message.","LOW","","","","资源文件","资产","SUBSTANTIVE","CODEX","资源文件","Codex is selected for “Asset” (referenceFatal.diagnostic.asset) because its wording more precisely matches the tracker context and approved Chinese punctuation and spacing; the DeepL alternative is less precise, less natural, or semantically weaker."
"referenceFatal.diagnostic.code","zh-Hans","Error code","0570B384C3CECF819FB8EBE7AAB1CBB56C7238845FA99B34FC2D6494A7BACD9A","Tracker-authored application message.","LOW","","","","错误代码","错误代码","IDENTICAL","AGREED","错误代码","Codex and DeepL independently agree for “Error code” (referenceFatal.diagnostic.code); the shared wording preserves the English meaning, required tokens, and approved Simplified Chinese style."
"referenceFatal.diagnostic.expectedDataset","zh-Hans","Expected dataset ID","F9BCC9C79CEE38D775E37506F08F6154E63833B5B2CC4160342F66FB6831CE6A","Tracker-authored application message.","LOW","","ID","","预期数据集 ID","预期数据集 ID","IDENTICAL","AGREED","预期数据集 ID","Codex and DeepL independently agree for “Expected dataset ID” (referenceFatal.diagnostic.expectedDataset); the shared wording preserves the English meaning, required tokens, and approved Simplified Chinese style."
"referenceFatal.diagnostic.expectedHash","zh-Hans","Expected hash prefix","8963009395F38E55F0D16BC200A299AC116DC323DCE9E16B38C33BDCCAA14A39","Tracker-authored application message.","LOW","","","","预期哈希前缀","预期的哈希前缀","SUBSTANTIVE","CODEX","预期哈希前缀","Codex is selected for “Expected hash prefix” (referenceFatal.diagnostic.expectedHash) because its wording more precisely matches the tracker context and approved Chinese punctuation and spacing; the DeepL alternative is less precise, less natural, or semantically weaker."
"referenceFatal.diagnostic.locale","zh-Hans","Locale","CA3DC612F47E3913B79F68EAC655D590812439EEC5865189C38A0D7623EFA0AA","Tracker-authored application message.","LOW","","","","区域设置","区域设置","IDENTICAL","AGREED","区域设置","Codex and DeepL independently agree for “Locale” (referenceFatal.diagnostic.locale); the shared wording preserves the English meaning, required tokens, and approved Simplified Chinese style."
"referenceFatal.diagnostic.mediaType","zh-Hans","Media type","080D69147E5E9D098F24C01D7413101E31A17DD6853E4F7BCCCE2D775D945B4B","Tracker-authored application message.","LOW","","","","媒体类型","媒体类型","IDENTICAL","AGREED","媒体类型","Codex and DeepL independently agree for “Media type” (referenceFatal.diagnostic.mediaType); the shared wording preserves the English meaning, required tokens, and approved Simplified Chinese style."
"referenceFatal.diagnostic.schemaVersion","zh-Hans","Manifest schema version","10F91A96B0C00520302942A617346E2AADB048F20CDBF9885A054BF4608091CE","Tracker-authored application message.","LOW","","","","清单架构版本","清单模式版本","SUBSTANTIVE","CODEX","清单架构版本","Codex is selected for “Manifest schema version” (referenceFatal.diagnostic.schemaVersion) because its wording more precisely matches the tracker context and approved Chinese punctuation and spacing; the DeepL alternative is less precise, less natural, or semantically weaker."
"referenceFatal.diagnostic.status","zh-Hans","HTTP status","0F7CF91F242CDF7ABB04BB4710C174D56643D01BC39ACC3E4334C716D06B660B","Tracker-authored application message.","LOW","","","","HTTP 状态","HTTP 状态","IDENTICAL","AGREED","HTTP 状态","Codex and DeepL independently agree for “HTTP status” (referenceFatal.diagnostic.status); the shared wording preserves the English meaning, required tokens, and approved Simplified Chinese style."
"referenceFatal.explanation","zh-Hans","Required reference data could not be loaded correctly. The tracker has stopped to protect your saved work.","3EC004F7CA1FA38DB26295AFAE2403D503FD06CE9CFC32FAB2EF918F900445B6","Tracker-authored application message.","LOW","","","","无法正确加载所需的参考数据。为保护已保存的内容，追踪工具已停止运行。","无法正确加载所需的参考数据。追踪器已停止运行，以保护您已保存的工作。","SUBSTANTIVE","CODEX","无法正确加载所需的参考数据。为保护已保存的内容，追踪工具已停止运行。","Codex is selected for “Required reference data could not be loaded correctly. The tracker has stopped to protect your saved work.” (referenceFatal.explanation) because its wording more precisely matches the tracker context and approved Chinese punctuation and spacing; the DeepL alternative is less precise, less natural, or semantically weaker."
"referenceFatal.heading","zh-Hans","Reference data unavailable","7E97733458B49F2E75B96ED180A7A14D1CFE7562FA391AC12C8F59C7406AB8B9","Tracker-authored application message. This is a visible heading.","LOW","","","","参考数据不可用","参考数据不可用","IDENTICAL","AGREED","参考数据不可用","Codex and DeepL independently agree for “Reference data unavailable” (referenceFatal.heading); the shared wording preserves the English meaning, required tokens, and approved Simplified Chinese style."
"referenceFatal.privacy","zh-Hans","Reporting opens your email app and includes technical diagnostics only. No saved network data is included automatically.","303AC78FCAC8F3E34F83D4EB61798D823F0A7876AB00F9965161C611DBF8CDC1","Tracker-authored application message.","LOW","","","glossary.network=哨站网络 [strategy=semantic-concept, variants=哨站网络 | 网络]","报告问题时会打开电子邮件应用，且仅包含技术诊断信息。已保存的哨站网络数据不会自动附加。","报告功能会打开您的电子邮件应用，且仅包含技术诊断信息。系统不会自动包含任何已保存的网络数据。","SUBSTANTIVE","CODEX","报告问题时会打开电子邮件应用，且仅包含技术诊断信息。已保存的哨站网络数据不会自动附加。","Codex is selected for “Reporting opens your email app and includes technical diagnostics only. No saved network data is included automatically.” (referenceFatal.privacy) because its wording more precisely matches the tracker context and approved Chinese punctuation and spacing; the DeepL alternative is less precise, less natural, or semantically weaker. It also follows the row’s binding terminology (glossary.network=哨站网络 [strategy=semantic-concept, variants=哨站网络 | 网络]), which the DeepL candidate does not consistently preserve."
"referenceFatal.reason.assetContentType","zh-Hans","A required reference file was served with the wrong content type.","E4998173285DA086873408FE340C6AA619B3B0773F5A436F0FEB7049C644640B","Tracker-authored application message.","LOW","","","","所需参考文件的内容类型不正确。","一个必需的参考文件以错误的内容类型提供。","SUBSTANTIVE","CODEX","所需参考文件的内容类型不正确。","Codex is selected for “A required reference file was served with the wrong content type.” (referenceFatal.reason.assetContentType) because its wording more precisely matches the tracker context and approved Chinese punctuation and spacing; the DeepL alternative is less precise, less natural, or semantically weaker."
"referenceFatal.reason.assetFetch","zh-Hans","A required reference file could not be retrieved.","3979D0E6E4FC27C9E487BB1CD34873B03145520CC9C6A55375F1E9E79ABEA888","Tracker-authored application message.","LOW","","","","无法获取所需的参考文件。","无法检索到必需的参考文件。","SUBSTANTIVE","CODEX","无法获取所需的参考文件。","Codex is selected for “A required reference file could not be retrieved.” (referenceFatal.reason.assetFetch) because its wording more precisely matches the tracker context and approved Chinese punctuation and spacing; the DeepL alternative is less precise, less natural, or semantically weaker."
"referenceFatal.reason.assetHash","zh-Hans","A required reference file does not match the manifest.","0B3186DA86F196F10755F0C83C70EAA1FA314A6B5D44A29116799ADCD2073959","Tracker-authored application message.","LOW","","","","所需参考文件与清单不匹配。","一个必需的参考文件与清单不匹配。","SUBSTANTIVE","CODEX","所需参考文件与清单不匹配。","Codex is selected for “A required reference file does not match the manifest.” (referenceFatal.reason.assetHash) because its wording more precisely matches the tracker context and approved Chinese punctuation and spacing; the DeepL alternative is less precise, less natural, or semantically weaker."
"referenceFatal.reason.assetJson","zh-Hans","A required reference file contains invalid JSON.","94C49FE1655FA6C35FCCD77C61FA4D7CA80A445E2E007011E1C4C9806E7CA89D","Tracker-authored application message.","LOW","","JSON","","所需参考文件包含无效的 JSON。","必需的引用文件包含无效的 JSON。","SUBSTANTIVE","CODEX","所需参考文件包含无效的 JSON。","Codex is selected for “A required reference file contains invalid JSON.” (referenceFatal.reason.assetJson) because its wording more precisely matches the tracker context and approved Chinese punctuation and spacing; the DeepL alternative is less precise, less natural, or semantically weaker."
"referenceFatal.reason.assetSchema","zh-Hans","A required reference file has an invalid structure.","C94A3A1F6EF842F8853A9E44C46EB1385D94E138889DA80DB70B9B410C0F9863","Tracker-authored application message.","LOW","","","","所需参考文件的结构无效。","必选引用文件的结构无效。","SUBSTANTIVE","CODEX","所需参考文件的结构无效。","Codex is selected for “A required reference file has an invalid structure.” (referenceFatal.reason.assetSchema) because its wording more precisely matches the tracker context and approved Chinese punctuation and spacing; the DeepL alternative is less precise, less natural, or semantically weaker."
"referenceFatal.reason.assetSize","zh-Hans","A required reference file exceeds the size limit.","A797C74204B047426FF140E429B3BC277771670CCF5999F0C6A74E784EDAFB66","Tracker-authored application message.","LOW","","","","所需参考文件超过大小限制。","一个必需的引用文件超出了大小限制。","SUBSTANTIVE","CODEX","所需参考文件超过大小限制。","Codex is selected for “A required reference file exceeds the size limit.” (referenceFatal.reason.assetSize) because its wording more precisely matches the tracker context and approved Chinese punctuation and spacing; the DeepL alternative is less precise, less natural, or semantically weaker."
"referenceFatal.reason.buildMismatch","zh-Hans","The reference data belongs to a different app build.","3D7236B730DBA31DF9744B3F9A09535F33D61F6C8AEF8C6B6F5C700EC3068CAB","Tracker-authored application message.","LOW","","","","参考数据属于其他应用构建版本。","引用数据属于另一个应用构建版本。","SUBSTANTIVE","CUSTOM","参考数据属于应用的另一构建版本。","Source-blinded re-adjudication selected custom wording that clearly identifies the reference data as belonging to another build of the same application."
"referenceFatal.reason.internal","zh-Hans","The reference data integrity check could not complete.","C8BD867CDCD01CB72B305DA37244AB7AD7F3DEE94E525D460ED99C66214C484F","Tracker-authored application message.","LOW","","","","无法完成参考数据完整性检查。","无法完成引用数据的完整性检查。","SUBSTANTIVE","CODEX","无法完成参考数据完整性检查。","Codex is selected for “The reference data integrity check could not complete.” (referenceFatal.reason.internal) because its wording more precisely matches the tracker context and approved Chinese punctuation and spacing; the DeepL alternative is less precise, less natural, or semantically weaker."
"referenceFatal.reason.manifestFetch","zh-Hans","The reference manifest could not be retrieved.","077DAF53094553A2262D2E9B2FE0FE91E47B807ED53845BC0FA80EF62125B866","Tracker-authored application message.","LOW","","","","无法获取参考数据清单。","无法检索引用清单。","SUBSTANTIVE","CODEX","无法获取参考数据清单。","Codex is selected for “The reference manifest could not be retrieved.” (referenceFatal.reason.manifestFetch) because its wording more precisely matches the tracker context and approved Chinese punctuation and spacing; the DeepL alternative is less precise, less natural, or semantically weaker."
"referenceFatal.reason.manifestInvalid","zh-Hans","The reference manifest is invalid.","856BAD9547F9FCFC0FC3739C43F7BB29FEC0A60BB24ED9C6223890B50BFF15B8","Tracker-authored application message.","LOW","","","","参考数据清单无效。","引用清单无效。","SUBSTANTIVE","CODEX","参考数据清单无效。","Codex is selected for “The reference manifest is invalid.” (referenceFatal.reason.manifestInvalid) because its wording more precisely matches the tracker context and approved Chinese punctuation and spacing; the DeepL alternative is less precise, less natural, or semantically weaker."
"referenceFatal.reason.manifestVersion","zh-Hans","The reference manifest version is unsupported.","937951D077E320AE9746EEBBCD82288FC04A1F59E9931C027F9299AE2A8E52C7","Tracker-authored application message.","LOW","","","","不支持此参考数据清单版本。","引用清单的版本不受支持。","SUBSTANTIVE","CODEX","不支持此参考数据清单版本。","Codex is selected for “The reference manifest version is unsupported.” (referenceFatal.reason.manifestVersion) because its wording more precisely matches the tracker context and approved Chinese punctuation and spacing; the DeepL alternative is less precise, less natural, or semantically weaker."
"referenceFatal.reload","zh-Hans","Reload","BDC090EC61E3FCFC65F469951DFE00F3F2ECFC6003C44DEAC8E05B7237092DE6","Tracker-authored application message.","LOW","","","","重新加载","重新加载","IDENTICAL","AGREED","重新加载","Codex and DeepL independently agree for “Reload” (referenceFatal.reload); the shared wording preserves the English meaning, required tokens, and approved Simplified Chinese style."
"referenceFatal.report","zh-Hans","Report","B6CE788D9786917C9D19ADAA0D904213365607C7F683D7277F508DCF142B4CC2","Tracker-authored application message.","LOW","","","","报告问题","报告","SUBSTANTIVE","CODEX","报告问题","Codex is selected for “Report” (referenceFatal.report) because its wording more precisely matches the tracker context and approved Chinese punctuation and spacing; the DeepL alternative is less precise, less natural, or semantically weaker."
"referenceFatal.report.body","zh-Hans","The tracker stopped during reference data verification. Technical diagnostics:","06E2FE496D91F39F7D0D02747423E0EC5650D97E614BCA7621C24A94861CB697","Tracker-authored application message.","LOW","","","","追踪工具在验证参考数据时停止运行。技术诊断信息：","追踪器在参考数据验证过程中停止运行。技术诊断：","SUBSTANTIVE","CODEX","追踪工具在验证参考数据时停止运行。技术诊断信息：","Codex is selected for “The tracker stopped during reference data verification. Technical diagnostics:” (referenceFatal.report.body) because its wording more precisely matches the tracker context and approved Chinese punctuation and spacing; the DeepL alternative is less precise, less natural, or semantically weaker."
"referenceFatal.report.subject","zh-Hans","Starfield Outpost Tracker reference data problem","D82EA728AF2C1BC3A41761E4959F9857FD8BABAE0396D8BD2B989ED28A6F8680","Tracker-authored application message.","LOW","","","term.outpost=哨站 [strategy=phrase]; product.starfield-brand=Starfield [strategy=key-scoped]","Starfield 哨站追踪工具参考数据问题","星域前哨站追踪器参考数据问题","SUBSTANTIVE","CODEX","Starfield 哨站追踪工具参考数据问题","Codex is selected for “Starfield Outpost Tracker reference data problem” (referenceFatal.report.subject) because its wording more precisely matches the tracker context and approved Chinese punctuation and spacing; the DeepL alternative is less precise, less natural, or semantically weaker. It also follows the row’s binding terminology (term.outpost=哨站 [strategy=phrase]; product.starfield-brand=Starfield [strategy=key-scoped]), which the DeepL candidate does not consistently preserve."
"search.autocomplete.product","zh-Hans","Product","FB9EF894175C327470F768D95CA7BEE65E19853A0EAACE3805F8A7B8A12270DA","Item search control, result, state flag, or accessibility instruction.","MEDIUM","","","","产品","产品","IDENTICAL","AGREED","产品","Codex and DeepL independently agree for “Product” (search.autocomplete.product); the shared wording preserves the English meaning, required tokens, and approved Simplified Chinese style."
"search.autocomplete.resource","zh-Hans","Resource","EB7A842FF958C49C6BB5AC2610915C41B9625D8BB553A87DEAFF5D1884430F34","Item search control, result, state flag, or accessibility instruction.","MEDIUM","","","","资源","资源","IDENTICAL","AGREED","资源","Codex and DeepL independently agree for “Resource” (search.autocomplete.resource); the shared wording preserves the English meaning, required tokens, and approved Simplified Chinese style."
"search.input.description","zh-Hans","Type an item name or abbreviation, then confirm the item to search.","C803DDEE972FC87FE16A018031103C2B8931A0944CB6B84D03271C1226C2F9FC","Item search control, result, state flag, or accessibility instruction. This is accessible or instructional text.","MEDIUM","","","","输入物品名称或缩写，然后确认要搜索的物品。","输入项目名称或缩写，然后确认要搜索的项目。","SUBSTANTIVE","CODEX","输入物品名称或缩写，然后确认要搜索的物品。","Codex is selected for “Type an item name or abbreviation, then confirm the item to search.” (search.input.description) because its wording more precisely matches the tracker context and approved Chinese punctuation and spacing; the DeepL alternative is less precise, less natural, or semantically weaker."
"search.input.label","zh-Hans","Search for resources or products in your outposts.","5503C57D0D797724DCCB827B724DBDA0FC47192929CC9BC7022E5793A287C9A1","Item search control, result, state flag, or accessibility instruction. This is a form or control label.","MEDIUM","","","term.outpost=哨站 [strategy=phrase]","在你的哨站中搜索资源或产品。","在前哨站中搜索资源或产品。","SUBSTANTIVE","CODEX","在你的哨站中搜索资源或产品。","Codex is selected for “Search for resources or products in your outposts.” (search.input.label) because its wording more precisely matches the tracker context and approved Chinese punctuation and spacing; the DeepL alternative is less precise, less natural, or semantically weaker. It also follows the row’s binding terminology (term.outpost=哨站 [strategy=phrase]), which the DeepL candidate does not consistently preserve."
"search.input.placeholder","zh-Hans","Search resources or products","BB2BEF585C633AB7724C054DFF24AF17C79912DE8A4459A109E7F06546D3D694","Item search control, result, state flag, or accessibility instruction.","MEDIUM","","","","搜索资源或产品","搜索资源或产品","IDENTICAL","AGREED","搜索资源或产品","Codex and DeepL independently agree for “Search resources or products” (search.input.placeholder); the shared wording preserves the English meaning, required tokens, and approved Simplified Chinese style."
"search.results.close","zh-Hans","Close Search Results","F96E828A9092B71523FBB3C9A567DAF6722E1245B6496CF2B914D45FAD6970CD","Item search control, result, state flag, or accessibility instruction.","MEDIUM","","","","关闭搜索结果","关闭搜索结果","IDENTICAL","AGREED","关闭搜索结果","Codex and DeepL independently agree for “Close Search Results” (search.results.close); the shared wording preserves the English meaning, required tokens, and approved Simplified Chinese style."
"search.results.dragInstructions","zh-Hans","Move Search Results with the arrow keys. Hold Shift for larger steps.","959897EA69410FC9E83C495B5FAC4989501BE59DFDF33F9FDCB8AAEE31E9DC25","Item search control, result, state flag, or accessibility instruction.","HIGH","","Shift","","使用方向键移动搜索结果。按住 Shift 可增大每次移动的距离。","使用方向键移动搜索结果。按住Shift键可进行更大步幅的移动。","SUBSTANTIVE","CODEX","使用方向键移动搜索结果。按住 Shift 可增大每次移动的距离。","Codex is selected for “Move Search Results with the arrow keys. Hold Shift for larger steps.” (search.results.dragInstructions) because its wording more precisely matches the tracker context and approved Chinese punctuation and spacing; the DeepL alternative is less precise, less natural, or semantically weaker."
"search.results.flag.exporting","zh-Hans","Exporting","EB9B51193618C1A172014167484EF491D9E9BA6B222F0E4DD993F1339B7DFEC0","Item search control, result, state flag, or accessibility instruction.","MEDIUM","","","","正在导出","导出","SUBSTANTIVE","CODEX","正在导出","Codex is selected for “Exporting” (search.results.flag.exporting) because its wording more precisely matches the tracker context and approved Chinese punctuation and spacing; the DeepL alternative is less precise, less natural, or semantically weaker."
"search.results.flag.importing","zh-Hans","Importing","D252FFFACBF0370776D720324538A0E7F77D2A01267BBEEF6CD43378DC68605B","Item search control, result, state flag, or accessibility instruction.","MEDIUM","","","","正在导入","导入","SUBSTANTIVE","CODEX","正在导入","Codex is selected for “Importing” (search.results.flag.importing) because its wording more precisely matches the tracker context and approved Chinese punctuation and spacing; the DeepL alternative is less precise, less natural, or semantically weaker."
"search.results.flag.missingInputs","zh-Hans","Missing Inputs","24BFB7E5906EA9DC87390942ECA120511DF604A3703F2C4EE588151E94E0C02C","Search-result state flag meaning required recipe or organic-production inputs are unavailable.","HIGH","","","glossary.inputs=所需材料 [strategy=semantic-concept, variants=所需材料 | 所需资源]","缺少所需材料","缺少输入项","SUBSTANTIVE","CODEX","缺少所需材料","Codex is selected for “Missing Inputs” (search.results.flag.missingInputs) because its wording more precisely matches the tracker context and approved Chinese punctuation and spacing; the DeepL alternative is less precise, less natural, or semantically weaker. It also follows the row’s binding terminology (glossary.inputs=所需材料 [strategy=semantic-concept, variants=所需材料 | 所需资源]), which the DeepL candidate does not consistently preserve."
"search.results.flag.plannedSupply","zh-Hans","Planned Supply","3748580A9E100E8B05D1F36B32346EDAA2DF422A8256FA71DF620ACFEA43E4AD","Item search control, result, state flag, or accessibility instruction.","MEDIUM","","","glossary.planned-supply=计划供应 [strategy=key-scoped]","计划供应","计划供应量","SUBSTANTIVE","CODEX","计划供应","Codex is selected for “Planned Supply” (search.results.flag.plannedSupply) because its wording more precisely matches the tracker context and approved Chinese punctuation and spacing; the DeepL alternative is less precise, less natural, or semantically weaker. It also follows the row’s binding terminology (glossary.planned-supply=计划供应 [strategy=key-scoped]), which the DeepL candidate does not consistently preserve."
"search.results.flag.present","zh-Hans","Present","43F9B89C0B9D22D8110EAD813EA3949F20592A8BFC3C777D2D49E64DA3B0CC9B","Search-result state flag meaning the item/resource exists or can exist at the outpost; not temporal “currently”.","HIGH","","","glossary.present=存在 [strategy=key-scoped, variants=存在 | 可用]","存在","当前","SUBSTANTIVE","CODEX","存在","Codex is selected for “Present” (search.results.flag.present) because its wording more precisely matches the tracker context and approved Chinese punctuation and spacing; the DeepL alternative is less precise, less natural, or semantically weaker. It also follows the row’s binding terminology (glossary.present=存在 [strategy=key-scoped, variants=存在 | 可用]), which the DeepL candidate does not consistently preserve."
"search.results.flag.producing","zh-Hans","Producing","6205C14B87A9F7261B6078D0347AAA6998853CC7BE936390846C6F1B95BF0B56","Search-result state flag meaning configured active production, without a throughput claim.","HIGH","","","glossary.producing=生产中 [strategy=key-scoped, variants=生产中 | 开始生产 | 停止生产]","生产中","正在生产","SUBSTANTIVE","CODEX","生产中","Codex is selected for “Producing” (search.results.flag.producing) because its wording more precisely matches the tracker context and approved Chinese punctuation and spacing; the DeepL alternative is less precise, less natural, or semantically weaker. It also follows the row’s binding terminology (glossary.producing=生产中 [strategy=key-scoped, variants=生产中 | 开始生产 | 停止生产]), which the DeepL candidate does not consistently preserve."
"search.results.found","zh-Hans","{searchItem} was found at {count} {count, plural, one {outpost} other {outposts}}.","CEC1C6BE530D72128E3C3B1F80BCD0302F86340CBB7E52365511ABDF269D0D0F","Item search control, result, state flag, or accessibility instruction.","HIGH","count; searchItem","","term.outpost=哨站 [strategy=phrase]","在{count}{count, plural, one {个哨站} other {个哨站}}中找到了{searchItem}。","在 {count} 个 {outpost}（其中一个 {outpost}，其余为 {outposts}）中发现了 {searchItem}。","INVALID_TOKENS","INVALID_DEEPL_REPAIRED","在{count}{count, plural, one {个哨站} other {个哨站}}中找到了{searchItem}。","DeepL is retained as invalid comparative evidence for “{searchItem} was found at {count} {count, plural, one {outpost} other {outposts}}.” (search.results.found) because it failed PLACEHOLDERS and PLURAL_SYNTAX validation; the independently reviewed Codex wording restores the exact structural contract and approved terminology."
"search.results.notFound","zh-Hans","{searchItem} was not found at any outpost.","6325CC94B352FEBCD190C61B84407AF02FFF65652F2F3945547C7FE702472233","Item search control, result, state flag, or accessibility instruction.","MEDIUM","searchItem","","term.outpost=哨站 [strategy=phrase]","所有哨站中均未找到{searchItem}。","在任何前哨站均未发现 {searchItem}。","SUBSTANTIVE","CODEX","所有哨站中均未找到{searchItem}。","Codex is selected for “{searchItem} was not found at any outpost.” (search.results.notFound) because its wording more precisely matches the tracker context and approved Chinese punctuation and spacing; the DeepL alternative is less precise, less natural, or semantically weaker. It also follows the row’s binding terminology (term.outpost=哨站 [strategy=phrase]), which the DeepL candidate does not consistently preserve."
"search.results.title","zh-Hans","Search Results","39414102545E7861AEC25ED038FCB11AAFB75B34686705063F2A8FF268CBD368","Item search control, result, state flag, or accessibility instruction. This is a visible heading.","MEDIUM","","","","搜索结果","搜索结果","IDENTICAL","AGREED","搜索结果","Codex and DeepL independently agree for “Search Results” (search.results.title); the shared wording preserves the English meaning, required tokens, and approved Simplified Chinese style."
"search.submit","zh-Hans","Search for item","C33D54FDF7B51A525DEA1D4120CC4AD9AE71A9469DBD27A55C818275D425312C","Item search control, result, state flag, or accessibility instruction.","MEDIUM","","","","搜索物品","搜索物品","IDENTICAL","AGREED","搜索物品","Codex and DeepL independently agree for “Search for item” (search.submit); the shared wording preserves the English meaning, required tokens, and approved Simplified Chinese style."
"shortcuts.action.addCargoLink","zh-Hans","Add Cargo Link","85D0825E6F01A2CCB8FEBC0E71B2AFBD88E531B21869CBCDA43054E1F0D62520","Tracker-authored application message.","HIGH","","","term.cargo-link=货运链接 [strategy=phrase]","添加货运链接","添加货物链接","SUBSTANTIVE","CODEX","添加货运链接","Codex is selected for “Add Cargo Link” (shortcuts.action.addCargoLink) because its wording more precisely matches the tracker context and approved Chinese punctuation and spacing; the DeepL alternative is less precise, less natural, or semantically weaker. It also follows the row’s binding terminology (term.cargo-link=货运链接 [strategy=phrase]), which the DeepL candidate does not consistently preserve."
"shortcuts.action.addOutpost","zh-Hans","Add outpost","E918451B6D2EC69126402B9C3D175CBCF5114A80163A34073D64D10FE29E5D0A","Tracker-authored application message.","HIGH","","","term.outpost=哨站 [strategy=phrase]","添加哨站","添加前哨站","SUBSTANTIVE","CODEX","添加哨站","Codex is selected for “Add outpost” (shortcuts.action.addOutpost) because its wording more precisely matches the tracker context and approved Chinese punctuation and spacing; the DeepL alternative is less precise, less natural, or semantically weaker. It also follows the row’s binding terminology (term.outpost=哨站 [strategy=phrase]), which the DeepL candidate does not consistently preserve."
"shortcuts.action.collapseAllCargoLinks","zh-Hans","Collapse All","55988E28A4E8720A588C5C53FD47616D929A404D3D2AF7E6F8BA313DCE6DC3E4","Tracker-authored application message.","HIGH","","","","全部折叠","折叠全部","SUBSTANTIVE","CODEX","全部折叠","Codex is selected for “Collapse All” (shortcuts.action.collapseAllCargoLinks) because its wording more precisely matches the tracker context and approved Chinese punctuation and spacing; the DeepL alternative is less precise, less natural, or semantically weaker."
"shortcuts.action.expandAllCargoLinks","zh-Hans","Expand All","9F5B023A413A7D0771CC3FB51B103DC0AAAAFE8F7B7C88C7258D43E3BC5B243D","Tracker-authored application message.","HIGH","","","","全部展开","展开全部","SUBSTANTIVE","CODEX","全部展开","Codex is selected for “Expand All” (shortcuts.action.expandAllCargoLinks) because its wording more precisely matches the tracker context and approved Chinese punctuation and spacing; the DeepL alternative is less precise, less natural, or semantically weaker."
"shortcuts.action.export","zh-Hans","Export","3664895579F0A7E68C4AA09C91316E20239BC74499010E6423ECE40CAD7C28F7","Tracker-authored application message.","HIGH","","","glossary.file-import-export=导入 / 导出 [strategy=key-scoped]","导出","导出","IDENTICAL","AGREED","导出","Codex and DeepL independently agree for “Export” (shortcuts.action.export); the shared wording preserves the English meaning, required tokens, and approved Simplified Chinese style."
"shortcuts.action.focusCargoLinks","zh-Hans","Focus Cargo Links","F4802247A8CF7C50951763056B87DE24F432E305AD819ECB78EC62CDBDB9CCEC","Tracker-authored application message.","HIGH","","","term.cargo-link=货运链接 [strategy=phrase]","聚焦货运链接","聚焦货运航线","SUBSTANTIVE","CODEX","聚焦货运链接","Codex is selected for “Focus Cargo Links” (shortcuts.action.focusCargoLinks) because its wording more precisely matches the tracker context and approved Chinese punctuation and spacing; the DeepL alternative is less precise, less natural, or semantically weaker. It also follows the row’s binding terminology (term.cargo-link=货运链接 [strategy=phrase]), which the DeepL candidate does not consistently preserve."
"shortcuts.action.focusFirstInorganic","zh-Hans","Inorganic","897FDA90A70D9858F75D9CBD82D0E8F76C5D41753289E3FF619EB61863A5E91F","Keyboard-shortcut action label that focuses the first inorganic-resource control.","HIGH","","","glossary.inorganic=无机 [strategy=semantic-concept]","无机资源","无机","SUBSTANTIVE","CODEX","无机资源","Codex is selected for “Inorganic” (shortcuts.action.focusFirstInorganic) because its wording more precisely matches the tracker context and approved Chinese punctuation and spacing; the DeepL alternative is less precise, less natural, or semantically weaker. It also follows the row’s binding terminology (glossary.inorganic=无机 [strategy=semantic-concept]), which the DeepL candidate does not consistently preserve."
"shortcuts.action.focusFirstOrganic","zh-Hans","Organic","89B8CB68F4EDD75B5FB10DA9CC85802C15214A84CDA6D2F2D841BDF80E7109D3","Keyboard-shortcut action label that focuses the first organic-resource control.","HIGH","","","glossary.organic=有机 [strategy=semantic-concept]","有机资源","有机","SUBSTANTIVE","CODEX","有机资源","Codex is selected for “Organic” (shortcuts.action.focusFirstOrganic) because its wording more precisely matches the tracker context and approved Chinese punctuation and spacing; the DeepL alternative is less precise, less natural, or semantically weaker. It also follows the row’s binding terminology (glossary.organic=有机 [strategy=semantic-concept]), which the DeepL candidate does not consistently preserve."
"shortcuts.action.focusManufacturingAction","zh-Hans","Manufacturing","C6838ED989FD7D93BA9023466783C95230843EE13ACAFD63A355F9AD766CC39F","Keyboard-shortcut action label that focuses the manufacturing action control.","HIGH","","","glossary.manufacturing=制造 [strategy=semantic-concept]","制造","制造","IDENTICAL","AGREED","制造","Codex and DeepL independently agree for “Manufacturing” (shortcuts.action.focusManufacturingAction); the shared wording preserves the English meaning, required tokens, and approved Simplified Chinese style."
"shortcuts.action.focusNavigation","zh-Hans","Focus Navigation","24472FE6FC2068AE80EFF6E0200D0189608B8827654850B8397875246837836A","Tracker-authored application message.","HIGH","","","","聚焦导航","重点导航","SUBSTANTIVE","CODEX","聚焦导航","Codex is selected for “Focus Navigation” (shortcuts.action.focusNavigation) because its wording more precisely matches the tracker context and approved Chinese punctuation and spacing; the DeepL alternative is less precise, less natural, or semantically weaker."
"shortcuts.action.focusOutpostDetails","zh-Hans","Focus Outpost Details","1EFC75B03DE8E0E05C3B26A40DF970DF16DBDED6A4BA7EF135D77C3CE32FC8A1","Tracker-authored application message.","HIGH","","","term.outpost=哨站 [strategy=phrase]","聚焦哨站详情","焦点前哨详情","SUBSTANTIVE","CODEX","聚焦哨站详情","Codex is selected for “Focus Outpost Details” (shortcuts.action.focusOutpostDetails) because its wording more precisely matches the tracker context and approved Chinese punctuation and spacing; the DeepL alternative is less precise, less natural, or semantically weaker. It also follows the row’s binding terminology (term.outpost=哨站 [strategy=phrase]), which the DeepL candidate does not consistently preserve."
"shortcuts.action.focusPlannedSupply","zh-Hans","Focus Planned Supply","8D7B0DB327DEFC26813D63F99B86FA49AE857C96BE45378D63C8AABCBEBCEB76","Tracker-authored application message.","HIGH","","","glossary.planned-supply=计划供应 [strategy=key-scoped]","聚焦计划供应","重点计划供应","SUBSTANTIVE","CODEX","聚焦计划供应","Codex is selected for “Focus Planned Supply” (shortcuts.action.focusPlannedSupply) because its wording more precisely matches the tracker context and approved Chinese punctuation and spacing; the DeepL alternative is less precise, less natural, or semantically weaker. It also follows the row’s binding terminology (glossary.planned-supply=计划供应 [strategy=key-scoped]), which the DeepL candidate does not consistently preserve."
"shortcuts.action.focusResourceMatrix","zh-Hans","Focus Resource Matrix","44E81583C2EBFA1AB02EDC63051DC5F04255344AA71DC1E9E51DFE53790E0360","Tracker-authored application message.","HIGH","","","glossary.resource-matrix=资源状态表 [strategy=phrase]","聚焦资源状态表","重点资源矩阵","SUBSTANTIVE","CODEX","聚焦资源状态表","Codex is selected for “Focus Resource Matrix” (shortcuts.action.focusResourceMatrix) because its wording more precisely matches the tracker context and approved Chinese punctuation and spacing; the DeepL alternative is less precise, less natural, or semantically weaker. It also follows the row’s binding terminology (glossary.resource-matrix=资源状态表 [strategy=phrase]), which the DeepL candidate does not consistently preserve."
"shortcuts.action.focusSearch","zh-Hans","Focus Search for Items","E51E72ED7EE8D908AA73626008C669625DC40E93D93CDBA207878E19975593EE","Tracker-authored application message.","HIGH","","","","聚焦物品搜索","重点项目检索","SUBSTANTIVE","CODEX","聚焦物品搜索","Codex is selected for “Focus Search for Items” (shortcuts.action.focusSearch) because its wording more precisely matches the tracker context and approved Chinese punctuation and spacing; the DeepL alternative is less precise, less natural, or semantically weaker."
"shortcuts.action.focusSearchResults","zh-Hans","Focus Search Results","FFEBFB20EA12F539C80BA1E36EAB2032B8F122C506A16FA3F78C8DEE8BD445D9","Tracker-authored application message.","HIGH","","","","聚焦搜索结果","Focus 搜索结果","SUBSTANTIVE","CODEX","聚焦搜索结果","Codex is selected for “Focus Search Results” (shortcuts.action.focusSearchResults) because its wording more precisely matches the tracker context and approved Chinese punctuation and spacing; the DeepL alternative is less precise, less natural, or semantically weaker."
"shortcuts.action.import","zh-Hans","Import","2CFF9BAABF56CA002610E113BC94DEB6EDEDDDFC3C130365B6E88ED5195BF774","Tracker-authored application message.","HIGH","","","glossary.file-import-export=导入 / 导出 [strategy=key-scoped]","导入","导入","IDENTICAL","AGREED","导入","Codex and DeepL independently agree for “Import” (shortcuts.action.import); the shared wording preserves the English meaning, required tokens, and approved Simplified Chinese style."
"shortcuts.action.nextOutpost","zh-Hans","Next outpost","DEF30461A56CB316B7129F4AC1BB0C120E21E68BBD25E48CFBF05CAF9CDFB87D","Tracker-authored application message.","HIGH","","","term.outpost=哨站 [strategy=phrase]","下一个哨站","下一个前哨站","SUBSTANTIVE","CODEX","下一个哨站","Codex is selected for “Next outpost” (shortcuts.action.nextOutpost) because its wording more precisely matches the tracker context and approved Chinese punctuation and spacing; the DeepL alternative is less precise, less natural, or semantically weaker. It also follows the row’s binding terminology (term.outpost=哨站 [strategy=phrase]), which the DeepL candidate does not consistently preserve."
"shortcuts.action.previousOutpost","zh-Hans","Previous outpost","7E593746F34E85C483B84F1A22D6BB02BFCB9596C3245646C40FB6ABE47FEBCD","Tracker-authored application message.","HIGH","","","term.outpost=哨站 [strategy=phrase]","上一个哨站","上一个前哨站","SUBSTANTIVE","CODEX","上一个哨站","Codex is selected for “Previous outpost” (shortcuts.action.previousOutpost) because its wording more precisely matches the tracker context and approved Chinese punctuation and spacing; the DeepL alternative is less precise, less natural, or semantically weaker. It also follows the row’s binding terminology (term.outpost=哨站 [strategy=phrase]), which the DeepL candidate does not consistently preserve."
"shortcuts.action.redo","zh-Hans","Redo","74273989B0966E2369B6D01AADB23AF4AD6A9E724643FA88F2BDE99202A36708","Tracker-authored application message.","HIGH","","","glossary.undo-redo=撤销 / 重做 [strategy=key-scoped]","重做","重做","IDENTICAL","AGREED","重做","Codex and DeepL independently agree for “Redo” (shortcuts.action.redo); the shared wording preserves the English meaning, required tokens, and approved Simplified Chinese style."
"shortcuts.action.toggleNavigation","zh-Hans","Show/hide Navigation","7937955816AED06A1A324E2CE9ABA0262F65EDD01DD361D8080B3A60FB0D3A22","Tracker-authored application message.","HIGH","","","","显示或隐藏导航","显示/隐藏导航","SUBSTANTIVE","CODEX","显示或隐藏导航","Codex is selected for “Show/hide Navigation” (shortcuts.action.toggleNavigation) because its wording more precisely matches the tracker context and approved Chinese punctuation and spacing; the DeepL alternative is less precise, less natural, or semantically weaker."
"shortcuts.action.toggleValidation","zh-Hans","Toggle Validation details","90928F457C0204375D13F06546F74A81ECB1ABE84E0AE421726A42F2D6859608","Tracker-authored application message.","HIGH","","","glossary.validation=检查 [strategy=semantic-concept, variants=检查 | 问题]","切换检查详情","切换验证详情","SUBSTANTIVE","CODEX","切换检查详情","Codex is selected for “Toggle Validation details” (shortcuts.action.toggleValidation) because its wording more precisely matches the tracker context and approved Chinese punctuation and spacing; the DeepL alternative is less precise, less natural, or semantically weaker. It also follows the row’s binding terminology (glossary.validation=检查 [strategy=semantic-concept, variants=检查 | 问题]), which the DeepL candidate does not consistently preserve."
"shortcuts.action.undo","zh-Hans","Undo","A8283ADE31856F71220DB0E6F60A257C6889DC4DAD0F275F66AD44B9ED9BF8D5","Tracker-authored application message.","HIGH","","","glossary.undo-redo=撤销 / 重做 [strategy=key-scoped]","撤销","撤销","IDENTICAL","AGREED","撤销","Codex and DeepL independently agree for “Undo” (shortcuts.action.undo); the shared wording preserves the English meaning, required tokens, and approved Simplified Chinese style."
"shortcuts.closeDialog","zh-Hans","Close Keyboard Shortcuts dialog","7AD19E9AA61D97954761BDB3A883E60D71A78B7DF3887C8B172CC6BF9CA4C8E2","Tracker-authored application message.","HIGH","","","","关闭“键盘快捷键”对话框","关闭“键盘快捷键”对话框","IDENTICAL","AGREED","关闭“键盘快捷键”对话框","Codex and DeepL independently agree for “Close Keyboard Shortcuts dialog” (shortcuts.closeDialog); the shared wording preserves the English meaning, required tokens, and approved Simplified Chinese style."
"shortcuts.group.cargoLinks","zh-Hans","Cargo Links","E9B8BE501BF399617C9333EAD8AF1489FBC8A33BC7E250C52EE05609CE8CB30F","Tracker-authored application message.","HIGH","","","term.cargo-link=货运链接 [strategy=phrase]","货运链接","Cargo 链接","SUBSTANTIVE","CODEX","货运链接","Codex is selected for “Cargo Links” (shortcuts.group.cargoLinks) because its wording more precisely matches the tracker context and approved Chinese punctuation and spacing; the DeepL alternative is less precise, less natural, or semantically weaker. It also follows the row’s binding terminology (term.cargo-link=货运链接 [strategy=phrase]), which the DeepL candidate does not consistently preserve."
"shortcuts.group.history","zh-Hans","History","0E769600933790607B2A13B33DDFADE0FA17810EB62C3B28EE23E59516516491","Tracker-authored application message.","HIGH","","","","历史记录","历史记录","IDENTICAL","AGREED","历史记录","Codex and DeepL independently agree for “History” (shortcuts.group.history); the shared wording preserves the English meaning, required tokens, and approved Simplified Chinese style."
"shortcuts.group.importExport","zh-Hans","Import / Export","6E061FABEF2190A6D7CB2576AE2B9DF184C8C6243C1156A860DBA3DAA5B4763B","Tracker-authored application message.","HIGH","","","glossary.file-import-export=导入 / 导出 [strategy=key-scoped]","导入 / 导出","导入/导出","SUBSTANTIVE","DEEPL","导入/导出","Source-blinded constrained re-adjudication preferred the exact DeepL candidate because this compact Chinese file import/export label does not need spaces around the slash."
"shortcuts.group.outpostNavigation","zh-Hans","Outpost Navigation","BC71DCA632083ECF778E6CA2974F907E215DBDFC9D0C18C9838EEDDD1E5D3714","Tracker-authored application message.","HIGH","","","term.outpost=哨站 [strategy=phrase]","哨站导航","前哨站导航","SUBSTANTIVE","CODEX","哨站导航","Codex is selected for “Outpost Navigation” (shortcuts.group.outpostNavigation) because its wording more precisely matches the tracker context and approved Chinese punctuation and spacing; the DeepL alternative is less precise, less natural, or semantically weaker. It also follows the row’s binding terminology (term.outpost=哨站 [strategy=phrase]), which the DeepL candidate does not consistently preserve."
"shortcuts.group.resourceMatrix","zh-Hans","Resource Matrix","0FF84E3776BFD5BC3F7CB4E19082D8AF196D2FE785AA1368744C9A46FAEA6569","Tracker-authored application message.","HIGH","","","glossary.resource-matrix=资源状态表 [strategy=phrase]","资源状态表","资源矩阵","SUBSTANTIVE","CODEX","资源状态表","Codex is selected for “Resource Matrix” (shortcuts.group.resourceMatrix) because its wording more precisely matches the tracker context and approved Chinese punctuation and spacing; the DeepL alternative is less precise, less natural, or semantically weaker. It also follows the row’s binding terminology (glossary.resource-matrix=资源状态表 [strategy=phrase]), which the DeepL candidate does not consistently preserve."
"shortcuts.group.search","zh-Hans","Search","49C266BAAAA70981EA188FA714D5C40CF13830D786A861C9943AE0D26A7F3FE9","Tracker-authored application message.","HIGH","","","","搜索","搜索","IDENTICAL","AGREED","搜索","Codex and DeepL independently agree for “Search” (shortcuts.group.search); the shared wording preserves the English meaning, required tokens, and approved Simplified Chinese style."
"shortcuts.group.validation","zh-Hans","Validation","68E1CA575295BB5604FEA711B5D2EFF44006CE4BD985481083A76B71FCE0DAEF","Tracker-authored application message.","HIGH","","","glossary.validation=检查 [strategy=semantic-concept, variants=检查 | 问题]","检查","验证","SUBSTANTIVE","CODEX","检查","Codex is selected for “Validation” (shortcuts.group.validation) because its wording more precisely matches the tracker context and approved Chinese punctuation and spacing; the DeepL alternative is less precise, less natural, or semantically weaker. It also follows the row’s binding terminology (glossary.validation=检查 [strategy=semantic-concept, variants=检查 | 问题]), which the DeepL candidate does not consistently preserve."
"shortcuts.group.workspace","zh-Hans","Workspace","87BB59BA2F92F2A5A9F13E021FD58DD14AE5C065B1046146875E6E68D5EBC8B7","Tracker-authored application message.","HIGH","","","","工作区","工作区","IDENTICAL","AGREED","工作区","Codex and DeepL independently agree for “Workspace” (shortcuts.group.workspace); the shared wording preserves the English meaning, required tokens, and approved Simplified Chinese style."
"shortcuts.introduction","zh-Hans","Global commands available throughout the application. Shortcuts yield to text editing and open dialogs where appropriate.","B84701CD597E0FCBEDAFB7592E3FDA66951E66E3C4CA6334E697F2A85B09D179","Tracker-authored application message.","HIGH","","","","这些全局命令可在整个应用中使用。在编辑文本或打开对话框时，快捷键会按需让出按键。","全局命令可在整个应用程序中使用。在适当的情况下，快捷键会为文本编辑和打开对话框让路。","SUBSTANTIVE","CODEX","这些全局命令可在整个应用中使用。在编辑文本或打开对话框时，快捷键会按需让出按键。","Codex is selected for “Global commands available throughout the application. Shortcuts yield to text editing and open dialogs where appropriate.” (shortcuts.introduction) because its wording more precisely matches the tracker context and approved Chinese punctuation and spacing; the DeepL alternative is less precise, less natural, or semantically weaker."
"shortcuts.title","zh-Hans","Keyboard Shortcuts","59CDAA26DD9DCD4CBCDED97A7B91029B396BCFDBFD927356FACBEB163283A3DF","Tracker-authored application message. This is a visible heading.","HIGH","","","","键盘快捷键","键盘快捷键","IDENTICAL","AGREED","键盘快捷键","Codex and DeepL independently agree for “Keyboard Shortcuts” (shortcuts.title); the shared wording preserves the English meaning, required tokens, and approved Simplified Chinese style."
"status.dismiss","zh-Hans","Dismiss status message","94752DF4A3AFA627C0EB04C2EBBEDA43BD3439B39B60AE69239B863D2DCB4B75","Status bar, import/export feedback, or reference-data feedback.","MEDIUM","","","","关闭状态消息","关闭状态消息","IDENTICAL","AGREED","关闭状态消息","Codex and DeepL independently agree for “Dismiss status message” (status.dismiss); the shared wording preserves the English meaning, required tokens, and approved Simplified Chinese style."
"status.dismiss.short","zh-Hans","Dismiss","48845BFF334A50A59AAECF499F28A7A24C3B4B891B8B18A9F1169AD8E8A6B261","Status bar, import/export feedback, or reference-data feedback.","MEDIUM","","","","关闭","关闭","IDENTICAL","AGREED","关闭","Codex and DeepL independently agree for “Dismiss” (status.dismiss.short); the shared wording preserves the English meaning, required tokens, and approved Simplified Chinese style."
"status.drag.reorder","zh-Hans","Drop to reorder · Esc to cancel","04DBC72920C2D3478E8566409B94F9FA5E979C63806DC33C25C9915DCC6E0B29","Status bar, import/export feedback, or reference-data feedback.","MEDIUM","","Esc","","放下以调整顺序 · 按 Esc 取消","拖放以重新排序 · 按 Esc 取消","SUBSTANTIVE","DEEPL","拖放以重新排序 · 按 Esc 取消","Source-blinded re-adjudication preferred the exact DeepL candidate because 拖放 and 重新排序 are conventional, direct drag-and-drop UI wording while preserving Esc."
"status.export.success","zh-Hans","Exported {fileName}.","51AA2FC44EBE53A80B7C2B4ACED6E02128DAC8591B73F3D3663AECD4183DEE0D","Status bar, import/export feedback, or reference-data feedback.","MEDIUM","fileName","","glossary.file-import-export=导入 / 导出 [strategy=key-scoped]","已导出{fileName}。","已导出 {fileName}。","SUBSTANTIVE","CODEX","已导出{fileName}。","Codex is selected for “Exported {fileName}.” (status.export.success) because its wording more precisely matches the tracker context and approved Chinese punctuation and spacing; the DeepL alternative is less precise, less natural, or semantically weaker. It also follows the row’s binding terminology (glossary.file-import-export=导入 / 导出 [strategy=key-scoped]), which the DeepL candidate does not consistently preserve."
"status.import.aggregateLimitExceeded","zh-Hans","This import contains too many items to open safely.","315AC334305B4FDC6E77D2CE6E1EE6B309A81078DAEA605265B16F152F223F9B","Status bar, import/export feedback, or reference-data feedback.","MEDIUM","","","glossary.file-import-export=导入 / 导出 [strategy=key-scoped]","此导入文件包含过多物品，无法安全打开。","此导入文件中的项目过多，无法安全打开。","SUBSTANTIVE","CUSTOM","此导入文件包含的条目过多，无法安全打开。","Source-blinded constrained re-adjudication required custom wording that clearly describes an aggregate entry limit affecting the imported file as a whole."
"status.import.arrayLimitExceeded","zh-Hans","This import contains too many items in one section.","A98517EB47338D0060C99A3B4C4497BA8064341BD2F207566A76A53557D85C9A","Status bar, import/export feedback, or reference-data feedback.","MEDIUM","","","glossary.file-import-export=导入 / 导出 [strategy=key-scoped]","此导入文件的某个部分包含过多物品。","此导入中一个部分的项目过多。","SUBSTANTIVE","CUSTOM","此导入文件的某个部分包含过多条目。","Source-blinded constrained re-adjudication required custom wording that distinguishes a per-section entry limit without exposing internal array terminology."
"status.import.duplicateNetworkId","zh-Hans","The selected collection contains duplicate network ID ""{id}"".","91035A72894723B9589D43C2AA37D0A3B2D5B91D4C70B3CC7E7F9ACAFC6233C5","Status bar, import/export feedback, or reference-data feedback.","MEDIUM","id","ID","glossary.network=哨站网络 [strategy=semantic-concept, variants=哨站网络 | 网络]; glossary.file-import-export=导入 / 导出 [strategy=key-scoped]","所选集合包含重复的哨站网络 ID“{id}”。","所选集合中包含重复的网络 ID “{id}”。","SUBSTANTIVE","CODEX","所选集合包含重复的哨站网络 ID“{id}”。","Codex is selected for “The selected collection contains duplicate network ID ""{id}"".” (status.import.duplicateNetworkId) because its wording more precisely matches the tracker context and approved Chinese punctuation and spacing; the DeepL alternative is less precise, less natural, or semantically weaker. It also follows the row’s binding terminology (glossary.network=哨站网络 [strategy=semantic-concept, variants=哨站网络 | 网络]; glossary.file-import-export=导入 / 导出 [strategy=key-scoped]), which the DeepL candidate does not consistently preserve."
"status.import.emptyCollection","zh-Hans","The selected collection does not contain any networks.","E7269044472AB120758726D2A7C0990ED93D5748D2F569051841FA9A0518D52A","Status bar, import/export feedback, or reference-data feedback.","MEDIUM","","","glossary.network=哨站网络 [strategy=semantic-concept, variants=哨站网络 | 网络]; glossary.file-import-export=导入 / 导出 [strategy=key-scoped]","所选集合不包含任何哨站网络。","所选集合中不包含任何网络。","SUBSTANTIVE","CODEX","所选集合不包含任何哨站网络。","Codex is selected for “The selected collection does not contain any networks.” (status.import.emptyCollection) because its wording more precisely matches the tracker context and approved Chinese punctuation and spacing; the DeepL alternative is less precise, less natural, or semantically weaker. It also follows the row’s binding terminology (glossary.network=哨站网络 [strategy=semantic-concept, variants=哨站网络 | 网络]; glossary.file-import-export=导入 / 导出 [strategy=key-scoped]), which the DeepL candidate does not consistently preserve."
"status.import.failed","zh-Hans","Import failed for {fileName}: {reason}","D3FB408CD70B6735432BA3876C00A4C80909818B90AB34B7D19B4DD4B9A4139B","Status bar, import/export feedback, or reference-data feedback.","HIGH","fileName; reason","","glossary.file-import-export=导入 / 导出 [strategy=key-scoped]","导入{fileName}失败：{reason}","{fileName} 的导入失败：{reason}","SUBSTANTIVE","CODEX","导入{fileName}失败：{reason}","Codex is selected for “Import failed for {fileName}: {reason}” (status.import.failed) because its wording more precisely matches the tracker context and approved Chinese punctuation and spacing; the DeepL alternative is less precise, less natural, or semantically weaker. It also follows the row’s binding terminology (glossary.file-import-export=导入 / 导出 [strategy=key-scoped]), which the DeepL candidate does not consistently preserve."
"status.import.fileTooLarge","zh-Hans","This import is too large to open safely.","F52959415C0D566021375CABF4E3A7F283223439D0A0D4BA9C30395813B66EC0","Status bar, import/export feedback, or reference-data feedback.","MEDIUM","","","glossary.file-import-export=导入 / 导出 [strategy=key-scoped]","此导入文件过大，无法安全打开。","此导入文件过大，无法安全打开。","IDENTICAL","AGREED","此导入文件过大，无法安全打开。","Codex and DeepL independently agree for “This import is too large to open safely.” (status.import.fileTooLarge); the shared wording preserves the English meaning, required tokens, and approved Simplified Chinese style."
"status.import.invalid","zh-Hans","The selected file could not be imported.","F57E852DBDF8D227D7235E37453E633147660194DE95861C6AA1FC2C19A9F61F","Status bar, import/export feedback, or reference-data feedback.","MEDIUM","","","glossary.file-import-export=导入 / 导出 [strategy=key-scoped]","无法导入所选文件。","无法导入所选文件。","IDENTICAL","AGREED","无法导入所选文件。","Codex and DeepL independently agree for “The selected file could not be imported.” (status.import.invalid); the shared wording preserves the English meaning, required tokens, and approved Simplified Chinese style."
"status.import.invalidCapabilities","zh-Hans","The selected file contains invalid character capability data.","900B1DE022A8D5C5ECFAD8DAC2D811B438B9CE4B48B79362813CAF63C5F4D3CD","Status bar, import/export feedback, or reference-data feedback.","MEDIUM","","","glossary.file-import-export=导入 / 导出 [strategy=key-scoped]","所选文件包含无效的角色能力数据。","所选文件包含无效的字符功能数据。","SUBSTANTIVE","CODEX","所选文件包含无效的角色能力数据。","Codex is selected for “The selected file contains invalid character capability data.” (status.import.invalidCapabilities) because its wording more precisely matches the tracker context and approved Chinese punctuation and spacing; the DeepL alternative is less precise, less natural, or semantically weaker. It also follows the row’s binding terminology (glossary.file-import-export=导入 / 导出 [strategy=key-scoped]), which the DeepL candidate does not consistently preserve."
"status.import.invalidCargoPad","zh-Hans","The selected file contains an invalid cargo link.","80E6B31E945456F78A0D4D3C17FCA4E361E932AB067C78E1741EC72C7167CACF","Status bar, import/export feedback, or reference-data feedback.","MEDIUM","","","term.cargo-link=货运链接 [strategy=phrase]; glossary.file-import-export=导入 / 导出 [strategy=key-scoped]","所选文件包含无效的货运链接。","所选文件包含一个无效的 cargo 链接。","SUBSTANTIVE","CODEX","所选文件包含无效的货运链接。","Codex is selected for “The selected file contains an invalid cargo link.” (status.import.invalidCargoPad) because its wording more precisely matches the tracker context and approved Chinese punctuation and spacing; the DeepL alternative is less precise, less natural, or semantically weaker. It also follows the row’s binding terminology (term.cargo-link=货运链接 [strategy=phrase]; glossary.file-import-export=导入 / 导出 [strategy=key-scoped]), which the DeepL candidate does not consistently preserve."
"status.import.invalidCharacter","zh-Hans","The selected file contains invalid character data.","BD5ED70C6173FF383408C7A38FCC554BE508D3E9D9CD39CC95B3BC8D1E68DCED","Status bar, import/export feedback, or reference-data feedback.","MEDIUM","","","glossary.file-import-export=导入 / 导出 [strategy=key-scoped]","所选文件包含无效的角色数据。","所选文件包含无效的字符数据。","SUBSTANTIVE","CODEX","所选文件包含无效的角色数据。","Codex is selected for “The selected file contains invalid character data.” (status.import.invalidCharacter) because its wording more precisely matches the tracker context and approved Chinese punctuation and spacing; the DeepL alternative is less precise, less natural, or semantically weaker. It also follows the row’s binding terminology (glossary.file-import-export=导入 / 导出 [strategy=key-scoped]), which the DeepL candidate does not consistently preserve."
"status.import.invalidCollection","zh-Hans","The selected file is not a valid network collection.","BC66E649584981FB39CC26D61A389E2EAE742D59E4370E8B75A20E07232D5DB0","Status bar, import/export feedback, or reference-data feedback.","MEDIUM","","","glossary.network=哨站网络 [strategy=semantic-concept, variants=哨站网络 | 网络]; glossary.file-import-export=导入 / 导出 [strategy=key-scoped]","所选文件不是有效的哨站网络集合。","所选文件不是有效的网络集合。","SUBSTANTIVE","CODEX","所选文件不是有效的哨站网络集合。","Codex is selected for “The selected file is not a valid network collection.” (status.import.invalidCollection) because its wording more precisely matches the tracker context and approved Chinese punctuation and spacing; the DeepL alternative is less precise, less natural, or semantically weaker. It also follows the row’s binding terminology (glossary.network=哨站网络 [strategy=semantic-concept, variants=哨站网络 | 网络]; glossary.file-import-export=导入 / 导出 [strategy=key-scoped]), which the DeepL candidate does not consistently preserve."
"status.import.invalidExplicitPresence","zh-Hans","The selected file contains invalid explicit resource presence data.","6D950D361F054D9460158DC85EC415B833AA7A17158D013089F02D5A71A750DB","Status bar, import/export feedback, or reference-data feedback.","MEDIUM","","","glossary.file-import-export=导入 / 导出 [strategy=key-scoped]","所选文件包含无效的明确资源存在状态数据。","所选文件包含无效的显式资源存在数据。","SUBSTANTIVE","DEEPL","所选文件包含无效的显式资源存在数据。","Source-blinded constrained re-adjudication preferred the exact DeepL candidate because 显式 accurately expresses the technical data-model sense and removes cumbersome wording."
"status.import.invalidIdentity","zh-Hans","The selected file contains an empty or duplicate stable identifier.","C9292F13386F46BB1F806B5ECDF57383D948809E7A468BB445BC0C67347B10BB","Status bar, import/export feedback, or reference-data feedback.","MEDIUM","","","glossary.file-import-export=导入 / 导出 [strategy=key-scoped]","所选文件包含空的或重复的稳定标识符。","所选文件包含一个空的或重复的稳定标识符。","SUBSTANTIVE","CODEX","所选文件包含空的或重复的稳定标识符。","Codex is selected for “The selected file contains an empty or duplicate stable identifier.” (status.import.invalidIdentity) because its wording more precisely matches the tracker context and approved Chinese punctuation and spacing; the DeepL alternative is less precise, less natural, or semantically weaker. It also follows the row’s binding terminology (glossary.file-import-export=导入 / 导出 [strategy=key-scoped]), which the DeepL candidate does not consistently preserve."
"status.import.invalidJson","zh-Hans","The selected file does not contain valid JSON.","DD6FEB84D5535C61CC0FD35E39359A85A7F9882D1892BB4886B279770E414A7E","Status bar, import/export feedback, or reference-data feedback.","MEDIUM","","JSON","glossary.file-import-export=导入 / 导出 [strategy=key-scoped]","所选文件不包含有效的 JSON。","所选文件不包含有效的 JSON。","IDENTICAL","AGREED","所选文件不包含有效的 JSON。","Codex and DeepL independently agree for “The selected file does not contain valid JSON.” (status.import.invalidJson); the shared wording preserves the English meaning, required tokens, and approved Simplified Chinese style."
"status.import.invalidNetwork","zh-Hans","The selected file is not a valid outpost network.","8FD34F0BDDEB12638C2761BD955B5DDF84788A3599AD8776A8E61F224AFFC41F","Status bar, import/export feedback, or reference-data feedback.","MEDIUM","","","term.outpost=哨站 [strategy=phrase]; glossary.network=哨站网络 [strategy=semantic-concept, variants=哨站网络 | 网络]; glossary.file-import-export=导入 / 导出 [strategy=key-scoped]","所选文件不是有效的哨站网络。","所选文件不是有效的前哨站网络。","SUBSTANTIVE","CODEX","所选文件不是有效的哨站网络。","Codex is selected for “The selected file is not a valid outpost network.” (status.import.invalidNetwork) because its wording more precisely matches the tracker context and approved Chinese punctuation and spacing; the DeepL alternative is less precise, less natural, or semantically weaker. It also follows the row’s binding terminology (term.outpost=哨站 [strategy=phrase]; glossary.network=哨站网络 [strategy=semantic-concept, variants=哨站网络 | 网络]; glossary.file-import-export=导入 / 导出 [strategy=key-scoped]), which the DeepL candidate does not consistently preserve."
"status.import.invalidOutpost","zh-Hans","The selected file contains an invalid outpost.","4A0A96AD5328DE1716C0FB0301941D5D67914AF561C0FC6C0A8892A4BC1B641F","Status bar, import/export feedback, or reference-data feedback.","MEDIUM","","","term.outpost=哨站 [strategy=phrase]; glossary.file-import-export=导入 / 导出 [strategy=key-scoped]","所选文件包含无效的哨站。","所选文件包含一个无效的前哨站。","SUBSTANTIVE","CODEX","所选文件包含无效的哨站。","Codex is selected for “The selected file contains an invalid outpost.” (status.import.invalidOutpost) because its wording more precisely matches the tracker context and approved Chinese punctuation and spacing; the DeepL alternative is less precise, less natural, or semantically weaker. It also follows the row’s binding terminology (term.outpost=哨站 [strategy=phrase]; glossary.file-import-export=导入 / 导出 [strategy=key-scoped]), which the DeepL candidate does not consistently preserve."
"status.import.invalidSkills","zh-Hans","The selected file contains invalid character skill data.","F7470064AA2C994A5772856BD799B9B244ACF52CF1EF9B68B0D05F11338735C8","Status bar, import/export feedback, or reference-data feedback.","MEDIUM","","","glossary.file-import-export=导入 / 导出 [strategy=key-scoped]","所选文件包含无效的角色技能数据。","所选文件包含无效的角色技能数据。","IDENTICAL","AGREED","所选文件包含无效的角色技能数据。","Codex and DeepL independently agree for “The selected file contains invalid character skill data.” (status.import.invalidSkills); the shared wording preserves the English meaning, required tokens, and approved Simplified Chinese style."
"status.import.invalidStructure","zh-Hans","The selected file contains malformed network data.","4DA93EEF49FE417BC9C4E0AFAE91FB6E81286154C45887C345D60CB0A8E962C9","Status bar, import/export feedback, or reference-data feedback.","MEDIUM","","","glossary.network=哨站网络 [strategy=semantic-concept, variants=哨站网络 | 网络]; glossary.file-import-export=导入 / 导出 [strategy=key-scoped]","所选文件包含格式错误的哨站网络数据。","所选文件包含格式错误的网络数据。","SUBSTANTIVE","CODEX","所选文件包含格式错误的哨站网络数据。","Codex is selected for “The selected file contains malformed network data.” (status.import.invalidStructure) because its wording more precisely matches the tracker context and approved Chinese punctuation and spacing; the DeepL alternative is less precise, less natural, or semantically weaker. It also follows the row’s binding terminology (glossary.network=哨站网络 [strategy=semantic-concept, variants=哨站网络 | 网络]; glossary.file-import-export=导入 / 导出 [strategy=key-scoped]), which the DeepL candidate does not consistently preserve."
"status.import.malformedEntry","zh-Hans","The selected collection contains a malformed network entry.","B2D75C5EB9F6C0542BA76BE66309F8CAA88C3E55CE91BEB7356C557080F6A8F1","Status bar, import/export feedback, or reference-data feedback.","MEDIUM","","","glossary.network=哨站网络 [strategy=semantic-concept, variants=哨站网络 | 网络]; glossary.file-import-export=导入 / 导出 [strategy=key-scoped]","所选集合包含格式错误的哨站网络条目。","所选集合中包含格式错误的网络条目。","SUBSTANTIVE","CODEX","所选集合包含格式错误的哨站网络条目。","Codex is selected for “The selected collection contains a malformed network entry.” (status.import.malformedEntry) because its wording more precisely matches the tracker context and approved Chinese punctuation and spacing; the DeepL alternative is less precise, less natural, or semantically weaker. It also follows the row’s binding terminology (glossary.network=哨站网络 [strategy=semantic-concept, variants=哨站网络 | 网络]; glossary.file-import-export=导入 / 导出 [strategy=key-scoped]), which the DeepL candidate does not consistently preserve."
"status.import.readFailed","zh-Hans","The selected file could not be read.","3345DD67F1A33EC68CCD43BB945635E2E73480388F530D4DA81D48CEA751608D","Status bar, import/export feedback, or reference-data feedback.","MEDIUM","","","glossary.file-import-export=导入 / 导出 [strategy=key-scoped]","无法读取所选文件。","无法读取所选文件。","IDENTICAL","AGREED","无法读取所选文件。","Codex and DeepL independently agree for “The selected file could not be read.” (status.import.readFailed); the shared wording preserves the English meaning, required tokens, and approved Simplified Chinese style."
"status.import.stringTooLong","zh-Hans","This import contains a text value that is too long.","3AA1FBFEECFDD6A6273A51BC3B923AA36BCF4EBFF8CD688086485F22D5A549B8","Status bar, import/export feedback, or reference-data feedback.","MEDIUM","","","glossary.file-import-export=导入 / 导出 [strategy=key-scoped]","此导入文件包含过长的文本值。","此导入文件中包含一个过长的文本值。","SUBSTANTIVE","CODEX","此导入文件包含过长的文本值。","Codex is selected for “This import contains a text value that is too long.” (status.import.stringTooLong) because its wording more precisely matches the tracker context and approved Chinese punctuation and spacing; the DeepL alternative is less precise, less natural, or semantically weaker. It also follows the row’s binding terminology (glossary.file-import-export=导入 / 导出 [strategy=key-scoped]), which the DeepL candidate does not consistently preserve."
"status.import.success","zh-Hans","Imported {fileName}.","361B33E2DFEB7D4A86AF74DC9697F2C5FDF80431482DF7A17F704E1580BF4B6D","Status bar, import/export feedback, or reference-data feedback.","MEDIUM","fileName","","glossary.file-import-export=导入 / 导出 [strategy=key-scoped]","已导入{fileName}。","已导入 {fileName}。","SUBSTANTIVE","CODEX","已导入{fileName}。","Codex is selected for “Imported {fileName}.” (status.import.success) because its wording more precisely matches the tracker context and approved Chinese punctuation and spacing; the DeepL alternative is less precise, less natural, or semantically weaker. It also follows the row’s binding terminology (glossary.file-import-export=导入 / 导出 [strategy=key-scoped]), which the DeepL candidate does not consistently preserve."
"status.import.tooManyNetworks","zh-Hans","This import contains too many saved networks.","BC2B208D06D0EBEA9DE7DB854B08349D402BDC8836B468EE9579603443D6EB92","Status bar, import/export feedback, or reference-data feedback.","MEDIUM","","","glossary.network=哨站网络 [strategy=semantic-concept, variants=哨站网络 | 网络]; glossary.file-import-export=导入 / 导出 [strategy=key-scoped]","此导入文件包含过多已保存的哨站网络。","此导入包含的已保存网络过多。","SUBSTANTIVE","CODEX","此导入文件包含过多已保存的哨站网络。","Codex is selected for “This import contains too many saved networks.” (status.import.tooManyNetworks) because its wording more precisely matches the tracker context and approved Chinese punctuation and spacing; the DeepL alternative is less precise, less natural, or semantically weaker. It also follows the row’s binding terminology (glossary.network=哨站网络 [strategy=semantic-concept, variants=哨站网络 | 网络]; glossary.file-import-export=导入 / 导出 [strategy=key-scoped]), which the DeepL candidate does not consistently preserve."
"status.import.unsupportedCollectionSchema","zh-Hans","Unsupported network collection schema version: {version}","C52C0C7B92366B92F3849A01CA5ABB310C050005F0244638C0F2E690967B3D78","Status bar, import/export feedback, or reference-data feedback.","MEDIUM","version","","glossary.network=哨站网络 [strategy=semantic-concept, variants=哨站网络 | 网络]; glossary.file-import-export=导入 / 导出 [strategy=key-scoped]","不支持的哨站网络集合架构版本：{version}","不支持的网络集合架构版本：{version}","SUBSTANTIVE","CODEX","不支持的哨站网络集合架构版本：{version}","Codex is selected for “Unsupported network collection schema version: {version}” (status.import.unsupportedCollectionSchema) because its wording more precisely matches the tracker context and approved Chinese punctuation and spacing; the DeepL alternative is less precise, less natural, or semantically weaker. It also follows the row’s binding terminology (glossary.network=哨站网络 [strategy=semantic-concept, variants=哨站网络 | 网络]; glossary.file-import-export=导入 / 导出 [strategy=key-scoped]), which the DeepL candidate does not consistently preserve."
"status.import.unsupportedNetworkSchema","zh-Hans","Unsupported network schema version: {version}","CE92D012A818B638C8CFAA69AF9F7F8217C53DD2B7359D433ED240657EF1B5CB","Status bar, import/export feedback, or reference-data feedback.","MEDIUM","version","","glossary.network=哨站网络 [strategy=semantic-concept, variants=哨站网络 | 网络]; glossary.file-import-export=导入 / 导出 [strategy=key-scoped]","不支持的哨站网络架构版本：{version}","不支持的网络架构版本：{version}","SUBSTANTIVE","CODEX","不支持的哨站网络架构版本：{version}","Codex is selected for “Unsupported network schema version: {version}” (status.import.unsupportedNetworkSchema) because its wording more precisely matches the tracker context and approved Chinese punctuation and spacing; the DeepL alternative is less precise, less natural, or semantically weaker. It also follows the row’s binding terminology (glossary.network=哨站网络 [strategy=semantic-concept, variants=哨站网络 | 网络]; glossary.file-import-export=导入 / 导出 [strategy=key-scoped]), which the DeepL candidate does not consistently preserve."
"status.referenceData.error","zh-Hans","Reference data error: {detail}","5E61C384097B1E054857EA6EE27C83BDDD40E5B7165130E86FDB826C86790BFC","Status bar, import/export feedback, or reference-data feedback.","MEDIUM","detail","","","参考数据错误：{detail}","参考数据错误：{detail}","IDENTICAL","AGREED","参考数据错误：{detail}","Codex and DeepL independently agree for “Reference data error: {detail}” (status.referenceData.error); the shared wording preserves the English meaning, required tokens, and approved Simplified Chinese style."
"status.referenceData.failed","zh-Hans","Failed to load reference data.","DCB0208B9AE5F716F800A20585241ECC7CEACF1D45D812E4354439FA5BC88342","Status bar, import/export feedback, or reference-data feedback.","MEDIUM","","","","无法加载参考数据。","无法加载参考数据。","IDENTICAL","AGREED","无法加载参考数据。","Codex and DeepL independently agree for “Failed to load reference data.” (status.referenceData.failed); the shared wording preserves the English meaning, required tokens, and approved Simplified Chinese style."
"status.referenceData.loaded","zh-Hans","Reference data loaded: {systems} systems, {bodies} bodies, {resources} resources, {products} products.","441B2500B3CC624F74A47931F31DF0E20935EA33D87E26138D2BDF98B33CD5E7","Status bar, import/export feedback, or reference-data feedback.","HIGH","bodies; products; resources; systems","","term.planetary-body=行星体 [strategy=phrase]; term.star-system=星系 [strategy=phrase]","参考数据已加载：{systems}个星系、{bodies}个行星体、{resources}种资源、{products}种产品。","已加载的参考数据：{systems} 个系统、{bodies} 个实体、{resources} 个资源、{products} 个产品。","SUBSTANTIVE","CODEX","参考数据已加载：{systems}个星系、{bodies}个行星体、{resources}种资源、{products}种产品。","Codex is selected for “Reference data loaded: {systems} systems, {bodies} bodies, {resources} resources, {products} products.” (status.referenceData.loaded) because its wording more precisely matches the tracker context and approved Chinese punctuation and spacing; the DeepL alternative is less precise, less natural, or semantically weaker. It also follows the row’s binding terminology (term.planetary-body=行星体 [strategy=phrase]; term.star-system=星系 [strategy=phrase]), which the DeepL candidate does not consistently preserve."
"status.referenceData.reload","zh-Hans","Reload Reference Data","04968B492913D179B6631E1BFF478E42E1F7B15CA1DFE6A86AFEA3EE095130F4","Status bar, import/export feedback, or reference-data feedback.","MEDIUM","","","","重新加载参考数据","重新加载参考数据","IDENTICAL","AGREED","重新加载参考数据","Codex and DeepL independently agree for “Reload Reference Data” (status.referenceData.reload); the shared wording preserves the English meaning, required tokens, and approved Simplified Chinese style."
"status.storage.capacity","zh-Hans","This collection is too large to save safely. Changes remain in memory.","37E321B51C2F69D6CE867123E547B4C72677619F342BA01FC15257A5E91CA75E","Status bar, import/export feedback, or reference-data feedback.","MEDIUM","","","","此集合过大，无法安全保存。更改将保留在内存中。","该集合过大，无法安全保存。更改将保留在内存中。","SUBSTANTIVE","CODEX","此集合过大，无法安全保存。更改将保留在内存中。","Codex is selected for “This collection is too large to save safely. Changes remain in memory.” (status.storage.capacity) because its wording more precisely matches the tracker context and approved Chinese punctuation and spacing; the DeepL alternative is less precise, less natural, or semantically weaker."
"status.storage.recovery","zh-Hans","Saved browser data could not be restored. Using a temporary collection; the original is preserved until an edit.","1BE84B9FD262E5A82E90612CB354EF3DDCB0907733726FDD1EFE1F391D84F923","Status bar, import/export feedback, or reference-data feedback.","MEDIUM","","","","无法恢复浏览器中保存的数据。当前使用临时集合；在进行编辑前，原始数据会保持不变。","无法还原已保存的浏览器数据。正在使用临时集合；原始集合将在进行编辑前予以保留。","SUBSTANTIVE","CODEX","无法恢复浏览器中保存的数据。当前使用临时集合；在进行编辑前，原始数据会保持不变。","Codex is selected for “Saved browser data could not be restored. Using a temporary collection; the original is preserved until an edit.” (status.storage.recovery) because its wording more precisely matches the tracker context and approved Chinese punctuation and spacing; the DeepL alternative is less precise, less natural, or semantically weaker."
"status.storage.unavailable","zh-Hans","Browser storage is unavailable. This collection is only in memory.","157D03CBEA973C44D2A332C5E0080EA8D42ABB5C84A67D15562E1A42827220DA","Status bar, import/export feedback, or reference-data feedback.","MEDIUM","","","","浏览器存储不可用。此集合仅保存在内存中。","浏览器存储不可用。此集合仅存在于内存中。","SUBSTANTIVE","CODEX","浏览器存储不可用。此集合仅保存在内存中。","Codex is selected for “Browser storage is unavailable. This collection is only in memory.” (status.storage.unavailable) because its wording more precisely matches the tracker context and approved Chinese punctuation and spacing; the DeepL alternative is less precise, less natural, or semantically weaker."
"status.storage.unsaved","zh-Hans","Changes are only in memory and have not been saved in this browser.","D5BDF41E686368FB0D2ECA36CA35E9EBDEAAD96D84A3D18D09109722CA71754E","Status bar, import/export feedback, or reference-data feedback.","MEDIUM","","","","更改仅保存在内存中，尚未保存到此浏览器。","更改仅保存在内存中，尚未保存在此浏览器中。","SUBSTANTIVE","CODEX","更改仅保存在内存中，尚未保存到此浏览器。","Codex is selected for “Changes are only in memory and have not been saved in this browser.” (status.storage.unsaved) because its wording more precisely matches the tracker context and approved Chinese punctuation and spacing; the DeepL alternative is less precise, less natural, or semantically weaker."
"transfer.export.button","zh-Hans","Export","3664895579F0A7E68C4AA09C91316E20239BC74499010E6423ECE40CAD7C28F7","Whole-collection JSON import/export control.","MEDIUM","","","glossary.file-import-export=导入 / 导出 [strategy=key-scoped]","导出","导出","IDENTICAL","AGREED","导出","Codex and DeepL independently agree for “Export” (transfer.export.button); the shared wording preserves the English meaning, required tokens, and approved Simplified Chinese style."
"transfer.export.tooltip","zh-Hans","Export all networks to JSON","299585BDC19610DDB02287483F51E0397FC5D295C5230190B039E0540F73F95D","Whole-collection JSON import/export control. This is explanatory tooltip text.","MEDIUM","","JSON","glossary.network=哨站网络 [strategy=semantic-concept, variants=哨站网络 | 网络]; glossary.file-import-export=导入 / 导出 [strategy=key-scoped]","将所有哨站网络导出为 JSON","将所有网络导出为 JSON","SUBSTANTIVE","CODEX","将所有哨站网络导出为 JSON","Codex is selected for “Export all networks to JSON” (transfer.export.tooltip) because its wording more precisely matches the tracker context and approved Chinese punctuation and spacing; the DeepL alternative is less precise, less natural, or semantically weaker. It also follows the row’s binding terminology (glossary.network=哨站网络 [strategy=semantic-concept, variants=哨站网络 | 网络]; glossary.file-import-export=导入 / 导出 [strategy=key-scoped]), which the DeepL candidate does not consistently preserve."
"transfer.import.button","zh-Hans","Import","2CFF9BAABF56CA002610E113BC94DEB6EDEDDDFC3C130365B6E88ED5195BF774","Whole-collection JSON import/export control.","MEDIUM","","","glossary.file-import-export=导入 / 导出 [strategy=key-scoped]","导入","导入","IDENTICAL","AGREED","导入","Codex and DeepL independently agree for “Import” (transfer.import.button); the shared wording preserves the English meaning, required tokens, and approved Simplified Chinese style."
"transfer.import.tooltip","zh-Hans","Import all networks from JSON","ACE5CBE29BD01BF19418906273462FCC73B80F139B71EE2038D5CDBAAF18E5A6","Whole-collection JSON import/export control. This is explanatory tooltip text.","MEDIUM","","JSON","glossary.network=哨站网络 [strategy=semantic-concept, variants=哨站网络 | 网络]; glossary.file-import-export=导入 / 导出 [strategy=key-scoped]","从 JSON 导入所有哨站网络","从 JSON 导入所有网络","SUBSTANTIVE","CODEX","从 JSON 导入所有哨站网络","Codex is selected for “Import all networks from JSON” (transfer.import.tooltip) because its wording more precisely matches the tracker context and approved Chinese punctuation and spacing; the DeepL alternative is less precise, less natural, or semantically weaker. It also follows the row’s binding terminology (glossary.network=哨站网络 [strategy=semantic-concept, variants=哨站网络 | 网络]; glossary.file-import-export=导入 / 导出 [strategy=key-scoped]), which the DeepL candidate does not consistently preserve."
"validation.activeProductionInorganicInvalid","zh-Hans","{resource} is marked as produced, but is not available for outpost extraction in {biomes}.","343A59EBAE1750C2E095CAE84BE65ECF2B40356B29B69886BF4A50D626E06FF8","Validation severity, diagnostic, context, or remediation.","HIGH","biomes; resource","","term.outpost=哨站 [strategy=phrase]; term.biome=生物群系 [strategy=semantic-concept, variants=生物群系 | 生物群落 | 生态群落]","{resource}已标记为生产中，但无法在{biomes}通过哨站开采获得。","{resource} 已被标记为已生成，但在 {biomes} 生物群系中无法用于前哨站开采。","SUBSTANTIVE","CODEX","{resource}已标记为生产中，但无法在{biomes}通过哨站开采获得。","Codex is selected for “{resource} is marked as produced, but is not available for outpost extraction in {biomes}.” (validation.activeProductionInorganicInvalid) because its wording more precisely matches the tracker context and approved Chinese punctuation and spacing; the DeepL alternative is less precise, less natural, or semantically weaker. It also follows the row’s binding terminology (term.outpost=哨站 [strategy=phrase]; term.biome=生物群系 [strategy=semantic-concept, variants=生物群系 | 生物群落 | 生态群落]), which the DeepL candidate does not consistently preserve."
"validation.activeProductionInorganicInvalidMany","zh-Hans","{resource} is marked as produced, but is not available for outpost extraction in {biomes} biomes.","BFFA154C806911B4861A9A7A75D9EC26BA3F8194E309AE0DB0982EAF8011BBD9","Validation severity, diagnostic, context, or remediation.","HIGH","biomes; resource","","term.outpost=哨站 [strategy=phrase]; term.biome=生物群系 [strategy=semantic-concept, variants=生物群系 | 生物群落 | 生态群落]","{resource}已标记为生产中，但无法在{biomes}这些生物群系通过哨站开采获得。","{resource} 被标记为可产出，但在 {biomes} 生物群系中无法在前哨站开采。","SUBSTANTIVE","CODEX","{resource}已标记为生产中，但无法在{biomes}这些生物群系通过哨站开采获得。","Codex is selected for “{resource} is marked as produced, but is not available for outpost extraction in {biomes} biomes.” (validation.activeProductionInorganicInvalidMany) because its wording more precisely matches the tracker context and approved Chinese punctuation and spacing; the DeepL alternative is less precise, less natural, or semantically weaker. It also follows the row’s binding terminology (term.outpost=哨站 [strategy=phrase]; term.biome=生物群系 [strategy=semantic-concept, variants=生物群系 | 生物群落 | 生态群落]), which the DeepL candidate does not consistently preserve."
"validation.activeProductionInorganicInvalidOne","zh-Hans","{resource} is marked as produced, but is not available for outpost extraction in {biomes} biome.","FADF8014E84AA89E507B9D402163008BBE82235A11A07FF450BED88C5B743874","Validation severity, diagnostic, context, or remediation.","HIGH","biomes; resource","","term.outpost=哨站 [strategy=phrase]; term.biome=生物群系 [strategy=semantic-concept, variants=生物群系 | 生物群落 | 生态群落]","{resource}已标记为生产中，但无法在{biomes}生物群系通过哨站开采获得。","{resource} 被标记为可产出，但在 {biomes} 生物群系中无法在前哨站开采。","SUBSTANTIVE","CODEX","{resource}已标记为生产中，但无法在{biomes}生物群系通过哨站开采获得。","Codex is selected for “{resource} is marked as produced, but is not available for outpost extraction in {biomes} biome.” (validation.activeProductionInorganicInvalidOne) because its wording more precisely matches the tracker context and approved Chinese punctuation and spacing; the DeepL alternative is less precise, less natural, or semantically weaker. It also follows the row’s binding terminology (term.outpost=哨站 [strategy=phrase]; term.biome=生物群系 [strategy=semantic-concept, variants=生物群系 | 生物群落 | 生态群落]), which the DeepL candidate does not consistently preserve."
"validation.activeProductionOrganicInvalid","zh-Hans","{resource} is marked as produced, but this producer is not eligible for farming on this planet.","2F0C5797AE620D2E2C9475EB6B0621FB9D5464B0F2BA5FFFD24A8D0AEDB04273","Validation severity, diagnostic, context, or remediation.","HIGH","resource","","term.planet=行星 [strategy=semantic-concept, variants=行星 | 星球]","{resource}已标记为生产中，但该生产物种不符合此行星的有机资源生产条件。","","MISSING","CODEX","{resource}已标记为生产中，但该生产物种不符合此行星的有机资源生产条件。","Planet-level organic farming semantics were reviewed for this correction; prior biome-bound source evidence is intentionally retired."
"validation.activeProductionOrganicInvalidMany","zh-Hans","{resource} is marked as produced, but this producer is not eligible for farming on this planet.","2F0C5797AE620D2E2C9475EB6B0621FB9D5464B0F2BA5FFFD24A8D0AEDB04273","Validation severity, diagnostic, context, or remediation.","HIGH","resource","","term.planet=行星 [strategy=semantic-concept, variants=行星 | 星球]","{resource}已标记为生产中，但该生产物种不符合此行星的有机资源生产条件。","","MISSING","CODEX","{resource}已标记为生产中，但该生产物种不符合此行星的有机资源生产条件。","Planet-level organic farming semantics were reviewed for this correction; prior biome-bound source evidence is intentionally retired."
"validation.activeProductionOrganicInvalidOne","zh-Hans","{resource} is marked as produced, but this producer is not eligible for farming on this planet.","2F0C5797AE620D2E2C9475EB6B0621FB9D5464B0F2BA5FFFD24A8D0AEDB04273","Validation severity, diagnostic, context, or remediation.","HIGH","resource","","term.planet=行星 [strategy=semantic-concept, variants=行星 | 星球]","{resource}已标记为生产中，但该生产物种不符合此行星的有机资源生产条件。","","MISSING","CODEX","{resource}已标记为生产中，但该生产物种不符合此行星的有机资源生产条件。","Planet-level organic farming semantics were reviewed for this correction; prior biome-bound source evidence is intentionally retired."
"validation.bodySystemMismatch","zh-Hans","This outpost's selected planetary body does not belong to its selected star system.","665FF46A8B0020E578CB5C395BE5C1C6862BDFDEE41C4B4B306E10E372FBBED9","Validation severity, diagnostic, context, or remediation.","HIGH","","","term.outpost=哨站 [strategy=phrase]; term.planetary-body=行星体 [strategy=phrase]; term.star-system=星系 [strategy=phrase]","此哨站所选的行星体不属于所选星系。","该前哨站所选的行星不属于其选定的恒星系统。","SUBSTANTIVE","CODEX","此哨站所选的行星体不属于所选星系。","Codex is selected for “This outpost's selected planetary body does not belong to its selected star system.” (validation.bodySystemMismatch) because its wording more precisely matches the tracker context and approved Chinese punctuation and spacing; the DeepL alternative is less precise, less natural, or semantically weaker. It also follows the row’s binding terminology (term.outpost=哨站 [strategy=phrase]; term.planetary-body=行星体 [strategy=phrase]; term.star-system=星系 [strategy=phrase]), which the DeepL candidate does not consistently preserve."
"validation.cargoPadLinkedMultiple","zh-Hans","This Cargo Link has more than one connection.","FCD89051E9CB532472031A914B324BEF8ADA243221C547604A09A13BDFFCCEE8","Validation severity, diagnostic, context, or remediation.","HIGH","","","term.cargo-link=货运链接 [strategy=phrase]","此货运链接存在多个连接。","该货运链接拥有多个连接。","SUBSTANTIVE","CODEX","此货运链接存在多个连接。","Codex is selected for “This Cargo Link has more than one connection.” (validation.cargoPadLinkedMultiple) because its wording more precisely matches the tracker context and approved Chinese punctuation and spacing; the DeepL alternative is less precise, less natural, or semantically weaker. It also follows the row’s binding terminology (term.cargo-link=货运链接 [strategy=phrase]), which the DeepL candidate does not consistently preserve."
"validation.cargoPadSkillLimit","zh-Hans","This outpost has {count} cargo links, but the current {skill} level allows a maximum of {limit}.","0D4B4EC504FA591E5B87AC6D9D9D48704DB2E7C3FAD97D63FAFC367862119097","Validation severity, diagnostic, context, or remediation.","HIGH","count; limit; skill","","term.cargo-link=货运链接 [strategy=phrase]; term.outpost=哨站 [strategy=phrase]","此哨站有{count}条货运链接，但当前{skill}等级最多允许{limit}条。","该前哨站拥有 {count} 个货运链接，但当前的 {skill} 等级最多允许 {limit} 个。","SUBSTANTIVE","CODEX","此哨站有{count}条货运链接，但当前{skill}等级最多允许{limit}条。","Codex is selected for “This outpost has {count} cargo links, but the current {skill} level allows a maximum of {limit}.” (validation.cargoPadSkillLimit) because its wording more precisely matches the tracker context and approved Chinese punctuation and spacing; the DeepL alternative is less precise, less natural, or semantically weaker. It also follows the row’s binding terminology (term.cargo-link=货运链接 [strategy=phrase]; term.outpost=哨站 [strategy=phrase]), which the DeepL candidate does not consistently preserve."
"validation.characterNameLength","zh-Hans","Starfield character names normally use up to 25 characters.","E22C3A22E8AFD62400F23E47FF57D17D87AF7911704417F68C33BE1A216F682E","Validation severity, diagnostic, context, or remediation.","HIGH","","","product.starfield-localized=星空 [strategy=semantic-concept]","《星空》中的角色名称通常最多使用25个字符。","","MISSING","CODEX","《星空》中的角色名称通常最多使用25个字符。","Pre-release polish copy: Codex drafted and reviewed validation.characterNameLength against the approved brief and established validation tone; no new DeepL or native review."
"validation.close","zh-Hans","Close validation details","CA5D5310C383358C79F7A0FE35B48EDA45CE70634CC9046D5D37DA7AE23609B5","Validation severity, diagnostic, context, or remediation.","HIGH","","","glossary.validation=检查 [strategy=semantic-concept, variants=检查 | 问题]","关闭检查详情","关闭验证详情","SUBSTANTIVE","CODEX","关闭检查详情","Codex is selected for “Close validation details” (validation.close) because its wording more precisely matches the tracker context and approved Chinese punctuation and spacing; the DeepL alternative is less precise, less natural, or semantically weaker. It also follows the row’s binding terminology (glossary.validation=检查 [strategy=semantic-concept, variants=检查 | 问题]), which the DeepL candidate does not consistently preserve."
"validation.context.pad","zh-Hans","Cargo Link {ordinal}","EFB845F6ED747B80EB2821A9912CDC967497F7C7C6466595AABF814F4A25EFC6","Validation severity, diagnostic, context, or remediation.","HIGH","ordinal","","term.cargo-link=货运链接 [strategy=phrase]","货运链接{ordinal}","货运通道 {序数}","INVALID_TOKENS","INVALID_DEEPL_REPAIRED","货运链接{ordinal}","DeepL is retained as invalid comparative evidence for “Cargo Link {ordinal}” (validation.context.pad) because it failed PLACEHOLDERS validation; the independently reviewed Codex wording restores the exact structural contract and approved terminology."
"validation.context.separator","zh-Hans","{outpost} · {pad}","3724D428153B755740BF4189602FF2B37B154948ECE74684C39EDBECAAF6CE81","Validation severity, diagnostic, context, or remediation.","HIGH","outpost; pad","","term.outpost=哨站 [strategy=phrase]","{outpost} · {pad}","{前哨站} · {停机坪}","INVALID_TOKENS","INVALID_DEEPL_REPAIRED","{outpost} · {pad}","DeepL is retained as invalid comparative evidence for “{outpost} · {pad}” (validation.context.separator) because it failed PLACEHOLDERS validation; the independently reviewed Codex wording restores the exact structural contract and approved terminology."
"validation.counts","zh-Hans","{errors} errors · {warnings} warnings · {info} info","DA686744D7CB82372559F943895D7E118662B1F85B19FE5C587A573C860675F2","Validation severity, diagnostic, context, or remediation.","HIGH","errors; info; warnings","","glossary.validation-error=错误 [strategy=semantic-concept]; glossary.validation-warning=警告 [strategy=semantic-concept]; glossary.validation-info=信息 [strategy=semantic-concept]","{errors}个错误 · {warnings}个警告 · {info}条信息","{errors} 个错误 · {warnings} 个警告 · {info} 条信息","SUBSTANTIVE","CODEX","{errors}个错误 · {warnings}个警告 · {info}条信息","Codex is selected for “{errors} errors · {warnings} warnings · {info} info” (validation.counts) because its wording more precisely matches the tracker context and approved Chinese punctuation and spacing; the DeepL alternative is less precise, less natural, or semantically weaker. It also follows the row’s binding terminology (glossary.validation-error=错误 [strategy=semantic-concept]; glossary.validation-warning=警告 [strategy=semantic-concept]; glossary.validation-info=信息 [strategy=semantic-concept]), which the DeepL candidate does not consistently preserve."
"validation.duplicateActiveProduction","zh-Hans","{item} appears more than once in this outpost's active production.","408EF1531484F81EF82204FDC8AC014CD10136752AF8CE8BB63C6909DE609C3D","Validation severity, diagnostic, context, or remediation.","HIGH","item","","term.outpost=哨站 [strategy=phrase]; glossary.active-production=当前生产 [strategy=semantic-concept]","{item}在此哨站的当前生产中出现了多次。","{item} 在该前哨站的有效生产列表中出现多次。","SUBSTANTIVE","CODEX","{item}在此哨站的当前生产中出现了多次。","Codex is selected for “{item} appears more than once in this outpost's active production.” (validation.duplicateActiveProduction) because its wording more precisely matches the tracker context and approved Chinese punctuation and spacing; the DeepL alternative is less precise, less natural, or semantically weaker. It also follows the row’s binding terminology (term.outpost=哨站 [strategy=phrase]; glossary.active-production=当前生产 [strategy=semantic-concept]), which the DeepL candidate does not consistently preserve."
"validation.duplicateBiome","zh-Hans","{item} appears more than once in this outpost's biome selection.","98D4842D5357ED12DCAEE0CB21876314875296892807D9F0B4E8D5BF6B1D6DC4","Validation severity, diagnostic, context, or remediation.","HIGH","item","","term.outpost=哨站 [strategy=phrase]; term.biome=生物群系 [strategy=semantic-concept, variants=生物群系 | 生物群落 | 生态群落]","{item}在此哨站选择的生物群系中出现了多次。","{item} 在该前哨站的生物群系选择中出现多次。","SUBSTANTIVE","CODEX","{item}在此哨站选择的生物群系中出现了多次。","Codex is selected for “{item} appears more than once in this outpost's biome selection.” (validation.duplicateBiome) because its wording more precisely matches the tracker context and approved Chinese punctuation and spacing; the DeepL alternative is less precise, less natural, or semantically weaker. It also follows the row’s binding terminology (term.outpost=哨站 [strategy=phrase]; term.biome=生物群系 [strategy=semantic-concept, variants=生物群系 | 生物群落 | 生态群落]), which the DeepL candidate does not consistently preserve."
"validation.duplicateExplicitPresence","zh-Hans","{item} appears more than once in this outpost's explicit resource presence.","7CD8AA72F3BB3FFD4303234B375FB45AE1AC996C70661B0579FB124DAB3A85B0","Validation severity, diagnostic, context, or remediation.","HIGH","item","","term.outpost=哨站 [strategy=phrase]","{item}在此哨站明确记录的资源存在状态中出现了多次。","{item} 在该前哨站的显式资源列表中出现多次。","SUBSTANTIVE","CODEX","{item}在此哨站明确记录的资源存在状态中出现了多次。","Codex is selected for “{item} appears more than once in this outpost's explicit resource presence.” (validation.duplicateExplicitPresence) because its wording more precisely matches the tracker context and approved Chinese punctuation and spacing; the DeepL alternative is less precise, less natural, or semantically weaker. It also follows the row’s binding terminology (term.outpost=哨站 [strategy=phrase]), which the DeepL candidate does not consistently preserve."
"validation.duplicateLocalResource","zh-Hans","{item} appears more than once in this outpost's local resources.","98590D7EF4CF73812F603C54B05B2E992917A3EE655737A9C2D457E55374C51A","Validation severity, diagnostic, context, or remediation.","HIGH","item","","term.outpost=哨站 [strategy=phrase]","{item}在此哨站的本地资源中出现了多次。","{item} 在该前哨站的本地资源中出现多次。","SUBSTANTIVE","CODEX","{item}在此哨站的本地资源中出现了多次。","Codex is selected for “{item} appears more than once in this outpost's local resources.” (validation.duplicateLocalResource) because its wording more precisely matches the tracker context and approved Chinese punctuation and spacing; the DeepL alternative is less precise, less natural, or semantically weaker. It also follows the row’s binding terminology (term.outpost=哨站 [strategy=phrase]), which the DeepL candidate does not consistently preserve."
"validation.duplicateManufacturing","zh-Hans","{item} appears more than once in this outpost's manufacturing list.","4A672C33903413951067839530919DA2B42703B982606FF49CFD4A9B2177D74C","Validation severity, diagnostic, context, or remediation.","HIGH","item","","term.outpost=哨站 [strategy=phrase]; glossary.manufacturing=制造 [strategy=semantic-concept]","{item}在此哨站的制造列表中出现了多次。","{item} 在该前哨站的制造清单中出现多次。","SUBSTANTIVE","CODEX","{item}在此哨站的制造列表中出现了多次。","Codex is selected for “{item} appears more than once in this outpost's manufacturing list.” (validation.duplicateManufacturing) because its wording more precisely matches the tracker context and approved Chinese punctuation and spacing; the DeepL alternative is less precise, less natural, or semantically weaker. It also follows the row’s binding terminology (term.outpost=哨站 [strategy=phrase]; glossary.manufacturing=制造 [strategy=semantic-concept]), which the DeepL candidate does not consistently preserve."
"validation.duplicateOutboundItem","zh-Hans","{item} appears more than once in this Cargo Link's outbound items.","39E57ED738A1A8E969109EC4BFED550BB5F922390A5D4FF9304D8BA5F426ED02","Validation severity, diagnostic, context, or remediation.","HIGH","item","","term.cargo-link=货运链接 [strategy=phrase]","{item}在此货运链接的出站物品中出现了多次。","{item} 在该货运链接的出站物品中出现多次。","SUBSTANTIVE","CODEX","{item}在此货运链接的出站物品中出现了多次。","Codex is selected for “{item} appears more than once in this Cargo Link's outbound items.” (validation.duplicateOutboundItem) because its wording more precisely matches the tracker context and approved Chinese punctuation and spacing; the DeepL alternative is less precise, less natural, or semantically weaker. It also follows the row’s binding terminology (term.cargo-link=货运链接 [strategy=phrase]), which the DeepL candidate does not consistently preserve."
"validation.duplicateOutpostName","zh-Hans","{count} outposts are named ""{name}"". Unique outpost names are recommended to avoid ambiguity.","4C8312E1F6CCD26528398627BD8DE9C4025557A067D2F60A875E399608F5E6C4","Validation severity, diagnostic, context, or remediation.","HIGH","count; name","","term.outpost=哨站 [strategy=phrase]","有{count}个哨站名为“{name}”。建议使用唯一的哨站名称以免混淆。","有 {count} 个前哨站命名为“{name}”。建议使用唯一的前哨站名称以避免歧义。","SUBSTANTIVE","CODEX","有{count}个哨站名为“{name}”。建议使用唯一的哨站名称以免混淆。","Codex is selected for “{count} outposts are named ""{name}"". Unique outpost names are recommended to avoid ambiguity.” (validation.duplicateOutpostName) because its wording more precisely matches the tracker context and approved Chinese punctuation and spacing; the DeepL alternative is less precise, less natural, or semantically weaker. It also follows the row’s binding terminology (term.outpost=哨站 [strategy=phrase]), which the DeepL candidate does not consistently preserve."
"validation.duplicatePlannedSupply","zh-Hans","{item} appears more than once in this outpost's Planned Supply.","2D1491D5C8DB17E640841C670CA7202B62919A7E7B4399F17C2D7A20F01ED98D","Validation severity, diagnostic, context, or remediation.","HIGH","item","","term.outpost=哨站 [strategy=phrase]; glossary.planned-supply=计划供应 [strategy=key-scoped]","{item}在此哨站的计划供应中出现了多次。","{item} 在该前哨站的计划补给中出现多次。","SUBSTANTIVE","CODEX","{item}在此哨站的计划供应中出现了多次。","Codex is selected for “{item} appears more than once in this outpost's Planned Supply.” (validation.duplicatePlannedSupply) because its wording more precisely matches the tracker context and approved Chinese punctuation and spacing; the DeepL alternative is less precise, less natural, or semantically weaker. It also follows the row’s binding terminology (term.outpost=哨站 [strategy=phrase]; glossary.planned-supply=计划供应 [strategy=key-scoped]), which the DeepL candidate does not consistently preserve."
"validation.filter.all","zh-Hans","All","A52ACE420F2175D08B1577A1BEA5445E36801229C074EF9ED6C55A73401FD9C2","Validation severity, diagnostic, context, or remediation.","HIGH","","","","全部","全部","IDENTICAL","AGREED","全部","Codex and DeepL independently agree for “All” (validation.filter.all); the shared wording preserves the English meaning, required tokens, and approved Simplified Chinese style."
"validation.filter.error","zh-Hans","Errors","CB702378F31507EFA79A2A2C6046050BC9F578F149C88E3C0A3D9532AB4B5300","Validation severity, diagnostic, context, or remediation.","HIGH","","","glossary.validation-error=错误 [strategy=semantic-concept]","错误","错误","IDENTICAL","AGREED","错误","Codex and DeepL independently agree for “Errors” (validation.filter.error); the shared wording preserves the English meaning, required tokens, and approved Simplified Chinese style."
"validation.filter.info","zh-Hans","Info","170322A32F3C35B2C61576A5553D352D7B3C8AE7086DAB78F15FC891A28C067C","Validation severity, diagnostic, context, or remediation.","HIGH","","","glossary.validation-info=信息 [strategy=semantic-concept]","信息","信息","IDENTICAL","AGREED","信息","Codex and DeepL independently agree for “Info” (validation.filter.info); the shared wording preserves the English meaning, required tokens, and approved Simplified Chinese style."
"validation.filter.warning","zh-Hans","Warnings","0E04CD10F9AFD7E546E176B34B56A243D8C741198AA0BFEE27D7661A370DC043","Validation severity, diagnostic, context, or remediation.","HIGH","","","glossary.validation-warning=警告 [strategy=semantic-concept]","警告","警告","IDENTICAL","AGREED","警告","Codex and DeepL independently agree for “Warnings” (validation.filter.warning); the shared wording preserves the English meaning, required tokens, and approved Simplified Chinese style."
"validation.heading","zh-Hans","Validation","68E1CA575295BB5604FEA711B5D2EFF44006CE4BD985481083A76B71FCE0DAEF","Heading for domain validation results containing errors, warnings, and informational findings; not form submission validation alone. This is a visible heading.","HIGH","","","glossary.validation=检查 [strategy=semantic-concept, variants=检查 | 问题]","检查","验证","SUBSTANTIVE","CODEX","检查","Codex is selected for “Validation” (validation.heading) because its wording more precisely matches the tracker context and approved Chinese punctuation and spacing; the DeepL alternative is less precise, less natural, or semantically weaker. It also follows the row’s binding terminology (glossary.validation=检查 [strategy=semantic-concept, variants=检查 | 问题]), which the DeepL candidate does not consistently preserve."
"validation.interstellarHelium3","zh-Hans","This Inter-System Cargo Link is sending cargo, but its outpost has no available Helium-3 supply.","5ACB93205A0583C817D0B8157F802B528C08E057BB0ADEAB9A916148D18F9171","Validation severity, diagnostic, context, or remediation.","HIGH","","","term.inter-system-cargo-link=跨星系货运链接 [strategy=phrase]; term.cargo-link=货运链接 [strategy=phrase]; term.outpost=哨站 [strategy=phrase]","此跨星系货运链接正在发送货物，但其哨站没有可用的氦-3供应。","该“系统间货运通道”正在运输货物，但其前哨站没有可用的氦-3供应。","SUBSTANTIVE","CODEX","此跨星系货运链接正在发送货物，但其哨站没有可用的氦-3供应。","Codex is selected for “This Inter-System Cargo Link is sending cargo, but its outpost has no available Helium-3 supply.” (validation.interstellarHelium3) because its wording more precisely matches the tracker context and approved Chinese punctuation and spacing; the DeepL alternative is less precise, less natural, or semantically weaker. It also follows the row’s binding terminology (term.inter-system-cargo-link=跨星系货运链接 [strategy=phrase]; term.cargo-link=货运链接 [strategy=phrase]; term.outpost=哨站 [strategy=phrase]), which the DeepL candidate does not consistently preserve."
"validation.invalidCharacterLevel","zh-Hans","Character level is {level}, but a recorded character level must be a whole number from {minimum} to {maximum}.","557A628B5FD3728FAAC1175E6D6EAF7F8D41ED8CB896805EB05788BB52ADF1A6","Validation severity, diagnostic, context, or remediation.","HIGH","level; maximum; minimum","","","角色等级为{level}，但记录的角色等级必须是{minimum}至{maximum}之间的整数。","角色等级为 {level}，但记录的角色等级必须是 {minimum} 到 {maximum} 之间的整数。","SUBSTANTIVE","CODEX","角色等级为{level}，但记录的角色等级必须是{minimum}至{maximum}之间的整数。","Codex is selected for “Character level is {level}, but a recorded character level must be a whole number from {minimum} to {maximum}.” (validation.invalidCharacterLevel) because its wording more precisely matches the tracker context and approved Chinese punctuation and spacing; the DeepL alternative is less precise, less natural, or semantically weaker."
"validation.invalidSkillLevel","zh-Hans","{skill} has level {level}, but valid skill levels are integers {minimum} through {maximum}.","479C20E3082325683BBB0FD99CD53B56C8C4A7A002923C68D54B6E9487411C86","Validation severity, diagnostic, context, or remediation.","HIGH","level; maximum; minimum; skill","","","{skill}等级为{level}，但有效技能等级必须是{minimum}至{maximum}之间的整数。","{skill} 的等级为 {level}，但有效的技能等级必须是介于 {minimum} 到 {maximum} 之间的整数。","SUBSTANTIVE","CODEX","{skill}等级为{level}，但有效技能等级必须是{minimum}至{maximum}之间的整数。","Codex is selected for “{skill} has level {level}, but valid skill levels are integers {minimum} through {maximum}.” (validation.invalidSkillLevel) because its wording more precisely matches the tracker context and approved Chinese punctuation and spacing; the DeepL alternative is less precise, less natural, or semantically weaker."
"validation.issueCount","zh-Hans","Validation: {count} {count, plural, one {issue} other {issues}}","F0C30AE770A0C8A8C672000A3292FF3FE8F3D0A23945D4079779B5A408A675C4","Validation severity, diagnostic, context, or remediation.","HIGH","count","","glossary.validation=检查 [strategy=semantic-concept, variants=检查 | 问题]","检查：{count}{count, plural, one {项问题} other {项问题}}","验证：{count} {count，复数，一个 {问题} 或其他 {问题}}","INVALID_TOKENS","INVALID_DEEPL_REPAIRED","检查：{count}{count, plural, one {项问题} other {项问题}}","DeepL is retained as invalid comparative evidence for “Validation: {count} {count, plural, one {issue} other {issues}}” (validation.issueCount) because it failed PLURAL_SYNTAX validation; the independently reviewed Codex wording restores the exact structural contract and approved terminology."
"validation.manufacturingInputUnavailable","zh-Hans","{product} requires {input}, but {input} is not available at this outpost.","5D636D52EEFF0A72CE322FD0388383DD6783828EE5AC9DA99242EE7CA9F7CE4F","Validation severity, diagnostic, context, or remediation.","HIGH","input; product","","term.outpost=哨站 [strategy=phrase]; glossary.inputs=所需材料 [strategy=semantic-concept, variants=所需材料 | 所需资源]","{product}需要{input}，但此哨站没有可用的{input}。","{product} 需要 {input}，但该前哨站无法提供 {input}。","SUBSTANTIVE","CODEX","{product}需要{input}，但此哨站没有可用的{input}。","Codex is selected for “{product} requires {input}, but {input} is not available at this outpost.” (validation.manufacturingInputUnavailable) because its wording more precisely matches the tracker context and approved Chinese punctuation and spacing; the DeepL alternative is less precise, less natural, or semantically weaker. It also follows the row’s binding terminology (term.outpost=哨站 [strategy=phrase]; glossary.inputs=所需材料 [strategy=semantic-concept, variants=所需材料 | 所需资源]), which the DeepL candidate does not consistently preserve."
"validation.missingCargoEndpoint","zh-Hans","This cargo connection refers to a missing outpost or Cargo Link endpoint.","DE666AA19EEA71AF84123F9502737CCA410AEA2B9EA680E0DBB0DA1B22BCD1EB","Validation severity, diagnostic, context, or remediation.","HIGH","","","term.cargo-link=货运链接 [strategy=phrase]; term.outpost=哨站 [strategy=phrase]","此货运连接引用了缺失的哨站或货运链接端点。","此货运连接指向一个不存在的前哨站或货运链接端点。","SUBSTANTIVE","CODEX","此货运连接引用了缺失的哨站或货运链接端点。","Codex is selected for “This cargo connection refers to a missing outpost or Cargo Link endpoint.” (validation.missingCargoEndpoint) because its wording more precisely matches the tracker context and approved Chinese punctuation and spacing; the DeepL alternative is less precise, less natural, or semantically weaker. It also follows the row’s binding terminology (term.cargo-link=货运链接 [strategy=phrase]; term.outpost=哨站 [strategy=phrase]), which the DeepL candidate does not consistently preserve."
"validation.none","zh-Hans","No validation issues.","21D05437FB5BF4D6620AD3FEB0A477B311E4FE078083DD371C526972FEAEEF5C","Validation severity, diagnostic, context, or remediation.","HIGH","","","glossary.validation=检查 [strategy=semantic-concept, variants=检查 | 问题]","检查未发现问题。","没有验证问题。","SUBSTANTIVE","CODEX","检查未发现问题。","Codex is selected for “No validation issues.” (validation.none) because its wording more precisely matches the tracker context and approved Chinese punctuation and spacing; the DeepL alternative is less precise, less natural, or semantically weaker. It also follows the row’s binding terminology (glossary.validation=检查 [strategy=semantic-concept, variants=检查 | 问题]), which the DeepL candidate does not consistently preserve."
"validation.open","zh-Hans","Open validation details","77DDEF905E8B93BB72AE88AD640D48A41D25FB28E2530E59996DCF1A94822ECA","Validation severity, diagnostic, context, or remediation.","HIGH","","","glossary.validation=检查 [strategy=semantic-concept, variants=检查 | 问题]","打开检查详情","打开验证详情","SUBSTANTIVE","CODEX","打开检查详情","Codex is selected for “Open validation details” (validation.open) because its wording more precisely matches the tracker context and approved Chinese punctuation and spacing; the DeepL alternative is less precise, less natural, or semantically weaker. It also follows the row’s binding terminology (glossary.validation=检查 [strategy=semantic-concept, variants=检查 | 问题]), which the DeepL candidate does not consistently preserve."
"validation.organicInputUnavailable","zh-Hans","{species} requires {input}, but {input} is not available at this outpost.","6C9034CE1B9DD269D679570EB922B190B3A495B01898426091DF8323B7C6517F","Validation severity, diagnostic, context, or remediation.","HIGH","input; species","","term.outpost=哨站 [strategy=phrase]; glossary.inputs=所需材料 [strategy=semantic-concept, variants=所需材料 | 所需资源]","{species}需要{input}，但此哨站没有可用的{input}。","{物种} 需要 {输入}，但该前哨站无法提供 {输入}。","INVALID_TOKENS","INVALID_DEEPL_REPAIRED","{species}需要{input}，但此哨站没有可用的{input}。","DeepL is retained as invalid comparative evidence for “{species} requires {input}, but {input} is not available at this outpost.” (validation.organicInputUnavailable) because it failed PLACEHOLDERS validation; the independently reviewed Codex wording restores the exact structural contract and approved terminology."
"validation.outpostBodyNotEligible","zh-Hans","This outpost is located on a body that cannot host outposts.","2A2282A192939493A1C1868D1A1C14D95443D82432460E1B0D29B81953D33AE1","Validation severity, diagnostic, context, or remediation.","HIGH","","","term.outpost=哨站 [strategy=phrase]; term.planetary-body=行星体 [strategy=phrase]","此哨站位于无法建造哨站的行星体上。","该前哨站位于无法建立前哨站的天体上。","SUBSTANTIVE","CODEX","此哨站位于无法建造哨站的行星体上。","Codex is selected for “This outpost is located on a body that cannot host outposts.” (validation.outpostBodyNotEligible) because its wording more precisely matches the tracker context and approved Chinese punctuation and spacing; the DeepL alternative is less precise, less natural, or semantically weaker. It also follows the row’s binding terminology (term.outpost=哨站 [strategy=phrase]; term.planetary-body=行星体 [strategy=phrase]), which the DeepL candidate does not consistently preserve."
"validation.outpostNameLength","zh-Hans","Starfield normally limits outpost names to 25 characters; longer modded names remain supported.","E784CAB57A18B4483195176094C6A818AE3FBEFF92674F7355962C05A1877A44","Validation severity, diagnostic, context, or remediation.","HIGH","","","term.outpost=哨站 [strategy=phrase]; product.starfield-localized=星空 [strategy=semantic-concept]","《星空》通常将哨站名称限制为25个字符；仍支持模组中的更长名称。","《Starfield》通常将前哨站名称限制为 25 个字符；较长的模组名称仍受支持。","SUBSTANTIVE","CODEX","《星空》通常将哨站名称限制为25个字符；仍支持模组中的更长名称。","Codex is selected for “Starfield normally limits outpost names to 25 characters; longer modded names remain supported.” (validation.outpostNameLength) because its wording more precisely matches the tracker context and approved Chinese punctuation and spacing; the DeepL alternative is less precise, less natural, or semantically weaker. It also follows the row’s binding terminology (term.outpost=哨站 [strategy=phrase]; product.starfield-localized=星空 [strategy=semantic-concept]), which the DeepL candidate does not consistently preserve."
"validation.outpostSkillLimit","zh-Hans","This network has {count} outposts, but the current {skill} level allows a maximum of {limit}.","4D1CE1DF98BDA2E18E1BEA5735B16B8AD97CCC63E5B2E324E8E39BF4A1E4489F","Validation severity, diagnostic, context, or remediation.","HIGH","count; limit; skill","","term.outpost=哨站 [strategy=phrase]; glossary.network=哨站网络 [strategy=semantic-concept, variants=哨站网络 | 网络]","此哨站网络有{count}个哨站，但当前{skill}等级最多允许{limit}个。","该网络中有 {count} 个前哨站，但当前的 {skill} 等级最多允许 {limit} 个。","SUBSTANTIVE","CODEX","此哨站网络有{count}个哨站，但当前{skill}等级最多允许{limit}个。","Codex is selected for “This network has {count} outposts, but the current {skill} level allows a maximum of {limit}.” (validation.outpostSkillLimit) because its wording more precisely matches the tracker context and approved Chinese punctuation and spacing; the DeepL alternative is less precise, less natural, or semantically weaker. It also follows the row’s binding terminology (term.outpost=哨站 [strategy=phrase]; glossary.network=哨站网络 [strategy=semantic-concept, variants=哨站网络 | 网络]), which the DeepL candidate does not consistently preserve."
"validation.planetaryHabitationRequirement","zh-Hans","This outpost requires {skill} rank {required}, but the recorded character rank is {recorded}.","F45CBAADE159B507024D0485DB395C0F14F2DB63F6C23FB7CD5712E1935E5EA9","Validation severity, diagnostic, context, or remediation.","HIGH","recorded; required; skill","","term.outpost=哨站 [strategy=phrase]","此哨站需要{skill}{required}级，但记录的角色技能等级为{recorded}。","该前哨站要求 {skill} 等级 {required}，但记录的角色等级为 {recorded}。","SUBSTANTIVE","CODEX","此哨站需要{skill}{required}级，但记录的角色技能等级为{recorded}。","Codex is selected for “This outpost requires {skill} rank {required}, but the recorded character rank is {recorded}.” (validation.planetaryHabitationRequirement) because its wording more precisely matches the tracker context and approved Chinese punctuation and spacing; the DeepL alternative is less precise, less natural, or semantically weaker. It also follows the row’s binding terminology (term.outpost=哨站 [strategy=phrase]), which the DeepL candidate does not consistently preserve."
"validation.plannedSupplyUnresolved","zh-Hans","{count} {count, plural, one {item} other {items}} in Planned Supply: {itemList}.","BE7699EC7C1923EA45A34F86ED126C15EF94933206CDB8839A9C6FAE4310BF48","Validation severity, diagnostic, context, or remediation.","HIGH","count; itemList","","glossary.planned-supply=计划供应 [strategy=key-scoped]","计划供应中有{count}{count, plural, one {个物品尚未解决} other {个物品尚未解决}}：{itemList}。","计划补给中包含 {count} 个 {count（复数），一个 {item} 及其他 {items}}：{itemList}。","INVALID_TOKENS","INVALID_DEEPL_REPAIRED","计划供应中有{count}{count, plural, one {个物品尚未解决} other {个物品尚未解决}}：{itemList}。","DeepL is retained as invalid comparative evidence for “{count} {count, plural, one {item} other {items}} in Planned Supply: {itemList}.” (validation.plannedSupplyUnresolved) because it failed PLACEHOLDERS and PLURAL_SYNTAX validation; the independently reviewed Codex wording restores the exact structural contract and approved terminology."
"validation.regularPadCrossSystem","zh-Hans","This Cargo Link is connected to an outpost in another star system; use an Inter-System Cargo Link instead.","0036D346FA2E3589A83E0C1E156EB47038633D52DD365DF5CD83EED4B3C9A2FB","Validation severity, diagnostic, context, or remediation.","HIGH","","","term.inter-system-cargo-link=跨星系货运链接 [strategy=phrase]; term.cargo-link=货运链接 [strategy=phrase]; term.outpost=哨站 [strategy=phrase]; term.star-system=星系 [strategy=phrase]","此货运链接连接到其他星系的哨站；请改用跨星系货运链接。","此货运通道连接至另一个星系的据点；请改用星系间货运通道。","SUBSTANTIVE","CODEX","此货运链接连接到其他星系的哨站；请改用跨星系货运链接。","Codex is selected for “This Cargo Link is connected to an outpost in another star system; use an Inter-System Cargo Link instead.” (validation.regularPadCrossSystem) because its wording more precisely matches the tracker context and approved Chinese punctuation and spacing; the DeepL alternative is less precise, less natural, or semantically weaker. It also follows the row’s binding terminology (term.inter-system-cargo-link=跨星系货运链接 [strategy=phrase]; term.cargo-link=货运链接 [strategy=phrase]; term.outpost=哨站 [strategy=phrase]; term.star-system=星系 [strategy=phrase]), which the DeepL candidate does not consistently preserve."
"validation.remediation.extraction","zh-Hans","Available for extraction in: {biomes}","033652C06FCF14E7028EFC79DED08BDC6242BAF35CBC75A969F66CF88E50189F","Validation severity, diagnostic, context, or remediation.","HIGH","biomes","","term.biome=生物群系 [strategy=semantic-concept, variants=生物群系 | 生物群落 | 生态群落]","可开采的生物群系：{biomes}","可在以下生物群系中开采：{biomes}","SUBSTANTIVE","DEEPL","可在以下生物群系中开采：{biomes}","DeepL is selected for “Available for extraction in: {biomes}” (validation.remediation.extraction) because it gives the clearest natural instruction for the listed extraction biomes while preserving the placeholder and approved 生物群系 terminology; all required structural and Chinese quality checks remain satisfied."
"validation.remediation.harvesting","zh-Hans","Choose a valid domesticable producer on this planet.","08B21A3BAF71C04CE8965D7CBDF3B5C0B22975229FCEF85135EF7B4096BE19DB","Validation severity, diagnostic, context, or remediation.","HIGH","","","term.planet=行星 [strategy=semantic-concept, variants=行星 | 星球]","请选择此行星上有效的可养殖生产物种。","","MISSING","CODEX","请选择此行星上有效的可养殖生产物种。","Planet-level organic farming semantics were reviewed for this correction; prior biome-bound source evidence is intentionally retired."
"validation.remediation.organicSources","zh-Hans","Available from: {sources}","079E06CF1CE43D59E4122D165732D4D39B7405F6EA48021A2BFF063549D71012","Validation severity, diagnostic, context, or remediation.","HIGH","sources","","glossary.source=来源 [strategy=semantic-concept, variants=来源 | 来源哨站]","可用来源：{sources}","来源：{sources}","SUBSTANTIVE","CODEX","可用来源：{sources}","Codex is selected for “Available from: {sources}” (validation.remediation.organicSources) because its wording more precisely matches the tracker context and approved Chinese punctuation and spacing; the DeepL alternative is less precise, less natural, or semantically weaker. It also follows the row’s binding terminology (glossary.source=来源 [strategy=semantic-concept, variants=来源 | 来源哨站]), which the DeepL candidate does not consistently preserve."
"validation.selectedBiomeInvalid","zh-Hans","This selected biome belongs to a different planetary body.","6D576D3401E2A28EF6D6D90BE82FEF4E4A34C47FDEC0102556426FBE7EC1E066","Validation severity, diagnostic, context, or remediation.","HIGH","","","term.biome=生物群系 [strategy=semantic-concept, variants=生物群系 | 生物群落 | 生态群落]; term.planetary-body=行星体 [strategy=phrase]","所选生物群系属于另一个行星体。","所选生物群系属于另一颗行星。","SUBSTANTIVE","CODEX","所选生物群系属于另一个行星体。","Codex is selected for “This selected biome belongs to a different planetary body.” (validation.selectedBiomeInvalid) because its wording more precisely matches the tracker context and approved Chinese punctuation and spacing; the DeepL alternative is less precise, less natural, or semantically weaker. It also follows the row’s binding terminology (term.biome=生物群系 [strategy=semantic-concept, variants=生物群系 | 生物群落 | 生态群落]; term.planetary-body=行星体 [strategy=phrase]), which the DeepL candidate does not consistently preserve."
"validation.selfLinkedCargoPad","zh-Hans","This cargo connection uses the same Cargo Link at both endpoints.","37A36CCB8D15AE9949772C22FE628AE24C43622ECBA3A4618483EE8B495D65E1","Validation severity, diagnostic, context, or remediation.","HIGH","","","term.cargo-link=货运链接 [strategy=phrase]","此货运连接的两个端点使用了同一条货运链接。","该货运连接在两端均使用相同的货运链接。","SUBSTANTIVE","CODEX","此货运连接的两个端点使用了同一条货运链接。","Codex is selected for “This cargo connection uses the same Cargo Link at both endpoints.” (validation.selfLinkedCargoPad) because its wording more precisely matches the tracker context and approved Chinese punctuation and spacing; the DeepL alternative is less precise, less natural, or semantically weaker. It also follows the row’s binding terminology (term.cargo-link=货运链接 [strategy=phrase]), which the DeepL candidate does not consistently preserve."
"validation.severity.error","zh-Hans","Error","54A0E8C17EBB21A11F8A25B8042786EF7EFE52441E6CC87E92C67E0C4C0C6E78","Validation severity, diagnostic, context, or remediation.","HIGH","","","glossary.validation-error=错误 [strategy=semantic-concept]","错误","错误","IDENTICAL","AGREED","错误","Codex and DeepL independently agree for “Error” (validation.severity.error); the shared wording preserves the English meaning, required tokens, and approved Simplified Chinese style."
"validation.severity.info","zh-Hans","Info","170322A32F3C35B2C61576A5553D352D7B3C8AE7086DAB78F15FC891A28C067C","Validation severity, diagnostic, context, or remediation.","HIGH","","","glossary.validation-info=信息 [strategy=semantic-concept]","信息","信息","IDENTICAL","AGREED","信息","Codex and DeepL independently agree for “Info” (validation.severity.info); the shared wording preserves the English meaning, required tokens, and approved Simplified Chinese style."
"validation.severity.warning","zh-Hans","Warning","E981DDAE45D8F4CA53F1CCBE613AD254A041DACF65A06026099A6302D332113B","Validation severity, diagnostic, context, or remediation.","HIGH","","","glossary.validation-warning=警告 [strategy=semantic-concept]","警告","警告","IDENTICAL","AGREED","警告","Codex and DeepL independently agree for “Warning” (validation.severity.warning); the shared wording preserves the English meaning, required tokens, and approved Simplified Chinese style."
"validation.unknownBiome","zh-Hans","This outpost refers to unknown body-biome ID ""{id}"".","E1DA964E2CA929F08EAB04CB1BDC0647323400630396D29DE66A0DA4ECC75ACD","Validation severity, diagnostic, context, or remediation.","HIGH","id","ID","term.outpost=哨站 [strategy=phrase]; term.biome=生物群系 [strategy=semantic-concept, variants=生物群系 | 生物群落 | 生态群落]; term.planetary-body=行星体 [strategy=phrase]","此哨站引用了未知的行星体—生物群系 ID“{id}”。","该前哨站引用了未知天体-生物群系 ID“{id}”。","SUBSTANTIVE","CODEX","此哨站引用了未知的行星体—生物群系 ID“{id}”。","Codex is selected for “This outpost refers to unknown body-biome ID ""{id}"".” (validation.unknownBiome) because its wording more precisely matches the tracker context and approved Chinese punctuation and spacing; the DeepL alternative is less precise, less natural, or semantically weaker. It also follows the row’s binding terminology (term.outpost=哨站 [strategy=phrase]; term.biome=生物群系 [strategy=semantic-concept, variants=生物群系 | 生物群落 | 生态群落]; term.planetary-body=行星体 [strategy=phrase]), which the DeepL candidate does not consistently preserve."
"validation.unknownBody","zh-Hans","This outpost refers to unknown planetary body ID ""{id}"".","DA5ED3FC64770A5D1CB08189EC222343D0D13D7169E01214381323FCB25228E2","Validation severity, diagnostic, context, or remediation.","HIGH","id","ID","term.outpost=哨站 [strategy=phrase]; term.planetary-body=行星体 [strategy=phrase]","此哨站引用了未知的行星体 ID“{id}”。","该前哨站引用了未知天体 ID “{id}”。","SUBSTANTIVE","CODEX","此哨站引用了未知的行星体 ID“{id}”。","Codex is selected for “This outpost refers to unknown planetary body ID ""{id}"".” (validation.unknownBody) because its wording more precisely matches the tracker context and approved Chinese punctuation and spacing; the DeepL alternative is less precise, less natural, or semantically weaker. It also follows the row’s binding terminology (term.outpost=哨站 [strategy=phrase]; term.planetary-body=行星体 [strategy=phrase]), which the DeepL candidate does not consistently preserve."
"validation.unknownExplicitResource","zh-Hans","This outpost refers to unknown resource ID ""{id}"" in its explicit resource presence.","FD98EB6E83DF87E0D8F039DEAB0DBEB6B9FF1057B00476AB6E52CF432263451E","Validation severity, diagnostic, context, or remediation.","HIGH","id","ID","term.outpost=哨站 [strategy=phrase]","此哨站明确记录的资源存在状态中引用了未知的资源 ID“{id}”。","该前哨站在其显式资源列表中引用了未知资源 ID “{id}”。","SUBSTANTIVE","CODEX","此哨站明确记录的资源存在状态中引用了未知的资源 ID“{id}”。","Codex is selected for “This outpost refers to unknown resource ID ""{id}"" in its explicit resource presence.” (validation.unknownExplicitResource) because its wording more precisely matches the tracker context and approved Chinese punctuation and spacing; the DeepL alternative is less precise, less natural, or semantically weaker. It also follows the row’s binding terminology (term.outpost=哨站 [strategy=phrase]), which the DeepL candidate does not consistently preserve."
"validation.unknownLocalResource","zh-Hans","This outpost refers to unknown resource ID ""{id}"" in its local resources.","25EF5B070F2192423A3417D425AD2BD968121472069DE0634ABEAD4478721816","Validation severity, diagnostic, context, or remediation.","HIGH","id","ID","term.outpost=哨站 [strategy=phrase]","此哨站的本地资源中引用了未知的资源 ID“{id}”。","该前哨站在其本地资源中引用了未知资源 ID “{id}”。","SUBSTANTIVE","CODEX","此哨站的本地资源中引用了未知的资源 ID“{id}”。","Codex is selected for “This outpost refers to unknown resource ID ""{id}"" in its local resources.” (validation.unknownLocalResource) because its wording more precisely matches the tracker context and approved Chinese punctuation and spacing; the DeepL alternative is less precise, less natural, or semantically weaker. It also follows the row’s binding terminology (term.outpost=哨站 [strategy=phrase]), which the DeepL candidate does not consistently preserve."
"validation.unknownManufacturingProduct","zh-Hans","This outpost refers to unknown product ID ""{id}"" in its manufacturing list.","676EECBDA18952E4E1337C7209F730A4681D85259A469B433214A9CBF262FBCC","Validation severity, diagnostic, context, or remediation.","HIGH","id","ID","term.outpost=哨站 [strategy=phrase]; glossary.manufacturing=制造 [strategy=semantic-concept]","此哨站的制造列表中引用了未知的产品 ID“{id}”。","该前哨站在其制造清单中引用了未知产品 ID “{id}”。","SUBSTANTIVE","CODEX","此哨站的制造列表中引用了未知的产品 ID“{id}”。","Codex is selected for “This outpost refers to unknown product ID ""{id}"" in its manufacturing list.” (validation.unknownManufacturingProduct) because its wording more precisely matches the tracker context and approved Chinese punctuation and spacing; the DeepL alternative is less precise, less natural, or semantically weaker. It also follows the row’s binding terminology (term.outpost=哨站 [strategy=phrase]; glossary.manufacturing=制造 [strategy=semantic-concept]), which the DeepL candidate does not consistently preserve."
"validation.unknownOutboundItem","zh-Hans","This Cargo Link refers to unknown {kind} ID ""{id}"" in its outbound items.","B7A414025A12F066B07642528EBBBB6E1B2E00F8550F92A95603AD724FBD69D9","Validation severity, diagnostic, context, or remediation.","HIGH","id; kind","ID","term.cargo-link=货运链接 [strategy=phrase]","此货运链接的出站物品中引用了未知的{kind} ID“{id}”。","该货运链接在其出站物品中引用了未知 {kind} ID“{id}”。","SUBSTANTIVE","CODEX","此货运链接的出站物品中引用了未知的{kind} ID“{id}”。","Codex is selected for “This Cargo Link refers to unknown {kind} ID ""{id}"" in its outbound items.” (validation.unknownOutboundItem) because its wording more precisely matches the tracker context and approved Chinese punctuation and spacing; the DeepL alternative is less precise, less natural, or semantically weaker. It also follows the row’s binding terminology (term.cargo-link=货运链接 [strategy=phrase]), which the DeepL candidate does not consistently preserve."
"validation.unknownPlannedItem","zh-Hans","This outpost refers to unknown {kind} ID ""{id}"" in Planned Supply.","9F80386C805E2AE70EC4A6E593CE774C919F328FBA406EC4447940E86F3E3FC7","Validation severity, diagnostic, context, or remediation.","HIGH","id; kind","ID","term.outpost=哨站 [strategy=phrase]; glossary.planned-supply=计划供应 [strategy=key-scoped]","此哨站的计划供应中引用了未知的{kind} ID“{id}”。","该前哨站计划供应中包含未知 {kind} ID“{id}”。","SUBSTANTIVE","CODEX","此哨站的计划供应中引用了未知的{kind} ID“{id}”。","Codex is selected for “This outpost refers to unknown {kind} ID ""{id}"" in Planned Supply.” (validation.unknownPlannedItem) because its wording more precisely matches the tracker context and approved Chinese punctuation and spacing; the DeepL alternative is less precise, less natural, or semantically weaker. It also follows the row’s binding terminology (term.outpost=哨站 [strategy=phrase]; glossary.planned-supply=计划供应 [strategy=key-scoped]), which the DeepL candidate does not consistently preserve."
"validation.unknownProductionResource","zh-Hans","This outpost refers to unknown resource ID ""{id}"" in its active production.","283D486D59E6085AAFBC0B201C46CB2A08618E9E64205A13AD35087A2EA8ECD7","Validation severity, diagnostic, context, or remediation.","HIGH","id","ID","term.outpost=哨站 [strategy=phrase]; glossary.active-production=当前生产 [strategy=semantic-concept]","此哨站的当前生产中引用了未知的资源 ID“{id}”。","该前哨站在其活跃生产中引用了未知资源 ID “{id}”。","SUBSTANTIVE","CODEX","此哨站的当前生产中引用了未知的资源 ID“{id}”。","Codex is selected for “This outpost refers to unknown resource ID ""{id}"" in its active production.” (validation.unknownProductionResource) because its wording more precisely matches the tracker context and approved Chinese punctuation and spacing; the DeepL alternative is less precise, less natural, or semantically weaker. It also follows the row’s binding terminology (term.outpost=哨站 [strategy=phrase]; glossary.active-production=当前生产 [strategy=semantic-concept]), which the DeepL candidate does not consistently preserve."
"validation.unknownProductionSpecies","zh-Hans","This outpost refers to unknown species ID ""{id}"" in its active production.","91A800002BC1CE2AF9CEFD856D1CBD18D7773ACDE7BBE005AEF527092A252C17","Validation severity, diagnostic, context, or remediation.","HIGH","id","ID","term.outpost=哨站 [strategy=phrase]; glossary.active-production=当前生产 [strategy=semantic-concept]","此哨站的当前生产中引用了未知的物种 ID“{id}”。","该前哨站正在进行的生产中引用了未知物种 ID “{id}”。","SUBSTANTIVE","CODEX","此哨站的当前生产中引用了未知的物种 ID“{id}”。","Codex is selected for “This outpost refers to unknown species ID ""{id}"" in its active production.” (validation.unknownProductionSpecies) because its wording more precisely matches the tracker context and approved Chinese punctuation and spacing; the DeepL alternative is less precise, less natural, or semantically weaker. It also follows the row’s binding terminology (term.outpost=哨站 [strategy=phrase]; glossary.active-production=当前生产 [strategy=semantic-concept]), which the DeepL candidate does not consistently preserve."
"validation.unknownSystem","zh-Hans","This outpost refers to unknown star system ID ""{id}"".","8432E06037C7C251B843C3EDD4B1A1D078A462F6362C19D2D5FD11D5A39AF2FF","Validation severity, diagnostic, context, or remediation.","HIGH","id","ID","term.outpost=哨站 [strategy=phrase]; term.star-system=星系 [strategy=phrase]","此哨站引用了未知的星系 ID“{id}”。","该前哨站引用了未知星系 ID “{id}”。","SUBSTANTIVE","CODEX","此哨站引用了未知的星系 ID“{id}”。","Codex is selected for “This outpost refers to unknown star system ID ""{id}"".” (validation.unknownSystem) because its wording more precisely matches the tracker context and approved Chinese punctuation and spacing; the DeepL alternative is less precise, less natural, or semantically weaker. It also follows the row’s binding terminology (term.outpost=哨站 [strategy=phrase]; term.star-system=星系 [strategy=phrase]), which the DeepL candidate does not consistently preserve."
"validation.unresolvedCargoExport","zh-Hans","This cargo export has no actual source.","9EAACCEA3A841501964523BCF982FD87C47D6757074376F1BC1CB8D66A5C4C43","Validation severity, diagnostic, context, or remediation.","HIGH","","","glossary.source=来源 [strategy=semantic-concept, variants=来源 | 来源哨站]","此货物导出没有实际来源。","此货物出口没有实际来源。","SUBSTANTIVE","CUSTOM","此项货物导出没有实际来源。","A custom wording is selected for “This cargo export has no actual source.” (validation.unresolvedCargoExport) because 此项货物导出 is more idiomatic than 此货物导出 while preserving the exact “actual source” diagnostic distinction; placeholders, terminology, and punctuation remain exact."
"validation.unspecifiedOrganicSource","zh-Hans","{resource} is recorded as produced, but no flora or fauna source has been specified.","056A3D5076F6B12651B3FB863784E24F15758949E1FCE79C6C9F4EB67B5AB577","Validation severity, diagnostic, context, or remediation.","HIGH","resource","","glossary.source=来源 [strategy=semantic-concept, variants=来源 | 来源哨站]","{resource}已记录为生产中，但尚未指定植物或动物来源。","{resource} 被记录为已生产，但未指定动植物来源。","SUBSTANTIVE","CODEX","{resource}已记录为生产中，但尚未指定植物或动物来源。","Codex is selected for “{resource} is recorded as produced, but no flora or fauna source has been specified.” (validation.unspecifiedOrganicSource) because its wording more precisely matches the tracker context and approved Chinese punctuation and spacing; the DeepL alternative is less precise, less natural, or semantically weaker. It also follows the row’s binding terminology (glossary.source=来源 [strategy=semantic-concept, variants=来源 | 来源哨站]), which the DeepL candidate does not consistently preserve."
"validation.xTechCapabilityPresent","zh-Hans","{resource} is recorded as present, but the character lacks the required extraction capability.","4932C2D2FC3BBD2ED3859E703D8D1C96C8F12B70E305639170B4F35DD787C001","Validation severity, diagnostic, context, or remediation.","HIGH","resource","","glossary.present=存在 [strategy=key-scoped, variants=存在 | 可用]","{resource}已记录为存在，但角色缺少所需的开采能力。","{resource} 被记录为存在，但该角色缺乏所需的开采能力。","SUBSTANTIVE","CODEX","{resource}已记录为存在，但角色缺少所需的开采能力。","Codex is selected for “{resource} is recorded as present, but the character lacks the required extraction capability.” (validation.xTechCapabilityPresent) because its wording more precisely matches the tracker context and approved Chinese punctuation and spacing; the DeepL alternative is less precise, less natural, or semantically weaker. It also follows the row’s binding terminology (glossary.present=存在 [strategy=key-scoped, variants=存在 | 可用]), which the DeepL candidate does not consistently preserve."
"validation.xTechCapabilityProduced","zh-Hans","{resource} is recorded as produced, but the character lacks the required extraction capability.","1753E5EEEAA84EE6B9C7B00083238621AA9239C11E55991E503F168B1A50975E","Validation severity, diagnostic, context, or remediation.","HIGH","resource","","","{resource}已记录为生产中，但角色缺少所需的开采能力。","{resource} 被记录为已生产，但该角色缺乏所需的开采能力。","SUBSTANTIVE","CODEX","{resource}已记录为生产中，但角色缺少所需的开采能力。","Codex is selected for “{resource} is recorded as produced, but the character lacks the required extraction capability.” (validation.xTechCapabilityProduced) because its wording more precisely matches the tracker context and approved Chinese punctuation and spacing; the DeepL alternative is less precise, less natural, or semantically weaker."
"validation.xTechRequiresPresence","zh-Hans","{resource} is recorded as produced, but it is not explicitly recorded as present at this outpost.","D3303EB03DD18D210409EA33E566B86C34E4EC8108714854E26C2D17E70EDFBC","Validation severity, diagnostic, context, or remediation.","HIGH","resource","","term.outpost=哨站 [strategy=phrase]; glossary.present=存在 [strategy=key-scoped, variants=存在 | 可用]","{resource}已记录为生产中，但并未明确记录为存在于此哨站。","{resource} 被记录为已生产，但未明确记录其存在于该前哨站。","SUBSTANTIVE","CODEX","{resource}已记录为生产中，但并未明确记录为存在于此哨站。","Codex is selected for “{resource} is recorded as produced, but it is not explicitly recorded as present at this outpost.” (validation.xTechRequiresPresence) because its wording more precisely matches the tracker context and approved Chinese punctuation and spacing; the DeepL alternative is less precise, less natural, or semantically weaker. It also follows the row’s binding terminology (term.outpost=哨站 [strategy=phrase]; glossary.present=存在 [strategy=key-scoped, variants=存在 | 可用]), which the DeepL candidate does not consistently preserve."
