EntityKind,EntityId,SpeciesSourcePlugin,SpeciesFormID,SpeciesEditorID,CanonicalEnglish,Classification,Detail,ObjectTemplateCombinationCount,ResolvedCombinationName
fauna,000065E2,Starfield.esm,000065E2,PCM_Kumasi_Kumasi-I_Critter01,Carasnail Scavenger,DEFERRED_COMPOSED_FAUNA_C6,CCT composition resolves to Carasnail Scavenger; localized component provenance is deferred to Parcel C6.,1,Carasnail Scavenger
fauna,000065E6,Starfield.esm,000065E6,PCM_Kumasi_Kumasi-I_Critter_02_Flyer,Herding Glowback Scavenger,DEFERRED_COMPOSED_FAUNA_C6,CCT composition resolves to Herding Glowback Scavenger; localized component provenance is deferred to Parcel C6.,1,Herding Glowback Scavenger
fauna,00023535,Starfield.esm,00023535,PCM_Archimedes_Archimedes-III_Critter03_Flyer,Hornwing Scavenger,DEFERRED_COMPOSED_FAUNA_C6,CCT composition resolves to Hornwing Scavenger; localized component provenance is deferred to Parcel C6.,1,Hornwing Scavenger
fauna,00023536,Starfield.esm,00023536,PCM_Bannoc-Prime_Bannoc-Prime-II_Critter02_Floater,Pearl Filterer,DEFERRED_COMPOSED_FAUNA_C6,CCT composition resolves to Pearl Filterer; localized component provenance is deferred to Parcel C6.,1,Pearl Filterer
fauna,0002353B,Starfield.esm,0002353B,PCM_Bara_Bara-III_Critter03_Flyer,Mothwing Scavenger,DEFERRED_COMPOSED_FAUNA_C6,CCT composition resolves to Mothwing Scavenger; localized component provenance is deferred to Parcel C6.,1,Mothwing Scavenger
fauna,00025A9D,Starfield.esm,00025A9D,PCM_Altair-II_Critter02,Eggsac Filterer,DEFERRED_COMPOSED_FAUNA_C6,CCT composition resolves to Eggsac Filterer; localized component provenance is deferred to Parcel C6.,1,Eggsac Filterer
fauna,00025A9E,Starfield.esm,00025A9E,PCM_Altair-II_Predator02,Hunting Sharkwhale,DEFERRED_COMPOSED_FAUNA_C6,CCT composition resolves to Hunting Sharkwhale; localized component provenance is deferred to Parcel C6.,1,Hunting Sharkwhale
fauna,000285D6,Starfield.esm,000285D6,PCM_Toliman_Toliman-II_Prey03,Herding Glider Grazer,DEFERRED_COMPOSED_FAUNA_C6,CCT composition resolves to Herding Glider Grazer; localized component provenance is deferred to Parcel C6.,1,Herding Glider Grazer
fauna,000285D7,Starfield.esm,000285D7,PCM_Toliman_Toliman-II_Critter01,Carasnail Geophage,DEFERRED_COMPOSED_FAUNA_C6,CCT composition resolves to Carasnail Geophage; localized component provenance is deferred to Parcel C6.,1,Carasnail Geophage
fauna,0002B0D3,Starfield.esm,0002B0D3,PCM_Charybdis_CharybdisIII_PreyC_Swimmer,Herding Dragonfly Grazer,DEFERRED_COMPOSED_FAUNA_C6,CCT composition resolves to Herding Dragonfly Grazer; localized component provenance is deferred to Parcel C6.,1,Herding Dragonfly Grazer
fauna,0002E342,Starfield.esm,0002E342,PCM_Charybdis_CharybdisII_CritterA,Trilobite Grazer,DEFERRED_COMPOSED_FAUNA_C6,CCT composition resolves to Trilobite Grazer; localized component provenance is deferred to Parcel C6.,1,Trilobite Grazer
fauna,0002E343,Starfield.esm,0002E343,PCM_Charybdis_CharybdisII_PredatorA,Pack Vulture,DEFERRED_COMPOSED_FAUNA_C6,CCT composition resolves to Pack Vulture; localized component provenance is deferred to Parcel C6.,1,Pack Vulture
fauna,0002E344,Starfield.esm,0002E344,PCM_Charybdis_CharybdisII_PreyA,Flocking Sporeback Grazer,DEFERRED_COMPOSED_FAUNA_C6,CCT composition resolves to Flocking Sporeback Grazer; localized component provenance is deferred to Parcel C6.,1,Flocking Sporeback Grazer
fauna,0002E345,Starfield.esm,0002E345,PCM_Charybdis_CharybdisII_CritterB,Triworm Scavenger,DEFERRED_COMPOSED_FAUNA_C6,CCT composition resolves to Triworm Scavenger; localized component provenance is deferred to Parcel C6.,1,Triworm Scavenger
fauna,0002E346,Starfield.esm,0002E346,PCM_Charybdis_CharybdisII_CritterC,Flamethorn Grazer,DEFERRED_COMPOSED_FAUNA_C6,CCT composition resolves to Flamethorn Grazer; localized component provenance is deferred to Parcel C6.,1,Flamethorn Grazer
fauna,0002E347,Starfield.esm,0002E347,PCM_Charybdis_CharybdisII_PredatorB,Pack Silverfish,DEFERRED_COMPOSED_FAUNA_C6,CCT composition resolves to Pack Silverfish; localized component provenance is deferred to Parcel C6.,1,Pack Silverfish
fauna,0002E348,Starfield.esm,0002E348,PCM_Charybdis_CharybdisII_PredatorC,Pack Eggtail Stalker,DEFERRED_COMPOSED_FAUNA_C6,CCT composition resolves to Pack Eggtail Stalker; localized component provenance is deferred to Parcel C6.,1,Pack Eggtail Stalker
fauna,0002E349,Starfield.esm,0002E349,PCM_Charybdis_CharybdisII_PredatorD,Pack Mothwing,DEFERRED_COMPOSED_FAUNA_C6,CCT composition resolves to Pack Mothwing; localized component provenance is deferred to Parcel C6.,1,Pack Mothwing
fauna,0002E34A,Starfield.esm,0002E34A,PCM_Charybdis_CharybdisII_PreyB,Flocking Cranehopper Grazer,DEFERRED_COMPOSED_FAUNA_C6,CCT composition resolves to Flocking Cranehopper Grazer; localized component provenance is deferred to Parcel C6.,1,Flocking Cranehopper Grazer
fauna,0002E34B,Starfield.esm,0002E34B,PCM_Charybdis_CharybdisII_PreyC,Flocking Hippodon Scavenger,DEFERRED_COMPOSED_FAUNA_C6,CCT composition resolves to Flocking Hippodon Scavenger; localized component provenance is deferred to Parcel C6.,1,Flocking Hippodon Scavenger
fauna,0002E34C,Starfield.esm,0002E34C,PCM_Charybdis_CharybdisII_PreyD,Herding Glider Scavenger,DEFERRED_COMPOSED_FAUNA_C6,CCT composition resolves to Herding Glider Scavenger; localized component provenance is deferred to Parcel C6.,1,Herding Glider Scavenger
fauna,0003C4C0,Starfield.esm,0003C4C0,PCM_Freya_Freya-III_Prey04_Swimmer,Morningstar Filterer,DEFERRED_COMPOSED_FAUNA_C6,CCT composition resolves to Morningstar Filterer; localized component provenance is deferred to Parcel C6.,1,Morningstar Filterer
fauna,00046C2D,Starfield.esm,00046C2D,PCM_Pyraas_Pyraas-II_Critter03,Fleshleaf Filterer,DEFERRED_COMPOSED_FAUNA_C6,CCT composition resolves to Fleshleaf Filterer; localized component provenance is deferred to Parcel C6.,1,Fleshleaf Filterer
fauna,00048A34,Starfield.esm,00048A34,PCM_Alpha-Centauri_Jemison_Predator04,Apex Parrothawk,DEFERRED_COMPOSED_FAUNA_C6,CCT composition resolves to Apex Parrothawk; localized component provenance is deferred to Parcel C6.,1,Apex Parrothawk
fauna,0006B55D,Starfield.esm,0006B55D,PCM_Masada_Masada-III_Prey04_Swimmer,Herding Fluke Filterer,DEFERRED_COMPOSED_FAUNA_C6,CCT composition resolves to Herding Fluke Filterer; localized component provenance is deferred to Parcel C6.,1,Herding Fluke Filterer
fauna,0008BDB6,Starfield.esm,0008BDB6,PCM_Bardeen_Bardeen-III_Critter03_Flyer,Parrothawk Scavenger,DEFERRED_COMPOSED_FAUNA_C6,CCT composition resolves to Parrothawk Scavenger; localized component provenance is deferred to Parcel C6.,1,Parrothawk Scavenger
fauna,0008BDB7,Starfield.esm,0008BDB7,PCM_Bardeen_Bardeen-III_Prey05_Swimmer,Schooling Kronosaurus Scavenger,DEFERRED_COMPOSED_FAUNA_C6,CCT composition resolves to Schooling Kronosaurus Scavenger; localized component provenance is deferred to Parcel C6.,1,Schooling Kronosaurus Scavenger
fauna,000DD261,Starfield.esm,000DD261,PCM_Ixyll_Ixyll-II_Predator02,Pack Glowhands,DEFERRED_COMPOSED_FAUNA_C6,CCT composition resolves to Pack Glowhands; localized component provenance is deferred to Parcel C6.,1,Pack Glowhands
fauna,000EF9A8,Starfield.esm,000EF9A8,PCM_Ixyll_Ixyll-II_Predator03,Hunting Boneglider,DEFERRED_COMPOSED_FAUNA_C6,CCT composition resolves to Hunting Boneglider; localized component provenance is deferred to Parcel C6.,1,Hunting Boneglider
fauna,000EF9A9,Starfield.esm,000EF9A9,PCM_Ixyll_Ixyll-II_Prey04,Schooling Sawhead Grazer,DEFERRED_COMPOSED_FAUNA_C6,CCT composition resolves to Schooling Sawhead Grazer; localized component provenance is deferred to Parcel C6.,1,Schooling Sawhead Grazer
fauna,00131CD1,Starfield.esm,00131CD1,PCM_Marduk_Marduk-IV_Predator04_Swimmer,Pack Sharkwhale,DEFERRED_COMPOSED_FAUNA_C6,CCT composition resolves to Pack Sharkwhale; localized component provenance is deferred to Parcel C6.,1,Pack Sharkwhale
fauna,00131CD2,Starfield.esm,00131CD2,PCM_Marduk_Marduk-IV_Prey04_Swimmer,Shoaling Sawhead Filterer,DEFERRED_COMPOSED_FAUNA_C6,CCT composition resolves to Shoaling Sawhead Filterer; localized component provenance is deferred to Parcel C6.,1,Shoaling Sawhead Filterer
fauna,00131CD3,Starfield.esm,00131CD3,PCM_Zelazny_Zelazny-III_Critter04_Flyer,Cockatrice Filterer,DEFERRED_COMPOSED_FAUNA_C6,CCT composition resolves to Cockatrice Filterer; localized component provenance is deferred to Parcel C6.,1,Cockatrice Filterer
fauna,00131CD4,Starfield.esm,00131CD4,PCM_Zelazny_Zelazny-III_Prey05_Swimmer,Herding Saturnine Filterer,DEFERRED_COMPOSED_FAUNA_C6,CCT composition resolves to Herding Saturnine Filterer; localized component provenance is deferred to Parcel C6.,1,Herding Saturnine Filterer
fauna,00131CD5,Starfield.esm,00131CD5,PCM_Moloch_Moloch-II_Prey04_Swimmer,Herding Tapeworm Grazer,DEFERRED_COMPOSED_FAUNA_C6,CCT composition resolves to Herding Tapeworm Grazer; localized component provenance is deferred to Parcel C6.,1,Herding Tapeworm Grazer
fauna,00131CD6,Starfield.esm,00131CD6,PCM_Cheyenne_Montara-Luna_Prey04_Swimmer,Schooling Featherfin Filterer,DEFERRED_COMPOSED_FAUNA_C6,CCT composition resolves to Schooling Featherfin Filterer; localized component provenance is deferred to Parcel C6.,1,Schooling Featherfin Filterer
fauna,00131CD7,Starfield.esm,00131CD7,PCM_Olympus_Nesoi_Prey04_Swimmer,Flocking Saturnine Grazer,DEFERRED_COMPOSED_FAUNA_C6,CCT composition resolves to Flocking Saturnine Grazer; localized component provenance is deferred to Parcel C6.,1,Flocking Saturnine Grazer
fauna,00131CD8,Starfield.esm,00131CD8,PCM_Nirvana_Nirvana-II_Predator03_Swimmer,Pack Kronosaurus,DEFERRED_COMPOSED_FAUNA_C6,CCT composition resolves to Pack Kronosaurus; localized component provenance is deferred to Parcel C6.,1,Pack Kronosaurus
fauna,00131CD9,Starfield.esm,00131CD9,PCM_Nirvana_Nirvana-II_Prey03_Swimmer,Schooling Paddlefish Scavenger,DEFERRED_COMPOSED_FAUNA_C6,CCT composition resolves to Schooling Paddlefish Scavenger; localized component provenance is deferred to Parcel C6.,1,Schooling Paddlefish Scavenger
fauna,00131CDA,Starfield.esm,00131CDA,PCM_Oborum-Prime_Oborum-I_Critter03_Floater,Pearl Filterer,DEFERRED_COMPOSED_FAUNA_C6,CCT composition resolves to Pearl Filterer; localized component provenance is deferred to Parcel C6.,1,Pearl Filterer
fauna,00131CDB,Starfield.esm,00131CDB,PCM_Oborum-Prime_Oborum-I_Prey04_Swimmer,Shoaling Seahag Filterer,DEFERRED_COMPOSED_FAUNA_C6,CCT composition resolves to Shoaling Seahag Filterer; localized component provenance is deferred to Parcel C6.,1,Shoaling Seahag Filterer
fauna,00131CDC,Starfield.esm,00131CDC,PCM_Valo_Polvo_Predator03_Swimmer,Pack Kronosaurus,DEFERRED_COMPOSED_FAUNA_C6,CCT composition resolves to Pack Kronosaurus; localized component provenance is deferred to Parcel C6.,1,Pack Kronosaurus
fauna,00131CDD,Starfield.esm,00131CDD,PCM_Valo_Polvo_Prey04_Swimmer,Schooling Bladehead Grazer,DEFERRED_COMPOSED_FAUNA_C6,CCT composition resolves to Schooling Bladehead Grazer; localized component provenance is deferred to Parcel C6.,1,Schooling Bladehead Grazer
fauna,00157E3B,Starfield.esm,00157E3B,PCM_Khayyam_Khayyam-II_Prey05_Swimmer,Schooling Skullface Scavenger,DEFERRED_COMPOSED_FAUNA_C6,CCT composition resolves to Schooling Skullface Scavenger; localized component provenance is deferred to Parcel C6.,1,Schooling Skullface Scavenger
fauna,00157E3C,Starfield.esm,00157E3C,PCM_Khayyam_Khayyam-II_Critter01_Floater,Coralbucket Filterer,DEFERRED_COMPOSED_FAUNA_C6,CCT composition resolves to Coralbucket Filterer; localized component provenance is deferred to Parcel C6.,1,Coralbucket Filterer
fauna,00157E3D,Starfield.esm,00157E3D,PCM_Kumasi_Kumasi-I_Predator01,Pack Twintail,DEFERRED_COMPOSED_FAUNA_C6,CCT composition resolves to Pack Twintail; localized component provenance is deferred to Parcel C6.,1,Pack Twintail
fauna,00157E3E,Starfield.esm,00157E3E,PCM_Kumasi_Kumasi-I_Predator02,Hunting Brainsprout,DEFERRED_COMPOSED_FAUNA_C6,CCT composition resolves to Hunting Brainsprout; localized component provenance is deferred to Parcel C6.,1,Hunting Brainsprout
fauna,00157E3F,Starfield.esm,00157E3F,PCM_Kumasi_Kumasi-I_Predator03,Pack Twistfin,DEFERRED_COMPOSED_FAUNA_C6,CCT composition resolves to Pack Twistfin; localized component provenance is deferred to Parcel C6.,1,Pack Twistfin
fauna,00157E40,Starfield.esm,00157E40,PCM_Kumasi_Kumasi-I_Prey01,Toadface Grazer,DEFERRED_COMPOSED_FAUNA_C6,CCT composition resolves to Toadface Grazer; localized component provenance is deferred to Parcel C6.,1,Toadface Grazer
fauna,00157E41,Starfield.esm,00157E41,PCM_Kumasi_Kumasi-I_Prey02,Flocking Shellephant Herbivore,DEFERRED_COMPOSED_FAUNA_C6,CCT composition resolves to Flocking Shellephant Herbivore; localized component provenance is deferred to Parcel C6.,1,Flocking Shellephant Herbivore
fauna,00157E42,Starfield.esm,00157E42,PCM_Kumasi_Kumasi-I_Prey03,Flocking Cephalopod Scavenger,DEFERRED_COMPOSED_FAUNA_C6,CCT composition resolves to Flocking Cephalopod Scavenger; localized component provenance is deferred to Parcel C6.,1,Flocking Cephalopod Scavenger
fauna,00157E43,Starfield.esm,00157E43,PCM_Kumasi_Kumasi-I_Prey04_Swimmer,Schooling Exowhale Filterer,DEFERRED_COMPOSED_FAUNA_C6,CCT composition resolves to Schooling Exowhale Filterer; localized component provenance is deferred to Parcel C6.,1,Schooling Exowhale Filterer
fauna,00157E44,Starfield.esm,00157E44,PCM_Kumasi_Kumasi-II_Critter03_Flyer,Mayfly Herbivore,DEFERRED_COMPOSED_FAUNA_C6,CCT composition resolves to Mayfly Herbivore; localized component provenance is deferred to Parcel C6.,1,Mayfly Herbivore
fauna,00157E45,Starfield.esm,00157E45,PCM_Kumasi_Kumasi-II_Prey04_Swimmer,Schooling Arapaima Filterer,DEFERRED_COMPOSED_FAUNA_C6,CCT composition resolves to Schooling Arapaima Filterer; localized component provenance is deferred to Parcel C6.,1,Schooling Arapaima Filterer
fauna,0015BE25,Starfield.esm,0015BE25,PCM_Narion_Sumati_Prey02,Schooling Kronosaurus Grazer,DEFERRED_COMPOSED_FAUNA_C6,CCT composition resolves to Schooling Kronosaurus Grazer; localized component provenance is deferred to Parcel C6.,1,Schooling Kronosaurus Grazer
fauna,00170A2A,Starfield.esm,00170A2A,PCM_Eta-Cassiopeia_Cassiopeia-I_Predator03,Hunting Brainsprout,DEFERRED_COMPOSED_FAUNA_C6,CCT composition resolves to Hunting Brainsprout; localized component provenance is deferred to Parcel C6.,1,Hunting Brainsprout
fauna,00170A2B,Starfield.esm,00170A2B,PCM_Eta-Cassiopeia_Cassiopeia-I_Prey01,Coralbug Scavenger,DEFERRED_COMPOSED_FAUNA_C6,CCT composition resolves to Coralbug Scavenger; localized component provenance is deferred to Parcel C6.,1,Coralbug Scavenger
fauna,001791AE,Starfield.esm,001791AE,PCM_Eta-Cassiopeia_Cassiopeia-I_Predator01,Hunting Stonewalker Stalker,DEFERRED_COMPOSED_FAUNA_C6,CCT composition resolves to Hunting Stonewalker Stalker; localized component provenance is deferred to Parcel C6.,1,Hunting Stonewalker Stalker
fauna,001791AF,Starfield.esm,001791AF,PCM_Eta-Cassiopeia_Cassiopeia-I_Critter02,Spaceroach Grazer,DEFERRED_COMPOSED_FAUNA_C6,CCT composition resolves to Spaceroach Grazer; localized component provenance is deferred to Parcel C6.,1,Spaceroach Grazer
fauna,00179DC4,Starfield.esm,00179DC4,PCM_Eta-Cassiopeia_Cassiopeia-I_Critter01,Centiskull Grazer,DEFERRED_COMPOSED_FAUNA_C6,CCT composition resolves to Centiskull Grazer; localized component provenance is deferred to Parcel C6.,1,Centiskull Grazer
fauna,00187114,Starfield.esm,00187114,PCM_Kryx_Neebas_Critter02_Floater,Eggsac Geophage,DEFERRED_COMPOSED_FAUNA_C6,CCT composition resolves to Eggsac Geophage; localized component provenance is deferred to Parcel C6.,1,Eggsac Geophage
fauna,001933DD,Starfield.esm,001933DD,PCM_Toliman_Toliman-II_Prey02,Tuskfrog Grazer,DEFERRED_COMPOSED_FAUNA_C6,CCT composition resolves to Tuskfrog Grazer; localized component provenance is deferred to Parcel C6.,1,Tuskfrog Grazer
fauna,001933DE,Starfield.esm,001933DE,PCM_Toliman_Toliman-II_Prey01,Herding Monitor Grazer,DEFERRED_COMPOSED_FAUNA_C6,CCT composition resolves to Herding Monitor Grazer; localized component provenance is deferred to Parcel C6.,1,Herding Monitor Grazer
fauna,001933DF,Starfield.esm,001933DF,PCM_Toliman_Toliman-II_Predator02,Hunting Bighorn,DEFERRED_COMPOSED_FAUNA_C6,CCT composition resolves to Hunting Bighorn; localized component provenance is deferred to Parcel C6.,1,Hunting Bighorn
fauna,001933E0,Starfield.esm,001933E0,PCM_Toliman_Toliman-II_Predator01,Hunting Trapmaw,DEFERRED_COMPOSED_FAUNA_C6,CCT composition resolves to Hunting Trapmaw; localized component provenance is deferred to Parcel C6.,1,Hunting Trapmaw
fauna,001933E1,Starfield.esm,001933E1,PCM_Nirvana_Nirvana-II_Critter02,Grabber Grazer,DEFERRED_COMPOSED_FAUNA_C6,CCT composition resolves to Grabber Grazer; localized component provenance is deferred to Parcel C6.,1,Grabber Grazer
fauna,001933E2,Starfield.esm,001933E2,PCM_Nirvana_Nirvana-II_Critter01,Triworm Scavenger,DEFERRED_COMPOSED_FAUNA_C6,CCT composition resolves to Triworm Scavenger; localized component provenance is deferred to Parcel C6.,1,Triworm Scavenger
fauna,001933E3,Starfield.esm,001933E3,PCM_Nirvana_Nirvana-II_Prey02,Herding Beetlecrab Scavenger,DEFERRED_COMPOSED_FAUNA_C6,CCT composition resolves to Herding Beetlecrab Scavenger; localized component provenance is deferred to Parcel C6.,1,Herding Beetlecrab Scavenger
fauna,001933E4,Starfield.esm,001933E4,PCM_Nirvana_Nirvana-II_Prey01,Herding Bonefrill Geophage,DEFERRED_COMPOSED_FAUNA_C6,CCT composition resolves to Herding Bonefrill Geophage; localized component provenance is deferred to Parcel C6.,1,Herding Bonefrill Geophage
fauna,001933E5,Starfield.esm,001933E5,PCM_Nirvana_Nirvana-II_Predator02,Hunting Loxodont,DEFERRED_COMPOSED_FAUNA_C6,CCT composition resolves to Hunting Loxodont; localized component provenance is deferred to Parcel C6.,1,Hunting Loxodont
fauna,001933E6,Starfield.esm,001933E6,PCM_Nirvana_Nirvana-II_Predator01,Hunting Cephalopod,DEFERRED_COMPOSED_FAUNA_C6,CCT composition resolves to Hunting Cephalopod; localized component provenance is deferred to Parcel C6.,1,Hunting Cephalopod
fauna,001941ED,Starfield.esm,001941ED,PCM_Kryx_Suvorov_Prey01,Flocking Clawback Filterer,DEFERRED_COMPOSED_FAUNA_C6,CCT composition resolves to Flocking Clawback Filterer; localized component provenance is deferred to Parcel C6.,1,Flocking Clawback Filterer
fauna,00194837,Starfield.esm,00194837,PCM_Volii_Volii-Alpha_Predator01,Hunting Sharkwhale,DEFERRED_COMPOSED_FAUNA_C6,CCT composition resolves to Hunting Sharkwhale; localized component provenance is deferred to Parcel C6.,1,Hunting Sharkwhale
fauna,00194895,Starfield.esm,00194895,PCM_Porrima_Porrima-II_Critter01,Milliwhale Grazer,DEFERRED_COMPOSED_FAUNA_C6,CCT composition resolves to Milliwhale Grazer; localized component provenance is deferred to Parcel C6.,1,Milliwhale Grazer
fauna,00194896,Starfield.esm,00194896,PCM_Porrima_Porrima-II_Prey03_Swimmer,Schooling Finback Scavenger,DEFERRED_COMPOSED_FAUNA_C6,CCT composition resolves to Schooling Finback Scavenger; localized component provenance is deferred to Parcel C6.,1,Schooling Finback Scavenger
fauna,00194897,Starfield.esm,00194897,PCM_Porrima_Porrima-II_Prey02_Flyer,Herding Cassowary Scavenger,DEFERRED_COMPOSED_FAUNA_C6,CCT composition resolves to Herding Cassowary Scavenger; localized component provenance is deferred to Parcel C6.,1,Herding Cassowary Scavenger
fauna,00194898,Starfield.esm,00194898,PCM_Porrima_Porrima-II_Prey01,Herding Leafbug Grazer,DEFERRED_COMPOSED_FAUNA_C6,CCT composition resolves to Herding Leafbug Grazer; localized component provenance is deferred to Parcel C6.,1,Herding Leafbug Grazer
fauna,00194899,Starfield.esm,00194899,PCM_Porrima_Porrima-II_Predator02_Swimmer,Pack Bladehead,DEFERRED_COMPOSED_FAUNA_C6,CCT composition resolves to Pack Bladehead; localized component provenance is deferred to Parcel C6.,1,Pack Bladehead
fauna,0019489A,Starfield.esm,0019489A,PCM_Porrima_Porrima-II_Predator01_Flyer,Pack Seabat,DEFERRED_COMPOSED_FAUNA_C6,CCT composition resolves to Pack Seabat; localized component provenance is deferred to Parcel C6.,1,Pack Seabat
fauna,00195353,Starfield.esm,00195353,PCM_Valo_Polvo_Critter01,Grabber Filterer,DEFERRED_COMPOSED_FAUNA_C6,CCT composition resolves to Grabber Filterer; localized component provenance is deferred to Parcel C6.,1,Grabber Filterer
fauna,00195354,Starfield.esm,00195354,PCM_Valo_Polvo_Prey03,Herding Trihorn Grazer,DEFERRED_COMPOSED_FAUNA_C6,CCT composition resolves to Herding Trihorn Grazer; localized component provenance is deferred to Parcel C6.,1,Herding Trihorn Grazer
fauna,00195355,Starfield.esm,00195355,PCM_Valo_Polvo_Prey02,Herding Bighorn Geophage,DEFERRED_COMPOSED_FAUNA_C6,CCT composition resolves to Herding Bighorn Geophage; localized component provenance is deferred to Parcel C6.,1,Herding Bighorn Geophage
fauna,00195356,Starfield.esm,00195356,PCM_Valo_Polvo_Prey01,Flocking Ankylosaurus Geophage,DEFERRED_COMPOSED_FAUNA_C6,CCT composition resolves to Flocking Ankylosaurus Geophage; localized component provenance is deferred to Parcel C6.,1,Flocking Ankylosaurus Geophage
fauna,00195357,Starfield.esm,00195357,PCM_Valo_Polvo_Predator02,Hunting Bonemane,DEFERRED_COMPOSED_FAUNA_C6,CCT composition resolves to Hunting Bonemane; localized component provenance is deferred to Parcel C6.,1,Hunting Bonemane
fauna,00195358,Starfield.esm,00195358,PCM_Valo_Polvo_Predator01,Pack Vulture Stalker,DEFERRED_COMPOSED_FAUNA_C6,CCT composition resolves to Pack Vulture Stalker; localized component provenance is deferred to Parcel C6.,1,Pack Vulture Stalker
fauna,00196516,Starfield.esm,00196516,PCM_Narion_Niira_Prey02,Flocking Glowhands Grazer,DEFERRED_COMPOSED_FAUNA_C6,CCT composition resolves to Flocking Glowhands Grazer; localized component provenance is deferred to Parcel C6.,1,Flocking Glowhands Grazer
fauna,00196517,Starfield.esm,00196517,PCM_Narion_Niira_Prey01,Flocking Cutterhead Grazer,DEFERRED_COMPOSED_FAUNA_C6,CCT composition resolves to Flocking Cutterhead Grazer; localized component provenance is deferred to Parcel C6.,1,Flocking Cutterhead Grazer
fauna,00196BAF,Starfield.esm,00196BAF,PCM_Porrima_Porrima-III_Critter01,Spaceroach Filterer,DEFERRED_COMPOSED_FAUNA_C6,CCT composition resolves to Spaceroach Filterer; localized component provenance is deferred to Parcel C6.,1,Spaceroach Filterer
fauna,00196BB0,Starfield.esm,00196BB0,PCM_Porrima_Porrima-III_Prey02,Herding Beetlecrab Filterer,DEFERRED_COMPOSED_FAUNA_C6,CCT composition resolves to Herding Beetlecrab Filterer; localized component provenance is deferred to Parcel C6.,1,Herding Beetlecrab Filterer
fauna,00196BB1,Starfield.esm,00196BB1,PCM_Porrima_Porrima-III_Prey01,Leafbug Herbivore,DEFERRED_COMPOSED_FAUNA_C6,CCT composition resolves to Leafbug Herbivore; localized component provenance is deferred to Parcel C6.,1,Leafbug Herbivore
fauna,00197D3F,Starfield.esm,00197D3F,PCM_Cheyenne_Montara-Luna_Critter01,Centiskull Grazer,DEFERRED_COMPOSED_FAUNA_C6,CCT composition resolves to Centiskull Grazer; localized component provenance is deferred to Parcel C6.,1,Centiskull Grazer
fauna,00197D40,Starfield.esm,00197D40,PCM_Cheyenne_Montara-Luna_Prey03,Flocking Dodo Grazer,DEFERRED_COMPOSED_FAUNA_C6,CCT composition resolves to Flocking Dodo Grazer; localized component provenance is deferred to Parcel C6.,1,Flocking Dodo Grazer
fauna,00197D41,Starfield.esm,00197D41,PCM_Cheyenne_Montara-Luna_Prey02,Herding Cockatrice Herbivore,DEFERRED_COMPOSED_FAUNA_C6,CCT composition resolves to Herding Cockatrice Herbivore; localized component provenance is deferred to Parcel C6.,1,Herding Cockatrice Herbivore
fauna,00197D42,Starfield.esm,00197D42,PCM_Cheyenne_Montara-Luna_Prey01,Flocking Horsamander Grazer,DEFERRED_COMPOSED_FAUNA_C6,CCT composition resolves to Flocking Horsamander Grazer; localized component provenance is deferred to Parcel C6.,1,Flocking Horsamander Grazer
fauna,00197D43,Starfield.esm,00197D43,PCM_Cheyenne_Montara-Luna_Predator02,Swarming Sunflower,DEFERRED_COMPOSED_FAUNA_C6,CCT composition resolves to Swarming Sunflower; localized component provenance is deferred to Parcel C6.,1,Swarming Sunflower
fauna,00197D44,Starfield.esm,00197D44,PCM_Cheyenne_Montara-Luna_Predator01,Pack Octomaggot,DEFERRED_COMPOSED_FAUNA_C6,CCT composition resolves to Pack Octomaggot; localized component provenance is deferred to Parcel C6.,1,Pack Octomaggot
fauna,0019AA63,Starfield.esm,0019AA63,PCM_Alpha-Centauri_Gagarin_Critter01,Trilobite Scavenger,DEFERRED_COMPOSED_FAUNA_C6,CCT composition resolves to Trilobite Scavenger; localized component provenance is deferred to Parcel C6.,1,Trilobite Scavenger
fauna,0019AA64,Starfield.esm,0019AA64,PCM_Alpha-Centauri_Gagarin_Prey03,Flocking Shardhopper Geophage,DEFERRED_COMPOSED_FAUNA_C6,CCT composition resolves to Flocking Shardhopper Geophage; localized component provenance is deferred to Parcel C6.,1,Flocking Shardhopper Geophage
fauna,0019AA65,Starfield.esm,0019AA65,PCM_Alpha-Centauri_Gagarin_Prey02,Herding Coralbucket Filterer,DEFERRED_COMPOSED_FAUNA_C6,CCT composition resolves to Herding Coralbucket Filterer; localized component provenance is deferred to Parcel C6.,1,Herding Coralbucket Filterer
fauna,0019AA66,Starfield.esm,0019AA66,PCM_Alpha-Centauri_Gagarin_Prey01,Flocking Coralcrawler Geophage,DEFERRED_COMPOSED_FAUNA_C6,CCT composition resolves to Flocking Coralcrawler Geophage; localized component provenance is deferred to Parcel C6.,1,Flocking Coralcrawler Geophage
fauna,0019B1FA,Starfield.esm,0019B1FA,PCM_Nirah_Kazaal_Critter01,Flamethorn Geophage,DEFERRED_COMPOSED_FAUNA_C6,CCT composition resolves to Flamethorn Geophage; localized component provenance is deferred to Parcel C6.,1,Flamethorn Geophage
fauna,0019B1FB,Starfield.esm,0019B1FB,PCM_Nirah_Kazaal_Prey02,Herding Lockjaw Herbivore,DEFERRED_COMPOSED_FAUNA_C6,CCT composition resolves to Herding Lockjaw Herbivore; localized component provenance is deferred to Parcel C6.,1,Herding Lockjaw Herbivore
fauna,0019B1FC,Starfield.esm,0019B1FC,PCM_Nirah_Kazaal_Prey01,Flocking Scepter Geophage,DEFERRED_COMPOSED_FAUNA_C6,CCT composition resolves to Flocking Scepter Geophage; localized component provenance is deferred to Parcel C6.,1,Flocking Scepter Geophage
fauna,0019B1FD,Starfield.esm,0019B1FD,PCM_Nirah_Kazaal_Predator02,Hunting Silverfish,DEFERRED_COMPOSED_FAUNA_C6,CCT composition resolves to Hunting Silverfish; localized component provenance is deferred to Parcel C6.,1,Hunting Silverfish
fauna,0019B1FE,Starfield.esm,0019B1FE,PCM_Nirah_Kazaal_Predator01,Hunting Arachnomantis Stalker,DEFERRED_COMPOSED_FAUNA_C6,CCT composition resolves to Hunting Arachnomantis Stalker; localized component provenance is deferred to Parcel C6.,1,Hunting Arachnomantis Stalker
fauna,0019B898,Starfield.esm,0019B898,PCM_Alpha-Centauri_Jemison_Critter02,Beetle Grazer,DEFERRED_COMPOSED_FAUNA_C6,CCT composition resolves to Beetle Grazer; localized component provenance is deferred to Parcel C6.,1,Beetle Grazer
fauna,0019B899,Starfield.esm,0019B899,PCM_Alpha-Centauri_Jemison_Critter01,Carasnail Scavenger,DEFERRED_COMPOSED_FAUNA_C6,CCT composition resolves to Carasnail Scavenger; localized component provenance is deferred to Parcel C6.,1,Carasnail Scavenger
fauna,0019B89A,Starfield.esm,0019B89A,PCM_Alpha-Centauri_Jemison_Prey03,Herding Reefwalker Scavenger,DEFERRED_COMPOSED_FAUNA_C6,CCT composition resolves to Herding Reefwalker Scavenger; localized component provenance is deferred to Parcel C6.,1,Herding Reefwalker Scavenger
fauna,0019B89B,Starfield.esm,0019B89B,PCM_Alpha-Centauri_Jemison_Prey02,Flocking Seabat Geophage,DEFERRED_COMPOSED_FAUNA_C6,CCT composition resolves to Flocking Seabat Geophage; localized component provenance is deferred to Parcel C6.,1,Flocking Seabat Geophage
fauna,0019B89C,Starfield.esm,0019B89C,PCM_Alpha-Centauri_Jemison_Prey01,Herding Cutterhead Herbivore,DEFERRED_COMPOSED_FAUNA_C6,CCT composition resolves to Herding Cutterhead Herbivore; localized component provenance is deferred to Parcel C6.,1,Herding Cutterhead Herbivore
fauna,0019B89D,Starfield.esm,0019B89D,PCM_Alpha-Centauri_Jemison_Predator03,Apex Crocodaunt,DEFERRED_COMPOSED_FAUNA_C6,CCT composition resolves to Apex Crocodaunt; localized component provenance is deferred to Parcel C6.,1,Apex Crocodaunt
fauna,0019B89E,Starfield.esm,0019B89E,PCM_Alpha-Centauri_Jemison_Predator02,Hunting Tuskfrog,DEFERRED_COMPOSED_FAUNA_C6,CCT composition resolves to Hunting Tuskfrog; localized component provenance is deferred to Parcel C6.,1,Hunting Tuskfrog
fauna,0019B89F,Starfield.esm,0019B89F,PCM_Alpha-Centauri_Jemison_Predator01,Pack Coralbug,DEFERRED_COMPOSED_FAUNA_C6,CCT composition resolves to Pack Coralbug; localized component provenance is deferred to Parcel C6.,1,Pack Coralbug
fauna,0019BD93,Starfield.esm,0019BD93,PCM_Freya_Freya-III_Critter01,Metropus Scavenger,DEFERRED_COMPOSED_FAUNA_C6,CCT composition resolves to Metropus Scavenger; localized component provenance is deferred to Parcel C6.,1,Metropus Scavenger
fauna,0019BD94,Starfield.esm,0019BD94,PCM_Freya_Freya-III_Prey03,Herding Sunflower Filterer,DEFERRED_COMPOSED_FAUNA_C6,CCT composition resolves to Herding Sunflower Filterer; localized component provenance is deferred to Parcel C6.,1,Herding Sunflower Filterer
fauna,0019BD95,Starfield.esm,0019BD95,PCM_Freya_Freya-III_Prey02,Flocking Crab Herbivore,DEFERRED_COMPOSED_FAUNA_C6,CCT composition resolves to Flocking Crab Herbivore; localized component provenance is deferred to Parcel C6.,1,Flocking Crab Herbivore
fauna,0019BD96,Starfield.esm,0019BD96,PCM_Freya_Freya-III_Prey01,Herding Dodo Scavenger,DEFERRED_COMPOSED_FAUNA_C6,CCT composition resolves to Herding Dodo Scavenger; localized component provenance is deferred to Parcel C6.,1,Herding Dodo Scavenger
fauna,0019CDA2,Starfield.esm,0019CDA2,PCM_Tau-Ceti_Tau-Ceti-II_Critter01,Centiskull Filterer,DEFERRED_COMPOSED_FAUNA_C6,CCT composition resolves to Centiskull Filterer; localized component provenance is deferred to Parcel C6.,1,Centiskull Filterer
fauna,0019CDA3,Starfield.esm,0019CDA3,PCM_Tau-Ceti_Tau-Ceti-II_Prey02,Eggback Herbivore,DEFERRED_COMPOSED_FAUNA_C6,CCT composition resolves to Eggback Herbivore; localized component provenance is deferred to Parcel C6.,1,Eggback Herbivore
fauna,0019CDA4,Starfield.esm,0019CDA4,PCM_Tau-Ceti_Tau-Ceti-II_Prey01,Herding Bonemane Grazer,DEFERRED_COMPOSED_FAUNA_C6,CCT composition resolves to Herding Bonemane Grazer; localized component provenance is deferred to Parcel C6.,1,Herding Bonemane Grazer
fauna,0019CDA5,Starfield.esm,0019CDA5,PCM_Tau-Ceti_Tau-Ceti-II_Predator01,Hunting Ankylosaurus,DEFERRED_COMPOSED_FAUNA_C6,CCT composition resolves to Hunting Ankylosaurus; localized component provenance is deferred to Parcel C6.,1,Hunting Ankylosaurus
fauna,0019E77E,Starfield.esm,0019E77E,PCM_Alpha-Centauri_Gagarin_Prey04_Swimmer,Sunfish Filterer,DEFERRED_COMPOSED_FAUNA_C6,CCT composition resolves to Sunfish Filterer; localized component provenance is deferred to Parcel C6.,1,Sunfish Filterer
fauna,0019E858,Starfield.esm,0019E858,PCM_Alpha-Centauri_Gagarin_Predator03_Swimmer,Pack Seahag,DEFERRED_COMPOSED_FAUNA_C6,CCT composition resolves to Pack Seahag; localized component provenance is deferred to Parcel C6.,1,Pack Seahag
fauna,001A6170,Starfield.esm,001A6170,PCM_Alpha-Ternion_Ternion-III_Critter02,Carasnail Geophage,DEFERRED_COMPOSED_FAUNA_C6,CCT composition resolves to Carasnail Geophage; localized component provenance is deferred to Parcel C6.,1,Carasnail Geophage
fauna,001A6171,Starfield.esm,001A6171,PCM_Alpha-Ternion_Ternion-III_Critter01,Grabber Grazer,DEFERRED_COMPOSED_FAUNA_C6,CCT composition resolves to Grabber Grazer; localized component provenance is deferred to Parcel C6.,1,Grabber Grazer
fauna,001A6172,Starfield.esm,001A6172,PCM_Alpha-Ternion_Ternion-III_Prey04,Flocking Scepter Filterer,DEFERRED_COMPOSED_FAUNA_C6,CCT composition resolves to Flocking Scepter Filterer; localized component provenance is deferred to Parcel C6.,1,Flocking Scepter Filterer
fauna,001A6173,Starfield.esm,001A6173,PCM_Alpha-Ternion_Ternion-III_Prey03,Herding Blistercrab Grazer,DEFERRED_COMPOSED_FAUNA_C6,CCT composition resolves to Herding Blistercrab Grazer; localized component provenance is deferred to Parcel C6.,1,Herding Blistercrab Grazer
fauna,001A6174,Starfield.esm,001A6174,PCM_Alpha-Ternion_Ternion-III_Prey02,Flocking Leafbug Filterer,DEFERRED_COMPOSED_FAUNA_C6,CCT composition resolves to Flocking Leafbug Filterer; localized component provenance is deferred to Parcel C6.,1,Flocking Leafbug Filterer
fauna,001A6175,Starfield.esm,001A6175,PCM_Alpha-Ternion_Ternion-III_Prey01,Flocking Eyespine Scavenger,DEFERRED_COMPOSED_FAUNA_C6,CCT composition resolves to Flocking Eyespine Scavenger; localized component provenance is deferred to Parcel C6.,1,Flocking Eyespine Scavenger
fauna,001A6176,Starfield.esm,001A6176,PCM_Alpha-Ternion_Ternion-III_Predator03,Hunting Seabat,DEFERRED_COMPOSED_FAUNA_C6,CCT composition resolves to Hunting Seabat; localized component provenance is deferred to Parcel C6.,1,Hunting Seabat
fauna,001A6177,Starfield.esm,001A6177,PCM_Alpha-Ternion_Ternion-III_Predator02,Pack Crab Stalker,DEFERRED_COMPOSED_FAUNA_C6,CCT composition resolves to Pack Crab Stalker; localized component provenance is deferred to Parcel C6.,1,Pack Crab Stalker
fauna,001A6178,Starfield.esm,001A6178,PCM_Alpha-Ternion_Ternion-III_Predator01,Pack Bladeback,DEFERRED_COMPOSED_FAUNA_C6,CCT composition resolves to Pack Bladeback; localized component provenance is deferred to Parcel C6.,1,Pack Bladeback
fauna,001A6347,Starfield.esm,001A6347,PCM_Strix_Strix-I_Critter02,Triworm Filterer,DEFERRED_COMPOSED_FAUNA_C6,CCT composition resolves to Triworm Filterer; localized component provenance is deferred to Parcel C6.,1,Triworm Filterer
fauna,001A6348,Starfield.esm,001A6348,PCM_Strix_Strix-I_Critter01,Thorn Geophage,DEFERRED_COMPOSED_FAUNA_C6,CCT composition resolves to Thorn Geophage; localized component provenance is deferred to Parcel C6.,1,Thorn Geophage
fauna,001A6349,Starfield.esm,001A6349,PCM_Strix_Strix-I_Prey03,Flocking Nautiloos Filterer,DEFERRED_COMPOSED_FAUNA_C6,CCT composition resolves to Flocking Nautiloos Filterer; localized component provenance is deferred to Parcel C6.,1,Flocking Nautiloos Filterer
fauna,001A634B,Starfield.esm,001A634B,PCM_Strix_Strix-I_Prey01,Herding Scoopback Geophage,DEFERRED_COMPOSED_FAUNA_C6,CCT composition resolves to Herding Scoopback Geophage; localized component provenance is deferred to Parcel C6.,1,Herding Scoopback Geophage
fauna,001A634C,Starfield.esm,001A634C,PCM_Strix_Strix-I_Predator03,Swarming Noid,DEFERRED_COMPOSED_FAUNA_C6,CCT composition resolves to Swarming Noid; localized component provenance is deferred to Parcel C6.,1,Swarming Noid
fauna,001A634D,Starfield.esm,001A634D,PCM_Strix_Strix-I_Predator02,Swarming Arachnofly Scavenger,DEFERRED_COMPOSED_FAUNA_C6,CCT composition resolves to Swarming Arachnofly Scavenger; localized component provenance is deferred to Parcel C6.,1,Swarming Arachnofly Scavenger
fauna,001A634E,Starfield.esm,001A634E,PCM_Strix_Strix-I_Predator01,Swarming Shardhopper Scavenger,DEFERRED_COMPOSED_FAUNA_C6,CCT composition resolves to Swarming Shardhopper Scavenger; localized component provenance is deferred to Parcel C6.,1,Swarming Shardhopper Scavenger
fauna,001A766F,Starfield.esm,001A766F,PCM_Zelazny_Zelazny-II_Critter02,Milliwhale Filterer,DEFERRED_COMPOSED_FAUNA_C6,CCT composition resolves to Milliwhale Filterer; localized component provenance is deferred to Parcel C6.,1,Milliwhale Filterer
fauna,001A7670,Starfield.esm,001A7670,PCM_Zelazny_Zelazny-II_Critter01,Carasnail Grazer,DEFERRED_COMPOSED_FAUNA_C6,CCT composition resolves to Carasnail Grazer; localized component provenance is deferred to Parcel C6.,1,Carasnail Grazer
fauna,001A7671,Starfield.esm,001A7671,PCM_Zelazny_Zelazny-II_Prey04,Schooling Bladehead Filterer,DEFERRED_COMPOSED_FAUNA_C6,CCT composition resolves to Schooling Bladehead Filterer; localized component provenance is deferred to Parcel C6.,1,Schooling Bladehead Filterer
fauna,001A7672,Starfield.esm,001A7672,PCM_Zelazny_Zelazny-II_Prey03,Flocking Scepter Herbivore,DEFERRED_COMPOSED_FAUNA_C6,CCT composition resolves to Flocking Scepter Herbivore; localized component provenance is deferred to Parcel C6.,1,Flocking Scepter Herbivore
fauna,001A7673,Starfield.esm,001A7673,PCM_Zelazny_Zelazny-II_Prey02,Herding Glowhands Geophage,DEFERRED_COMPOSED_FAUNA_C6,CCT composition resolves to Herding Glowhands Geophage; localized component provenance is deferred to Parcel C6.,1,Herding Glowhands Geophage
fauna,001A7674,Starfield.esm,001A7674,PCM_Zelazny_Zelazny-II_Prey01,Flocking Longarm Herbivore,DEFERRED_COMPOSED_FAUNA_C6,CCT composition resolves to Flocking Longarm Herbivore; localized component provenance is deferred to Parcel C6.,1,Flocking Longarm Herbivore
fauna,001A7675,Starfield.esm,001A7675,PCM_Zelazny_Zelazny-II_Predator04,Swarming Sentinel,DEFERRED_COMPOSED_FAUNA_C6,CCT composition resolves to Swarming Sentinel; localized component provenance is deferred to Parcel C6.,1,Swarming Sentinel
fauna,001A7676,Starfield.esm,001A7676,PCM_Zelazny_Zelazny-II_Predator03,Pack Mossasaur,DEFERRED_COMPOSED_FAUNA_C6,CCT composition resolves to Pack Mossasaur; localized component provenance is deferred to Parcel C6.,1,Pack Mossasaur
fauna,001A7677,Starfield.esm,001A7677,PCM_Zelazny_Zelazny-II_Predator02,Pack Landshark,DEFERRED_COMPOSED_FAUNA_C6,CCT composition resolves to Pack Landshark; localized component provenance is deferred to Parcel C6.,1,Pack Landshark
fauna,001A7678,Starfield.esm,001A7678,PCM_Zelazny_Zelazny-II_Predator01,Pack Stingray,DEFERRED_COMPOSED_FAUNA_C6,CCT composition resolves to Pack Stingray; localized component provenance is deferred to Parcel C6.,1,Pack Stingray
fauna,001A7EAC,Starfield.esm,001A7EAC,PCM_Serpentis_Serpentis-IV_Critter03,Grabber Geophage,DEFERRED_COMPOSED_FAUNA_C6,CCT composition resolves to Grabber Geophage; localized component provenance is deferred to Parcel C6.,1,Grabber Geophage
fauna,001A7EAD,Starfield.esm,001A7EAD,PCM_Serpentis_Serpentis-IV_Critter02,Carasnail Scavenger,DEFERRED_COMPOSED_FAUNA_C6,CCT composition resolves to Carasnail Scavenger; localized component provenance is deferred to Parcel C6.,1,Carasnail Scavenger
fauna,001A7EAE,Starfield.esm,001A7EAE,PCM_Serpentis_Serpentis-IV_Critter01,Centiskull Filterer,DEFERRED_COMPOSED_FAUNA_C6,CCT composition resolves to Centiskull Filterer; localized component provenance is deferred to Parcel C6.,1,Centiskull Filterer
fauna,001A7EAF,Starfield.esm,001A7EAF,PCM_Serpentis_Serpentis-IV_Prey06,Herding Leafbug Grazer,DEFERRED_COMPOSED_FAUNA_C6,CCT composition resolves to Herding Leafbug Grazer; localized component provenance is deferred to Parcel C6.,1,Herding Leafbug Grazer
fauna,001A7EB0,Starfield.esm,001A7EB0,PCM_Serpentis_Serpentis-IV_Prey05,Flocking Blistercrab Herbivore,DEFERRED_COMPOSED_FAUNA_C6,CCT composition resolves to Flocking Blistercrab Herbivore; localized component provenance is deferred to Parcel C6.,1,Flocking Blistercrab Herbivore
fauna,001A7EB1,Starfield.esm,001A7EB1,PCM_Serpentis_Serpentis-IV_Prey04,Herding Crab Herbivore,DEFERRED_COMPOSED_FAUNA_C6,CCT composition resolves to Herding Crab Herbivore; localized component provenance is deferred to Parcel C6.,1,Herding Crab Herbivore
fauna,001A7EB2,Starfield.esm,001A7EB2,PCM_Serpentis_Serpentis-IV_Prey03,Seahorse Herbivore,DEFERRED_COMPOSED_FAUNA_C6,CCT composition resolves to Seahorse Herbivore; localized component provenance is deferred to Parcel C6.,1,Seahorse Herbivore
fauna,001A7EB3,Starfield.esm,001A7EB3,PCM_Serpentis_Serpentis-IV_Prey02,Herding Cutterhead Grazer,DEFERRED_COMPOSED_FAUNA_C6,CCT composition resolves to Herding Cutterhead Grazer; localized component provenance is deferred to Parcel C6.,1,Herding Cutterhead Grazer
fauna,001A7EB4,Starfield.esm,001A7EB4,PCM_Serpentis_Serpentis-IV_Prey01,Herding Tuskfrog Filterer,DEFERRED_COMPOSED_FAUNA_C6,CCT composition resolves to Herding Tuskfrog Filterer; localized component provenance is deferred to Parcel C6.,1,Herding Tuskfrog Filterer
fauna,001A7EB5,Starfield.esm,001A7EB5,PCM_Serpentis_Serpentis-IV_Predator03,Pack Scorpion,DEFERRED_COMPOSED_FAUNA_C6,CCT composition resolves to Pack Scorpion; localized component provenance is deferred to Parcel C6.,1,Pack Scorpion
fauna,001A7EB6,Starfield.esm,001A7EB6,PCM_Serpentis_Serpentis-IV_Predator02,Hunting Coralcrawler,DEFERRED_COMPOSED_FAUNA_C6,CCT composition resolves to Hunting Coralcrawler; localized component provenance is deferred to Parcel C6.,1,Hunting Coralcrawler
fauna,001A7EB7,Starfield.esm,001A7EB7,PCM_Serpentis_Serpentis-IV_Predator01,Pack Clickbeetle,DEFERRED_COMPOSED_FAUNA_C6,CCT composition resolves to Pack Clickbeetle; localized component provenance is deferred to Parcel C6.,1,Pack Clickbeetle
fauna,001A7F77,Starfield.esm,001A7F77,PCM_Zeta-Ophiuchi_Zeta-Ophiuchi-I_Critter02,Carasnail Filterer,DEFERRED_COMPOSED_FAUNA_C6,CCT composition resolves to Carasnail Filterer; localized component provenance is deferred to Parcel C6.,1,Carasnail Filterer
fauna,001A7F78,Starfield.esm,001A7F78,PCM_Zeta-Ophiuchi_Zeta-Ophiuchi-I_Critter01,Centiskull Grazer,DEFERRED_COMPOSED_FAUNA_C6,CCT composition resolves to Centiskull Grazer; localized component provenance is deferred to Parcel C6.,1,Centiskull Grazer
fauna,001A7F79,Starfield.esm,001A7F79,PCM_Zeta-Ophiuchi_Zeta-Ophiuchi-I_Prey03,Herding Longneck Scavenger,DEFERRED_COMPOSED_FAUNA_C6,CCT composition resolves to Herding Longneck Scavenger; localized component provenance is deferred to Parcel C6.,1,Herding Longneck Scavenger
fauna,001A7F7A,Starfield.esm,001A7F7A,PCM_Zeta-Ophiuchi_Zeta-Ophiuchi-I_Prey02,Herding Eggsac Filterer,DEFERRED_COMPOSED_FAUNA_C6,CCT composition resolves to Herding Eggsac Filterer; localized component provenance is deferred to Parcel C6.,1,Herding Eggsac Filterer
fauna,001A7F7B,Starfield.esm,001A7F7B,PCM_Zeta-Ophiuchi_Zeta-Ophiuchi-I_Prey01,Flocking Triantler Herbivore,DEFERRED_COMPOSED_FAUNA_C6,CCT composition resolves to Flocking Triantler Herbivore; localized component provenance is deferred to Parcel C6.,1,Flocking Triantler Herbivore
fauna,001A7F7C,Starfield.esm,001A7F7C,PCM_Zeta-Ophiuchi_Zeta-Ophiuchi-I_Predator03,Hunting Dodo,DEFERRED_COMPOSED_FAUNA_C6,CCT composition resolves to Hunting Dodo; localized component provenance is deferred to Parcel C6.,1,Hunting Dodo
fauna,001A7F7D,Starfield.esm,001A7F7D,PCM_Zeta-Ophiuchi_Zeta-Ophiuchi-I_Predator02,Pack Tuskfrog,DEFERRED_COMPOSED_FAUNA_C6,CCT composition resolves to Pack Tuskfrog; localized component provenance is deferred to Parcel C6.,1,Pack Tuskfrog
fauna,001A7F7E,Starfield.esm,001A7F7E,PCM_Zeta-Ophiuchi_Zeta-Ophiuchi-I_Predator01,Pack Caterpillar,DEFERRED_COMPOSED_FAUNA_C6,CCT composition resolves to Pack Caterpillar; localized component provenance is deferred to Parcel C6.,1,Pack Caterpillar
fauna,001A8382,Starfield.esm,001A8382,PCM_Schrodinger_Schrodinger-III_Critter02,Beetle Scavenger,DEFERRED_COMPOSED_FAUNA_C6,CCT composition resolves to Beetle Scavenger; localized component provenance is deferred to Parcel C6.,1,Beetle Scavenger
fauna,001A8384,Starfield.esm,001A8384,PCM_Schrodinger_Schrodinger-III_Critter01,Flamethorn Scavenger,DEFERRED_COMPOSED_FAUNA_C6,CCT composition resolves to Flamethorn Scavenger; localized component provenance is deferred to Parcel C6.,1,Flamethorn Scavenger
fauna,001A8385,Starfield.esm,001A8385,PCM_Schrodinger_Schrodinger-III_Prey03,Herding Toadface Herbivore,DEFERRED_COMPOSED_FAUNA_C6,CCT composition resolves to Herding Toadface Herbivore; localized component provenance is deferred to Parcel C6.,1,Herding Toadface Herbivore
fauna,001A838A,Starfield.esm,001A838A,PCM_Schrodinger_Schrodinger-III_Prey02,Flocking Exocrawler,DEFERRED_COMPOSED_FAUNA_C6,CCT composition resolves to Flocking Exocrawler; localized component provenance is deferred to Parcel C6.,1,Flocking Exocrawler
fauna,001A838B,Starfield.esm,001A838B,PCM_Schrodinger_Schrodinger-III_Prey01,Herding Loxodont Grazer,DEFERRED_COMPOSED_FAUNA_C6,CCT composition resolves to Herding Loxodont Grazer; localized component provenance is deferred to Parcel C6.,1,Herding Loxodont Grazer
fauna,001A838E,Starfield.esm,001A838E,PCM_Schrodinger_Schrodinger-III_Predator03,Swarming Foxbat,DEFERRED_COMPOSED_FAUNA_C6,CCT composition resolves to Swarming Foxbat; localized component provenance is deferred to Parcel C6.,1,Swarming Foxbat
fauna,001A838F,Starfield.esm,001A838F,PCM_Schrodinger_Schrodinger-III_Predator02,Pack Scarab,DEFERRED_COMPOSED_FAUNA_C6,CCT composition resolves to Pack Scarab; localized component provenance is deferred to Parcel C6.,1,Pack Scarab
fauna,001A8392,Starfield.esm,001A8392,PCM_Schrodinger_Schrodinger-III_Predator01,Apex Ankylosaurus,DEFERRED_COMPOSED_FAUNA_C6,CCT composition resolves to Apex Ankylosaurus; localized component provenance is deferred to Parcel C6.,1,Apex Ankylosaurus
fauna,001A8FC6,Starfield.esm,001A8FC6,PCM_Zelazny_Zelazny-III_Critter03,Fleshleaf Filterer,DEFERRED_COMPOSED_FAUNA_C6,CCT composition resolves to Fleshleaf Filterer; localized component provenance is deferred to Parcel C6.,1,Fleshleaf Filterer
fauna,001A8FC7,Starfield.esm,001A8FC7,PCM_Zelazny_Zelazny-III_Critter02,Flamethorn Grazer,DEFERRED_COMPOSED_FAUNA_C6,CCT composition resolves to Flamethorn Grazer; localized component provenance is deferred to Parcel C6.,1,Flamethorn Grazer
fauna,001A8FC8,Starfield.esm,001A8FC8,PCM_Zelazny_Zelazny-III_Critter01,Milliwhale Grazer,DEFERRED_COMPOSED_FAUNA_C6,CCT composition resolves to Milliwhale Grazer; localized component provenance is deferred to Parcel C6.,1,Milliwhale Grazer
fauna,001A8FC9,Starfield.esm,001A8FC9,PCM_Zelazny_Zelazny-III_Prey04,Flocking Brainsprout Filterer,DEFERRED_COMPOSED_FAUNA_C6,CCT composition resolves to Flocking Brainsprout Filterer; localized component provenance is deferred to Parcel C6.,1,Flocking Brainsprout Filterer
fauna,001A8FCA,Starfield.esm,001A8FCA,PCM_Zelazny_Zelazny-III_Prey03,Leafstrider Herbivore,DEFERRED_COMPOSED_FAUNA_C6,CCT composition resolves to Leafstrider Herbivore; localized component provenance is deferred to Parcel C6.,1,Leafstrider Herbivore
fauna,001A8FCB,Starfield.esm,001A8FCB,PCM_Zelazny_Zelazny-III_Prey02,Trihorn Scavenger,DEFERRED_COMPOSED_FAUNA_C6,CCT composition resolves to Trihorn Scavenger; localized component provenance is deferred to Parcel C6.,1,Trihorn Scavenger
fauna,001A8FCC,Starfield.esm,001A8FCC,PCM_Zelazny_Zelazny-III_Prey01,Herding Cagebrain Grazer,DEFERRED_COMPOSED_FAUNA_C6,CCT composition resolves to Herding Cagebrain Grazer; localized component provenance is deferred to Parcel C6.,1,Herding Cagebrain Grazer
fauna,001A8FCD,Starfield.esm,001A8FCD,PCM_Zelazny_Zelazny-III_Predator03,Pack Boneshell,DEFERRED_COMPOSED_FAUNA_C6,CCT composition resolves to Pack Boneshell; localized component provenance is deferred to Parcel C6.,1,Pack Boneshell
fauna,001A8FCE,Starfield.esm,001A8FCE,PCM_Zelazny_Zelazny-III_Predator02,Pack Scarab,DEFERRED_COMPOSED_FAUNA_C6,CCT composition resolves to Pack Scarab; localized component provenance is deferred to Parcel C6.,1,Pack Scarab
fauna,001A8FCF,Starfield.esm,001A8FCF,PCM_Zelazny_Zelazny-III_Predator01,Hunting Lockjaw,DEFERRED_COMPOSED_FAUNA_C6,CCT composition resolves to Hunting Lockjaw; localized component provenance is deferred to Parcel C6.,1,Hunting Lockjaw
fauna,001A903A,Starfield.esm,001A903A,PCM_Xi-Ophiuchi_Xi-Ophiuchi-VIII-b_Critter01,Beetle Filterer,DEFERRED_COMPOSED_FAUNA_C6,CCT composition resolves to Beetle Filterer; localized component provenance is deferred to Parcel C6.,1,Beetle Filterer
fauna,001A903B,Starfield.esm,001A903B,PCM_Xi-Ophiuchi_Xi-Ophiuchi-VIII-b_Prey01,Herding Shardhopper Geophage,DEFERRED_COMPOSED_FAUNA_C6,CCT composition resolves to Herding Shardhopper Geophage; localized component provenance is deferred to Parcel C6.,1,Herding Shardhopper Geophage
fauna,001A903C,Starfield.esm,001A903C,PCM_Xi-Ophiuchi_Xi-Ophiuchi-VIII-b_Predator01,Hunting Coralbug,DEFERRED_COMPOSED_FAUNA_C6,CCT composition resolves to Hunting Coralbug; localized component provenance is deferred to Parcel C6.,1,Hunting Coralbug
fauna,001A903D,Starfield.esm,001A903D,PCM_Ursae-Majoris_Ursa-Major-II_Critter02,Spore Filterer,DEFERRED_COMPOSED_FAUNA_C6,CCT composition resolves to Spore Filterer; localized component provenance is deferred to Parcel C6.,1,Spore Filterer
fauna,001A903E,Starfield.esm,001A903E,PCM_Ursae-Majoris_Ursa-Major-II_Critter01,Flamethorn Filterer,DEFERRED_COMPOSED_FAUNA_C6,CCT composition resolves to Flamethorn Filterer; localized component provenance is deferred to Parcel C6.,1,Flamethorn Filterer
fauna,001A903F,Starfield.esm,001A903F,PCM_Ursae-Majoris_Ursa-Major-II_Prey03,Flapwheel Scavenger,DEFERRED_COMPOSED_FAUNA_C6,CCT composition resolves to Flapwheel Scavenger; localized component provenance is deferred to Parcel C6.,1,Flapwheel Scavenger
fauna,001A9040,Starfield.esm,001A9040,PCM_Ursae-Majoris_Ursa-Major-II_Prey02,Herding Vuvuzelisk Grazer,DEFERRED_COMPOSED_FAUNA_C6,CCT composition resolves to Herding Vuvuzelisk Grazer; localized component provenance is deferred to Parcel C6.,1,Herding Vuvuzelisk Grazer
fauna,001A9041,Starfield.esm,001A9041,PCM_Ursae-Majoris_Ursa-Major-II_Prey01,Herding Rockhound Grazer,DEFERRED_COMPOSED_FAUNA_C6,CCT composition resolves to Herding Rockhound Grazer; localized component provenance is deferred to Parcel C6.,1,Herding Rockhound Grazer
fauna,001A9042,Starfield.esm,001A9042,PCM_Ursae-Majoris_Ursa-Major-II_Predator03,Hunting Coralcrab,DEFERRED_COMPOSED_FAUNA_C6,CCT composition resolves to Hunting Coralcrab; localized component provenance is deferred to Parcel C6.,1,Hunting Coralcrab
fauna,001A9043,Starfield.esm,001A9043,PCM_Ursae-Majoris_Ursa-Major-II_Predator02,Swarming Landshark,DEFERRED_COMPOSED_FAUNA_C6,CCT composition resolves to Swarming Landshark; localized component provenance is deferred to Parcel C6.,1,Swarming Landshark
fauna,001A9044,Starfield.esm,001A9044,PCM_Ursae-Majoris_Ursa-Major-II_Predator01,Pack Exorunner,DEFERRED_COMPOSED_FAUNA_C6,CCT composition resolves to Pack Exorunner; localized component provenance is deferred to Parcel C6.,1,Pack Exorunner
fauna,001A94DA,Starfield.esm,001A94DA,PCM_Pyraas_Pyraas-II_Critter02,Spaceroach Grazer,DEFERRED_COMPOSED_FAUNA_C6,CCT composition resolves to Spaceroach Grazer; localized component provenance is deferred to Parcel C6.,1,Spaceroach Grazer
fauna,001A94DB,Starfield.esm,001A94DB,PCM_Pyraas_Pyraas-II_Critter01,Beetle Scavenger,DEFERRED_COMPOSED_FAUNA_C6,CCT composition resolves to Beetle Scavenger; localized component provenance is deferred to Parcel C6.,1,Beetle Scavenger
fauna,001A94DC,Starfield.esm,001A94DC,PCM_Pyraas_Pyraas-II_Prey03,Herding Trihorn Herbivore,DEFERRED_COMPOSED_FAUNA_C6,CCT composition resolves to Herding Trihorn Herbivore; localized component provenance is deferred to Parcel C6.,1,Herding Trihorn Herbivore
fauna,001A94DD,Starfield.esm,001A94DD,PCM_Pyraas_Pyraas-II_Prey02,Herding Vectorback Filterer,DEFERRED_COMPOSED_FAUNA_C6,CCT composition resolves to Herding Vectorback Filterer; localized component provenance is deferred to Parcel C6.,1,Herding Vectorback Filterer
fauna,001A94DE,Starfield.esm,001A94DE,PCM_Pyraas_Pyraas-II_Prey01,Flocking Leafback Scavenger,DEFERRED_COMPOSED_FAUNA_C6,CCT composition resolves to Flocking Leafback Scavenger; localized component provenance is deferred to Parcel C6.,1,Flocking Leafback Scavenger
fauna,001A94DF,Starfield.esm,001A94DF,PCM_Pyraas_Pyraas-II_Predator03,Pack Clawback Stalker,DEFERRED_COMPOSED_FAUNA_C6,CCT composition resolves to Pack Clawback Stalker; localized component provenance is deferred to Parcel C6.,1,Pack Clawback Stalker
fauna,001A94E0,Starfield.esm,001A94E0,PCM_Pyraas_Pyraas-II_Predator02,Pack Lacraia,DEFERRED_COMPOSED_FAUNA_C6,CCT composition resolves to Pack Lacraia; localized component provenance is deferred to Parcel C6.,1,Pack Lacraia
fauna,001A94E1,Starfield.esm,001A94E1,PCM_Pyraas_Pyraas-II_Predator01,Swarming Exorunner,DEFERRED_COMPOSED_FAUNA_C6,CCT composition resolves to Swarming Exorunner; localized component provenance is deferred to Parcel C6.,1,Swarming Exorunner
fauna,001A9996,Starfield.esm,001A9996,PCM_Shoza_Shoza-III_Critter03,Artichoke Filterer,DEFERRED_COMPOSED_FAUNA_C6,CCT composition resolves to Artichoke Filterer; localized component provenance is deferred to Parcel C6.,1,Artichoke Filterer
fauna,001A9997,Starfield.esm,001A9997,PCM_Shoza_Shoza-III_Critter02,Flamethorn Grazer,DEFERRED_COMPOSED_FAUNA_C6,CCT composition resolves to Flamethorn Grazer; localized component provenance is deferred to Parcel C6.,1,Flamethorn Grazer
fauna,001A9998,Starfield.esm,001A9998,PCM_Shoza_Shoza-III_Critter01,Milliwhale Geophage,DEFERRED_COMPOSED_FAUNA_C6,CCT composition resolves to Milliwhale Geophage; localized component provenance is deferred to Parcel C6.,1,Milliwhale Geophage
fauna,001A9999,Starfield.esm,001A9999,PCM_Shoza_Shoza-III_Prey03,Herding Mantodea Grazer,DEFERRED_COMPOSED_FAUNA_C6,CCT composition resolves to Herding Mantodea Grazer; localized component provenance is deferred to Parcel C6.,1,Herding Mantodea Grazer
fauna,001A999A,Starfield.esm,001A999A,PCM_Shoza_Shoza-III_Prey02,Glowhands Grazer,DEFERRED_COMPOSED_FAUNA_C6,CCT composition resolves to Glowhands Grazer; localized component provenance is deferred to Parcel C6.,1,Glowhands Grazer
fauna,001A999B,Starfield.esm,001A999B,PCM_Shoza_Shoza-III_Prey01,Herding Octomaggot Herbivore,DEFERRED_COMPOSED_FAUNA_C6,CCT composition resolves to Herding Octomaggot Herbivore; localized component provenance is deferred to Parcel C6.,1,Herding Octomaggot Herbivore
fauna,001A999C,Starfield.esm,001A999C,PCM_Shoza_Shoza-III_Predator03,Pack Shardhopper,DEFERRED_COMPOSED_FAUNA_C6,CCT composition resolves to Pack Shardhopper; localized component provenance is deferred to Parcel C6.,1,Pack Shardhopper
fauna,001A999D,Starfield.esm,001A999D,PCM_Shoza_Shoza-III_Predator02,Pack Hammersaur,DEFERRED_COMPOSED_FAUNA_C6,CCT composition resolves to Pack Hammersaur; localized component provenance is deferred to Parcel C6.,1,Pack Hammersaur
fauna,001A999E,Starfield.esm,001A999E,PCM_Shoza_Shoza-III_Predator01,Hunting Tentabeard,DEFERRED_COMPOSED_FAUNA_C6,CCT composition resolves to Hunting Tentabeard; localized component provenance is deferred to Parcel C6.,1,Hunting Tentabeard
fauna,001A999F,Starfield.esm,001A999F,PCM_Shoza_Shoza-II_Critter03,Beetle Filterer,DEFERRED_COMPOSED_FAUNA_C6,CCT composition resolves to Beetle Filterer; localized component provenance is deferred to Parcel C6.,1,Beetle Filterer
fauna,001A99A0,Starfield.esm,001A99A0,PCM_Shoza_Shoza-II_Critter02,Coralheart Herbivore,DEFERRED_COMPOSED_FAUNA_C6,CCT composition resolves to Coralheart Herbivore; localized component provenance is deferred to Parcel C6.,1,Coralheart Herbivore
fauna,001A99A1,Starfield.esm,001A99A1,PCM_Shoza_Shoza-II_Critter01,Grabber Filterer,DEFERRED_COMPOSED_FAUNA_C6,CCT composition resolves to Grabber Filterer; localized component provenance is deferred to Parcel C6.,1,Grabber Filterer
fauna,001A99A2,Starfield.esm,001A99A2,PCM_Shoza_Shoza-II_Prey03,Bonefrill Herbivore,DEFERRED_COMPOSED_FAUNA_C6,CCT composition resolves to Bonefrill Herbivore; localized component provenance is deferred to Parcel C6.,1,Bonefrill Herbivore
fauna,001A99A3,Starfield.esm,001A99A3,PCM_Shoza_Shoza-II_Prey02,Herding Coralcrawler Filterer,DEFERRED_COMPOSED_FAUNA_C6,CCT composition resolves to Herding Coralcrawler Filterer; localized component provenance is deferred to Parcel C6.,1,Herding Coralcrawler Filterer
fauna,001A99A4,Starfield.esm,001A99A4,PCM_Shoza_Shoza-II_Prey01,Herding Hornface Scavenger,DEFERRED_COMPOSED_FAUNA_C6,CCT composition resolves to Herding Hornface Scavenger; localized component provenance is deferred to Parcel C6.,1,Herding Hornface Scavenger
fauna,001A99A5,Starfield.esm,001A99A5,PCM_Shoza_Shoza-II_Predator03,Hunting Sunflower,DEFERRED_COMPOSED_FAUNA_C6,CCT composition resolves to Hunting Sunflower; localized component provenance is deferred to Parcel C6.,1,Hunting Sunflower
fauna,001A99A6,Starfield.esm,001A99A6,PCM_Shoza_Shoza-II_Predator02,Pack Twistfin,DEFERRED_COMPOSED_FAUNA_C6,CCT composition resolves to Pack Twistfin; localized component provenance is deferred to Parcel C6.,1,Pack Twistfin
fauna,001A9ACA,Starfield.esm,001A9ACA,PCM_Shoza_Shoza-II_Predator01,Hunting Cricket,DEFERRED_COMPOSED_FAUNA_C6,CCT composition resolves to Hunting Cricket; localized component provenance is deferred to Parcel C6.,1,Hunting Cricket
fauna,001A9C7F,Starfield.esm,001A9C7F,PCM_Marduk_Marduk-IV_Critter02,Trilobite Filterer,DEFERRED_COMPOSED_FAUNA_C6,CCT composition resolves to Trilobite Filterer; localized component provenance is deferred to Parcel C6.,1,Trilobite Filterer
fauna,001A9C80,Starfield.esm,001A9C80,PCM_Marduk_Marduk-IV_Critter01,Beetle Scavenger,DEFERRED_COMPOSED_FAUNA_C6,CCT composition resolves to Beetle Scavenger; localized component provenance is deferred to Parcel C6.,1,Beetle Scavenger
fauna,001A9C81,Starfield.esm,001A9C81,PCM_Marduk_Marduk-IV_Prey03,Herding Brainsprout Filterer,DEFERRED_COMPOSED_FAUNA_C6,CCT composition resolves to Herding Brainsprout Filterer; localized component provenance is deferred to Parcel C6.,1,Herding Brainsprout Filterer
fauna,001A9C82,Starfield.esm,001A9C82,PCM_Marduk_Marduk-IV_Prey02,Flocking Clickbeetle Herbivore,DEFERRED_COMPOSED_FAUNA_C6,CCT composition resolves to Flocking Clickbeetle Herbivore; localized component provenance is deferred to Parcel C6.,1,Flocking Clickbeetle Herbivore
fauna,001A9C83,Starfield.esm,001A9C83,PCM_Marduk_Marduk-IV_Prey01,Herding Twigwalker Grazer,DEFERRED_COMPOSED_FAUNA_C6,CCT composition resolves to Herding Twigwalker Grazer; localized component provenance is deferred to Parcel C6.,1,Herding Twigwalker Grazer
fauna,001A9C84,Starfield.esm,001A9C84,PCM_Marduk_Marduk-IV_Predator03,Swarming Scorpion,DEFERRED_COMPOSED_FAUNA_C6,CCT composition resolves to Swarming Scorpion; localized component provenance is deferred to Parcel C6.,1,Swarming Scorpion
fauna,001A9C85,Starfield.esm,001A9C85,PCM_Marduk_Marduk-IV_Predator02,Swarming Horsamander,DEFERRED_COMPOSED_FAUNA_C6,CCT composition resolves to Swarming Horsamander; localized component provenance is deferred to Parcel C6.,1,Swarming Horsamander
fauna,001A9C86,Starfield.esm,001A9C86,PCM_Marduk_Marduk-IV_Predator01,Pack Scarab,DEFERRED_COMPOSED_FAUNA_C6,CCT composition resolves to Pack Scarab; localized component provenance is deferred to Parcel C6.,1,Pack Scarab
fauna,001AA10E,Starfield.esm,001AA10E,PCM_Kumasi_Kumasi-II_Prey03,Herding Trihorn Geophage,DEFERRED_COMPOSED_FAUNA_C6,CCT composition resolves to Herding Trihorn Geophage; localized component provenance is deferred to Parcel C6.,1,Herding Trihorn Geophage
fauna,001AA10F,Starfield.esm,001AA10F,PCM_Kumasi_Kumasi-II_Prey02,Flocking Scorpion Geophage,DEFERRED_COMPOSED_FAUNA_C6,CCT composition resolves to Flocking Scorpion Geophage; localized component provenance is deferred to Parcel C6.,1,Flocking Scorpion Geophage
fauna,001AA110,Starfield.esm,001AA110,PCM_Kumasi_Kumasi-II_Prey01,Herding Sailgator Herbivore,DEFERRED_COMPOSED_FAUNA_C6,CCT composition resolves to Herding Sailgator Herbivore; localized component provenance is deferred to Parcel C6.,1,Herding Sailgator Herbivore
fauna,001AA111,Starfield.esm,001AA111,PCM_Kumasi_Kumasi-II_Predator03,Hunting Brainsquid,DEFERRED_COMPOSED_FAUNA_C6,CCT composition resolves to Hunting Brainsquid; localized component provenance is deferred to Parcel C6.,1,Hunting Brainsquid
fauna,001AA112,Starfield.esm,001AA112,PCM_Kumasi_Kumasi-II_Predator02,Hunting Cagebrain,DEFERRED_COMPOSED_FAUNA_C6,CCT composition resolves to Hunting Cagebrain; localized component provenance is deferred to Parcel C6.,1,Hunting Cagebrain
fauna,001AA113,Starfield.esm,001AA113,PCM_Kumasi_Kumasi-II_Predator01,Pack Coralcrawler,DEFERRED_COMPOSED_FAUNA_C6,CCT composition resolves to Pack Coralcrawler; localized component provenance is deferred to Parcel C6.,1,Pack Coralcrawler
fauna,001AD03D,Starfield.esm,001AD03D,PCM_Kumasi_Kumasi-II_Critter02,Grabber Herbivore,DEFERRED_COMPOSED_FAUNA_C6,CCT composition resolves to Grabber Herbivore; localized component provenance is deferred to Parcel C6.,1,Grabber Herbivore
fauna,001AD03E,Starfield.esm,001AD03E,PCM_Kumasi_Kumasi-II_Critter01,Jackknife Geophage,DEFERRED_COMPOSED_FAUNA_C6,CCT composition resolves to Jackknife Geophage; localized component provenance is deferred to Parcel C6.,1,Jackknife Geophage
fauna,001AD18C,Starfield.esm,001AD18C,PCM_Hawking_Hawking-I_Critter02,Spaceroach Herbivore,DEFERRED_COMPOSED_FAUNA_C6,CCT composition resolves to Spaceroach Herbivore; localized component provenance is deferred to Parcel C6.,1,Spaceroach Herbivore
fauna,001AD18D,Starfield.esm,001AD18D,PCM_Hawking_Hawking-I_Critter01,Jackknife Scavenger,DEFERRED_COMPOSED_FAUNA_C6,CCT composition resolves to Jackknife Scavenger; localized component provenance is deferred to Parcel C6.,1,Jackknife Scavenger
fauna,001AD18E,Starfield.esm,001AD18E,PCM_Hawking_Hawking-I_Prey03,Flocking Marnokk Herbivore,DEFERRED_COMPOSED_FAUNA_C6,CCT composition resolves to Flocking Marnokk Herbivore; localized component provenance is deferred to Parcel C6.,1,Flocking Marnokk Herbivore
fauna,001AD18F,Starfield.esm,001AD18F,PCM_Hawking_Hawking-I_Prey02,Hunting Sloth Geophage,DEFERRED_COMPOSED_FAUNA_C6,CCT composition resolves to Hunting Sloth Geophage; localized component provenance is deferred to Parcel C6.,1,Hunting Sloth Geophage
fauna,001AD190,Starfield.esm,001AD190,PCM_Hawking_Hawking-I_Prey01,Flocking Grub Herbivore,DEFERRED_COMPOSED_FAUNA_C6,CCT composition resolves to Flocking Grub Herbivore; localized component provenance is deferred to Parcel C6.,1,Flocking Grub Herbivore
fauna,001AD191,Starfield.esm,001AD191,PCM_Hawking_Hawking-I_Predator03,Pack Crab,DEFERRED_COMPOSED_FAUNA_C6,CCT composition resolves to Pack Crab; localized component provenance is deferred to Parcel C6.,1,Pack Crab
fauna,001AD192,Starfield.esm,001AD192,PCM_Hawking_Hawking-I_Predator02,Pack Thornmantis,DEFERRED_COMPOSED_FAUNA_C6,CCT composition resolves to Pack Thornmantis; localized component provenance is deferred to Parcel C6.,1,Pack Thornmantis
fauna,001AD193,Starfield.esm,001AD193,PCM_Hawking_Hawking-I_Predator01,Hunting Hammersaur,DEFERRED_COMPOSED_FAUNA_C6,CCT composition resolves to Hunting Hammersaur; localized component provenance is deferred to Parcel C6.,1,Hunting Hammersaur
fauna,001AE4DF,Starfield.esm,001AE4DF,PCM_Beta-Marae_Beta-Marae-I_Critter02,Grabber Grazer,DEFERRED_COMPOSED_FAUNA_C6,CCT composition resolves to Grabber Grazer; localized component provenance is deferred to Parcel C6.,1,Grabber Grazer
fauna,001AE4E0,Starfield.esm,001AE4E0,PCM_Beta-Marae_Beta-Marae-I_Critter01,Coralheart Scavenger,DEFERRED_COMPOSED_FAUNA_C6,CCT composition resolves to Coralheart Scavenger; localized component provenance is deferred to Parcel C6.,1,Coralheart Scavenger
fauna,001AE4E1,Starfield.esm,001AE4E1,PCM_Beta-Marae_Beta-Marae-I_Prey05,Herding Rockhound Scavenger,DEFERRED_COMPOSED_FAUNA_C6,CCT composition resolves to Herding Rockhound Scavenger; localized component provenance is deferred to Parcel C6.,1,Herding Rockhound Scavenger
fauna,001AE4E2,Starfield.esm,001AE4E2,PCM_Beta-Marae_Beta-Marae-I_Prey04,Herding Beetlecrab Grazer,DEFERRED_COMPOSED_FAUNA_C6,CCT composition resolves to Herding Beetlecrab Grazer; localized component provenance is deferred to Parcel C6.,1,Herding Beetlecrab Grazer
fauna,001AE4E3,Starfield.esm,001AE4E3,PCM_Beta-Marae_Beta-Marae-I_Prey03,Herding Roundshell Scavenger,DEFERRED_COMPOSED_FAUNA_C6,CCT composition resolves to Herding Roundshell Scavenger; localized component provenance is deferred to Parcel C6.,1,Herding Roundshell Scavenger
fauna,001AE4E4,Starfield.esm,001AE4E4,PCM_Beta-Marae_Beta-Marae-I_Prey02,Flocking Leafstrider Filterer,DEFERRED_COMPOSED_FAUNA_C6,CCT composition resolves to Flocking Leafstrider Filterer; localized component provenance is deferred to Parcel C6.,1,Flocking Leafstrider Filterer
fauna,001AE4E5,Starfield.esm,001AE4E5,PCM_Beta-Marae_Beta-Marae-I_Prey01,Herding Vectorback Herbivore,DEFERRED_COMPOSED_FAUNA_C6,CCT composition resolves to Herding Vectorback Herbivore; localized component provenance is deferred to Parcel C6.,1,Herding Vectorback Herbivore
fauna,001AE4E6,Starfield.esm,001AE4E6,PCM_Beta-Marae_Beta-Marae-I_Predator03,Swarming Brightcage,DEFERRED_COMPOSED_FAUNA_C6,CCT composition resolves to Swarming Brightcage; localized component provenance is deferred to Parcel C6.,1,Swarming Brightcage
fauna,001AE4E7,Starfield.esm,001AE4E7,PCM_Beta-Marae_Beta-Marae-I_Predator02,Swarming Eggback,DEFERRED_COMPOSED_FAUNA_C6,CCT composition resolves to Swarming Eggback; localized component provenance is deferred to Parcel C6.,1,Swarming Eggback
fauna,001AE4E8,Starfield.esm,001AE4E8,PCM_Beta-Marae_Beta-Marae-I_Predator01,Hunting Boneshell,DEFERRED_COMPOSED_FAUNA_C6,CCT composition resolves to Hunting Boneshell; localized component provenance is deferred to Parcel C6.,1,Hunting Boneshell
fauna,001AF63C,Starfield.esm,001AF63C,PCM_Bardeen_Bardeen-III_Critter02,Tubecrawler Scavenger,DEFERRED_COMPOSED_FAUNA_C6,CCT composition resolves to Tubecrawler Scavenger; localized component provenance is deferred to Parcel C6.,1,Tubecrawler Scavenger
fauna,001AF63D,Starfield.esm,001AF63D,PCM_Bardeen_Bardeen-III_Critter01,Grabber Grazer,DEFERRED_COMPOSED_FAUNA_C6,CCT composition resolves to Grabber Grazer; localized component provenance is deferred to Parcel C6.,1,Grabber Grazer
fauna,001AF63E,Starfield.esm,001AF63E,PCM_Bardeen_Bardeen-III_Prey04,Herding Dragon Scavenger,DEFERRED_COMPOSED_FAUNA_C6,CCT composition resolves to Herding Dragon Scavenger; localized component provenance is deferred to Parcel C6.,1,Herding Dragon Scavenger
fauna,001AF63F,Starfield.esm,001AF63F,PCM_Bardeen_Bardeen-III_Prey03,Herding Hornface Herbivore,DEFERRED_COMPOSED_FAUNA_C6,CCT composition resolves to Herding Hornface Herbivore; localized component provenance is deferred to Parcel C6.,1,Herding Hornface Herbivore
fauna,001AF640,Starfield.esm,001AF640,PCM_Bardeen_Bardeen-III_Prey02,Herding Spiderwasp Grazer,DEFERRED_COMPOSED_FAUNA_C6,CCT composition resolves to Herding Spiderwasp Grazer; localized component provenance is deferred to Parcel C6.,1,Herding Spiderwasp Grazer
fauna,001AF641,Starfield.esm,001AF641,PCM_Bardeen_Bardeen-III_Prey01,Flocking Roundface Herbivore,DEFERRED_COMPOSED_FAUNA_C6,CCT composition resolves to Flocking Roundface Herbivore; localized component provenance is deferred to Parcel C6.,1,Flocking Roundface Herbivore
fauna,001AF642,Starfield.esm,001AF642,PCM_Bardeen_Bardeen-III_Predator03,Pack Horsamander,DEFERRED_COMPOSED_FAUNA_C6,CCT composition resolves to Pack Horsamander; localized component provenance is deferred to Parcel C6.,1,Pack Horsamander
fauna,001AF643,Starfield.esm,001AF643,PCM_Bardeen_Bardeen-III_Predator02,Swarming Clickbeetle,DEFERRED_COMPOSED_FAUNA_C6,CCT composition resolves to Swarming Clickbeetle; localized component provenance is deferred to Parcel C6.,1,Swarming Clickbeetle
fauna,001AF644,Starfield.esm,001AF644,PCM_Bardeen_Bardeen-III_Predator01,Pack Exocrawler,DEFERRED_COMPOSED_FAUNA_C6,CCT composition resolves to Pack Exocrawler; localized component provenance is deferred to Parcel C6.,1,Pack Exocrawler
fauna,001B003A,Starfield.esm,001B003A,PCM_Volii_Volii-Epsilon_Prey01,Flocking Trident Grazer,DEFERRED_COMPOSED_FAUNA_C6,CCT composition resolves to Flocking Trident Grazer; localized component provenance is deferred to Parcel C6.,1,Flocking Trident Grazer
fauna,001B0044,Starfield.esm,001B0044,PCM_Lunara_Vesta_Critter02,Noid Filterer,DEFERRED_COMPOSED_FAUNA_C6,CCT composition resolves to Noid Filterer; localized component provenance is deferred to Parcel C6.,1,Noid Filterer
fauna,001B0045,Starfield.esm,001B0045,PCM_Lunara_Vesta_Critter01,Grabber Grazer,DEFERRED_COMPOSED_FAUNA_C6,CCT composition resolves to Grabber Grazer; localized component provenance is deferred to Parcel C6.,1,Grabber Grazer
fauna,001B0046,Starfield.esm,001B0046,PCM_Lunara_Vesta_Prey02,Herding Lockjaw Grazer,DEFERRED_COMPOSED_FAUNA_C6,CCT composition resolves to Herding Lockjaw Grazer; localized component provenance is deferred to Parcel C6.,1,Herding Lockjaw Grazer
fauna,001B0047,Starfield.esm,001B0047,PCM_Lunara_Vesta_Prey01,Exocrawler Scavenger,DEFERRED_COMPOSED_FAUNA_C6,CCT composition resolves to Exocrawler Scavenger; localized component provenance is deferred to Parcel C6.,1,Exocrawler Scavenger
fauna,001B0048,Starfield.esm,001B0048,PCM_Lunara_Vesta_Predator02,Pack Ankylosaurus,DEFERRED_COMPOSED_FAUNA_C6,CCT composition resolves to Pack Ankylosaurus; localized component provenance is deferred to Parcel C6.,1,Pack Ankylosaurus
fauna,001B0049,Starfield.esm,001B0049,PCM_Lunara_Vesta_Predator01,Hunting Bonefrill Stalker,DEFERRED_COMPOSED_FAUNA_C6,CCT composition resolves to Hunting Bonefrill Stalker; localized component provenance is deferred to Parcel C6.,1,Hunting Bonefrill Stalker
fauna,001B034D,Starfield.esm,001B034D,PCM_Verne_Verne-II_Critter02,Grub Herbivore,DEFERRED_COMPOSED_FAUNA_C6,CCT composition resolves to Grub Herbivore; localized component provenance is deferred to Parcel C6.,1,Grub Herbivore
fauna,001B034E,Starfield.esm,001B034E,PCM_Verne_Verne-II_Critter01,Flamethorn Herbivore,DEFERRED_COMPOSED_FAUNA_C6,CCT composition resolves to Flamethorn Herbivore; localized component provenance is deferred to Parcel C6.,1,Flamethorn Herbivore
fauna,001B034F,Starfield.esm,001B034F,PCM_Verne_Verne-II_Prey02,Leafstrider Herbivore,DEFERRED_COMPOSED_FAUNA_C6,CCT composition resolves to Leafstrider Herbivore; localized component provenance is deferred to Parcel C6.,1,Leafstrider Herbivore
fauna,001B0350,Starfield.esm,001B0350,PCM_Verne_Verne-II_Prey01,Herding Stonewalker Grazer,DEFERRED_COMPOSED_FAUNA_C6,CCT composition resolves to Herding Stonewalker Grazer; localized component provenance is deferred to Parcel C6.,1,Herding Stonewalker Grazer
fauna,001B0351,Starfield.esm,001B0351,PCM_Verne_Verne-II_Predator02,Hunting Nailtail,DEFERRED_COMPOSED_FAUNA_C6,CCT composition resolves to Hunting Nailtail; localized component provenance is deferred to Parcel C6.,1,Hunting Nailtail
fauna,001B0352,Starfield.esm,001B0352,PCM_Verne_Verne-II_Predator01,Hunting Thornmantis,DEFERRED_COMPOSED_FAUNA_C6,CCT composition resolves to Hunting Thornmantis; localized component provenance is deferred to Parcel C6.,1,Hunting Thornmantis
fauna,001B0519,Starfield.esm,001B0519,PCM_Zosma_Zosma-V-a_Critter01,Thorn Scavenger,DEFERRED_COMPOSED_FAUNA_C6,CCT composition resolves to Thorn Scavenger; localized component provenance is deferred to Parcel C6.,1,Thorn Scavenger
fauna,001B051A,Starfield.esm,001B051A,PCM_Zosma_Zosma-V-a_Prey02,Herding Octomaggot Geophage,DEFERRED_COMPOSED_FAUNA_C6,CCT composition resolves to Herding Octomaggot Geophage; localized component provenance is deferred to Parcel C6.,1,Herding Octomaggot Geophage
fauna,001B051B,Starfield.esm,001B051B,PCM_Zosma_Zosma-V-a_Prey01,Herding Arachnofly Filterer,DEFERRED_COMPOSED_FAUNA_C6,CCT composition resolves to Herding Arachnofly Filterer; localized component provenance is deferred to Parcel C6.,1,Herding Arachnofly Filterer
fauna,001B051D,Starfield.esm,001B051D,PCM_Zosma_Zosma-V-a_Predator01,Pack Spiderwasp,DEFERRED_COMPOSED_FAUNA_C6,CCT composition resolves to Pack Spiderwasp; localized component provenance is deferred to Parcel C6.,1,Pack Spiderwasp
fauna,001B0637,Starfield.esm,001B0637,PCM_Vega_Vega-II-C_Critter02,Grub Geophage,DEFERRED_COMPOSED_FAUNA_C6,CCT composition resolves to Grub Geophage; localized component provenance is deferred to Parcel C6.,1,Grub Geophage
fauna,001B0645,Starfield.esm,001B0645,PCM_Vega_Vega-II-C_Critter01,Centiskull Grazer,DEFERRED_COMPOSED_FAUNA_C6,CCT composition resolves to Centiskull Grazer; localized component provenance is deferred to Parcel C6.,1,Centiskull Grazer
fauna,001B0646,Starfield.esm,001B0646,PCM_Vega_Vega-II-C_Prey02,Herding Horsamander Herbivore,DEFERRED_COMPOSED_FAUNA_C6,CCT composition resolves to Herding Horsamander Herbivore; localized component provenance is deferred to Parcel C6.,1,Herding Horsamander Herbivore
fauna,001B0647,Starfield.esm,001B0647,PCM_Vega_Vega-II-C_Prey01,Flocking Sloth Grazer,DEFERRED_COMPOSED_FAUNA_C6,CCT composition resolves to Flocking Sloth Grazer; localized component provenance is deferred to Parcel C6.,1,Flocking Sloth Grazer
fauna,001B0648,Starfield.esm,001B0648,PCM_Vega_Vega-II-C_Predator02,Pack Scarab,DEFERRED_COMPOSED_FAUNA_C6,CCT composition resolves to Pack Scarab; localized component provenance is deferred to Parcel C6.,1,Pack Scarab
fauna,001B0649,Starfield.esm,001B0649,PCM_Vega_Vega-II-C_Predator01,Pack Crocodaunt,DEFERRED_COMPOSED_FAUNA_C6,CCT composition resolves to Pack Crocodaunt; localized component provenance is deferred to Parcel C6.,1,Pack Crocodaunt
fauna,001B064A,Starfield.esm,001B064A,PCM_Ursae-Minoris_Ursa-Minor-II_Critter01,Thorn Grazer,DEFERRED_COMPOSED_FAUNA_C6,CCT composition resolves to Thorn Grazer; localized component provenance is deferred to Parcel C6.,1,Thorn Grazer
fauna,001B064E,Starfield.esm,001B064E,PCM_Ursae-Minoris_Ursa-Minor-II_Prey02,Coralbug Scavenger,DEFERRED_COMPOSED_FAUNA_C6,CCT composition resolves to Coralbug Scavenger; localized component provenance is deferred to Parcel C6.,1,Coralbug Scavenger
fauna,001B064F,Starfield.esm,001B064F,PCM_Ursae-Minoris_Ursa-Minor-II_Prey01,Herding Coralcrawler Grazer,DEFERRED_COMPOSED_FAUNA_C6,CCT composition resolves to Herding Coralcrawler Grazer; localized component provenance is deferred to Parcel C6.,1,Herding Coralcrawler Grazer
fauna,001B0650,Starfield.esm,001B0650,PCM_Ursae-Minoris_Ursa-Minor-II_Predator01,Hunting Shieldshell,DEFERRED_COMPOSED_FAUNA_C6,CCT composition resolves to Hunting Shieldshell; localized component provenance is deferred to Parcel C6.,1,Hunting Shieldshell
fauna,001B0653,Starfield.esm,001B0653,PCM_Zeta-Ophiuchi_Zeta-Ophiuchi-VI-a_Prey01,Herding Brightcage Geophage,DEFERRED_COMPOSED_FAUNA_C6,CCT composition resolves to Herding Brightcage Geophage; localized component provenance is deferred to Parcel C6.,1,Herding Brightcage Geophage
fauna,001B0677,Starfield.esm,001B0677,PCM_Zeta-Ophiuchi_Zeta-Ophiuchi-VI-a_Predator01,Pack Nailtail,DEFERRED_COMPOSED_FAUNA_C6,CCT composition resolves to Pack Nailtail; localized component provenance is deferred to Parcel C6.,1,Pack Nailtail
fauna,001B159A,Starfield.esm,001B159A,PCM_Alpha-Tirna_Tirna-X-A_Prey01,Herding Wiggler Geophage,DEFERRED_COMPOSED_FAUNA_C6,CCT composition resolves to Herding Wiggler Geophage; localized component provenance is deferred to Parcel C6.,1,Herding Wiggler Geophage
fauna,001B159B,Starfield.esm,001B159B,PCM_Alpha-Tirna_Tirna-X-A_Predator01,Hunting Cricket,DEFERRED_COMPOSED_FAUNA_C6,CCT composition resolves to Hunting Cricket; localized component provenance is deferred to Parcel C6.,1,Hunting Cricket
fauna,001B159E,Starfield.esm,001B159E,PCM_Tidacha_Tidacha-I_Critter02,Thorn Grazer,DEFERRED_COMPOSED_FAUNA_C6,CCT composition resolves to Thorn Grazer; localized component provenance is deferred to Parcel C6.,1,Thorn Grazer
fauna,001B159F,Starfield.esm,001B159F,PCM_Tidacha_Tidacha-I_Critter01,Coralheart Filterer,DEFERRED_COMPOSED_FAUNA_C6,CCT composition resolves to Coralheart Filterer; localized component provenance is deferred to Parcel C6.,1,Coralheart Filterer
fauna,001B15A0,Starfield.esm,001B15A0,PCM_Tidacha_Tidacha-I_Prey02,Herding Crab Herbivore,DEFERRED_COMPOSED_FAUNA_C6,CCT composition resolves to Herding Crab Herbivore; localized component provenance is deferred to Parcel C6.,1,Herding Crab Herbivore
fauna,001B15A1,Starfield.esm,001B15A1,PCM_Tidacha_Tidacha-I_Prey01,Herding Lockjaw Grazer,DEFERRED_COMPOSED_FAUNA_C6,CCT composition resolves to Herding Lockjaw Grazer; localized component provenance is deferred to Parcel C6.,1,Herding Lockjaw Grazer
fauna,001B15A2,Starfield.esm,001B15A2,PCM_Tidacha_Tidacha-I_Predator02,Swarming Dragon,DEFERRED_COMPOSED_FAUNA_C6,CCT composition resolves to Swarming Dragon; localized component provenance is deferred to Parcel C6.,1,Swarming Dragon
fauna,001B15A3,Starfield.esm,001B15A3,PCM_Tidacha_Tidacha-I_Predator01,Hunting Sailgator,DEFERRED_COMPOSED_FAUNA_C6,CCT composition resolves to Hunting Sailgator; localized component provenance is deferred to Parcel C6.,1,Hunting Sailgator
fauna,001B15A4,Starfield.esm,001B15A4,PCM_Alpha-Tirna_Tirna-VIII-C_Critter01,Spaceroach Herbivore,DEFERRED_COMPOSED_FAUNA_C6,CCT composition resolves to Spaceroach Herbivore; localized component provenance is deferred to Parcel C6.,1,Spaceroach Herbivore
fauna,001B15A5,Starfield.esm,001B15A5,PCM_Alpha-Tirna_Tirna-VIII-C_Prey02,Flocking Crab Filterer,DEFERRED_COMPOSED_FAUNA_C6,CCT composition resolves to Flocking Crab Filterer; localized component provenance is deferred to Parcel C6.,1,Flocking Crab Filterer
fauna,001B15A6,Starfield.esm,001B15A6,PCM_Alpha-Tirna_Tirna-VIII-C_Prey01,Herding Blistercrab Grazer,DEFERRED_COMPOSED_FAUNA_C6,CCT composition resolves to Herding Blistercrab Grazer; localized component provenance is deferred to Parcel C6.,1,Herding Blistercrab Grazer
fauna,001B15A7,Starfield.esm,001B15A7,PCM_Alpha-Tirna_Tirna-VIII-C_Predator01,Swarming Crab,DEFERRED_COMPOSED_FAUNA_C6,CCT composition resolves to Swarming Crab; localized component provenance is deferred to Parcel C6.,1,Swarming Crab
fauna,001B15A8,Starfield.esm,001B15A8,PCM_Alpha-Tirna_Tirna-II_Critter02,Flamethorn Herbivore,DEFERRED_COMPOSED_FAUNA_C6,CCT composition resolves to Flamethorn Herbivore; localized component provenance is deferred to Parcel C6.,1,Flamethorn Herbivore
fauna,001B15A9,Starfield.esm,001B15A9,PCM_Alpha-Tirna_Tirna-II_Critter01,Milliwhale Grazer,DEFERRED_COMPOSED_FAUNA_C6,CCT composition resolves to Milliwhale Grazer; localized component provenance is deferred to Parcel C6.,1,Milliwhale Grazer
fauna,001B15AA,Starfield.esm,001B15AA,PCM_Alpha-Tirna_Tirna-II_Prey02,Herding Vuvuzelisk Filterer,DEFERRED_COMPOSED_FAUNA_C6,CCT composition resolves to Herding Vuvuzelisk Filterer; localized component provenance is deferred to Parcel C6.,1,Herding Vuvuzelisk Filterer
fauna,001B15AB,Starfield.esm,001B15AB,PCM_Alpha-Tirna_Tirna-II_Prey01,Flocking Toadface Herbivore,DEFERRED_COMPOSED_FAUNA_C6,CCT composition resolves to Flocking Toadface Herbivore; localized component provenance is deferred to Parcel C6.,1,Flocking Toadface Herbivore
fauna,001B15AC,Starfield.esm,001B15AC,PCM_Alpha-Tirna_Tirna-II_Predator02,Pack Cockroach,DEFERRED_COMPOSED_FAUNA_C6,CCT composition resolves to Pack Cockroach; localized component provenance is deferred to Parcel C6.,1,Pack Cockroach
fauna,001B15AD,Starfield.esm,001B15AD,PCM_Alpha-Tirna_Tirna-II_Predator01,Hunting Coralcrab,DEFERRED_COMPOSED_FAUNA_C6,CCT composition resolves to Hunting Coralcrab; localized component provenance is deferred to Parcel C6.,1,Hunting Coralcrab
fauna,001B1742,Starfield.esm,001B1742,PCM_Rutherford_Rutherford-III_Critter02,Pearl Herbivore,DEFERRED_COMPOSED_FAUNA_C6,CCT composition resolves to Pearl Herbivore; localized component provenance is deferred to Parcel C6.,1,Pearl Herbivore
fauna,001B1743,Starfield.esm,001B1743,PCM_Rutherford_Rutherford-III_Critter01,Beetle Scavenger,DEFERRED_COMPOSED_FAUNA_C6,CCT composition resolves to Beetle Scavenger; localized component provenance is deferred to Parcel C6.,1,Beetle Scavenger
fauna,001B1DE1,Starfield.esm,001B1DE1,PCM_Rutherford_Rutherford-III_Prey03,Herding Sailgator Scavenger,DEFERRED_COMPOSED_FAUNA_C6,CCT composition resolves to Herding Sailgator Scavenger; localized component provenance is deferred to Parcel C6.,1,Herding Sailgator Scavenger
fauna,001B1DE5,Starfield.esm,001B1DE5,PCM_Rutherford_Rutherford-III_Prey02,Herding Brainsprout Grazer,DEFERRED_COMPOSED_FAUNA_C6,CCT composition resolves to Herding Brainsprout Grazer; localized component provenance is deferred to Parcel C6.,1,Herding Brainsprout Grazer
fauna,001B1DE7,Starfield.esm,001B1DE7,PCM_Rutherford_Rutherford-III_Prey01,Herding Glider Herbivore,DEFERRED_COMPOSED_FAUNA_C6,CCT composition resolves to Herding Glider Herbivore; localized component provenance is deferred to Parcel C6.,1,Herding Glider Herbivore
fauna,001B1DE9,Starfield.esm,001B1DE9,PCM_Rutherford_Rutherford-III_Predator02,Swarming Crab Stalker,DEFERRED_COMPOSED_FAUNA_C6,CCT composition resolves to Swarming Crab Stalker; localized component provenance is deferred to Parcel C6.,1,Swarming Crab Stalker
fauna,001B1DEA,Starfield.esm,001B1DEA,PCM_Rutherford_Rutherford-III_Predator01,Pack Bonefrill,DEFERRED_COMPOSED_FAUNA_C6,CCT composition resolves to Pack Bonefrill; localized component provenance is deferred to Parcel C6.,1,Pack Bonefrill
fauna,001B20B6,Starfield.esm,001B20B6,PCM_Masada_Masada-III_Critter01,Flamethorn Geophage,DEFERRED_COMPOSED_FAUNA_C6,CCT composition resolves to Flamethorn Geophage; localized component provenance is deferred to Parcel C6.,1,Flamethorn Geophage
fauna,001B20B7,Starfield.esm,001B20B7,PCM_Masada_Masada-III_Prey03,Flocking Octomaggot Grazer,DEFERRED_COMPOSED_FAUNA_C6,CCT composition resolves to Flocking Octomaggot Grazer; localized component provenance is deferred to Parcel C6.,1,Flocking Octomaggot Grazer
fauna,001B20B8,Starfield.esm,001B20B8,PCM_Masada_Masada-III_Prey02,Herding Noid Herbivore,DEFERRED_COMPOSED_FAUNA_C6,CCT composition resolves to Herding Noid Herbivore; localized component provenance is deferred to Parcel C6.,1,Herding Noid Herbivore
fauna,001B20BA,Starfield.esm,001B20BA,PCM_Masada_Masada-III_Prey01,Herding Mantodea Scavenger,DEFERRED_COMPOSED_FAUNA_C6,CCT composition resolves to Herding Mantodea Scavenger; localized component provenance is deferred to Parcel C6.,1,Herding Mantodea Scavenger
fauna,001B218B,Starfield.esm,001B218B,PCM_Masada_Masada-III_Predator02,Pack Landshark,DEFERRED_COMPOSED_FAUNA_C6,CCT composition resolves to Pack Landshark; localized component provenance is deferred to Parcel C6.,1,Pack Landshark
fauna,001B218C,Starfield.esm,001B218C,PCM_Masada_Masada-III_Predator01,Swarming Shardhopper,DEFERRED_COMPOSED_FAUNA_C6,CCT composition resolves to Swarming Shardhopper; localized component provenance is deferred to Parcel C6.,1,Swarming Shardhopper
fauna,001B4C03,Starfield.esm,001B4C03,PCM_Tau-Ceti_Tau-Ceti-VIII-B_Critter02,Trilobite Filterer,DEFERRED_COMPOSED_FAUNA_C6,CCT composition resolves to Trilobite Filterer; localized component provenance is deferred to Parcel C6.,1,Trilobite Filterer
fauna,001B4C04,Starfield.esm,001B4C04,PCM_Tau-Ceti_Tau-Ceti-VIII-B_Critter01,Beetle Filterer,DEFERRED_COMPOSED_FAUNA_C6,CCT composition resolves to Beetle Filterer; localized component provenance is deferred to Parcel C6.,1,Beetle Filterer
fauna,001B4C05,Starfield.esm,001B4C05,PCM_Tau-Ceti_Tau-Ceti-VIII-B_Prey02,Herding Cagebrain Herbivore,DEFERRED_COMPOSED_FAUNA_C6,CCT composition resolves to Herding Cagebrain Herbivore; localized component provenance is deferred to Parcel C6.,1,Herding Cagebrain Herbivore
fauna,001B4C06,Starfield.esm,001B4C06,PCM_Tau-Ceti_Tau-Ceti-VIII-B_Prey01,Flocking Trihorn Grazer,DEFERRED_COMPOSED_FAUNA_C6,CCT composition resolves to Flocking Trihorn Grazer; localized component provenance is deferred to Parcel C6.,1,Flocking Trihorn Grazer
fauna,001B4C07,Starfield.esm,001B4C07,PCM_Tau-Ceti_Tau-Ceti-VIII-B_Predator02,Hunting Cricket,DEFERRED_COMPOSED_FAUNA_C6,CCT composition resolves to Hunting Cricket; localized component provenance is deferred to Parcel C6.,1,Hunting Cricket
fauna,001B4C08,Starfield.esm,001B4C08,PCM_Tau-Ceti_Tau-Ceti-VIII-B_Predator01,Pack Ankylosaurus,DEFERRED_COMPOSED_FAUNA_C6,CCT composition resolves to Pack Ankylosaurus; localized component provenance is deferred to Parcel C6.,1,Pack Ankylosaurus
fauna,001B4E75,Starfield.esm,001B4E75,PCM_Syrma_Syrma-VII-A_Critter01,Spaceroach Filterer,DEFERRED_COMPOSED_FAUNA_C6,CCT composition resolves to Spaceroach Filterer; localized component provenance is deferred to Parcel C6.,1,Spaceroach Filterer
fauna,001B4E76,Starfield.esm,001B4E76,PCM_Syrma_Syrma-VII-A_Prey01,Herding Roundshell Grazer,DEFERRED_COMPOSED_FAUNA_C6,CCT composition resolves to Herding Roundshell Grazer; localized component provenance is deferred to Parcel C6.,1,Herding Roundshell Grazer
fauna,001B4E77,Starfield.esm,001B4E77,PCM_Syrma_Syrma-VII-A_Predator01,Hunting Hookneck,DEFERRED_COMPOSED_FAUNA_C6,CCT composition resolves to Hunting Hookneck; localized component provenance is deferred to Parcel C6.,1,Hunting Hookneck
fauna,001B70D5,Starfield.esm,001B70D5,PCM_Syrma_Syrma-IV_Critter01,Fingerface Geophage,DEFERRED_COMPOSED_FAUNA_C6,CCT composition resolves to Fingerface Geophage; localized component provenance is deferred to Parcel C6.,1,Fingerface Geophage
fauna,001B70D6,Starfield.esm,001B70D6,PCM_Syrma_Syrma-IV_Prey01,Flocking Clawback Scavenger,DEFERRED_COMPOSED_FAUNA_C6,CCT composition resolves to Flocking Clawback Scavenger; localized component provenance is deferred to Parcel C6.,1,Flocking Clawback Scavenger
fauna,001B70D7,Starfield.esm,001B70D7,PCM_Syrma_Syrma-IV_Predator01,Pack Trapmaw,DEFERRED_COMPOSED_FAUNA_C6,CCT composition resolves to Pack Trapmaw; localized component provenance is deferred to Parcel C6.,1,Pack Trapmaw
fauna,001B70D8,Starfield.esm,001B70D8,PCM_Syrma_Syrma-III_Critter01,Worm Geophage,DEFERRED_COMPOSED_FAUNA_C6,CCT composition resolves to Worm Geophage; localized component provenance is deferred to Parcel C6.,1,Worm Geophage
fauna,001B70D9,Starfield.esm,001B70D9,PCM_Syrma_Syrma-III_Prey01,Flocking Earback Grazer,DEFERRED_COMPOSED_FAUNA_C6,CCT composition resolves to Flocking Earback Grazer; localized component provenance is deferred to Parcel C6.,1,Flocking Earback Grazer
fauna,001B70DA,Starfield.esm,001B70DA,PCM_Syrma_Syrma-III_Predator01,Hunting Brainblimp,DEFERRED_COMPOSED_FAUNA_C6,CCT composition resolves to Hunting Brainblimp; localized component provenance is deferred to Parcel C6.,1,Hunting Brainblimp
fauna,001BAC22,Starfield.esm,001BAC22,PCM_Narion_Sumati_Critter01,Coralheart Filterer,DEFERRED_COMPOSED_FAUNA_C6,CCT composition resolves to Coralheart Filterer; localized component provenance is deferred to Parcel C6.,1,Coralheart Filterer
fauna,001BAC23,Starfield.esm,001BAC23,PCM_Narion_Sumati_Prey01,Herding Boneback Scavenger,DEFERRED_COMPOSED_FAUNA_C6,CCT composition resolves to Herding Boneback Scavenger; localized component provenance is deferred to Parcel C6.,1,Herding Boneback Scavenger
fauna,001BAC24,Starfield.esm,001BAC24,PCM_Narion_Sumati_Predator01,Hunting Crab,DEFERRED_COMPOSED_FAUNA_C6,CCT composition resolves to Hunting Crab; localized component provenance is deferred to Parcel C6.,1,Hunting Crab
fauna,001BB05F,Starfield.esm,001BB05F,PCM_Rivera_Rivera-I_Critter02,Flamethorn Grazer,DEFERRED_COMPOSED_FAUNA_C6,CCT composition resolves to Flamethorn Grazer; localized component provenance is deferred to Parcel C6.,1,Flamethorn Grazer
fauna,001BB060,Starfield.esm,001BB060,PCM_Rivera_Rivera-I_Critter01,Tubecrawler Herbivore,DEFERRED_COMPOSED_FAUNA_C6,CCT composition resolves to Tubecrawler Herbivore; localized component provenance is deferred to Parcel C6.,1,Tubecrawler Herbivore
fauna,001BB061,Starfield.esm,001BB061,PCM_Rivera_Rivera-I_Predator04,Pack Cutterhead,DEFERRED_COMPOSED_FAUNA_C6,CCT composition resolves to Pack Cutterhead; localized component provenance is deferred to Parcel C6.,1,Pack Cutterhead
fauna,001BB062,Starfield.esm,001BB062,PCM_Rivera_Rivera-I_Predator03,Pack Exorunner,DEFERRED_COMPOSED_FAUNA_C6,CCT composition resolves to Pack Exorunner; localized component provenance is deferred to Parcel C6.,1,Pack Exorunner
fauna,001BB063,Starfield.esm,001BB063,PCM_Rivera_Rivera-I_Predator02,Pack Lionbear,DEFERRED_COMPOSED_FAUNA_C6,CCT composition resolves to Pack Lionbear; localized component provenance is deferred to Parcel C6.,1,Pack Lionbear
fauna,001BB064,Starfield.esm,001BB064,PCM_Rivera_Rivera-I_Predator01,Pack Ankylosaurus,DEFERRED_COMPOSED_FAUNA_C6,CCT composition resolves to Pack Ankylosaurus; localized component provenance is deferred to Parcel C6.,1,Pack Ankylosaurus
fauna,001BB95C,Starfield.esm,001BB95C,PCM_Sparta_Sparta-IV_Critter02,Drone Filterer,DEFERRED_COMPOSED_FAUNA_C6,CCT composition resolves to Drone Filterer; localized component provenance is deferred to Parcel C6.,1,Drone Filterer
fauna,001BB95D,Starfield.esm,001BB95D,PCM_Sparta_Sparta-IV_Critter01,Flamethorn Scavenger,DEFERRED_COMPOSED_FAUNA_C6,CCT composition resolves to Flamethorn Scavenger; localized component provenance is deferred to Parcel C6.,1,Flamethorn Scavenger
fauna,001BB95E,Starfield.esm,001BB95E,PCM_Sparta_Sparta-IV_Prey02,Cagebrain Herbivore,DEFERRED_COMPOSED_FAUNA_C6,CCT composition resolves to Cagebrain Herbivore; localized component provenance is deferred to Parcel C6.,1,Cagebrain Herbivore
fauna,001BB95F,Starfield.esm,001BB95F,PCM_Sparta_Sparta-IV_Prey01,Herding Sporeback Grazer,DEFERRED_COMPOSED_FAUNA_C6,CCT composition resolves to Herding Sporeback Grazer; localized component provenance is deferred to Parcel C6.,1,Herding Sporeback Grazer
fauna,001BB960,Starfield.esm,001BB960,PCM_Sparta_Sparta-IV_Predator02,Swarming Spiderwasp,DEFERRED_COMPOSED_FAUNA_C6,CCT composition resolves to Swarming Spiderwasp; localized component provenance is deferred to Parcel C6.,1,Swarming Spiderwasp
fauna,001BB961,Starfield.esm,001BB961,PCM_Sparta_Sparta-IV_Predator01,Pack Hammersaur,DEFERRED_COMPOSED_FAUNA_C6,CCT composition resolves to Pack Hammersaur; localized component provenance is deferred to Parcel C6.,1,Pack Hammersaur
fauna,001BE894,Starfield.esm,001BE894,PCM_Volii_Volii-Epsilon_Critter01,Carasnail Grazer,DEFERRED_COMPOSED_FAUNA_C6,CCT composition resolves to Carasnail Grazer; localized component provenance is deferred to Parcel C6.,1,Carasnail Grazer
fauna,001BEAD2,Starfield.esm,001BEAD2,PCM_Rasalhague_Rasalhague-II_Prey02,Flocking Scarab Herbivore,DEFERRED_COMPOSED_FAUNA_C6,CCT composition resolves to Flocking Scarab Herbivore; localized component provenance is deferred to Parcel C6.,1,Flocking Scarab Herbivore
fauna,001BEAD3,Starfield.esm,001BEAD3,PCM_Rasalhague_Rasalhague-II_Prey01,Herding Leecher Grazer,DEFERRED_COMPOSED_FAUNA_C6,CCT composition resolves to Herding Leecher Grazer; localized component provenance is deferred to Parcel C6.,1,Herding Leecher Grazer
fauna,001BEAD7,Starfield.esm,001BEAD7,PCM_Rasalhague_Rasalhague-II_Predator01,Swarming Glider,DEFERRED_COMPOSED_FAUNA_C6,CCT composition resolves to Swarming Glider; localized component provenance is deferred to Parcel C6.,1,Swarming Glider
fauna,001BEE0D,Starfield.esm,001BEE0D,PCM_Rana_Rana-VI-a_Prey02,Shoaling Finback Grazer,DEFERRED_COMPOSED_FAUNA_C6,CCT composition resolves to Shoaling Finback Grazer; localized component provenance is deferred to Parcel C6.,1,Shoaling Finback Grazer
fauna,001BEE0E,Starfield.esm,001BEE0E,PCM_Rana_Rana-VI-a_Prey01,Shoaling Exowhale Filterer,DEFERRED_COMPOSED_FAUNA_C6,CCT composition resolves to Shoaling Exowhale Filterer; localized component provenance is deferred to Parcel C6.,1,Shoaling Exowhale Filterer
fauna,001BEE0F,Starfield.esm,001BEE0F,PCM_Rana_Rana-VI-a_Predator02,Pack Kronosaurus,DEFERRED_COMPOSED_FAUNA_C6,CCT composition resolves to Pack Kronosaurus; localized component provenance is deferred to Parcel C6.,1,Pack Kronosaurus
fauna,001BEE10,Starfield.esm,001BEE10,PCM_Rana_Rana-VI-a_Predator01,Pack Whaleshark,DEFERRED_COMPOSED_FAUNA_C6,CCT composition resolves to Pack Whaleshark; localized component provenance is deferred to Parcel C6.,1,Pack Whaleshark
fauna,001BFE8F,Starfield.esm,001BFE8F,PCM_Rana_Rana-IV_Critter01,Spaceroach Grazer,DEFERRED_COMPOSED_FAUNA_C6,CCT composition resolves to Spaceroach Grazer; localized component provenance is deferred to Parcel C6.,1,Spaceroach Grazer
fauna,001BFE90,Starfield.esm,001BFE90,PCM_Rana_Rana-IV_Predator02,Pack Cockroach,DEFERRED_COMPOSED_FAUNA_C6,CCT composition resolves to Pack Cockroach; localized component provenance is deferred to Parcel C6.,1,Pack Cockroach
fauna,001BFE91,Starfield.esm,001BFE91,PCM_Rana_Rana-IV_Prey01,Herding Clawback Herbivore,DEFERRED_COMPOSED_FAUNA_C6,CCT composition resolves to Herding Clawback Herbivore; localized component provenance is deferred to Parcel C6.,1,Herding Clawback Herbivore
fauna,001BFE92,Starfield.esm,001BFE92,PCM_Rana_Rana-IV_Predator01,Pack Stingback,DEFERRED_COMPOSED_FAUNA_C6,CCT composition resolves to Pack Stingback; localized component provenance is deferred to Parcel C6.,1,Pack Stingback
fauna,001C067F,Starfield.esm,001C067F,PCM_Rana_Rana-III_Predator03,Hunting Bonefrill,DEFERRED_COMPOSED_FAUNA_C6,CCT composition resolves to Hunting Bonefrill; localized component provenance is deferred to Parcel C6.,1,Hunting Bonefrill
fauna,001C0680,Starfield.esm,001C0680,PCM_Rana_Rana-III_Predator02,Pack Trapmaw,DEFERRED_COMPOSED_FAUNA_C6,CCT composition resolves to Pack Trapmaw; localized component provenance is deferred to Parcel C6.,1,Pack Trapmaw
fauna,001C0681,Starfield.esm,001C0681,PCM_Rana_Rana-III_Predator01,Pack Hammersaur,DEFERRED_COMPOSED_FAUNA_C6,CCT composition resolves to Pack Hammersaur; localized component provenance is deferred to Parcel C6.,1,Pack Hammersaur
fauna,001C0682,Starfield.esm,001C0682,PCM_Rana_Rana-III_Critter01,Flamethorn Scavenger,DEFERRED_COMPOSED_FAUNA_C6,CCT composition resolves to Flamethorn Scavenger; localized component provenance is deferred to Parcel C6.,1,Flamethorn Scavenger
fauna,001C0683,Starfield.esm,001C0683,PCM_Rana_Rana-III_Prey04,Herding Tongueface Grazer,DEFERRED_COMPOSED_FAUNA_C6,CCT composition resolves to Herding Tongueface Grazer; localized component provenance is deferred to Parcel C6.,1,Herding Tongueface Grazer
fauna,001C0684,Starfield.esm,001C0684,PCM_Rana_Rana-III_Prey03,Flocking Tubecrawler Geophage,DEFERRED_COMPOSED_FAUNA_C6,CCT composition resolves to Flocking Tubecrawler Geophage; localized component provenance is deferred to Parcel C6.,1,Flocking Tubecrawler Geophage
fauna,001C0685,Starfield.esm,001C0685,PCM_Rana_Rana-III_Prey02,Flocking Leafstrider Grazer,DEFERRED_COMPOSED_FAUNA_C6,CCT composition resolves to Flocking Leafstrider Grazer; localized component provenance is deferred to Parcel C6.,1,Flocking Leafstrider Grazer
fauna,001C0686,Starfield.esm,001C0686,PCM_Rana_Rana-III_Prey01,Flocking Lionbear Scavenger,DEFERRED_COMPOSED_FAUNA_C6,CCT composition resolves to Flocking Lionbear Scavenger; localized component provenance is deferred to Parcel C6.,1,Flocking Lionbear Scavenger
fauna,001C0F2A,Starfield.esm,001C0F2A,PCM_Sparta_Sparta-III_Critter01,Pinecone Geophage,DEFERRED_COMPOSED_FAUNA_C6,CCT composition resolves to Pinecone Geophage; localized component provenance is deferred to Parcel C6.,1,Pinecone Geophage
fauna,001C0F2B,Starfield.esm,001C0F2B,PCM_Sparta_Sparta-III_Prey01,Flocking Leafbug Herbivore,DEFERRED_COMPOSED_FAUNA_C6,CCT composition resolves to Flocking Leafbug Herbivore; localized component provenance is deferred to Parcel C6.,1,Flocking Leafbug Herbivore
fauna,001C0F2C,Starfield.esm,001C0F2C,PCM_Sparta_Sparta-III_Predator01,Hunting Shieldshell,DEFERRED_COMPOSED_FAUNA_C6,CCT composition resolves to Hunting Shieldshell; localized component provenance is deferred to Parcel C6.,1,Hunting Shieldshell
fauna,001C0F2D,Starfield.esm,001C0F2D,PCM_Shoza_Shoza-IV_Critter01,Caterpillar Filterer,DEFERRED_COMPOSED_FAUNA_C6,CCT composition resolves to Caterpillar Filterer; localized component provenance is deferred to Parcel C6.,1,Caterpillar Filterer
fauna,001C0F2E,Starfield.esm,001C0F2E,PCM_Shoza_Shoza-IV_Prey01,Herding Glowhands Grazer,DEFERRED_COMPOSED_FAUNA_C6,CCT composition resolves to Herding Glowhands Grazer; localized component provenance is deferred to Parcel C6.,1,Herding Glowhands Grazer
fauna,001C0F2F,Starfield.esm,001C0F2F,PCM_Shoza_Shoza-IV_Predator01,Hunting Landshark,DEFERRED_COMPOSED_FAUNA_C6,CCT composition resolves to Hunting Landshark; localized component provenance is deferred to Parcel C6.,1,Hunting Landshark
fauna,001C15F3,Starfield.esm,001C15F3,PCM_Pyraas_Pyraas-VIII-a_Predator01,Swarming Stingback,DEFERRED_COMPOSED_FAUNA_C6,CCT composition resolves to Swarming Stingback; localized component provenance is deferred to Parcel C6.,1,Swarming Stingback
fauna,001C15F4,Starfield.esm,001C15F4,PCM_Pyraas_Pyraas-VIII-a_Prey01,Herding Leafback Geophage,DEFERRED_COMPOSED_FAUNA_C6,CCT composition resolves to Herding Leafback Geophage; localized component provenance is deferred to Parcel C6.,1,Herding Leafback Geophage
fauna,001C1F6E,Starfield.esm,001C1F6E,PCM_Proxima-Ternion_Proxima-Ternion-IV_Critter01,Flocking Jackknife Geophage,DEFERRED_COMPOSED_FAUNA_C6,CCT composition resolves to Flocking Jackknife Geophage; localized component provenance is deferred to Parcel C6.,1,Flocking Jackknife Geophage
fauna,001C1F6F,Starfield.esm,001C1F6F,PCM_Proxima-Ternion_Proxima-Ternion-IV_Predator01,Pack Beetlecrab,DEFERRED_COMPOSED_FAUNA_C6,CCT composition resolves to Pack Beetlecrab; localized component provenance is deferred to Parcel C6.,1,Pack Beetlecrab
fauna,001C23F7,Starfield.esm,001C23F7,PCM_Serpentis_Serpentis-III_Critter01,Thorn Filterer,DEFERRED_COMPOSED_FAUNA_C6,CCT composition resolves to Thorn Filterer; localized component provenance is deferred to Parcel C6.,1,Thorn Filterer
fauna,001C23F8,Starfield.esm,001C23F8,PCM_Serpentis_Serpentis-III_Prey03,Herding Canard Scavenger,DEFERRED_COMPOSED_FAUNA_C6,CCT composition resolves to Herding Canard Scavenger; localized component provenance is deferred to Parcel C6.,1,Herding Canard Scavenger
fauna,001C23F9,Starfield.esm,001C23F9,PCM_Serpentis_Serpentis-III_Prey02,Brainsprout Herbivore,DEFERRED_COMPOSED_FAUNA_C6,CCT composition resolves to Brainsprout Herbivore; localized component provenance is deferred to Parcel C6.,1,Brainsprout Herbivore
fauna,001C23FA,Starfield.esm,001C23FA,PCM_Serpentis_Serpentis-III_Prey01,Herding Crab Grazer,DEFERRED_COMPOSED_FAUNA_C6,CCT composition resolves to Herding Crab Grazer; localized component provenance is deferred to Parcel C6.,1,Herding Crab Grazer
fauna,001C23FB,Starfield.esm,001C23FB,PCM_Serpentis_Serpentis-III_Predator01,Hunting Bonefrill,DEFERRED_COMPOSED_FAUNA_C6,CCT composition resolves to Hunting Bonefrill; localized component provenance is deferred to Parcel C6.,1,Hunting Bonefrill
fauna,001C23FC,Starfield.esm,001C23FC,PCM_Serpentis_Serpentis-II_Critter01,Spaceroach Geophage,DEFERRED_COMPOSED_FAUNA_C6,CCT composition resolves to Spaceroach Geophage; localized component provenance is deferred to Parcel C6.,1,Spaceroach Geophage
fauna,001C23FD,Starfield.esm,001C23FD,PCM_Serpentis_Serpentis-II_Prey01,Herding Blistercrab Filterer,DEFERRED_COMPOSED_FAUNA_C6,CCT composition resolves to Herding Blistercrab Filterer; localized component provenance is deferred to Parcel C6.,1,Herding Blistercrab Filterer
fauna,001C23FE,Starfield.esm,001C23FE,PCM_Serpentis_Serpentis-II_Predator01,Hunting Dragon,DEFERRED_COMPOSED_FAUNA_C6,CCT composition resolves to Hunting Dragon; localized component provenance is deferred to Parcel C6.,1,Hunting Dragon
fauna,001C2AE0,Starfield.esm,001C2AE0,PCM_Proxima-Ternion_Proxima-Ternion-III_Critter01,Thorn Grazer,DEFERRED_COMPOSED_FAUNA_C6,CCT composition resolves to Thorn Grazer; localized component provenance is deferred to Parcel C6.,1,Thorn Grazer
fauna,001C2AE1,Starfield.esm,001C2AE1,PCM_Proxima-Ternion_Proxima-Ternion-III_Prey02,Flocking Ankylosaurus Grazer,DEFERRED_COMPOSED_FAUNA_C6,CCT composition resolves to Flocking Ankylosaurus Grazer; localized component provenance is deferred to Parcel C6.,1,Flocking Ankylosaurus Grazer
fauna,001C2AE2,Starfield.esm,001C2AE2,PCM_Proxima-Ternion_Proxima-Ternion-III_Prey01,Herding Shellephant Grazer,DEFERRED_COMPOSED_FAUNA_C6,CCT composition resolves to Herding Shellephant Grazer; localized component provenance is deferred to Parcel C6.,1,Herding Shellephant Grazer
fauna,001C2AE3,Starfield.esm,001C2AE3,PCM_Proxima-Ternion_Proxima-Ternion-III_Predator02,Hunting Bonecrest,DEFERRED_COMPOSED_FAUNA_C6,CCT composition resolves to Hunting Bonecrest; localized component provenance is deferred to Parcel C6.,1,Hunting Bonecrest
fauna,001C2AE4,Starfield.esm,001C2AE4,PCM_Proxima-Ternion_Proxima-Ternion-III_Predator01,Apex Dragon,DEFERRED_COMPOSED_FAUNA_C6,CCT composition resolves to Apex Dragon; localized component provenance is deferred to Parcel C6.,1,Apex Dragon
fauna,001C2FC0,Starfield.esm,001C2FC0,PCM_Procyon-A_Procyon-III_Critter02_Floater,Gossamer Scavenger,DEFERRED_COMPOSED_FAUNA_C6,CCT composition resolves to Gossamer Scavenger; localized component provenance is deferred to Parcel C6.,1,Gossamer Scavenger
fauna,001C2FC1,Starfield.esm,001C2FC1,PCM_Procyon-A_Procyon-III_Critter01,Coralheart Herbivore,DEFERRED_COMPOSED_FAUNA_C6,CCT composition resolves to Coralheart Herbivore; localized component provenance is deferred to Parcel C6.,1,Coralheart Herbivore
fauna,001C2FC2,Starfield.esm,001C2FC2,PCM_Procyon-A_Procyon-III_Prey03,Herding Crabfly Grazer,DEFERRED_COMPOSED_FAUNA_C6,CCT composition resolves to Herding Crabfly Grazer; localized component provenance is deferred to Parcel C6.,1,Herding Crabfly Grazer
fauna,001C2FC3,Starfield.esm,001C2FC3,PCM_Procyon-A_Procyon-III_Prey02,Herding Coralcrawler Grazer,DEFERRED_COMPOSED_FAUNA_C6,CCT composition resolves to Herding Coralcrawler Grazer; localized component provenance is deferred to Parcel C6.,1,Herding Coralcrawler Grazer
fauna,001C2FC4,Starfield.esm,001C2FC4,PCM_Procyon-A_Procyon-III_Prey01,Flocking Octomaggot Grazer,DEFERRED_COMPOSED_FAUNA_C6,CCT composition resolves to Flocking Octomaggot Grazer; localized component provenance is deferred to Parcel C6.,1,Flocking Octomaggot Grazer
fauna,001C2FC5,Starfield.esm,001C2FC5,PCM_Procyon-A_Procyon-III_Predator03,Hunting Shieldshell,DEFERRED_COMPOSED_FAUNA_C6,CCT composition resolves to Hunting Shieldshell; localized component provenance is deferred to Parcel C6.,1,Hunting Shieldshell
fauna,001C2FC6,Starfield.esm,001C2FC6,PCM_Procyon-A_Procyon-III_Predator02,Pack Coralbug Stalker,DEFERRED_COMPOSED_FAUNA_C6,CCT composition resolves to Pack Coralbug Stalker; localized component provenance is deferred to Parcel C6.,1,Pack Coralbug Stalker
fauna,001C2FC7,Starfield.esm,001C2FC7,PCM_Procyon-A_Procyon-III_Predator01,Pack Coralcrab Stalker,DEFERRED_COMPOSED_FAUNA_C6,CCT composition resolves to Pack Coralcrab Stalker; localized component provenance is deferred to Parcel C6.,1,Pack Coralcrab Stalker
fauna,001C334A,Starfield.esm,001C334A,PCM_Porrima_Porrima-IV-c_Critter01,Trident Geophage,DEFERRED_COMPOSED_FAUNA_C6,CCT composition resolves to Trident Geophage; localized component provenance is deferred to Parcel C6.,1,Trident Geophage
fauna,001C334B,Starfield.esm,001C334B,PCM_Porrima_Porrima-IV-c_Prey01,Herding Tongueface Herbivore,DEFERRED_COMPOSED_FAUNA_C6,CCT composition resolves to Herding Tongueface Herbivore; localized component provenance is deferred to Parcel C6.,1,Herding Tongueface Herbivore
fauna,001C334C,Starfield.esm,001C334C,PCM_Porrima_Porrima-IV-c_Predator01,Pack Ankylosaurus,DEFERRED_COMPOSED_FAUNA_C6,CCT composition resolves to Pack Ankylosaurus; localized component provenance is deferred to Parcel C6.,1,Pack Ankylosaurus
fauna,001C3D04,Starfield.esm,001C3D04,PCM_Schrodinger_Schrodinger-VIII-a_Critter01,Jackknife Filterer,DEFERRED_COMPOSED_FAUNA_C6,CCT composition resolves to Jackknife Filterer; localized component provenance is deferred to Parcel C6.,1,Jackknife Filterer
fauna,001C3D05,Starfield.esm,001C3D05,PCM_Schrodinger_Schrodinger-VIII-a_Prey01,Flocking Beetlecrab Grazer,DEFERRED_COMPOSED_FAUNA_C6,CCT composition resolves to Flocking Beetlecrab Grazer; localized component provenance is deferred to Parcel C6.,1,Flocking Beetlecrab Grazer
fauna,001C43D7,Starfield.esm,001C43D7,PCM_Schrodinger_Schrodinger-VIII-a_Predator01,Hunting Scorpion,DEFERRED_COMPOSED_FAUNA_C6,CCT composition resolves to Hunting Scorpion; localized component provenance is deferred to Parcel C6.,1,Hunting Scorpion
fauna,001C48CA,Starfield.esm,001C48CA,PCM_Schrodinger_Schrodinger-IV_Critter01,Trilobite Filterer,DEFERRED_COMPOSED_FAUNA_C6,CCT composition resolves to Trilobite Filterer; localized component provenance is deferred to Parcel C6.,1,Trilobite Filterer
fauna,001C48CB,Starfield.esm,001C48CB,PCM_Schrodinger_Schrodinger-IV_Prey01,Herding Crabfly Grazer,DEFERRED_COMPOSED_FAUNA_C6,CCT composition resolves to Herding Crabfly Grazer; localized component provenance is deferred to Parcel C6.,1,Herding Crabfly Grazer
fauna,001C48CC,Starfield.esm,001C48CC,PCM_Schrodinger_Schrodinger-IV_Predator01,Hunting Octomaggot,DEFERRED_COMPOSED_FAUNA_C6,CCT composition resolves to Hunting Octomaggot; localized component provenance is deferred to Parcel C6.,1,Hunting Octomaggot
fauna,001C48CD,Starfield.esm,001C48CD,PCM_Oborum-Prime_Oborum-I_Prey03,Herding Coralcrawler Filterer,DEFERRED_COMPOSED_FAUNA_C6,CCT composition resolves to Herding Coralcrawler Filterer; localized component provenance is deferred to Parcel C6.,1,Herding Coralcrawler Filterer
fauna,001C48CE,Starfield.esm,001C48CE,PCM_Oborum-Prime_Oborum-I_Predator02,Pack Bearclaw,DEFERRED_COMPOSED_FAUNA_C6,CCT composition resolves to Pack Bearclaw; localized component provenance is deferred to Parcel C6.,1,Pack Bearclaw
fauna,001C48CF,Starfield.esm,001C48CF,PCM_Piazzi_Piazzi-IV-c_Predator03,Hunting Cagebrain,DEFERRED_COMPOSED_FAUNA_C6,CCT composition resolves to Hunting Cagebrain; localized component provenance is deferred to Parcel C6.,1,Hunting Cagebrain
fauna,001C48D0,Starfield.esm,001C48D0,PCM_Piazzi_Piazzi-IV-c_Prey01,Herding Scepter Filterer,DEFERRED_COMPOSED_FAUNA_C6,CCT composition resolves to Herding Scepter Filterer; localized component provenance is deferred to Parcel C6.,1,Herding Scepter Filterer
fauna,001C48D1,Starfield.esm,001C48D1,PCM_Piazzi_Piazzi-IV-c_Predator02,Pack Trapmaw,DEFERRED_COMPOSED_FAUNA_C6,CCT composition resolves to Pack Trapmaw; localized component provenance is deferred to Parcel C6.,1,Pack Trapmaw
fauna,001C48D2,Starfield.esm,001C48D2,PCM_Piazzi_Piazzi-IV-c_Predator01,Hunting Glowhands,DEFERRED_COMPOSED_FAUNA_C6,CCT composition resolves to Hunting Glowhands; localized component provenance is deferred to Parcel C6.,1,Hunting Glowhands
fauna,001C48EA,Starfield.esm,001C48EA,PCM_Moloch_Moloch-II_Critter03,Milliwhale Filterer,DEFERRED_COMPOSED_FAUNA_C6,CCT composition resolves to Milliwhale Filterer; localized component provenance is deferred to Parcel C6.,1,Milliwhale Filterer
fauna,001C48EB,Starfield.esm,001C48EB,PCM_Moloch_Moloch-II_Critter02_Floater,Gossamer Filterer,DEFERRED_COMPOSED_FAUNA_C6,CCT composition resolves to Gossamer Filterer; localized component provenance is deferred to Parcel C6.,1,Gossamer Filterer
fauna,001C48EC,Starfield.esm,001C48EC,PCM_Moloch_Moloch-II_Critter01,Grabber Scavenger,DEFERRED_COMPOSED_FAUNA_C6,CCT composition resolves to Grabber Scavenger; localized component provenance is deferred to Parcel C6.,1,Grabber Scavenger
fauna,001C48ED,Starfield.esm,001C48ED,PCM_Moloch_Moloch-II_Prey03,Horsamander Grazer,DEFERRED_COMPOSED_FAUNA_C6,CCT composition resolves to Horsamander Grazer; localized component provenance is deferred to Parcel C6.,1,Horsamander Grazer
fauna,001C48EE,Starfield.esm,001C48EE,PCM_Moloch_Moloch-II_Prey02,Flocking Tongueface Herbivore,DEFERRED_COMPOSED_FAUNA_C6,CCT composition resolves to Flocking Tongueface Herbivore; localized component provenance is deferred to Parcel C6.,1,Flocking Tongueface Herbivore
fauna,001C48EF,Starfield.esm,001C48EF,PCM_Moloch_Moloch-II_Prey01,Leafstrider Grazer,DEFERRED_COMPOSED_FAUNA_C6,CCT composition resolves to Leafstrider Grazer; localized component provenance is deferred to Parcel C6.,1,Leafstrider Grazer
fauna,001C48F0,Starfield.esm,001C48F0,PCM_Moloch_Moloch-II_Predator03,Hunting Glider,DEFERRED_COMPOSED_FAUNA_C6,CCT composition resolves to Hunting Glider; localized component provenance is deferred to Parcel C6.,1,Hunting Glider
fauna,001C48F1,Starfield.esm,001C48F1,PCM_Moloch_Moloch-II_Predator02,Pack Cockroach,DEFERRED_COMPOSED_FAUNA_C6,CCT composition resolves to Pack Cockroach; localized component provenance is deferred to Parcel C6.,1,Pack Cockroach
fauna,001C48F2,Starfield.esm,001C48F2,PCM_Moloch_Moloch-II_Predator01,Hunting Coralbug Stalker,DEFERRED_COMPOSED_FAUNA_C6,CCT composition resolves to Hunting Coralbug Stalker; localized component provenance is deferred to Parcel C6.,1,Hunting Coralbug Stalker
fauna,001C50E2,Starfield.esm,001C50E2,PCM_Oborum-Prime_Oborum-I_Critter02,Coralheart Grazer,DEFERRED_COMPOSED_FAUNA_C6,CCT composition resolves to Coralheart Grazer; localized component provenance is deferred to Parcel C6.,1,Coralheart Grazer
fauna,001C50E3,Starfield.esm,001C50E3,PCM_Oborum-Prime_Oborum-I_Critter01,Beetle Scavenger,DEFERRED_COMPOSED_FAUNA_C6,CCT composition resolves to Beetle Scavenger; localized component provenance is deferred to Parcel C6.,1,Beetle Scavenger
fauna,001C50E4,Starfield.esm,001C50E4,PCM_Oborum-Prime_Oborum-I_Prey02,Herding Hornface Herbivore,DEFERRED_COMPOSED_FAUNA_C6,CCT composition resolves to Herding Hornface Herbivore; localized component provenance is deferred to Parcel C6.,1,Herding Hornface Herbivore
fauna,001C50E5,Starfield.esm,001C50E5,PCM_Oborum-Prime_Oborum-I_Prey01,Flocking Beetlecrab Herbivore,DEFERRED_COMPOSED_FAUNA_C6,CCT composition resolves to Flocking Beetlecrab Herbivore; localized component provenance is deferred to Parcel C6.,1,Flocking Beetlecrab Herbivore
fauna,001C50E6,Starfield.esm,001C50E6,PCM_Oborum-Prime_Oborum-I_Predator01,Pack Longhorn,DEFERRED_COMPOSED_FAUNA_C6,CCT composition resolves to Pack Longhorn; localized component provenance is deferred to Parcel C6.,1,Pack Longhorn
fauna,001C6940,Starfield.esm,001C6940,PCM_McClure_McClure-II_Critter01,Milliwhale Filterer,DEFERRED_COMPOSED_FAUNA_C6,CCT composition resolves to Milliwhale Filterer; localized component provenance is deferred to Parcel C6.,1,Milliwhale Filterer
fauna,001C6941,Starfield.esm,001C6941,PCM_McClure_McClure-II_Prey02,Shoaling Unishark Scavenger,DEFERRED_COMPOSED_FAUNA_C6,CCT composition resolves to Shoaling Unishark Scavenger; localized component provenance is deferred to Parcel C6.,1,Shoaling Unishark Scavenger
fauna,001C6942,Starfield.esm,001C6942,PCM_McClure_McClure-II_Prey01,Herding Vuvuzelisk Scavenger,DEFERRED_COMPOSED_FAUNA_C6,CCT composition resolves to Herding Vuvuzelisk Scavenger; localized component provenance is deferred to Parcel C6.,1,Herding Vuvuzelisk Scavenger
fauna,001C6943,Starfield.esm,001C6943,PCM_McClure_McClure-II_Predator01,Hunting Sailgator,DEFERRED_COMPOSED_FAUNA_C6,CCT composition resolves to Hunting Sailgator; localized component provenance is deferred to Parcel C6.,1,Hunting Sailgator
fauna,001C6944,Starfield.esm,001C6944,PCM_Newton_Newton-III_Critter01,Coralheart Filterer,DEFERRED_COMPOSED_FAUNA_C6,CCT composition resolves to Coralheart Filterer; localized component provenance is deferred to Parcel C6.,1,Coralheart Filterer
fauna,001C6945,Starfield.esm,001C6945,PCM_Newton_Newton-III_Prey01,Herding Blistercrab Filterer,DEFERRED_COMPOSED_FAUNA_C6,CCT composition resolves to Herding Blistercrab Filterer; localized component provenance is deferred to Parcel C6.,1,Herding Blistercrab Filterer
fauna,001C6946,Starfield.esm,001C6946,PCM_Newton_Newton-III_Predator01,Hunting Shieldshell,DEFERRED_COMPOSED_FAUNA_C6,CCT composition resolves to Hunting Shieldshell; localized component provenance is deferred to Parcel C6.,1,Hunting Shieldshell
fauna,001C6947,Starfield.esm,001C6947,PCM_Newton_Newton-II_Critter02,Caterpillar Filterer,DEFERRED_COMPOSED_FAUNA_C6,CCT composition resolves to Caterpillar Filterer; localized component provenance is deferred to Parcel C6.,1,Caterpillar Filterer
fauna,001C6948,Starfield.esm,001C6948,PCM_Newton_Newton-II_Critter01,Spaceroach Geophage,DEFERRED_COMPOSED_FAUNA_C6,CCT composition resolves to Spaceroach Geophage; localized component provenance is deferred to Parcel C6.,1,Spaceroach Geophage
fauna,001C6949,Starfield.esm,001C6949,PCM_Newton_Newton-II_Prey03,Cagebrain Scavenger,DEFERRED_COMPOSED_FAUNA_C6,CCT composition resolves to Cagebrain Scavenger; localized component provenance is deferred to Parcel C6.,1,Cagebrain Scavenger
fauna,001C694A,Starfield.esm,001C694A,PCM_Newton_Newton-II_Prey02,Herding Boneback Grazer,DEFERRED_COMPOSED_FAUNA_C6,CCT composition resolves to Herding Boneback Grazer; localized component provenance is deferred to Parcel C6.,1,Herding Boneback Grazer
fauna,001C694B,Starfield.esm,001C694B,PCM_Newton_Newton-II_Prey01,Flocking Cutterhead Geophage,DEFERRED_COMPOSED_FAUNA_C6,CCT composition resolves to Flocking Cutterhead Geophage; localized component provenance is deferred to Parcel C6.,1,Flocking Cutterhead Geophage
fauna,001C694C,Starfield.esm,001C694C,PCM_Newton_Newton-II_Predator02,Pack Windbag,DEFERRED_COMPOSED_FAUNA_C6,CCT composition resolves to Pack Windbag; localized component provenance is deferred to Parcel C6.,1,Pack Windbag
fauna,001C694D,Starfield.esm,001C694D,PCM_Newton_Newton-II_Predator01,Hunting Sunflower,DEFERRED_COMPOSED_FAUNA_C6,CCT composition resolves to Hunting Sunflower; localized component provenance is deferred to Parcel C6.,1,Hunting Sunflower
fauna,001C7188,Starfield.esm,001C7188,PCM_Delta-Pavonis_Magnar_Critter01,Beetle Scavenger,DEFERRED_COMPOSED_FAUNA_C6,CCT composition resolves to Beetle Scavenger; localized component provenance is deferred to Parcel C6.,1,Beetle Scavenger
fauna,001C7189,Starfield.esm,001C7189,PCM_Delta-Pavonis_Magnar_Predator03,Swarming Saturnine,DEFERRED_COMPOSED_FAUNA_C6,CCT composition resolves to Swarming Saturnine; localized component provenance is deferred to Parcel C6.,1,Swarming Saturnine
fauna,001C718A,Starfield.esm,001C718A,PCM_Delta-Pavonis_Magnar_Prey02,Herding Bonemane Grazer,DEFERRED_COMPOSED_FAUNA_C6,CCT composition resolves to Herding Bonemane Grazer; localized component provenance is deferred to Parcel C6.,1,Herding Bonemane Grazer
fauna,001C718B,Starfield.esm,001C718B,PCM_Delta-Pavonis_Magnar_Prey01,Flocking Horsamander Scavenger,DEFERRED_COMPOSED_FAUNA_C6,CCT composition resolves to Flocking Horsamander Scavenger; localized component provenance is deferred to Parcel C6.,1,Flocking Horsamander Scavenger
fauna,001C718C,Starfield.esm,001C718C,PCM_Delta-Pavonis_Magnar_Predator02,Pack Exocrawler,DEFERRED_COMPOSED_FAUNA_C6,CCT composition resolves to Pack Exocrawler; localized component provenance is deferred to Parcel C6.,1,Pack Exocrawler
fauna,001C718D,Starfield.esm,001C718D,PCM_Delta-Pavonis_Magnar_Predator01,Hunting Toadface,DEFERRED_COMPOSED_FAUNA_C6,CCT composition resolves to Hunting Toadface; localized component provenance is deferred to Parcel C6.,1,Hunting Toadface
fauna,001C7402,Starfield.esm,001C7402,PCM_Maal_Maal-V_Critter01,Trilobite Filterer,DEFERRED_COMPOSED_FAUNA_C6,CCT composition resolves to Trilobite Filterer; localized component provenance is deferred to Parcel C6.,1,Trilobite Filterer
fauna,001C7403,Starfield.esm,001C7403,PCM_Maal_Maal-V_Prey02,Schooling Sawhead Scavenger,DEFERRED_COMPOSED_FAUNA_C6,CCT composition resolves to Schooling Sawhead Scavenger; localized component provenance is deferred to Parcel C6.,1,Schooling Sawhead Scavenger
fauna,001C7404,Starfield.esm,001C7404,PCM_Maal_Maal-V_Prey01,Herding Vectorback Grazer,DEFERRED_COMPOSED_FAUNA_C6,CCT composition resolves to Herding Vectorback Grazer; localized component provenance is deferred to Parcel C6.,1,Herding Vectorback Grazer
fauna,001C7405,Starfield.esm,001C7405,PCM_Maal_Maal-V_Predator02,Pack Unishark,DEFERRED_COMPOSED_FAUNA_C6,CCT composition resolves to Pack Unishark; localized component provenance is deferred to Parcel C6.,1,Pack Unishark
fauna,001C7406,Starfield.esm,001C7406,PCM_Maal_Maal-V_Predator01,Hunting Sailgator,DEFERRED_COMPOSED_FAUNA_C6,CCT composition resolves to Hunting Sailgator; localized component provenance is deferred to Parcel C6.,1,Hunting Sailgator
fauna,001C7DFE,Starfield.esm,001C7DFE,PCM_Olympus_Nesoi_Critter01,Milliwhale Filterer,DEFERRED_COMPOSED_FAUNA_C6,CCT composition resolves to Milliwhale Filterer; localized component provenance is deferred to Parcel C6.,1,Milliwhale Filterer
fauna,001C7DFF,Starfield.esm,001C7DFF,PCM_Olympus_Nesoi_Prey03,Flocking Vuvuzelisk Grazer,DEFERRED_COMPOSED_FAUNA_C6,CCT composition resolves to Flocking Vuvuzelisk Grazer; localized component provenance is deferred to Parcel C6.,1,Flocking Vuvuzelisk Grazer
fauna,001C7E00,Starfield.esm,001C7E00,PCM_Olympus_Nesoi_Prey02,Herding Hippodon Scavenger,DEFERRED_COMPOSED_FAUNA_C6,CCT composition resolves to Herding Hippodon Scavenger; localized component provenance is deferred to Parcel C6.,1,Herding Hippodon Scavenger
fauna,001C7E01,Starfield.esm,001C7E01,PCM_Olympus_Nesoi_Prey01,Herding Geckon Grazer,DEFERRED_COMPOSED_FAUNA_C6,CCT composition resolves to Herding Geckon Grazer; localized component provenance is deferred to Parcel C6.,1,Herding Geckon Grazer
fauna,001C7E02,Starfield.esm,001C7E02,PCM_Olympus_Nesoi_Predator03,Hunting Vectorback,DEFERRED_COMPOSED_FAUNA_C6,CCT composition resolves to Hunting Vectorback; localized component provenance is deferred to Parcel C6.,1,Hunting Vectorback
fauna,001C7E03,Starfield.esm,001C7E03,PCM_Olympus_Nesoi_Predator02,Hunting Twistfin,DEFERRED_COMPOSED_FAUNA_C6,CCT composition resolves to Hunting Twistfin; localized component provenance is deferred to Parcel C6.,1,Hunting Twistfin
fauna,001C7E04,Starfield.esm,001C7E04,PCM_Olympus_Nesoi_Predator01,Hunting Triantler,DEFERRED_COMPOSED_FAUNA_C6,CCT composition resolves to Hunting Triantler; localized component provenance is deferred to Parcel C6.,1,Hunting Triantler
fauna,001C7E05,Starfield.esm,001C7E05,PCM_Nemeria_Nemeria-IV-a_Critter01,Jellyfin Scavenger,DEFERRED_COMPOSED_FAUNA_C6,CCT composition resolves to Jellyfin Scavenger; localized component provenance is deferred to Parcel C6.,1,Jellyfin Scavenger
fauna,001C7E06,Starfield.esm,001C7E06,PCM_Nemeria_Nemeria-IV-a_Prey01,Flocking Brainblimp Filterer,DEFERRED_COMPOSED_FAUNA_C6,CCT composition resolves to Flocking Brainblimp Filterer; localized component provenance is deferred to Parcel C6.,1,Flocking Brainblimp Filterer
fauna,001C7E07,Starfield.esm,001C7E07,PCM_Nemeria_Nemeria-IV-a_Predator01,Pack Whaleshark,DEFERRED_COMPOSED_FAUNA_C6,CCT composition resolves to Pack Whaleshark; localized component provenance is deferred to Parcel C6.,1,Pack Whaleshark
fauna,001C801D,Starfield.esm,001C801D,PCM_Maal_Maal-IX-b_Critter01,Artichoke Geophage,DEFERRED_COMPOSED_FAUNA_C6,CCT composition resolves to Artichoke Geophage; localized component provenance is deferred to Parcel C6.,1,Artichoke Geophage
fauna,001C801E,Starfield.esm,001C801E,PCM_Maal_Maal-IX-b_Predator01,Hunting Nautiloos Scavenger,DEFERRED_COMPOSED_FAUNA_C6,CCT composition resolves to Hunting Nautiloos Scavenger; localized component provenance is deferred to Parcel C6.,1,Hunting Nautiloos Scavenger
fauna,001C80FC,Starfield.esm,001C80FC,PCM_Maal_Maal-IV_Critter01,Grabber Grazer,DEFERRED_COMPOSED_FAUNA_C6,CCT composition resolves to Grabber Grazer; localized component provenance is deferred to Parcel C6.,1,Grabber Grazer
fauna,001C80FD,Starfield.esm,001C80FD,PCM_Maal_Maal-IV_Prey02,Flocking Exorunner Geophage,DEFERRED_COMPOSED_FAUNA_C6,CCT composition resolves to Flocking Exorunner Geophage; localized component provenance is deferred to Parcel C6.,1,Flocking Exorunner Geophage
fauna,001C80FE,Starfield.esm,001C80FE,PCM_Maal_Maal-IV_Prey01,Herding Bonefrill Geophage,DEFERRED_COMPOSED_FAUNA_C6,CCT composition resolves to Herding Bonefrill Geophage; localized component provenance is deferred to Parcel C6.,1,Herding Bonefrill Geophage
fauna,001C80FF,Starfield.esm,001C80FF,PCM_Maal_Maal-IV_Predator01,Hunting Scorpion,DEFERRED_COMPOSED_FAUNA_C6,CCT composition resolves to Hunting Scorpion; localized component provenance is deferred to Parcel C6.,1,Hunting Scorpion
fauna,001C9AC9,Starfield.esm,001C9AC9,PCM_Porrima_Porrima-IV-c_Critter02_Floater,Puffball Filterer,DEFERRED_COMPOSED_FAUNA_C6,CCT composition resolves to Puffball Filterer; localized component provenance is deferred to Parcel C6.,1,Puffball Filterer
fauna,001C9ACA,Starfield.esm,001C9ACA,PCM_Procyon-A_Procyon-III_Predator04_Swimmer,Hunting Kronosaurus,DEFERRED_COMPOSED_FAUNA_C6,CCT composition resolves to Hunting Kronosaurus; localized component provenance is deferred to Parcel C6.,1,Hunting Kronosaurus
fauna,001C9ACB,Starfield.esm,001C9ACB,PCM_Procyon-A_Procyon-III_Prey04_Swimmer,Schooling Featherfin Filterer,DEFERRED_COMPOSED_FAUNA_C6,CCT composition resolves to Schooling Featherfin Filterer; localized component provenance is deferred to Parcel C6.,1,Schooling Featherfin Filterer
fauna,001C9ACC,Starfield.esm,001C9ACC,PCM_Rana_Rana-III_Critter02_Floater,Metropus Filterer,DEFERRED_COMPOSED_FAUNA_C6,CCT composition resolves to Metropus Filterer; localized component provenance is deferred to Parcel C6.,1,Metropus Filterer
fauna,001C9ACD,Starfield.esm,001C9ACD,PCM_Rana_Rana-III_Prey05_Swimmer,Herding Stingray Grazer,DEFERRED_COMPOSED_FAUNA_C6,CCT composition resolves to Herding Stingray Grazer; localized component provenance is deferred to Parcel C6.,1,Herding Stingray Grazer
fauna,001CB790,Starfield.esm,001CB790,PCM_Nemeria_Nemeria-II_Critter01,Thorn Filterer,DEFERRED_COMPOSED_FAUNA_C6,CCT composition resolves to Thorn Filterer; localized component provenance is deferred to Parcel C6.,1,Thorn Filterer
fauna,001CB791,Starfield.esm,001CB791,PCM_Nemeria_Nemeria-II_Prey02,Leafbug Scavenger,DEFERRED_COMPOSED_FAUNA_C6,CCT composition resolves to Leafbug Scavenger; localized component provenance is deferred to Parcel C6.,1,Leafbug Scavenger
fauna,001CB792,Starfield.esm,001CB792,PCM_Nemeria_Nemeria-II_Prey01,Herding Rockhound Grazer,DEFERRED_COMPOSED_FAUNA_C6,CCT composition resolves to Herding Rockhound Grazer; localized component provenance is deferred to Parcel C6.,1,Herding Rockhound Grazer
fauna,001CB793,Starfield.esm,001CB793,PCM_Nemeria_Nemeria-II_Predator01,Hunting Crocalypse,DEFERRED_COMPOSED_FAUNA_C6,CCT composition resolves to Hunting Crocalypse; localized component provenance is deferred to Parcel C6.,1,Hunting Crocalypse
fauna,001CBC8A,Starfield.esm,001CBC8A,PCM_Kryx_Neebas_Critter01,Trilobite Geophage,DEFERRED_COMPOSED_FAUNA_C6,CCT composition resolves to Trilobite Geophage; localized component provenance is deferred to Parcel C6.,1,Trilobite Geophage
fauna,001CBC8B,Starfield.esm,001CBC8B,PCM_Kryx_Neebas_Prey01,Herding Longhorn Geophage,DEFERRED_COMPOSED_FAUNA_C6,CCT composition resolves to Herding Longhorn Geophage; localized component provenance is deferred to Parcel C6.,1,Herding Longhorn Geophage
fauna,001CBC8C,Starfield.esm,001CBC8C,PCM_Kryx_Neebas_Predator01,Pack Shardhopper,DEFERRED_COMPOSED_FAUNA_C6,CCT composition resolves to Pack Shardhopper; localized component provenance is deferred to Parcel C6.,1,Pack Shardhopper
fauna,001CBCAD,Starfield.esm,001CBCAD,PCM_Leviathan_Leviathan-IV_Critter02,Milliwhale Filterer,DEFERRED_COMPOSED_FAUNA_C6,CCT composition resolves to Milliwhale Filterer; localized component provenance is deferred to Parcel C6.,1,Milliwhale Filterer
fauna,001CBCAE,Starfield.esm,001CBCAE,PCM_Leviathan_Leviathan-IV_Critter01,Coralheart Filterer,DEFERRED_COMPOSED_FAUNA_C6,CCT composition resolves to Coralheart Filterer; localized component provenance is deferred to Parcel C6.,1,Coralheart Filterer
fauna,001CBCAF,Starfield.esm,001CBCAF,PCM_Leviathan_Leviathan-IV_Prey02,Flocking Leafback Herbivore,DEFERRED_COMPOSED_FAUNA_C6,CCT composition resolves to Flocking Leafback Herbivore; localized component provenance is deferred to Parcel C6.,1,Flocking Leafback Herbivore
fauna,001CBCB0,Starfield.esm,001CBCB0,PCM_Leviathan_Leviathan-IV_Prey01_Swimmer,Schooling Finback Filterer,DEFERRED_COMPOSED_FAUNA_C6,CCT composition resolves to Schooling Finback Filterer; localized component provenance is deferred to Parcel C6.,1,Schooling Finback Filterer
fauna,001CBCB1,Starfield.esm,001CBCB1,PCM_Leviathan_Leviathan-IV_Predator01,Pack Windbag,DEFERRED_COMPOSED_FAUNA_C6,CCT composition resolves to Pack Windbag; localized component provenance is deferred to Parcel C6.,1,Pack Windbag
fauna,001CCAEA,Starfield.esm,001CCAEA,PCM_Linnaeus_Linnaeus-II_Critter01,Trident Filterer,DEFERRED_COMPOSED_FAUNA_C6,CCT composition resolves to Trident Filterer; localized component provenance is deferred to Parcel C6.,1,Trident Filterer
fauna,001CCAEB,Starfield.esm,001CCAEB,PCM_Linnaeus_Linnaeus-II_Prey02,Shoaling Finback Filterer,DEFERRED_COMPOSED_FAUNA_C6,CCT composition resolves to Shoaling Finback Filterer; localized component provenance is deferred to Parcel C6.,1,Shoaling Finback Filterer
fauna,001CCAEC,Starfield.esm,001CCAEC,PCM_Linnaeus_Linnaeus-II_Prey01,Herding Canard Filterer,DEFERRED_COMPOSED_FAUNA_C6,CCT composition resolves to Herding Canard Filterer; localized component provenance is deferred to Parcel C6.,1,Herding Canard Filterer
fauna,001CF18C,Starfield.esm,001CF18C,PCM_Leonis_Leonis-V_Critter01,Snail Geophage,DEFERRED_COMPOSED_FAUNA_C6,CCT composition resolves to Snail Geophage; localized component provenance is deferred to Parcel C6.,1,Snail Geophage
fauna,001CF18D,Starfield.esm,001CF18D,PCM_Leonis_Leonis-V_Prey02,Herding Stoneback Scavenger,DEFERRED_COMPOSED_FAUNA_C6,CCT composition resolves to Herding Stoneback Scavenger; localized component provenance is deferred to Parcel C6.,1,Herding Stoneback Scavenger
fauna,001CF18E,Starfield.esm,001CF18E,PCM_Leonis_Leonis-V_Prey01,Flocking Horsamander Grazer,DEFERRED_COMPOSED_FAUNA_C6,CCT composition resolves to Flocking Horsamander Grazer; localized component provenance is deferred to Parcel C6.,1,Flocking Horsamander Grazer
fauna,001CF18F,Starfield.esm,001CF18F,PCM_Leonis_Leonis-V_Predator01,Pack Crocodaunt,DEFERRED_COMPOSED_FAUNA_C6,CCT composition resolves to Pack Crocodaunt; localized component provenance is deferred to Parcel C6.,1,Pack Crocodaunt
fauna,001CF572,Starfield.esm,001CF572,PCM_Leonis_Leonis-IV_Critter01,Trilobite Grazer,DEFERRED_COMPOSED_FAUNA_C6,CCT composition resolves to Trilobite Grazer; localized component provenance is deferred to Parcel C6.,1,Trilobite Grazer
fauna,001CF573,Starfield.esm,001CF573,PCM_Leonis_Leonis-IV_Prey01,Flocking Lockjaw Grazer,DEFERRED_COMPOSED_FAUNA_C6,CCT composition resolves to Flocking Lockjaw Grazer; localized component provenance is deferred to Parcel C6.,1,Flocking Lockjaw Grazer
fauna,001CF574,Starfield.esm,001CF574,PCM_Leonis_Leonis-IV_Predator02,Pack Sailgator,DEFERRED_COMPOSED_FAUNA_C6,CCT composition resolves to Pack Sailgator; localized component provenance is deferred to Parcel C6.,1,Pack Sailgator
fauna,001CF575,Starfield.esm,001CF575,PCM_Leonis_Leonis-IV_Predator01,Pack Crocalypse,DEFERRED_COMPOSED_FAUNA_C6,CCT composition resolves to Pack Crocalypse; localized component provenance is deferred to Parcel C6.,1,Pack Crocalypse
fauna,001D064E,Starfield.esm,001D064E,PCM_Muphrid_Muphrid-V-B_Critter01,Twingrub Scavenger,DEFERRED_COMPOSED_FAUNA_C6,CCT composition resolves to Twingrub Scavenger; localized component provenance is deferred to Parcel C6.,1,Twingrub Scavenger
fauna,001D064F,Starfield.esm,001D064F,PCM_Muphrid_Muphrid-V-B_Prey02_Swimmer,Schooling Kronosaurus Scavenger,DEFERRED_COMPOSED_FAUNA_C6,CCT composition resolves to Schooling Kronosaurus Scavenger; localized component provenance is deferred to Parcel C6.,1,Schooling Kronosaurus Scavenger
fauna,001D0650,Starfield.esm,001D0650,PCM_Muphrid_Muphrid-V-B_Prey01,Herding Crab Grazer,DEFERRED_COMPOSED_FAUNA_C6,CCT composition resolves to Herding Crab Grazer; localized component provenance is deferred to Parcel C6.,1,Herding Crab Grazer
fauna,001D065D,Starfield.esm,001D065D,PCM_Muphrid_Muphrid-V-B_Predator01,Hunting Hornface,DEFERRED_COMPOSED_FAUNA_C6,CCT composition resolves to Hunting Hornface; localized component provenance is deferred to Parcel C6.,1,Hunting Hornface
fauna,001D065E,Starfield.esm,001D065E,PCM_Muphrid_Muphrid-IV_Critter02,Milliwhale Geophage,DEFERRED_COMPOSED_FAUNA_C6,CCT composition resolves to Milliwhale Geophage; localized component provenance is deferred to Parcel C6.,1,Milliwhale Geophage
fauna,001D065F,Starfield.esm,001D065F,PCM_Muphrid_Muphrid-IV_Critter01,Noid Filterer,DEFERRED_COMPOSED_FAUNA_C6,CCT composition resolves to Noid Filterer; localized component provenance is deferred to Parcel C6.,1,Noid Filterer
fauna,001D06EE,Starfield.esm,001D06EE,PCM_Muphrid_Muphrid-IV_Prey03_Swimmer,Shoaling Lurefish Scavenger,DEFERRED_COMPOSED_FAUNA_C6,CCT composition resolves to Shoaling Lurefish Scavenger; localized component provenance is deferred to Parcel C6.,1,Shoaling Lurefish Scavenger
fauna,001D06EF,Starfield.esm,001D06EF,PCM_Muphrid_Muphrid-IV_Prey02,Clawback Herbivore,DEFERRED_COMPOSED_FAUNA_C6,CCT composition resolves to Clawback Herbivore; localized component provenance is deferred to Parcel C6.,1,Clawback Herbivore
fauna,001D0708,Starfield.esm,001D0708,PCM_Muphrid_Muphrid-IV_Prey01,Flocking Bonefrill Grazer,DEFERRED_COMPOSED_FAUNA_C6,CCT composition resolves to Flocking Bonefrill Grazer; localized component provenance is deferred to Parcel C6.,1,Flocking Bonefrill Grazer
fauna,001D0709,Starfield.esm,001D0709,PCM_Muphrid_Muphrid-IV_Predator02,Pack Scarab,DEFERRED_COMPOSED_FAUNA_C6,CCT composition resolves to Pack Scarab; localized component provenance is deferred to Parcel C6.,1,Pack Scarab
fauna,001D070A,Starfield.esm,001D070A,PCM_Muphrid_Muphrid-IV_Predator01,Hunting Shieldshell,DEFERRED_COMPOSED_FAUNA_C6,CCT composition resolves to Hunting Shieldshell; localized component provenance is deferred to Parcel C6.,1,Hunting Shieldshell
fauna,001D070B,Starfield.esm,001D070B,PCM_Jaffa_Jaffa-III_Critter01,Grabber Filterer,DEFERRED_COMPOSED_FAUNA_C6,CCT composition resolves to Grabber Filterer; localized component provenance is deferred to Parcel C6.,1,Grabber Filterer
fauna,001D070C,Starfield.esm,001D070C,PCM_Jaffa_Jaffa-III_Prey02,Shoaling Finback Scavenger,DEFERRED_COMPOSED_FAUNA_C6,CCT composition resolves to Shoaling Finback Scavenger; localized component provenance is deferred to Parcel C6.,1,Shoaling Finback Scavenger
fauna,001D0714,Starfield.esm,001D0714,PCM_Jaffa_Jaffa-III_Prey01,Flocking Cockroach Scavenger,DEFERRED_COMPOSED_FAUNA_C6,CCT composition resolves to Flocking Cockroach Scavenger; localized component provenance is deferred to Parcel C6.,1,Flocking Cockroach Scavenger
fauna,001D0719,Starfield.esm,001D0719,PCM_Jaffa_Jaffa-III_Predator02,Pack Paddlefish,DEFERRED_COMPOSED_FAUNA_C6,CCT composition resolves to Pack Paddlefish; localized component provenance is deferred to Parcel C6.,1,Pack Paddlefish
fauna,001D0732,Starfield.esm,001D0732,PCM_Jaffa_Jaffa-III_Predator01,Hunting Foxbat,DEFERRED_COMPOSED_FAUNA_C6,CCT composition resolves to Hunting Foxbat; localized component provenance is deferred to Parcel C6.,1,Hunting Foxbat
fauna,001D0734,Starfield.esm,001D0734,PCM_Jaffa_Jaffa-II_Critter01,Trilobite Filterer,DEFERRED_COMPOSED_FAUNA_C6,CCT composition resolves to Trilobite Filterer; localized component provenance is deferred to Parcel C6.,1,Trilobite Filterer
fauna,001D0735,Starfield.esm,001D0735,PCM_Jaffa_Jaffa-II_Prey01,Herding Wobbleback Herbivore,DEFERRED_COMPOSED_FAUNA_C6,CCT composition resolves to Herding Wobbleback Herbivore; localized component provenance is deferred to Parcel C6.,1,Herding Wobbleback Herbivore
fauna,001D0738,Starfield.esm,001D0738,PCM_Jaffa_Jaffa-II_Predator01,Hunting Coralcrab,DEFERRED_COMPOSED_FAUNA_C6,CCT composition resolves to Hunting Coralcrab; localized component provenance is deferred to Parcel C6.,1,Hunting Coralcrab
fauna,001D074F,Starfield.esm,001D074F,PCM_Ixyll_Ixyll-III-b_Critter02,Gossamer Filterer,DEFERRED_COMPOSED_FAUNA_C6,CCT composition resolves to Gossamer Filterer; localized component provenance is deferred to Parcel C6.,1,Gossamer Filterer
fauna,001D0758,Starfield.esm,001D0758,PCM_Ixyll_Ixyll-III-b_Critter01,Flamethorn Scavenger,DEFERRED_COMPOSED_FAUNA_C6,CCT composition resolves to Flamethorn Scavenger; localized component provenance is deferred to Parcel C6.,1,Flamethorn Scavenger
fauna,001D0762,Starfield.esm,001D0762,PCM_Ixyll_Ixyll-III-b_Prey02,Herding Boneback Grazer,DEFERRED_COMPOSED_FAUNA_C6,CCT composition resolves to Herding Boneback Grazer; localized component provenance is deferred to Parcel C6.,1,Herding Boneback Grazer
fauna,001D0767,Starfield.esm,001D0767,PCM_Ixyll_Ixyll-III-b_Prey01,Herding Horsamander Grazer,DEFERRED_COMPOSED_FAUNA_C6,CCT composition resolves to Herding Horsamander Grazer; localized component provenance is deferred to Parcel C6.,1,Herding Horsamander Grazer
fauna,001D076C,Starfield.esm,001D076C,PCM_Ixyll_Ixyll-III-b_Predator02,Hunting Coralbug,DEFERRED_COMPOSED_FAUNA_C6,CCT composition resolves to Hunting Coralbug; localized component provenance is deferred to Parcel C6.,1,Hunting Coralbug
fauna,001D0770,Starfield.esm,001D0770,PCM_Ixyll_Ixyll-III-b_Predator01,Hunting Nailtail,DEFERRED_COMPOSED_FAUNA_C6,CCT composition resolves to Hunting Nailtail; localized component provenance is deferred to Parcel C6.,1,Hunting Nailtail
fauna,001D0780,Starfield.esm,001D0780,PCM_Ixyll_Ixyll-II_Critter02,Thorn Scavenger,DEFERRED_COMPOSED_FAUNA_C6,CCT composition resolves to Thorn Scavenger; localized component provenance is deferred to Parcel C6.,1,Thorn Scavenger
fauna,001D0781,Starfield.esm,001D0781,PCM_Ixyll_Ixyll-II_Critter01,Spaceroach Filterer,DEFERRED_COMPOSED_FAUNA_C6,CCT composition resolves to Spaceroach Filterer; localized component provenance is deferred to Parcel C6.,1,Spaceroach Filterer
fauna,001D0782,Starfield.esm,001D0782,PCM_Ixyll_Ixyll-II_Prey03,Puffball Filterer,DEFERRED_COMPOSED_FAUNA_C6,CCT composition resolves to Puffball Filterer; localized component provenance is deferred to Parcel C6.,1,Puffball Filterer
fauna,001D0783,Starfield.esm,001D0783,PCM_Ixyll_Ixyll-II_Prey02,Herding Crab Grazer,DEFERRED_COMPOSED_FAUNA_C6,CCT composition resolves to Herding Crab Grazer; localized component provenance is deferred to Parcel C6.,1,Herding Crab Grazer
fauna,001D0784,Starfield.esm,001D0784,PCM_Ixyll_Ixyll-II_Prey01,Beetlecrab Grazer,DEFERRED_COMPOSED_FAUNA_C6,CCT composition resolves to Beetlecrab Grazer; localized component provenance is deferred to Parcel C6.,1,Beetlecrab Grazer
fauna,001D0785,Starfield.esm,001D0785,PCM_Ixyll_Ixyll-II_Predator01,Hunting Nightmare,DEFERRED_COMPOSED_FAUNA_C6,CCT composition resolves to Hunting Nightmare; localized component provenance is deferred to Parcel C6.,1,Hunting Nightmare
fauna,001D07E6,Starfield.esm,001D07E6,PCM_Indum_Indum-II_Critter01,Milliwhale Filterer,DEFERRED_COMPOSED_FAUNA_C6,CCT composition resolves to Milliwhale Filterer; localized component provenance is deferred to Parcel C6.,1,Milliwhale Filterer
fauna,001D07E7,Starfield.esm,001D07E7,PCM_Indum_Indum-II_Prey01,Toadface Grazer,DEFERRED_COMPOSED_FAUNA_C6,CCT composition resolves to Toadface Grazer; localized component provenance is deferred to Parcel C6.,1,Toadface Grazer
fauna,001D07E8,Starfield.esm,001D07E8,PCM_Indum_Indum-II_Predator01,Hunting Trapmaw,DEFERRED_COMPOSED_FAUNA_C6,CCT composition resolves to Hunting Trapmaw; localized component provenance is deferred to Parcel C6.,1,Hunting Trapmaw
fauna,001D2FA0,Starfield.esm,001D2FA0,PCM_Leonis_Leonis-III_Critter02,Milliwhale Filterer,DEFERRED_COMPOSED_FAUNA_C6,CCT composition resolves to Milliwhale Filterer; localized component provenance is deferred to Parcel C6.,1,Milliwhale Filterer
fauna,001D2FA1,Starfield.esm,001D2FA1,PCM_Leonis_Leonis-III_Critter01,Flamethorn Grazer,DEFERRED_COMPOSED_FAUNA_C6,CCT composition resolves to Flamethorn Grazer; localized component provenance is deferred to Parcel C6.,1,Flamethorn Grazer
fauna,001D2FA2,Starfield.esm,001D2FA2,PCM_Leonis_Leonis-III_Prey03,Schooling Paddlefish Filterer,DEFERRED_COMPOSED_FAUNA_C6,CCT composition resolves to Schooling Paddlefish Filterer; localized component provenance is deferred to Parcel C6.,1,Schooling Paddlefish Filterer
fauna,001D2FA3,Starfield.esm,001D2FA3,PCM_Leonis_Leonis-III_Prey02,Schooling Unishark Scavenger,DEFERRED_COMPOSED_FAUNA_C6,CCT composition resolves to Schooling Unishark Scavenger; localized component provenance is deferred to Parcel C6.,1,Schooling Unishark Scavenger
fauna,001D2FA4,Starfield.esm,001D2FA4,PCM_Leonis_Leonis-III_Prey01,Flocking Snuffler Scavenger,DEFERRED_COMPOSED_FAUNA_C6,CCT composition resolves to Flocking Snuffler Scavenger; localized component provenance is deferred to Parcel C6.,1,Flocking Snuffler Scavenger
fauna,001D2FA5,Starfield.esm,001D2FA5,PCM_Leonis_Leonis-III_Predator02,Hunting Arapaima,DEFERRED_COMPOSED_FAUNA_C6,CCT composition resolves to Hunting Arapaima; localized component provenance is deferred to Parcel C6.,1,Hunting Arapaima
fauna,001D2FA6,Starfield.esm,001D2FA6,PCM_Leonis_Leonis-III_Predator01,Pack Scarab,DEFERRED_COMPOSED_FAUNA_C6,CCT composition resolves to Pack Scarab; localized component provenance is deferred to Parcel C6.,1,Pack Scarab
fauna,001D301F,Starfield.esm,001D301F,PCM_Lantana_Lantana-VIII-b_Critter01,Jellyfin Filterer,DEFERRED_COMPOSED_FAUNA_C6,CCT composition resolves to Jellyfin Filterer; localized component provenance is deferred to Parcel C6.,1,Jellyfin Filterer
fauna,001D3020,Starfield.esm,001D3020,PCM_Lantana_Lantana-VIII-b_Prey01,Flocking Orchid Geophage,DEFERRED_COMPOSED_FAUNA_C6,CCT composition resolves to Flocking Orchid Geophage; localized component provenance is deferred to Parcel C6.,1,Flocking Orchid Geophage
fauna,001D3D1D,Starfield.esm,001D3D1D,PCM_Lantana_Lantana-IV_Critter01,Spikeworm Grazer,DEFERRED_COMPOSED_FAUNA_C6,CCT composition resolves to Spikeworm Grazer; localized component provenance is deferred to Parcel C6.,1,Spikeworm Grazer
fauna,001D3D1E,Starfield.esm,001D3D1E,PCM_Lantana_Lantana-IV_Prey01,Flocking Shardhopper Geophage,DEFERRED_COMPOSED_FAUNA_C6,CCT composition resolves to Flocking Shardhopper Geophage; localized component provenance is deferred to Parcel C6.,1,Flocking Shardhopper Geophage
fauna,001D3D1F,Starfield.esm,001D3D1F,PCM_Lantana_Lantana-IV_Predator01,Hunting Ikuradon,DEFERRED_COMPOSED_FAUNA_C6,CCT composition resolves to Hunting Ikuradon; localized component provenance is deferred to Parcel C6.,1,Hunting Ikuradon
fauna,001D50E1,Starfield.esm,001D50E1,PCM_Lantana_Lantana-III_Critter01,Puffball Filterer,DEFERRED_COMPOSED_FAUNA_C6,CCT composition resolves to Puffball Filterer; localized component provenance is deferred to Parcel C6.,1,Puffball Filterer
fauna,001D50E2,Starfield.esm,001D50E2,PCM_Lantana_Lantana-III_Predator03,Swarming Cockroach,DEFERRED_COMPOSED_FAUNA_C6,CCT composition resolves to Swarming Cockroach; localized component provenance is deferred to Parcel C6.,1,Swarming Cockroach
fauna,001D50E3,Starfield.esm,001D50E3,PCM_Lantana_Lantana-III_Prey02,Herding Brainsquid Scavenger,DEFERRED_COMPOSED_FAUNA_C6,CCT composition resolves to Herding Brainsquid Scavenger; localized component provenance is deferred to Parcel C6.,1,Herding Brainsquid Scavenger
fauna,001D50E4,Starfield.esm,001D50E4,PCM_Lantana_Lantana-III_Prey01,Herding Clawback Scavenger,DEFERRED_COMPOSED_FAUNA_C6,CCT composition resolves to Herding Clawback Scavenger; localized component provenance is deferred to Parcel C6.,1,Herding Clawback Scavenger
fauna,001D50E5,Starfield.esm,001D50E5,PCM_Lantana_Lantana-III_Predator02,Hunting Cagebrain,DEFERRED_COMPOSED_FAUNA_C6,CCT composition resolves to Hunting Cagebrain; localized component provenance is deferred to Parcel C6.,1,Hunting Cagebrain
fauna,001D50E6,Starfield.esm,001D50E6,PCM_Lantana_Lantana-III_Predator01,Apex Brainsprout,DEFERRED_COMPOSED_FAUNA_C6,CCT composition resolves to Apex Brainsprout; localized component provenance is deferred to Parcel C6.,1,Apex Brainsprout
fauna,001D5137,Starfield.esm,001D5137,PCM_Kumasi_Kumasi-III_Critter01,Flamethorn Herbivore,DEFERRED_COMPOSED_FAUNA_C6,CCT composition resolves to Flamethorn Herbivore; localized component provenance is deferred to Parcel C6.,1,Flamethorn Herbivore
fauna,001D5138,Starfield.esm,001D5138,PCM_Kumasi_Kumasi-III_Prey02,Herding Clickbeetle Grazer,DEFERRED_COMPOSED_FAUNA_C6,CCT composition resolves to Herding Clickbeetle Grazer; localized component provenance is deferred to Parcel C6.,1,Herding Clickbeetle Grazer
fauna,001D5139,Starfield.esm,001D5139,PCM_Kumasi_Kumasi-III_Prey01,Flocking Boneshell Grazer,DEFERRED_COMPOSED_FAUNA_C6,CCT composition resolves to Flocking Boneshell Grazer; localized component provenance is deferred to Parcel C6.,1,Flocking Boneshell Grazer
fauna,001D513A,Starfield.esm,001D513A,PCM_Kumasi_Kumasi-III_Predator01,Hunting Toadface Stalker,DEFERRED_COMPOSED_FAUNA_C6,CCT composition resolves to Hunting Toadface Stalker; localized component provenance is deferred to Parcel C6.,1,Hunting Toadface Stalker
fauna,001D5A2F,Starfield.esm,001D5A2F,PCM_Khayyam_Khayyam-II_Prey04,Flocking Rockhound Geophage,DEFERRED_COMPOSED_FAUNA_C6,CCT composition resolves to Flocking Rockhound Geophage; localized component provenance is deferred to Parcel C6.,1,Flocking Rockhound Geophage
fauna,001D5A30,Starfield.esm,001D5A30,PCM_Khayyam_Khayyam-II_Predator03,Hunting Stonewalker,DEFERRED_COMPOSED_FAUNA_C6,CCT composition resolves to Hunting Stonewalker; localized component provenance is deferred to Parcel C6.,1,Hunting Stonewalker
fauna,001D5A9A,Starfield.esm,001D5A9A,PCM_Hyla_Hyla-II_Critter02,Trilobite Filterer,DEFERRED_COMPOSED_FAUNA_C6,CCT composition resolves to Trilobite Filterer; localized component provenance is deferred to Parcel C6.,1,Trilobite Filterer
fauna,001D5A9B,Starfield.esm,001D5A9B,PCM_Hyla_Hyla-II_Critter01,Centiskull Scavenger,DEFERRED_COMPOSED_FAUNA_C6,CCT composition resolves to Centiskull Scavenger; localized component provenance is deferred to Parcel C6.,1,Centiskull Scavenger
fauna,001D5A9C,Starfield.esm,001D5A9C,PCM_Hyla_Hyla-II_Prey04_Swimmer,Schooling Unishark Scavenger,DEFERRED_COMPOSED_FAUNA_C6,CCT composition resolves to Schooling Unishark Scavenger; localized component provenance is deferred to Parcel C6.,1,Schooling Unishark Scavenger
fauna,001D5A9D,Starfield.esm,001D5A9D,PCM_Hyla_Hyla-II_Prey03,Trihorn Grazer,DEFERRED_COMPOSED_FAUNA_C6,CCT composition resolves to Trihorn Grazer; localized component provenance is deferred to Parcel C6.,1,Trihorn Grazer
fauna,001D5A9E,Starfield.esm,001D5A9E,PCM_Hyla_Hyla-II_Prey02,Flocking Brainblimp Filterer,DEFERRED_COMPOSED_FAUNA_C6,CCT composition resolves to Flocking Brainblimp Filterer; localized component provenance is deferred to Parcel C6.,1,Flocking Brainblimp Filterer
fauna,001D5A9F,Starfield.esm,001D5A9F,PCM_Hyla_Hyla-II_Prey01,Herding Tongueface Grazer,DEFERRED_COMPOSED_FAUNA_C6,CCT composition resolves to Herding Tongueface Grazer; localized component provenance is deferred to Parcel C6.,1,Herding Tongueface Grazer
fauna,001D5AA1,Starfield.esm,001D5AA1,PCM_Hyla_Hyla-II_Predator02,Hunting Lockjaw,DEFERRED_COMPOSED_FAUNA_C6,CCT composition resolves to Hunting Lockjaw; localized component provenance is deferred to Parcel C6.,1,Hunting Lockjaw
fauna,001D5AA3,Starfield.esm,001D5AA3,PCM_Hyla_Hyla-II_Predator01,Hunting Ikuradon,DEFERRED_COMPOSED_FAUNA_C6,CCT composition resolves to Hunting Ikuradon; localized component provenance is deferred to Parcel C6.,1,Hunting Ikuradon
fauna,001D5F36,Starfield.esm,001D5F36,PCM_Khayyam_Khayyam-II_Prey03,Flocking Eggtail Filterer,DEFERRED_COMPOSED_FAUNA_C6,CCT composition resolves to Flocking Eggtail Filterer; localized component provenance is deferred to Parcel C6.,1,Flocking Eggtail Filterer
fauna,001D5F37,Starfield.esm,001D5F37,PCM_Khayyam_Khayyam-II_Prey02,Flocking Cyclozard Scavenger,DEFERRED_COMPOSED_FAUNA_C6,CCT composition resolves to Flocking Cyclozard Scavenger; localized component provenance is deferred to Parcel C6.,1,Flocking Cyclozard Scavenger
fauna,001D5F38,Starfield.esm,001D5F38,PCM_Khayyam_Khayyam-II_Prey01,Ankylosaurus Herbivore,DEFERRED_COMPOSED_FAUNA_C6,CCT composition resolves to Ankylosaurus Herbivore; localized component provenance is deferred to Parcel C6.,1,Ankylosaurus Herbivore
fauna,001D5F39,Starfield.esm,001D5F39,PCM_Khayyam_Khayyam-II_Predator02,Pack Glowhands,DEFERRED_COMPOSED_FAUNA_C6,CCT composition resolves to Pack Glowhands; localized component provenance is deferred to Parcel C6.,1,Pack Glowhands
fauna,001D5F3A,Starfield.esm,001D5F3A,PCM_Khayyam_Khayyam-II_Predator01,Swarming Eggback,DEFERRED_COMPOSED_FAUNA_C6,CCT composition resolves to Swarming Eggback; localized component provenance is deferred to Parcel C6.,1,Swarming Eggback
fauna,001D6B6D,Starfield.esm,001D6B6D,PCM_Huygens_Huygens-VII-b_CritterA,Jellyfin Filterer,DEFERRED_COMPOSED_FAUNA_C6,CCT composition resolves to Jellyfin Filterer; localized component provenance is deferred to Parcel C6.,1,Jellyfin Filterer
fauna,001D6B6E,Starfield.esm,001D6B6E,PCM_Huygens_Huygens-VII-b_PreyA,Herding Tapeworm Scavenger,DEFERRED_COMPOSED_FAUNA_C6,CCT composition resolves to Herding Tapeworm Scavenger; localized component provenance is deferred to Parcel C6.,1,Herding Tapeworm Scavenger
fauna,001D6B6F,Starfield.esm,001D6B6F,PCM_Huygens_Huygens-VII-b_PredatorA,Pack Dragonfly,DEFERRED_COMPOSED_FAUNA_C6,CCT composition resolves to Pack Dragonfly; localized component provenance is deferred to Parcel C6.,1,Pack Dragonfly
fauna,001D6B7D,Starfield.esm,001D6B7D,PCM_Huygens_Huygens-IV_CritterA,Milliwhale Filterer,DEFERRED_COMPOSED_FAUNA_C6,CCT composition resolves to Milliwhale Filterer; localized component provenance is deferred to Parcel C6.,1,Milliwhale Filterer
fauna,001D6B7E,Starfield.esm,001D6B7E,PCM_Huygens_Huygens-IV_PreyB,Schooling Finback Scavenger,DEFERRED_COMPOSED_FAUNA_C6,CCT composition resolves to Schooling Finback Scavenger; localized component provenance is deferred to Parcel C6.,1,Schooling Finback Scavenger
fauna,001D6B7F,Starfield.esm,001D6B7F,PCM_Huygens_Huygens-IV_PreyA,Herding Roundshell Grazer,DEFERRED_COMPOSED_FAUNA_C6,CCT composition resolves to Herding Roundshell Grazer; localized component provenance is deferred to Parcel C6.,1,Herding Roundshell Grazer
fauna,001D6B80,Starfield.esm,001D6B80,PCM_Huygens_Huygens-IV_PredatorA,Swarming Beetlecrab,DEFERRED_COMPOSED_FAUNA_C6,CCT composition resolves to Swarming Beetlecrab; localized component provenance is deferred to Parcel C6.,1,Swarming Beetlecrab
fauna,001D7BC0,Starfield.esm,001D7BC0,PCM_Kang_Kang-VIII-c_Critter01,Snuffler Geophage,DEFERRED_COMPOSED_FAUNA_C6,CCT composition resolves to Snuffler Geophage; localized component provenance is deferred to Parcel C6.,1,Snuffler Geophage
fauna,001D7BC1,Starfield.esm,001D7BC1,PCM_Katydid_Katydid-I-a_Critter01,Centiskull Herbivore,DEFERRED_COMPOSED_FAUNA_C6,CCT composition resolves to Centiskull Herbivore; localized component provenance is deferred to Parcel C6.,1,Centiskull Herbivore
fauna,001D7BC2,Starfield.esm,001D7BC2,PCM_Katydid_Katydid-I-a_Prey02,Herding Cutterhead Herbivore,DEFERRED_COMPOSED_FAUNA_C6,CCT composition resolves to Herding Cutterhead Herbivore; localized component provenance is deferred to Parcel C6.,1,Herding Cutterhead Herbivore
fauna,001D7BC3,Starfield.esm,001D7BC3,PCM_Katydid_Katydid-I-a_Prey01,Herding Lacraia Grazer,DEFERRED_COMPOSED_FAUNA_C6,CCT composition resolves to Herding Lacraia Grazer; localized component provenance is deferred to Parcel C6.,1,Herding Lacraia Grazer
fauna,001D7BC4,Starfield.esm,001D7BC4,PCM_Katydid_Katydid-I-a_Predator01,Pack Cricket,DEFERRED_COMPOSED_FAUNA_C6,CCT composition resolves to Pack Cricket; localized component provenance is deferred to Parcel C6.,1,Pack Cricket
fauna,001D7BEB,Starfield.esm,001D7BEB,PCM_Heisenberg_Heisenberg-II_CritterB,Drone Grazer,DEFERRED_COMPOSED_FAUNA_C6,CCT composition resolves to Drone Grazer; localized component provenance is deferred to Parcel C6.,1,Drone Grazer
fauna,001D7BEC,Starfield.esm,001D7BEC,PCM_Heisenberg_Heisenberg-II_CritterA,Trilobite Filterer,DEFERRED_COMPOSED_FAUNA_C6,CCT composition resolves to Trilobite Filterer; localized component provenance is deferred to Parcel C6.,1,Trilobite Filterer
fauna,001D7BED,Starfield.esm,001D7BED,PCM_Heisenberg_Heisenberg-II_PreyB,Leafbug Grazer,DEFERRED_COMPOSED_FAUNA_C6,CCT composition resolves to Leafbug Grazer; localized component provenance is deferred to Parcel C6.,1,Leafbug Grazer
fauna,001D7BEE,Starfield.esm,001D7BEE,PCM_Heisenberg_Heisenberg-II_PreyA,Herding Windbag Grazer,DEFERRED_COMPOSED_FAUNA_C6,CCT composition resolves to Herding Windbag Grazer; localized component provenance is deferred to Parcel C6.,1,Herding Windbag Grazer
fauna,001D7BEF,Starfield.esm,001D7BEF,PCM_Heisenberg_Heisenberg-II_PredatorB,Hunting Scarab,DEFERRED_COMPOSED_FAUNA_C6,CCT composition resolves to Hunting Scarab; localized component provenance is deferred to Parcel C6.,1,Hunting Scarab
fauna,001D7BF0,Starfield.esm,001D7BF0,PCM_Heisenberg_Heisenberg-II_PredatorA,Hunting Exocrawler,DEFERRED_COMPOSED_FAUNA_C6,CCT composition resolves to Hunting Exocrawler; localized component provenance is deferred to Parcel C6.,1,Hunting Exocrawler
fauna,001D8423,Starfield.esm,001D8423,PCM_Heinlein_Heinlein-VI-a_Critter01,Beetle Filterer,DEFERRED_COMPOSED_FAUNA_C6,CCT composition resolves to Beetle Filterer; localized component provenance is deferred to Parcel C6.,1,Beetle Filterer
fauna,001D8424,Starfield.esm,001D8424,PCM_Heinlein_Heinlein-VI-a_Prey01,Herding Boneback Filterer,DEFERRED_COMPOSED_FAUNA_C6,CCT composition resolves to Herding Boneback Filterer; localized component provenance is deferred to Parcel C6.,1,Herding Boneback Filterer
fauna,001D8425,Starfield.esm,001D8425,PCM_Heinlein_Heinlein-VI-a_Predator01,Hunting Shieldshell,DEFERRED_COMPOSED_FAUNA_C6,CCT composition resolves to Hunting Shieldshell; localized component provenance is deferred to Parcel C6.,1,Hunting Shieldshell
fauna,001D871A,Starfield.esm,001D871A,PCM_Heinlein_Heinlein-IV-b_CritterA,Triworm Filterer,DEFERRED_COMPOSED_FAUNA_C6,CCT composition resolves to Triworm Filterer; localized component provenance is deferred to Parcel C6.,1,Triworm Filterer
fauna,001D871B,Starfield.esm,001D871B,PCM_Heinlein_Heinlein-IV-b_PreyA,Herding Cutterhead Grazer,DEFERRED_COMPOSED_FAUNA_C6,CCT composition resolves to Herding Cutterhead Grazer; localized component provenance is deferred to Parcel C6.,1,Herding Cutterhead Grazer
fauna,001D871C,Starfield.esm,001D871C,PCM_Heinlein_Heinlein-IV-b_Predator01,Swarming Octomaggot,DEFERRED_COMPOSED_FAUNA_C6,CCT composition resolves to Swarming Octomaggot; localized component provenance is deferred to Parcel C6.,1,Swarming Octomaggot
fauna,001D871D,Starfield.esm,001D871D,PCM_Gamma-Vulpes_Gamma-Vulpes-II-a_CritterB,Milliwhale Scavenger,DEFERRED_COMPOSED_FAUNA_C6,CCT composition resolves to Milliwhale Scavenger; localized component provenance is deferred to Parcel C6.,1,Milliwhale Scavenger
fauna,001D871E,Starfield.esm,001D871E,PCM_Gamma-Vulpes_Gamma-Vulpes-II-a_CritterA,Grabber Filterer,DEFERRED_COMPOSED_FAUNA_C6,CCT composition resolves to Grabber Filterer; localized component provenance is deferred to Parcel C6.,1,Grabber Filterer
fauna,001D871F,Starfield.esm,001D871F,PCM_Gamma-Vulpes_Gamma-Vulpes-II-a_PreyB,Seahorse Grazer,DEFERRED_COMPOSED_FAUNA_C6,CCT composition resolves to Seahorse Grazer; localized component provenance is deferred to Parcel C6.,1,Seahorse Grazer
fauna,001D8720,Starfield.esm,001D8720,PCM_Gamma-Vulpes_Gamma-Vulpes-II-a_PreyA,Toadface Grazer,DEFERRED_COMPOSED_FAUNA_C6,CCT composition resolves to Toadface Grazer; localized component provenance is deferred to Parcel C6.,1,Toadface Grazer
fauna,001D8721,Starfield.esm,001D8721,PCM_Gamma-Vulpes_Gamma-Vulpes-II-a_PredatorB,Hunting Dragon,DEFERRED_COMPOSED_FAUNA_C6,CCT composition resolves to Hunting Dragon; localized component provenance is deferred to Parcel C6.,1,Hunting Dragon
fauna,001D8722,Starfield.esm,001D8722,PCM_Gamma-Vulpes_Gamma-Vulpes-II-a_PredatorA,Hunting Nailtail,DEFERRED_COMPOSED_FAUNA_C6,CCT composition resolves to Hunting Nailtail; localized component provenance is deferred to Parcel C6.,1,Hunting Nailtail
fauna,001D9478,Starfield.esm,001D9478,PCM_Gamma-Vulpes_Gamma-Vulpes-I_CritterB,Snuffler Grazer,DEFERRED_COMPOSED_FAUNA_C6,CCT composition resolves to Snuffler Grazer; localized component provenance is deferred to Parcel C6.,1,Snuffler Grazer
fauna,001D9479,Starfield.esm,001D9479,PCM_Gamma-Vulpes_Gamma-Vulpes-I_CritterA,Flamethorn Filterer,DEFERRED_COMPOSED_FAUNA_C6,CCT composition resolves to Flamethorn Filterer; localized component provenance is deferred to Parcel C6.,1,Flamethorn Filterer
fauna,001D947A,Starfield.esm,001D947A,PCM_Gamma-Vulpes_Gamma-Vulpes-I_PreyC,Herding Longhorn Herbivore,DEFERRED_COMPOSED_FAUNA_C6,CCT composition resolves to Herding Longhorn Herbivore; localized component provenance is deferred to Parcel C6.,1,Herding Longhorn Herbivore
fauna,001D947B,Starfield.esm,001D947B,PCM_Gamma-Vulpes_Gamma-Vulpes-I_PreyB,Roundshell Grazer,DEFERRED_COMPOSED_FAUNA_C6,CCT composition resolves to Roundshell Grazer; localized component provenance is deferred to Parcel C6.,1,Roundshell Grazer
fauna,001D947C,Starfield.esm,001D947C,PCM_Gamma-Vulpes_Gamma-Vulpes-I_PreyA,Tongueface Grazer,DEFERRED_COMPOSED_FAUNA_C6,CCT composition resolves to Tongueface Grazer; localized component provenance is deferred to Parcel C6.,1,Tongueface Grazer
fauna,001D947D,Starfield.esm,001D947D,PCM_Gamma-Vulpes_Gamma-Vulpes-I_PredatorB,Pack Rockhound,DEFERRED_COMPOSED_FAUNA_C6,CCT composition resolves to Pack Rockhound; localized component provenance is deferred to Parcel C6.,1,Pack Rockhound
fauna,001D947E,Starfield.esm,001D947E,PCM_Gamma-Vulpes_Gamma-Vulpes-I_PredatorA,Hunting Hammersaur,DEFERRED_COMPOSED_FAUNA_C6,CCT composition resolves to Hunting Hammersaur; localized component provenance is deferred to Parcel C6.,1,Hunting Hammersaur
fauna,001D9527,Starfield.esm,001D9527,PCM_Freya_Freya-IX-b_CritterA,Grub Geophage,DEFERRED_COMPOSED_FAUNA_C6,CCT composition resolves to Grub Geophage; localized component provenance is deferred to Parcel C6.,1,Grub Geophage
fauna,001D9528,Starfield.esm,001D9528,PCM_Freya_Freya-IX-b_PreyA,Herding Crabfly Geophage,DEFERRED_COMPOSED_FAUNA_C6,CCT composition resolves to Herding Crabfly Geophage; localized component provenance is deferred to Parcel C6.,1,Herding Crabfly Geophage
fauna,001D9529,Starfield.esm,001D9529,PCM_Freya_Freya-IX-b_PredatorA,Hunting Glowhands Stalker,DEFERRED_COMPOSED_FAUNA_C6,CCT composition resolves to Hunting Glowhands Stalker; localized component provenance is deferred to Parcel C6.,1,Hunting Glowhands Stalker
fauna,001D952A,Starfield.esm,001D952A,PCM_Kang_Kang-III_Prey01,Flocking Windbag Filterer,DEFERRED_COMPOSED_FAUNA_C6,CCT composition resolves to Flocking Windbag Filterer; localized component provenance is deferred to Parcel C6.,1,Flocking Windbag Filterer
fauna,001D952B,Starfield.esm,001D952B,PCM_Kang_Kang-III_Predator03,Pack Boneback,DEFERRED_COMPOSED_FAUNA_C6,CCT composition resolves to Pack Boneback; localized component provenance is deferred to Parcel C6.,1,Pack Boneback
fauna,001D952C,Starfield.esm,001D952C,PCM_Kang_Kang-III_Predator02,Pack Maggotmaw,DEFERRED_COMPOSED_FAUNA_C6,CCT composition resolves to Pack Maggotmaw; localized component provenance is deferred to Parcel C6.,1,Pack Maggotmaw
fauna,001D952D,Starfield.esm,001D952D,PCM_Kang_Kang-III_Predator01,Hunting Scarab,DEFERRED_COMPOSED_FAUNA_C6,CCT composition resolves to Hunting Scarab; localized component provenance is deferred to Parcel C6.,1,Hunting Scarab
fauna,001DBAE4,Starfield.esm,001DBAE4,PCM_Huygens_Huygens-III_CritterB,Thorn Filterer,DEFERRED_COMPOSED_FAUNA_C6,CCT composition resolves to Thorn Filterer; localized component provenance is deferred to Parcel C6.,1,Thorn Filterer
fauna,001DBAE5,Starfield.esm,001DBAE5,PCM_Huygens_Huygens-III_CritterA,Milliwhale Scavenger,DEFERRED_COMPOSED_FAUNA_C6,CCT composition resolves to Milliwhale Scavenger; localized component provenance is deferred to Parcel C6.,1,Milliwhale Scavenger
fauna,001DBAE6,Starfield.esm,001DBAE6,PCM_Huygens_Huygens-III_PreyC,Cyclozard Grazer,DEFERRED_COMPOSED_FAUNA_C6,CCT composition resolves to Cyclozard Grazer; localized component provenance is deferred to Parcel C6.,1,Cyclozard Grazer
fauna,001DBAE7,Starfield.esm,001DBAE7,PCM_Huygens_Huygens-III_PreyB,Marnokk Grazer,DEFERRED_COMPOSED_FAUNA_C6,CCT composition resolves to Marnokk Grazer; localized component provenance is deferred to Parcel C6.,1,Marnokk Grazer
fauna,001DBAE8,Starfield.esm,001DBAE8,PCM_Huygens_Huygens-III_PreyA,Shellephant Grazer,DEFERRED_COMPOSED_FAUNA_C6,CCT composition resolves to Shellephant Grazer; localized component provenance is deferred to Parcel C6.,1,Shellephant Grazer
fauna,001DBAE9,Starfield.esm,001DBAE9,PCM_Huygens_Huygens-III_PredatorC,Hunting Shieldshell,DEFERRED_COMPOSED_FAUNA_C6,CCT composition resolves to Hunting Shieldshell; localized component provenance is deferred to Parcel C6.,1,Hunting Shieldshell
fauna,001DBAEA,Starfield.esm,001DBAEA,PCM_Huygens_Huygens-III_PredatorB,Hunting Vectorback,DEFERRED_COMPOSED_FAUNA_C6,CCT composition resolves to Hunting Vectorback; localized component provenance is deferred to Parcel C6.,1,Hunting Vectorback
fauna,001DBAEB,Starfield.esm,001DBAEB,PCM_Huygens_Huygens-III_PredatorA,Pack Trapmaw,DEFERRED_COMPOSED_FAUNA_C6,CCT composition resolves to Pack Trapmaw; localized component provenance is deferred to Parcel C6.,1,Pack Trapmaw
fauna,001DBCE3,Starfield.esm,001DBCE3,PCM_Guniibuu_Guniibuu-VI-b_Critter01,Milliwhale Filterer,DEFERRED_COMPOSED_FAUNA_C6,CCT composition resolves to Milliwhale Filterer; localized component provenance is deferred to Parcel C6.,1,Milliwhale Filterer
fauna,001DBCE4,Starfield.esm,001DBCE4,PCM_Guniibuu_Guniibuu-VI-b_Prey02_Swimmer,Shoaling Finback Scavenger,DEFERRED_COMPOSED_FAUNA_C6,CCT composition resolves to Shoaling Finback Scavenger; localized component provenance is deferred to Parcel C6.,1,Shoaling Finback Scavenger
fauna,001DBCE5,Starfield.esm,001DBCE5,PCM_Guniibuu_Guniibuu-VI-b_Prey01,Herding Tongueface Geophage,DEFERRED_COMPOSED_FAUNA_C6,CCT composition resolves to Herding Tongueface Geophage; localized component provenance is deferred to Parcel C6.,1,Herding Tongueface Geophage
fauna,001DBCE6,Starfield.esm,001DBCE6,PCM_Guniibuu_Guniibuu-VI-b_Predator01,Hunting Vectorback,DEFERRED_COMPOSED_FAUNA_C6,CCT composition resolves to Hunting Vectorback; localized component provenance is deferred to Parcel C6.,1,Hunting Vectorback
fauna,001DC4A8,Starfield.esm,001DC4A8,PCM_Guniibuu_Guniibuu-II_Critter02,Coralheart Grazer,DEFERRED_COMPOSED_FAUNA_C6,CCT composition resolves to Coralheart Grazer; localized component provenance is deferred to Parcel C6.,1,Coralheart Grazer
fauna,001DC4A9,Starfield.esm,001DC4A9,PCM_Guniibuu_Guniibuu-II_Critter01,Thorn Grazer,DEFERRED_COMPOSED_FAUNA_C6,CCT composition resolves to Thorn Grazer; localized component provenance is deferred to Parcel C6.,1,Thorn Grazer
fauna,001DC4AA,Starfield.esm,001DC4AA,PCM_Guniibuu_Guniibuu-II_Prey03,Flocking Earback Herbivore,DEFERRED_COMPOSED_FAUNA_C6,CCT composition resolves to Flocking Earback Herbivore; localized component provenance is deferred to Parcel C6.,1,Flocking Earback Herbivore
fauna,001DC4AB,Starfield.esm,001DC4AB,PCM_Guniibuu_Guniibuu-II_Prey02,Herding Morion Grazer,DEFERRED_COMPOSED_FAUNA_C6,CCT composition resolves to Herding Morion Grazer; localized component provenance is deferred to Parcel C6.,1,Herding Morion Grazer
fauna,001DC4AC,Starfield.esm,001DC4AC,PCM_Guniibuu_Guniibuu-II_Prey01,Herding Clickbeetle Grazer,DEFERRED_COMPOSED_FAUNA_C6,CCT composition resolves to Herding Clickbeetle Grazer; localized component provenance is deferred to Parcel C6.,1,Herding Clickbeetle Grazer
fauna,001DC4AD,Starfield.esm,001DC4AD,PCM_Guniibuu_Guniibuu-II_Predator02,Hunting Angler Stalker,DEFERRED_COMPOSED_FAUNA_C6,CCT composition resolves to Hunting Angler Stalker; localized component provenance is deferred to Parcel C6.,1,Hunting Angler Stalker
fauna,001DC4AE,Starfield.esm,001DC4AE,PCM_Guniibuu_Guniibuu-II_Predator01,Pack Exocrawler,DEFERRED_COMPOSED_FAUNA_C6,CCT composition resolves to Pack Exocrawler; localized component provenance is deferred to Parcel C6.,1,Pack Exocrawler
fauna,001DCAEB,Starfield.esm,001DCAEB,PCM_Foucault_Foucault-II_CritterA,Twingrub Geophage,DEFERRED_COMPOSED_FAUNA_C6,CCT composition resolves to Twingrub Geophage; localized component provenance is deferred to Parcel C6.,1,Twingrub Geophage
fauna,001DCAEC,Starfield.esm,001DCAEC,PCM_Foucault_Foucault-II_PreyA,Maggotmaw Geophage,DEFERRED_COMPOSED_FAUNA_C6,CCT composition resolves to Maggotmaw Geophage; localized component provenance is deferred to Parcel C6.,1,Maggotmaw Geophage
fauna,001DCAED,Starfield.esm,001DCAED,PCM_Foucault_Foucault-II_PredatorA,Hunting Cockroach,DEFERRED_COMPOSED_FAUNA_C6,CCT composition resolves to Hunting Cockroach; localized component provenance is deferred to Parcel C6.,1,Hunting Cockroach
fauna,001DCAEE,Starfield.esm,001DCAEE,PCM_Feynman_Feynman-IV_CritterA,Centiskull Scavenger,DEFERRED_COMPOSED_FAUNA_C6,CCT composition resolves to Centiskull Scavenger; localized component provenance is deferred to Parcel C6.,1,Centiskull Scavenger
fauna,001DCAEF,Starfield.esm,001DCAEF,PCM_Feynman_Feynman-IV_PreyA,Herding Brainsprout Grazer,DEFERRED_COMPOSED_FAUNA_C6,CCT composition resolves to Herding Brainsprout Grazer; localized component provenance is deferred to Parcel C6.,1,Herding Brainsprout Grazer
fauna,001DCAF0,Starfield.esm,001DCAF0,PCM_Feynman_Feynman-IV_PredatorA,Hunting Brainsquid,DEFERRED_COMPOSED_FAUNA_C6,CCT composition resolves to Hunting Brainsquid; localized component provenance is deferred to Parcel C6.,1,Hunting Brainsquid
fauna,001DDAE8,Starfield.esm,001DDAE8,PCM_Feynman_Feynman-III_CritterB,Beetle Scavenger,DEFERRED_COMPOSED_FAUNA_C6,CCT composition resolves to Beetle Scavenger; localized component provenance is deferred to Parcel C6.,1,Beetle Scavenger
fauna,001DDAE9,Starfield.esm,001DDAE9,PCM_Feynman_Feynman-III_CritterA,Spikeworm Filterer,DEFERRED_COMPOSED_FAUNA_C6,CCT composition resolves to Spikeworm Filterer; localized component provenance is deferred to Parcel C6.,1,Spikeworm Filterer
fauna,001DDAEA,Starfield.esm,001DDAEA,PCM_Feynman_Feynman-III_PreyB,Beetlecrab Grazer,DEFERRED_COMPOSED_FAUNA_C6,CCT composition resolves to Beetlecrab Grazer; localized component provenance is deferred to Parcel C6.,1,Beetlecrab Grazer
fauna,001DDAEB,Starfield.esm,001DDAEB,PCM_Feynman_Feynman-III_PreyA,Flocking Clawback Herbivore,DEFERRED_COMPOSED_FAUNA_C6,CCT composition resolves to Flocking Clawback Herbivore; localized component provenance is deferred to Parcel C6.,1,Flocking Clawback Herbivore
fauna,001DDAEC,Starfield.esm,001DDAEC,PCM_Feynman_Feynman-III_PredatorB,Hunting Coralbug,DEFERRED_COMPOSED_FAUNA_C6,CCT composition resolves to Hunting Coralbug; localized component provenance is deferred to Parcel C6.,1,Hunting Coralbug
fauna,001DDAED,Starfield.esm,001DDAED,PCM_Feynman_Feynman-III_PredatorA,Pack Clickbeetle,DEFERRED_COMPOSED_FAUNA_C6,CCT composition resolves to Pack Clickbeetle; localized component provenance is deferred to Parcel C6.,1,Pack Clickbeetle
fauna,001DE40D,Starfield.esm,001DE40D,PCM_Groombridge_Groombridge-VIII-a_Critter01,Beetle Grazer,DEFERRED_COMPOSED_FAUNA_C6,CCT composition resolves to Beetle Grazer; localized component provenance is deferred to Parcel C6.,1,Beetle Grazer
fauna,001DE40E,Starfield.esm,001DE40E,PCM_Groombridge_Groombridge-VIII-a_Prey02,Flocking Shroomhead Grazer,DEFERRED_COMPOSED_FAUNA_C6,CCT composition resolves to Flocking Shroomhead Grazer; localized component provenance is deferred to Parcel C6.,1,Flocking Shroomhead Grazer
fauna,001DE40F,Starfield.esm,001DE40F,PCM_Groombridge_Groombridge-VIII-a_Prey01,Herding Longneck Herbivore,DEFERRED_COMPOSED_FAUNA_C6,CCT composition resolves to Herding Longneck Herbivore; localized component provenance is deferred to Parcel C6.,1,Herding Longneck Herbivore
fauna,001DE410,Starfield.esm,001DE410,PCM_Groombridge_Groombridge-VIII-a_Predator02,Hunting Brightcage,DEFERRED_COMPOSED_FAUNA_C6,CCT composition resolves to Hunting Brightcage; localized component provenance is deferred to Parcel C6.,1,Hunting Brightcage
fauna,001DE411,Starfield.esm,001DE411,PCM_Groombridge_Groombridge-VIII-a_Predator01,Pack Tentabeard,DEFERRED_COMPOSED_FAUNA_C6,CCT composition resolves to Pack Tentabeard; localized component provenance is deferred to Parcel C6.,1,Pack Tentabeard
fauna,001DF4F6,Starfield.esm,001DF4F6,PCM_Feynman_Feynman-I_CritterA,Grub Filterer,DEFERRED_COMPOSED_FAUNA_C6,CCT composition resolves to Grub Filterer; localized component provenance is deferred to Parcel C6.,1,Grub Filterer
fauna,001DF4F7,Starfield.esm,001DF4F7,PCM_Feynman_Feynman-I_PreyA,Stonewalker Geophage,DEFERRED_COMPOSED_FAUNA_C6,CCT composition resolves to Stonewalker Geophage; localized component provenance is deferred to Parcel C6.,1,Stonewalker Geophage
fauna,001DF841,Starfield.esm,001DF841,PCM_Fermi_Fermi-VII-a_CritterA,Jellyfin Filterer,DEFERRED_COMPOSED_FAUNA_C6,CCT composition resolves to Jellyfin Filterer; localized component provenance is deferred to Parcel C6.,1,Jellyfin Filterer
fauna,001DF842,Starfield.esm,001DF842,PCM_Fermi_Fermi-VII-a_PreyA,Herding Nautiloos Filterer,DEFERRED_COMPOSED_FAUNA_C6,CCT composition resolves to Herding Nautiloos Filterer; localized component provenance is deferred to Parcel C6.,1,Herding Nautiloos Filterer
fauna,001DF843,Starfield.esm,001DF843,PCM_Fermi_Fermi-VII-a_PredatorA,Pack Sunfish,DEFERRED_COMPOSED_FAUNA_C6,CCT composition resolves to Pack Sunfish; localized component provenance is deferred to Parcel C6.,1,Pack Sunfish
fauna,001DF884,Starfield.esm,001DF884,PCM_Eta-Cassiopeia_Eta-Cassiopeia-IV-a_Critter01,Jackknife Geophage,DEFERRED_COMPOSED_FAUNA_C6,CCT composition resolves to Jackknife Geophage; localized component provenance is deferred to Parcel C6.,1,Jackknife Geophage
fauna,001DF885,Starfield.esm,001DF885,PCM_Eta-Cassiopeia_Eta-Cassiopeia-IV-a_Prey02,Herding Olgreg,DEFERRED_COMPOSED_FAUNA_C6,CCT composition resolves to Herding Olgreg; localized component provenance is deferred to Parcel C6.,1,Herding Olgreg
fauna,001DF886,Starfield.esm,001DF886,PCM_Eta-Cassiopeia_Eta-Cassiopeia-IV-a_Prey01,Herding Vuvuzelisk Geophage,DEFERRED_COMPOSED_FAUNA_C6,CCT composition resolves to Herding Vuvuzelisk Geophage; localized component provenance is deferred to Parcel C6.,1,Herding Vuvuzelisk Geophage
fauna,001DF887,Starfield.esm,001DF887,PCM_Eta-Cassiopeia_Eta-Cassiopeia-IV-a_Predator01,Hunting Raptor,DEFERRED_COMPOSED_FAUNA_C6,CCT composition resolves to Hunting Raptor; localized component provenance is deferred to Parcel C6.,1,Hunting Raptor
fauna,001E064C,Starfield.esm,001E064C,PCM_Fermi_Fermi-III_CritterB,Fingerface Geophage,DEFERRED_COMPOSED_FAUNA_C6,CCT composition resolves to Fingerface Geophage; localized component provenance is deferred to Parcel C6.,1,Fingerface Geophage
fauna,001E064F,Starfield.esm,001E064F,PCM_Fermi_Fermi-III_CritterA,Spaceroach Scavenger,DEFERRED_COMPOSED_FAUNA_C6,CCT composition resolves to Spaceroach Scavenger; localized component provenance is deferred to Parcel C6.,1,Spaceroach Scavenger
fauna,001E069F,Starfield.esm,001E069F,PCM_Fermi_Fermi-III_PreyB,Herding Clawback Scavenger,DEFERRED_COMPOSED_FAUNA_C6,CCT composition resolves to Herding Clawback Scavenger; localized component provenance is deferred to Parcel C6.,1,Herding Clawback Scavenger
fauna,001E06E5,Starfield.esm,001E06E5,PCM_Fermi_Fermi-III_PreyA,Shardhopper Herbivore,DEFERRED_COMPOSED_FAUNA_C6,CCT composition resolves to Shardhopper Herbivore; localized component provenance is deferred to Parcel C6.,1,Shardhopper Herbivore
fauna,001E07A6,Starfield.esm,001E07A6,PCM_Fermi_Fermi-III_PredatorB,Swarming Cockroach,DEFERRED_COMPOSED_FAUNA_C6,CCT composition resolves to Swarming Cockroach; localized component provenance is deferred to Parcel C6.,1,Swarming Cockroach
fauna,001E07AB,Starfield.esm,001E07AB,PCM_Fermi_Fermi-III_PredatorA,Hunting Exorunner,DEFERRED_COMPOSED_FAUNA_C6,CCT composition resolves to Hunting Exorunner; localized component provenance is deferred to Parcel C6.,1,Hunting Exorunner
fauna,001E07BD,Starfield.esm,001E07BD,PCM_Eridani_Eridani-II_CritterB,Pinecone Scavenger,DEFERRED_COMPOSED_FAUNA_C6,CCT composition resolves to Pinecone Scavenger; localized component provenance is deferred to Parcel C6.,1,Pinecone Scavenger
fauna,001E07BE,Starfield.esm,001E07BE,PCM_Eridani_Eridani-II_CritterA,Spaceroach Filterer,DEFERRED_COMPOSED_FAUNA_C6,CCT composition resolves to Spaceroach Filterer; localized component provenance is deferred to Parcel C6.,1,Spaceroach Filterer
fauna,001E07BF,Starfield.esm,001E07BF,PCM_Eridani_Eridani-II_PreyB,Jellyfin Filterer,DEFERRED_COMPOSED_FAUNA_C6,CCT composition resolves to Jellyfin Filterer; localized component provenance is deferred to Parcel C6.,1,Jellyfin Filterer
fauna,001E07C0,Starfield.esm,001E07C0,PCM_Eridani_Eridani-II_PreyA,Herding Vuvuzelisk Grazer,DEFERRED_COMPOSED_FAUNA_C6,CCT composition resolves to Herding Vuvuzelisk Grazer; localized component provenance is deferred to Parcel C6.,1,Herding Vuvuzelisk Grazer
fauna,001E07C1,Starfield.esm,001E07C1,PCM_Eridani_Eridani-II_PredatorB,Hunting Leafstrider,DEFERRED_COMPOSED_FAUNA_C6,CCT composition resolves to Hunting Leafstrider; localized component provenance is deferred to Parcel C6.,1,Hunting Leafstrider
fauna,001E07C2,Starfield.esm,001E07C2,PCM_Eridani_Eridani-II_PredatorA,Hunting Bighorn,DEFERRED_COMPOSED_FAUNA_C6,CCT composition resolves to Hunting Bighorn; localized component provenance is deferred to Parcel C6.,1,Hunting Bighorn
fauna,001E08F4,Starfield.esm,001E08F4,PCM_Eridani_Eridani-IV_CritterA,Beetle Scavenger,DEFERRED_COMPOSED_FAUNA_C6,CCT composition resolves to Beetle Scavenger; localized component provenance is deferred to Parcel C6.,1,Beetle Scavenger
fauna,001E08F5,Starfield.esm,001E08F5,PCM_Eridani_Eridani-IV_PreyA,Herding Roundshell Scavenger,DEFERRED_COMPOSED_FAUNA_C6,CCT composition resolves to Herding Roundshell Scavenger; localized component provenance is deferred to Parcel C6.,1,Herding Roundshell Scavenger
fauna,001E08F6,Starfield.esm,001E08F6,PCM_Eridani_Eridani-IV_PredatorA,Hunting Crab,DEFERRED_COMPOSED_FAUNA_C6,CCT composition resolves to Hunting Crab; localized component provenance is deferred to Parcel C6.,1,Hunting Crab
fauna,001E2614,Starfield.esm,001E2614,PCM_Enlil_EnlilII_CritterB,Fleshleaf Filterer,DEFERRED_COMPOSED_FAUNA_C6,CCT composition resolves to Fleshleaf Filterer; localized component provenance is deferred to Parcel C6.,1,Fleshleaf Filterer
fauna,001E2615,Starfield.esm,001E2615,PCM_Enlil_EnlilII_CritterA,Trilobite Filterer,DEFERRED_COMPOSED_FAUNA_C6,CCT composition resolves to Trilobite Filterer; localized component provenance is deferred to Parcel C6.,1,Trilobite Filterer
fauna,001E2616,Starfield.esm,001E2616,PCM_Enlil_EnlilII_PredatorB,Hunting Spiderwasp Stalker,DEFERRED_COMPOSED_FAUNA_C6,CCT composition resolves to Hunting Spiderwasp Stalker; localized component provenance is deferred to Parcel C6.,1,Hunting Spiderwasp Stalker
fauna,001E2617,Starfield.esm,001E2617,PCM_Enlil_EnlilII_PredatorA,Pack Cagebrain,DEFERRED_COMPOSED_FAUNA_C6,CCT composition resolves to Pack Cagebrain; localized component provenance is deferred to Parcel C6.,1,Pack Cagebrain
fauna,001E2618,Starfield.esm,001E2618,PCM_Enlil_EnlilII_PreyB,Windbag Grazer,DEFERRED_COMPOSED_FAUNA_C6,CCT composition resolves to Windbag Grazer; localized component provenance is deferred to Parcel C6.,1,Windbag Grazer
fauna,001E2619,Starfield.esm,001E2619,PCM_Enlil_EnlilII_PreyA,Crabfly Herbivore,DEFERRED_COMPOSED_FAUNA_C6,CCT composition resolves to Crabfly Herbivore; localized component provenance is deferred to Parcel C6.,1,Crabfly Herbivore
fauna,001E2807,Starfield.esm,001E2807,PCM_Bradbury_Bradbury-IV_Critter01,Coralheart Filterer,DEFERRED_COMPOSED_FAUNA_C6,CCT composition resolves to Coralheart Filterer; localized component provenance is deferred to Parcel C6.,1,Coralheart Filterer
fauna,001E2808,Starfield.esm,001E2808,PCM_Bradbury_Bradbury-IV_Prey02,Herding Stonewalker Geophage,DEFERRED_COMPOSED_FAUNA_C6,CCT composition resolves to Herding Stonewalker Geophage; localized component provenance is deferred to Parcel C6.,1,Herding Stonewalker Geophage
fauna,001E2809,Starfield.esm,001E2809,PCM_Bradbury_Bradbury-IV_Prey01,Herding Rockhound Geophage,DEFERRED_COMPOSED_FAUNA_C6,CCT composition resolves to Herding Rockhound Geophage; localized component provenance is deferred to Parcel C6.,1,Herding Rockhound Geophage
fauna,001E280A,Starfield.esm,001E280A,PCM_Bradbury_Bradbury-IV_Predator01,Swarming Boneback,DEFERRED_COMPOSED_FAUNA_C6,CCT composition resolves to Swarming Boneback; localized component provenance is deferred to Parcel C6.,1,Swarming Boneback
fauna,001E2871,Starfield.esm,001E2871,PCM_Bara_Bara-II-Prey01,Flocking Crab Geophage,DEFERRED_COMPOSED_FAUNA_C6,CCT composition resolves to Flocking Crab Geophage; localized component provenance is deferred to Parcel C6.,1,Flocking Crab Geophage
fauna,001E292B,Starfield.esm,001E292B,PCM_Enlil_Enlil_I_a_CritterA,Snail Geophage,DEFERRED_COMPOSED_FAUNA_C6,CCT composition resolves to Snail Geophage; localized component provenance is deferred to Parcel C6.,1,Snail Geophage
fauna,001E293B,Starfield.esm,001E293B,PCM_Bardeen_Bardeen-V-c_Prey02,Flocking Hippodon Herbivore,DEFERRED_COMPOSED_FAUNA_C6,CCT composition resolves to Flocking Hippodon Herbivore; localized component provenance is deferred to Parcel C6.,1,Flocking Hippodon Herbivore
fauna,001E293C,Starfield.esm,001E293C,PCM_Bardeen_Bardeen-V-c_Critter01,Pinecone Herbivore,DEFERRED_COMPOSED_FAUNA_C6,CCT composition resolves to Pinecone Herbivore; localized component provenance is deferred to Parcel C6.,1,Pinecone Herbivore
fauna,001E293D,Starfield.esm,001E293D,PCM_Bardeen_Bardeen-V-c_Prey01,Herding Vuvuzelisk Herbivore,DEFERRED_COMPOSED_FAUNA_C6,CCT composition resolves to Herding Vuvuzelisk Herbivore; localized component provenance is deferred to Parcel C6.,1,Herding Vuvuzelisk Herbivore
fauna,001E293E,Starfield.esm,001E293E,PCM_Bardeen_Bardeen-V-c_Predator01,Pack Cricket,DEFERRED_COMPOSED_FAUNA_C6,CCT composition resolves to Pack Cricket; localized component provenance is deferred to Parcel C6.,1,Pack Cricket
fauna,001E2948,Starfield.esm,001E2948,PCM_Enlil_Enlil_I_a_PreyA,Anteater Geophage,DEFERRED_COMPOSED_FAUNA_C6,CCT composition resolves to Anteater Geophage; localized component provenance is deferred to Parcel C6.,1,Anteater Geophage
fauna,001E2949,Starfield.esm,001E2949,PCM_Enlil_Enlil_I_a_PredatorA,Hunting Brainsprout,DEFERRED_COMPOSED_FAUNA_C6,CCT composition resolves to Hunting Brainsprout; localized component provenance is deferred to Parcel C6.,1,Hunting Brainsprout
fauna,001E2979,Starfield.esm,001E2979,PCM_Denebola_Denebola_I_b_CritterA,Grabber Filterer,DEFERRED_COMPOSED_FAUNA_C6,CCT composition resolves to Grabber Filterer; localized component provenance is deferred to Parcel C6.,1,Grabber Filterer
fauna,001E2996,Starfield.esm,001E2996,PCM_Denebola_Denebola_I_b_PreyA,Herding Boneback Grazer,DEFERRED_COMPOSED_FAUNA_C6,CCT composition resolves to Herding Boneback Grazer; localized component provenance is deferred to Parcel C6.,1,Herding Boneback Grazer
fauna,001E2997,Starfield.esm,001E2997,PCM_Denebola_Denebola_I_b_PredatorA,Pack Crab,DEFERRED_COMPOSED_FAUNA_C6,CCT composition resolves to Pack Crab; localized component provenance is deferred to Parcel C6.,1,Pack Crab
fauna,001E299E,Starfield.esm,001E299E,PCM_Bara_Bara-III_Critter02,Caterpillar Scavenger,DEFERRED_COMPOSED_FAUNA_C6,CCT composition resolves to Caterpillar Scavenger; localized component provenance is deferred to Parcel C6.,1,Caterpillar Scavenger
fauna,001E299F,Starfield.esm,001E299F,PCM_Bara_Bara-III_Critter01,Beetle Grazer,DEFERRED_COMPOSED_FAUNA_C6,CCT composition resolves to Beetle Grazer; localized component provenance is deferred to Parcel C6.,1,Beetle Grazer
fauna,001E29A0,Starfield.esm,001E29A0,PCM_Bara_Bara-III_Prey03_Swimmer,Shoaling Exowhale Filterer,DEFERRED_COMPOSED_FAUNA_C6,CCT composition resolves to Shoaling Exowhale Filterer; localized component provenance is deferred to Parcel C6.,1,Shoaling Exowhale Filterer
fauna,001E29A1,Starfield.esm,001E29A1,PCM_Bara_Bara-III_Prey02,Herding Leafstrider Filterer,DEFERRED_COMPOSED_FAUNA_C6,CCT composition resolves to Herding Leafstrider Filterer; localized component provenance is deferred to Parcel C6.,1,Herding Leafstrider Filterer
fauna,001E29A2,Starfield.esm,001E29A2,PCM_Bara_Bara-III_Prey01,Flocking Plateskin Grazer,DEFERRED_COMPOSED_FAUNA_C6,CCT composition resolves to Flocking Plateskin Grazer; localized component provenance is deferred to Parcel C6.,1,Flocking Plateskin Grazer
fauna,001E29A3,Starfield.esm,001E29A3,PCM_Bara_Bara-III_Predator02,Pack Crabfly,DEFERRED_COMPOSED_FAUNA_C6,CCT composition resolves to Pack Crabfly; localized component provenance is deferred to Parcel C6.,1,Pack Crabfly
fauna,001E29A4,Starfield.esm,001E29A4,PCM_Bara_Bara-III_Predator01,Hunting Brainsquid,DEFERRED_COMPOSED_FAUNA_C6,CCT composition resolves to Hunting Brainsquid; localized component provenance is deferred to Parcel C6.,1,Hunting Brainsquid
fauna,001E2AC2,Starfield.esm,001E2AC2,PCM_Bradbury_Bradbury-III_Prey02,Crab Scavenger,DEFERRED_COMPOSED_FAUNA_C6,CCT composition resolves to Crab Scavenger; localized component provenance is deferred to Parcel C6.,1,Crab Scavenger
fauna,001E2AC3,Starfield.esm,001E2AC3,PCM_Bradbury_Bradbury-III_Prey01,Herding Trihorn Grazer,DEFERRED_COMPOSED_FAUNA_C6,CCT composition resolves to Herding Trihorn Grazer; localized component provenance is deferred to Parcel C6.,1,Herding Trihorn Grazer
fauna,001E2AC4,Starfield.esm,001E2AC4,PCM_Bradbury_Bradbury-III_Predator02,Hunting Coralcrab,DEFERRED_COMPOSED_FAUNA_C6,CCT composition resolves to Hunting Coralcrab; localized component provenance is deferred to Parcel C6.,1,Hunting Coralcrab
fauna,001E2AC5,Starfield.esm,001E2AC5,PCM_Bradbury_Bradbury-III_Predator01,Pack Cagebrain,DEFERRED_COMPOSED_FAUNA_C6,CCT composition resolves to Pack Cagebrain; localized component provenance is deferred to Parcel C6.,1,Pack Cagebrain
fauna,001E3F36,Starfield.esm,001E3F36,PCM_DeltaVulpes_DeltaVulpesVc_CritterA,Trident Geophage,DEFERRED_COMPOSED_FAUNA_C6,CCT composition resolves to Trident Geophage; localized component provenance is deferred to Parcel C6.,1,Trident Geophage
fauna,001E3F37,Starfield.esm,001E3F37,PCM_DeltaVulpes_DeltaVulpesVc_PreyA,Roundshell Geophage,DEFERRED_COMPOSED_FAUNA_C6,CCT composition resolves to Roundshell Geophage; localized component provenance is deferred to Parcel C6.,1,Roundshell Geophage
fauna,001E3F38,Starfield.esm,001E3F38,PCM_DeltaVulpes_DeltaVulpesVc_PredatorA,Hunting Shieldshell,DEFERRED_COMPOSED_FAUNA_C6,CCT composition resolves to Hunting Shieldshell; localized component provenance is deferred to Parcel C6.,1,Hunting Shieldshell
fauna,001E468A,Starfield.esm,001E468A,PCM_Bolivar_BolivarI_CritterA,Tubule Filterer,DEFERRED_COMPOSED_FAUNA_C6,CCT composition resolves to Tubule Filterer; localized component provenance is deferred to Parcel C6.,1,Tubule Filterer
fauna,001E468B,Starfield.esm,001E468B,PCM_Bolivar_BolivarI_PreyA,Herding Marnokk Scavenger,DEFERRED_COMPOSED_FAUNA_C6,CCT composition resolves to Herding Marnokk Scavenger; localized component provenance is deferred to Parcel C6.,1,Herding Marnokk Scavenger
fauna,001E468C,Starfield.esm,001E468C,PCM_Bolivar_BolivarI_PredatorA,Hunting Brainsquid,DEFERRED_COMPOSED_FAUNA_C6,CCT composition resolves to Hunting Brainsquid; localized component provenance is deferred to Parcel C6.,1,Hunting Brainsquid
fauna,001E46C2,Starfield.esm,001E46C2,PCM_Bohr_BohrII_PredatorA,Swarming Twistfin,DEFERRED_COMPOSED_FAUNA_C6,CCT composition resolves to Swarming Twistfin; localized component provenance is deferred to Parcel C6.,1,Swarming Twistfin
fauna,001E46C3,Starfield.esm,001E46C3,PCM_Bohr_BohrII_CritterB,Coralheart Filterer,DEFERRED_COMPOSED_FAUNA_C6,CCT composition resolves to Coralheart Filterer; localized component provenance is deferred to Parcel C6.,1,Coralheart Filterer
fauna,001E46C4,Starfield.esm,001E46C4,PCM_Bohr_BohrII_CritterA,Thorn Scavenger,DEFERRED_COMPOSED_FAUNA_C6,CCT composition resolves to Thorn Scavenger; localized component provenance is deferred to Parcel C6.,1,Thorn Scavenger
fauna,001E46C5,Starfield.esm,001E46C5,PCM_Bohr_BohrII_PreyB,Crocalypse Grazer,DEFERRED_COMPOSED_FAUNA_C6,CCT composition resolves to Crocalypse Grazer; localized component provenance is deferred to Parcel C6.,1,Crocalypse Grazer
fauna,001E46C6,Starfield.esm,001E46C6,PCM_Bohr_BohrII_PreyA,Lockjaw Grazer,DEFERRED_COMPOSED_FAUNA_C6,CCT composition resolves to Lockjaw Grazer; localized component provenance is deferred to Parcel C6.,1,Lockjaw Grazer
fauna,001E46F7,Starfield.esm,001E46F7,PCM_Beta-Andraste_Beta-Andraste-I-a_Prey01,Flocking Cobalt Filterer,DEFERRED_COMPOSED_FAUNA_C6,CCT composition resolves to Flocking Cobalt Filterer; localized component provenance is deferred to Parcel C6.,1,Flocking Cobalt Filterer
fauna,001E46F8,Starfield.esm,001E46F8,PCM_Beta-Andraste_Beta-Andraste-I-a_Predator01,Swarming Whaleshark,DEFERRED_COMPOSED_FAUNA_C6,CCT composition resolves to Swarming Whaleshark; localized component provenance is deferred to Parcel C6.,1,Swarming Whaleshark
fauna,001E4E95,Starfield.esm,001E4E95,PCM_Bannoc-Prime_Bannoc-Prime-II_Critter01,Coralheart Filterer,DEFERRED_COMPOSED_FAUNA_C6,CCT composition resolves to Coralheart Filterer; localized component provenance is deferred to Parcel C6.,1,Coralheart Filterer
fauna,001E4E96,Starfield.esm,001E4E96,PCM_Bannoc-Prime_Bannoc-Prime-II_Prey02,Herding Coralcrawler Filterer,DEFERRED_COMPOSED_FAUNA_C6,CCT composition resolves to Herding Coralcrawler Filterer; localized component provenance is deferred to Parcel C6.,1,Herding Coralcrawler Filterer
fauna,001E4E97,Starfield.esm,001E4E97,PCM_Bannoc-Prime_Bannoc-Prime-II_Prey01,Herding Coralbug Filterer,DEFERRED_COMPOSED_FAUNA_C6,CCT composition resolves to Herding Coralbug Filterer; localized component provenance is deferred to Parcel C6.,1,Herding Coralbug Filterer
fauna,001E4E98,Starfield.esm,001E4E98,PCM_Bannoc-Prime_Bannoc-Prime-II_Predator01,Swarming Shardhopper,DEFERRED_COMPOSED_FAUNA_C6,CCT composition resolves to Swarming Shardhopper; localized component provenance is deferred to Parcel C6.,1,Swarming Shardhopper
fauna,001E4F5D,Starfield.esm,001E4F5D,PCM_BetaTernion_BetaTernionIII_CritterB,Worm Geophage,DEFERRED_COMPOSED_FAUNA_C6,CCT composition resolves to Worm Geophage; localized component provenance is deferred to Parcel C6.,1,Worm Geophage
fauna,001E4F5E,Starfield.esm,001E4F5E,PCM_BetaTernion_BetaTernionIII_CritterA,Spaceroach Filterer,DEFERRED_COMPOSED_FAUNA_C6,CCT composition resolves to Spaceroach Filterer; localized component provenance is deferred to Parcel C6.,1,Spaceroach Filterer
fauna,001E4F5F,Starfield.esm,001E4F5F,PCM_BetaTernion_BetaTernionIII_PreyA,Herding Vuvuzelisk Grazer,DEFERRED_COMPOSED_FAUNA_C6,CCT composition resolves to Herding Vuvuzelisk Grazer; localized component provenance is deferred to Parcel C6.,1,Herding Vuvuzelisk Grazer
fauna,001E4F60,Starfield.esm,001E4F60,PCM_BetaTernion_BetaTernionIII_PredatorA,Hunting Cricket,DEFERRED_COMPOSED_FAUNA_C6,CCT composition resolves to Hunting Cricket; localized component provenance is deferred to Parcel C6.,1,Hunting Cricket
fauna,001E6680,Starfield.esm,001E6680,PCM_BetaTernion_BetaTernionII_CritterB,Beetle Scavenger,DEFERRED_COMPOSED_FAUNA_C6,CCT composition resolves to Beetle Scavenger; localized component provenance is deferred to Parcel C6.,1,Beetle Scavenger
fauna,001E6681,Starfield.esm,001E6681,PCM_BetaTernion_BetaTernionII_CritterA,Wiggler Scavenger,DEFERRED_COMPOSED_FAUNA_C6,CCT composition resolves to Wiggler Scavenger; localized component provenance is deferred to Parcel C6.,1,Wiggler Scavenger
fauna,001E6682,Starfield.esm,001E6682,PCM_BetaTernion_BetaTernionII_PreyC,Flocking Geckon Scavenger,DEFERRED_COMPOSED_FAUNA_C6,CCT composition resolves to Flocking Geckon Scavenger; localized component provenance is deferred to Parcel C6.,1,Flocking Geckon Scavenger
fauna,001E6683,Starfield.esm,001E6683,PCM_BetaTernion_BetaTernionII_PreyB,Tongueface Herbivore,DEFERRED_COMPOSED_FAUNA_C6,CCT composition resolves to Tongueface Herbivore; localized component provenance is deferred to Parcel C6.,1,Tongueface Herbivore
fauna,001E6684,Starfield.esm,001E6684,PCM_BetaTernion_BetaTernionII_PredatorB,Pack Lionbear,DEFERRED_COMPOSED_FAUNA_C6,CCT composition resolves to Pack Lionbear; localized component provenance is deferred to Parcel C6.,1,Pack Lionbear
fauna,001E6685,Starfield.esm,001E6685,PCM_BetaTernion_BetaTernionII_PreyA,Brainsprout Grazer,DEFERRED_COMPOSED_FAUNA_C6,CCT composition resolves to Brainsprout Grazer; localized component provenance is deferred to Parcel C6.,1,Brainsprout Grazer
fauna,001E6686,Starfield.esm,001E6686,PCM_BetaTernion_BetaTernionII_PredatorA,Hunting Landshark,DEFERRED_COMPOSED_FAUNA_C6,CCT composition resolves to Hunting Landshark; localized component provenance is deferred to Parcel C6.,1,Hunting Landshark
fauna,001E6687,Starfield.esm,001E6687,PCM_BetaTernion_BetaTernionII_PredatorC,Hunting Stonewalker Scavenger,DEFERRED_COMPOSED_FAUNA_C6,CCT composition resolves to Hunting Stonewalker Scavenger; localized component provenance is deferred to Parcel C6.,1,Hunting Stonewalker Scavenger
fauna,001E6688,Starfield.esm,001E6688,PCM_Arcturus_Arcturus-II_Critter01,Jackknife Grazer,DEFERRED_COMPOSED_FAUNA_C6,CCT composition resolves to Jackknife Grazer; localized component provenance is deferred to Parcel C6.,1,Jackknife Grazer
fauna,001E6689,Starfield.esm,001E6689,PCM_Arcturus_Arcturus-II_Prey02,Herding Brainsprout Grazer,DEFERRED_COMPOSED_FAUNA_C6,CCT composition resolves to Herding Brainsprout Grazer; localized component provenance is deferred to Parcel C6.,1,Herding Brainsprout Grazer
fauna,001E668A,Starfield.esm,001E668A,PCM_Arcturus_Arcturus-II_Prey01,Flocking Orchid Scavenger,DEFERRED_COMPOSED_FAUNA_C6,CCT composition resolves to Flocking Orchid Scavenger; localized component provenance is deferred to Parcel C6.,1,Flocking Orchid Scavenger
fauna,001E668B,Starfield.esm,001E668B,PCM_Arcturus_Arcturus-II_Predator01,Hunting Landshark,DEFERRED_COMPOSED_FAUNA_C6,CCT composition resolves to Hunting Landshark; localized component provenance is deferred to Parcel C6.,1,Hunting Landshark
fauna,001E70EF,Starfield.esm,001E70EF,PCM_BetaTernion_BetaTernionI_CritterA,Thorn Filterer,DEFERRED_COMPOSED_FAUNA_C6,CCT composition resolves to Thorn Filterer; localized component provenance is deferred to Parcel C6.,1,Thorn Filterer
fauna,001E70F0,Starfield.esm,001E70F0,PCM_BetaTernion_BetaTernionI_PreyA,Herding Leafback Grazer,DEFERRED_COMPOSED_FAUNA_C6,CCT composition resolves to Herding Leafback Grazer; localized component provenance is deferred to Parcel C6.,1,Herding Leafback Grazer
fauna,001E70F1,Starfield.esm,001E70F1,PCM_BetaTernion_BetaTernionI_PredatorA,Hunting Crab,DEFERRED_COMPOSED_FAUNA_C6,CCT composition resolves to Hunting Crab; localized component provenance is deferred to Parcel C6.,1,Hunting Crab
fauna,001E7100,Starfield.esm,001E7100,PCM_Archimedes_Archimedes-V-a_Critter01,Spaceroach Scavenger,DEFERRED_COMPOSED_FAUNA_C6,CCT composition resolves to Spaceroach Scavenger; localized component provenance is deferred to Parcel C6.,1,Spaceroach Scavenger
fauna,001E7101,Starfield.esm,001E7101,PCM_Archimedes_Archimedes-V-a_Predator04,Hunting Cricket,DEFERRED_COMPOSED_FAUNA_C6,CCT composition resolves to Hunting Cricket; localized component provenance is deferred to Parcel C6.,1,Hunting Cricket
fauna,001E7102,Starfield.esm,001E7102,PCM_Archimedes_Archimedes-V-a_Predator03,Hunting Boneshell,DEFERRED_COMPOSED_FAUNA_C6,CCT composition resolves to Hunting Boneshell; localized component provenance is deferred to Parcel C6.,1,Hunting Boneshell
fauna,001E7103,Starfield.esm,001E7103,PCM_Archimedes_Archimedes-V-a_Predator02,Hunting Crocalypse,DEFERRED_COMPOSED_FAUNA_C6,CCT composition resolves to Hunting Crocalypse; localized component provenance is deferred to Parcel C6.,1,Hunting Crocalypse
fauna,001E7104,Starfield.esm,001E7104,PCM_Archimedes_Archimedes-V-a_Predator01,Hunting Glider,DEFERRED_COMPOSED_FAUNA_C6,CCT composition resolves to Hunting Glider; localized component provenance is deferred to Parcel C6.,1,Hunting Glider
fauna,001E7421,Starfield.esm,001E7421,PCM_CopernicusMinor_CopernicusMinor_I_a_CritterA,Noid Scavenger,DEFERRED_COMPOSED_FAUNA_C6,CCT composition resolves to Noid Scavenger; localized component provenance is deferred to Parcel C6.,1,Noid Scavenger
fauna,001E7422,Starfield.esm,001E7422,PCM_CopernicusMinor_CopernicusMinor_I_a_PreyA,Flocking Exocrawler Geophage,DEFERRED_COMPOSED_FAUNA_C6,CCT composition resolves to Flocking Exocrawler Geophage; localized component provenance is deferred to Parcel C6.,1,Flocking Exocrawler Geophage
fauna,001E7423,Starfield.esm,001E7423,PCM_CopernicusMinor_CopernicusMinor_I_a_PredatorA,Hunting Caterpillar Scavenger,DEFERRED_COMPOSED_FAUNA_C6,CCT composition resolves to Hunting Caterpillar Scavenger; localized component provenance is deferred to Parcel C6.,1,Hunting Caterpillar Scavenger
fauna,001E757A,Starfield.esm,001E757A,PCM_Archimedes_Archimedes-III_Prey04,Herding Lockjaw Scavenger,DEFERRED_COMPOSED_FAUNA_C6,CCT composition resolves to Herding Lockjaw Scavenger; localized component provenance is deferred to Parcel C6.,1,Herding Lockjaw Scavenger
fauna,001E757B,Starfield.esm,001E757B,PCM_Archimedes_Archimedes-III_Critter02,Beetle Scavenger,DEFERRED_COMPOSED_FAUNA_C6,CCT composition resolves to Beetle Scavenger; localized component provenance is deferred to Parcel C6.,1,Beetle Scavenger
fauna,001E757C,Starfield.esm,001E757C,PCM_Archimedes_Archimedes-III_Critter01,Grabber Scavenger,DEFERRED_COMPOSED_FAUNA_C6,CCT composition resolves to Grabber Scavenger; localized component provenance is deferred to Parcel C6.,1,Grabber Scavenger
fauna,001E757D,Starfield.esm,001E757D,PCM_Archimedes_Archimedes-III_Prey03,Flocking Clickbeetle Grazer,DEFERRED_COMPOSED_FAUNA_C6,CCT composition resolves to Flocking Clickbeetle Grazer; localized component provenance is deferred to Parcel C6.,1,Flocking Clickbeetle Grazer
fauna,001E757E,Starfield.esm,001E757E,PCM_Archimedes_Archimedes-III_Predator02,Swarming Maggotmaw,DEFERRED_COMPOSED_FAUNA_C6,CCT composition resolves to Swarming Maggotmaw; localized component provenance is deferred to Parcel C6.,1,Swarming Maggotmaw
fauna,001E757F,Starfield.esm,001E757F,PCM_Archimedes_Archimedes-III_Predator01,Pack Trapmaw,DEFERRED_COMPOSED_FAUNA_C6,CCT composition resolves to Pack Trapmaw; localized component provenance is deferred to Parcel C6.,1,Pack Trapmaw
fauna,001E7580,Starfield.esm,001E7580,PCM_Archimedes_Archimedes-III_Prey02,Flocking Leafbug Grazer,DEFERRED_COMPOSED_FAUNA_C6,CCT composition resolves to Flocking Leafbug Grazer; localized component provenance is deferred to Parcel C6.,1,Flocking Leafbug Grazer
fauna,001E7581,Starfield.esm,001E7581,PCM_Archimedes_Archimedes-III_Prey01,Herding Kelpstrider Herbivore,DEFERRED_COMPOSED_FAUNA_C6,CCT composition resolves to Herding Kelpstrider Herbivore; localized component provenance is deferred to Parcel C6.,1,Herding Kelpstrider Herbivore
fauna,001E798C,Starfield.esm,001E798C,PCM_Copernicus_CopernicusIV_CritterA,Trilobite Geophage,DEFERRED_COMPOSED_FAUNA_C6,CCT composition resolves to Trilobite Geophage; localized component provenance is deferred to Parcel C6.,1,Trilobite Geophage
fauna,001E798D,Starfield.esm,001E798D,PCM_Copernicus_CopernicusIV_PreyA,Cockroach Geophage,DEFERRED_COMPOSED_FAUNA_C6,CCT composition resolves to Cockroach Geophage; localized component provenance is deferred to Parcel C6.,1,Cockroach Geophage
fauna,001E798E,Starfield.esm,001E798E,PCM_Copernicus_CopernicusIV_PredatorA,Hunting Sunflower,DEFERRED_COMPOSED_FAUNA_C6,CCT composition resolves to Hunting Sunflower; localized component provenance is deferred to Parcel C6.,1,Hunting Sunflower
fauna,001E7BA6,Starfield.esm,001E7BA6,PCM_Copernicus_CopernicusIII_CritterA,Coralheart Geophage,DEFERRED_COMPOSED_FAUNA_C6,CCT composition resolves to Coralheart Geophage; localized component provenance is deferred to Parcel C6.,1,Coralheart Geophage
fauna,001E7BA7,Starfield.esm,001E7BA7,PCM_Copernicus_CopernicusIII_PreyA,Lockjaw Grazer,DEFERRED_COMPOSED_FAUNA_C6,CCT composition resolves to Lockjaw Grazer; localized component provenance is deferred to Parcel C6.,1,Lockjaw Grazer
fauna,001E7BA8,Starfield.esm,001E7BA8,PCM_Copernicus_CopernicusIII_PredatorA,Pack Clickbeetle,DEFERRED_COMPOSED_FAUNA_C6,CCT composition resolves to Pack Clickbeetle; localized component provenance is deferred to Parcel C6.,1,Pack Clickbeetle
fauna,001E7E6C,Starfield.esm,001E7E6C,PCM_Copernicus_CopernicusII_CritterB,Grabber Scavenger,DEFERRED_COMPOSED_FAUNA_C6,CCT composition resolves to Grabber Scavenger; localized component provenance is deferred to Parcel C6.,1,Grabber Scavenger
fauna,001E7E6D,Starfield.esm,001E7E6D,PCM_Copernicus_CopernicusII_CritterA,Shroombobber Filterer,DEFERRED_COMPOSED_FAUNA_C6,CCT composition resolves to Shroombobber Filterer; localized component provenance is deferred to Parcel C6.,1,Shroombobber Filterer
fauna,001E7E6E,Starfield.esm,001E7E6E,PCM_Copernicus_CopernicusII_PreyB,Herding Windbag Grazer,DEFERRED_COMPOSED_FAUNA_C6,CCT composition resolves to Herding Windbag Grazer; localized component provenance is deferred to Parcel C6.,1,Herding Windbag Grazer
fauna,001E7E6F,Starfield.esm,001E7E6F,PCM_Copernicus_CopernicusII_PreyA,Triworm Scavenger,DEFERRED_COMPOSED_FAUNA_C6,CCT composition resolves to Triworm Scavenger; localized component provenance is deferred to Parcel C6.,1,Triworm Scavenger
fauna,001E7E70,Starfield.esm,001E7E70,PCM_Copernicus_CopernicusII_PredatorB,Hunting Angler,DEFERRED_COMPOSED_FAUNA_C6,CCT composition resolves to Hunting Angler; localized component provenance is deferred to Parcel C6.,1,Hunting Angler
fauna,001E7E71,Starfield.esm,001E7E71,PCM_Copernicus_CopernicusII_PredatorA,Hunting Cricket Stalker,DEFERRED_COMPOSED_FAUNA_C6,CCT composition resolves to Hunting Cricket Stalker; localized component provenance is deferred to Parcel C6.,1,Hunting Cricket Stalker
fauna,001E7E85,Starfield.esm,001E7E85,PCM_Archimedes_Archimedes-II_Critter01,Tubule Scavenger,DEFERRED_COMPOSED_FAUNA_C6,CCT composition resolves to Tubule Scavenger; localized component provenance is deferred to Parcel C6.,1,Tubule Scavenger
fauna,001E7E86,Starfield.esm,001E7E86,PCM_Archimedes_Archimedes-II_Prey01,Herding Stonewalker Geophage,DEFERRED_COMPOSED_FAUNA_C6,CCT composition resolves to Herding Stonewalker Geophage; localized component provenance is deferred to Parcel C6.,1,Herding Stonewalker Geophage
fauna,001E7E87,Starfield.esm,001E7E87,PCM_Archimedes_Archimedes-II_Predator02,Pack Ankylosaurus,DEFERRED_COMPOSED_FAUNA_C6,CCT composition resolves to Pack Ankylosaurus; localized component provenance is deferred to Parcel C6.,1,Pack Ankylosaurus
fauna,001E7E88,Starfield.esm,001E7E88,PCM_Archimedes_Archimedes-II_Predator01,Apex Exorunner,DEFERRED_COMPOSED_FAUNA_C6,CCT composition resolves to Apex Exorunner; localized component provenance is deferred to Parcel C6.,1,Apex Exorunner
fauna,001E81A3,Starfield.esm,001E81A3,PCM_Decaran_Decaran-I_Critter01,Carasnail Grazer,DEFERRED_COMPOSED_FAUNA_C6,CCT composition resolves to Carasnail Grazer; localized component provenance is deferred to Parcel C6.,1,Carasnail Grazer
fauna,001E81A4,Starfield.esm,001E81A4,PCM_Decaran_Decaran-I_Prey02,Flocking Caterpillar Scavenger,DEFERRED_COMPOSED_FAUNA_C6,CCT composition resolves to Flocking Caterpillar Scavenger; localized component provenance is deferred to Parcel C6.,1,Flocking Caterpillar Scavenger
fauna,001E81A5,Starfield.esm,001E81A5,PCM_Decaran_Decaran-I_Prey01,Herding Crabfly Grazer,DEFERRED_COMPOSED_FAUNA_C6,CCT composition resolves to Herding Crabfly Grazer; localized component provenance is deferred to Parcel C6.,1,Herding Crabfly Grazer
fauna,001E81A6,Starfield.esm,001E81A6,PCM_Decaran_Decaran-I_Predator01,Hunting Cockroach,DEFERRED_COMPOSED_FAUNA_C6,CCT composition resolves to Hunting Cockroach; localized component provenance is deferred to Parcel C6.,1,Hunting Cockroach
fauna,001E9BFC,Starfield.esm,001E9BFC,PCM_Andromas_Andromas-III_Prey03,Herding Nautiloos Filterer,DEFERRED_COMPOSED_FAUNA_C6,CCT composition resolves to Herding Nautiloos Filterer; localized component provenance is deferred to Parcel C6.,1,Herding Nautiloos Filterer
fauna,001E9BFD,Starfield.esm,001E9BFD,PCM_Andromas_Andromas-III_Prey02,Herding Brainblimp Filterer,DEFERRED_COMPOSED_FAUNA_C6,CCT composition resolves to Herding Brainblimp Filterer; localized component provenance is deferred to Parcel C6.,1,Herding Brainblimp Filterer
fauna,001E9BFE,Starfield.esm,001E9BFE,PCM_Andromas_Andromas-III_Critter01,Coralheart Filterer,DEFERRED_COMPOSED_FAUNA_C6,CCT composition resolves to Coralheart Filterer; localized component provenance is deferred to Parcel C6.,1,Coralheart Filterer
fauna,001EA0D7,Starfield.esm,001EA0D7,PCM_Aranae_Aranae-I_Prey01,Herding Wobbleback Geophage,DEFERRED_COMPOSED_FAUNA_C6,CCT composition resolves to Herding Wobbleback Geophage; localized component provenance is deferred to Parcel C6.,1,Herding Wobbleback Geophage
fauna,001EA0D8,Starfield.esm,001EA0D8,PCM_Aranae_Aranae-I_Predator01,Hunting Leafstrider,DEFERRED_COMPOSED_FAUNA_C6,CCT composition resolves to Hunting Leafstrider; localized component provenance is deferred to Parcel C6.,1,Hunting Leafstrider
fauna,001EA2AB,Starfield.esm,001EA2AB,PCM_Andromas_Andromas-II_Critter01,Canard Filterer,DEFERRED_COMPOSED_FAUNA_C6,CCT composition resolves to Canard Filterer; localized component provenance is deferred to Parcel C6.,1,Canard Filterer
fauna,001EA2AC,Starfield.esm,001EA2AC,PCM_Andromas_Andromas-II_Prey02,Herding Snail Grazer,DEFERRED_COMPOSED_FAUNA_C6,CCT composition resolves to Herding Snail Grazer; localized component provenance is deferred to Parcel C6.,1,Herding Snail Grazer
fauna,001EA2AD,Starfield.esm,001EA2AD,PCM_Andromas_Andromas-II_Predator02,Pack Brainsprout,DEFERRED_COMPOSED_FAUNA_C6,CCT composition resolves to Pack Brainsprout; localized component provenance is deferred to Parcel C6.,1,Pack Brainsprout
fauna,001EA2AE,Starfield.esm,001EA2AE,PCM_Andromas_Andromas-II_Prey01,Schooling Seahag Grazer,DEFERRED_COMPOSED_FAUNA_C6,CCT composition resolves to Schooling Seahag Grazer; localized component provenance is deferred to Parcel C6.,1,Schooling Seahag Grazer
fauna,001EA2AF,Starfield.esm,001EA2AF,PCM_Andromas_Andromas-II_Predator01,Hunting Sharkwhale,DEFERRED_COMPOSED_FAUNA_C6,CCT composition resolves to Hunting Sharkwhale; localized component provenance is deferred to Parcel C6.,1,Hunting Sharkwhale
fauna,001EA39D,Starfield.esm,001EA39D,PCM_Alpha-Marae_Alpha-Marae-I_Critter02,Morion Grazer,DEFERRED_COMPOSED_FAUNA_C6,CCT composition resolves to Morion Grazer; localized component provenance is deferred to Parcel C6.,1,Morion Grazer
fauna,001EA39E,Starfield.esm,001EA39E,PCM_Alpha-Marae_Alpha-Marae-I_Critter01,Fingerface Geophage,DEFERRED_COMPOSED_FAUNA_C6,CCT composition resolves to Fingerface Geophage; localized component provenance is deferred to Parcel C6.,1,Fingerface Geophage
fauna,001EB5DE,Starfield.esm,001EB5DE,PCM_Eridani_III_Skimmer,Scepter Filterer,DEFERRED_COMPOSED_FAUNA_C6,CCT composition resolves to Scepter Filterer; localized component provenance is deferred to Parcel C6.,1,Scepter Filterer
fauna,001EB5DF,Starfield.esm,001EB5DF,PCM_Eridani_III_Crawler,Trident Herbivore,DEFERRED_COMPOSED_FAUNA_C6,CCT composition resolves to Trident Herbivore; localized component provenance is deferred to Parcel C6.,1,Trident Herbivore
fauna,001EB5E0,Starfield.esm,001EB5E0,PCM_Eridani_III_PackCharger,Pack Trapmaw,DEFERRED_COMPOSED_FAUNA_C6,CCT composition resolves to Pack Trapmaw; localized component provenance is deferred to Parcel C6.,1,Pack Trapmaw
fauna,001EB631,Starfield.esm,001EB631,PCM_Eridani_III_Hunter,Hunting Coralcrab,DEFERRED_COMPOSED_FAUNA_C6,CCT composition resolves to Hunting Coralcrab; localized component provenance is deferred to Parcel C6.,1,Hunting Coralcrab
fauna,001EB65C,Starfield.esm,001EB65C,PCM_Eridani_III_StalkerLantern,Hunting Vuvuzelisk,DEFERRED_COMPOSED_FAUNA_C6,CCT composition resolves to Hunting Vuvuzelisk; localized component provenance is deferred to Parcel C6.,1,Hunting Vuvuzelisk
fauna,001EB65D,Starfield.esm,001EB65D,PCM_Eridani_III_HerdLurker,Flocking Brightcage Geophage,DEFERRED_COMPOSED_FAUNA_C6,CCT composition resolves to Flocking Brightcage Geophage; localized component provenance is deferred to Parcel C6.,1,Flocking Brightcage Geophage
fauna,001EC761,Starfield.esm,001EC761,PCM_Cheyenne_Codos_CritterA,Beetle Geophage,DEFERRED_COMPOSED_FAUNA_C6,CCT composition resolves to Beetle Geophage; localized component provenance is deferred to Parcel C6.,1,Beetle Geophage
fauna,001EC762,Starfield.esm,001EC762,PCM_Cheyenne_Codos_PreyA,Flocking Hornface Grazer,DEFERRED_COMPOSED_FAUNA_C6,CCT composition resolves to Flocking Hornface Grazer; localized component provenance is deferred to Parcel C6.,1,Flocking Hornface Grazer
fauna,001EC763,Starfield.esm,001EC763,PCM_Cheyenne_Codos_PredatorA,Hunting Boneshell,DEFERRED_COMPOSED_FAUNA_C6,CCT composition resolves to Hunting Boneshell; localized component provenance is deferred to Parcel C6.,1,Hunting Boneshell
fauna,001EC782,Starfield.esm,001EC782,PCM_Charybdis_CharybdisIII_PreyB,Grub Grazer,DEFERRED_COMPOSED_FAUNA_C6,CCT composition resolves to Grub Grazer; localized component provenance is deferred to Parcel C6.,1,Grub Grazer
fauna,001EC783,Starfield.esm,001EC783,PCM_Charybdis_CharybdisIII_PreyA,Flocking Scorpion Scavenger,DEFERRED_COMPOSED_FAUNA_C6,CCT composition resolves to Flocking Scorpion Scavenger; localized component provenance is deferred to Parcel C6.,1,Flocking Scorpion Scavenger
fauna,001EC784,Starfield.esm,001EC784,PCM_Charybdis_CharybdisIII_PredatorB,Swarming Glider,DEFERRED_COMPOSED_FAUNA_C6,CCT composition resolves to Swarming Glider; localized component provenance is deferred to Parcel C6.,1,Swarming Glider
fauna,001EC785,Starfield.esm,001EC785,PCM_Charybdis_CharybdisIII_PredatorA,Pack Cephalopod,DEFERRED_COMPOSED_FAUNA_C6,CCT composition resolves to Pack Cephalopod; localized component provenance is deferred to Parcel C6.,1,Pack Cephalopod
fauna,001EC786,Starfield.esm,001EC786,PCM_Charybdis_CharybdisIII_PredatorC_Swimmer,Hunting Skullface,DEFERRED_COMPOSED_FAUNA_C6,CCT composition resolves to Hunting Skullface; localized component provenance is deferred to Parcel C6.,1,Hunting Skullface
fauna,001EC787,Starfield.esm,001EC787,PCM_Charybdis_CharybdisIII_CritterA,Spaceroach Grazer,DEFERRED_COMPOSED_FAUNA_C6,CCT composition resolves to Spaceroach Grazer; localized component provenance is deferred to Parcel C6.,1,Spaceroach Grazer
fauna,001ECFD8,Starfield.esm,001ECFD8,PCM_Altair-II_Critter01,Centiskull Geophage,DEFERRED_COMPOSED_FAUNA_C6,CCT composition resolves to Centiskull Geophage; localized component provenance is deferred to Parcel C6.,1,Centiskull Geophage
fauna,001ECFD9,Starfield.esm,001ECFD9,PCM_Altair-II_Prey01,Herding Sunflower Filterer,DEFERRED_COMPOSED_FAUNA_C6,CCT composition resolves to Herding Sunflower Filterer; localized component provenance is deferred to Parcel C6.,1,Herding Sunflower Filterer
fauna,001ECFDA,Starfield.esm,001ECFDA,PCM_Altair-II_Predator01,Hunting Brightcage,DEFERRED_COMPOSED_FAUNA_C6,CCT composition resolves to Hunting Brightcage; localized component provenance is deferred to Parcel C6.,1,Hunting Brightcage
fauna,001ED081,Starfield.esm,001ED081,PCM_BetaTernion_BetaTernionII_CritterC_Flyer,Glider Scavenger,DEFERRED_COMPOSED_FAUNA_C6,CCT composition resolves to Glider Scavenger; localized component provenance is deferred to Parcel C6.,1,Glider Scavenger
fauna,001ED082,Starfield.esm,001ED082,PCM_Bohr_BohrII_CritterC_Flyer,Parrothawk Filterer,DEFERRED_COMPOSED_FAUNA_C6,CCT composition resolves to Parrothawk Filterer; localized component provenance is deferred to Parcel C6.,1,Parrothawk Filterer
fauna,001ED083,Starfield.esm,001ED083,PCM_Bradbury_Bradbury-III_Critter01_Floater,Eggsac Scavenger,DEFERRED_COMPOSED_FAUNA_C6,CCT composition resolves to Eggsac Scavenger; localized component provenance is deferred to Parcel C6.,1,Eggsac Scavenger
fauna,001ED084,Starfield.esm,001ED084,PCM_Charybdis_CharybdisIII_CritterB_Flyer,Ghost Grazer,DEFERRED_COMPOSED_FAUNA_C6,CCT composition resolves to Ghost Grazer; localized component provenance is deferred to Parcel C6.,1,Ghost Grazer
fauna,001ED085,Starfield.esm,001ED085,PCM_Copernicus_CopernicusII_PreyC_Swimmer,Herding Lionfish Grazer,DEFERRED_COMPOSED_FAUNA_C6,CCT composition resolves to Herding Lionfish Grazer; localized component provenance is deferred to Parcel C6.,1,Herding Lionfish Grazer
fauna,001ED086,Starfield.esm,001ED086,PCM_Copernicus_CopernicusIV_CritterB_Floater,Gossamer Filterer,DEFERRED_COMPOSED_FAUNA_C6,CCT composition resolves to Gossamer Filterer; localized component provenance is deferred to Parcel C6.,1,Gossamer Filterer
fauna,001ED149,Starfield.esm,001ED149,PCM_Al-Battani_Al-Battani-II_Prey03_Swimmer,Herding Sentinel Filterer,DEFERRED_COMPOSED_FAUNA_C6,CCT composition resolves to Herding Sentinel Filterer; localized component provenance is deferred to Parcel C6.,1,Herding Sentinel Filterer
fauna,001ED14A,Starfield.esm,001ED14A,PCM_Al-Battani_Al-Battani-II_Prey02,Herding Scoopback Geophage,DEFERRED_COMPOSED_FAUNA_C6,CCT composition resolves to Herding Scoopback Geophage; localized component provenance is deferred to Parcel C6.,1,Herding Scoopback Geophage
fauna,001ED14B,Starfield.esm,001ED14B,PCM_Al-Battani_Al-Battani-II_Prey01,Flocking Nautiloos Filterer,DEFERRED_COMPOSED_FAUNA_C6,CCT composition resolves to Flocking Nautiloos Filterer; localized component provenance is deferred to Parcel C6.,1,Flocking Nautiloos Filterer
fauna,001ED14C,Starfield.esm,001ED14C,PCM_Al-Battani_Al-Battani-II_Predator02,Pack Dragondon,DEFERRED_COMPOSED_FAUNA_C6,CCT composition resolves to Pack Dragondon; localized component provenance is deferred to Parcel C6.,1,Pack Dragondon
fauna,001ED14D,Starfield.esm,001ED14D,PCM_Al-Battani_Al-Battani-II_Predator01,Pack Cranehopper,DEFERRED_COMPOSED_FAUNA_C6,CCT composition resolves to Pack Cranehopper; localized component provenance is deferred to Parcel C6.,1,Pack Cranehopper
fauna,001ED14E,Starfield.esm,001ED14E,PCM_Al-Battani_Al-Battani-II_Critter02,Beetle Scavenger,DEFERRED_COMPOSED_FAUNA_C6,CCT composition resolves to Beetle Scavenger; localized component provenance is deferred to Parcel C6.,1,Beetle Scavenger
fauna,001ED14F,Starfield.esm,001ED14F,PCM_Al-Battani_Al-Battani-II_Critter01,Spaceroach Geophage,DEFERRED_COMPOSED_FAUNA_C6,CCT composition resolves to Spaceroach Geophage; localized component provenance is deferred to Parcel C6.,1,Spaceroach Geophage
fauna,001EDF4B,Starfield.esm,001EDF4B,PCM_Algorab_Algorab-III-B_Critter01,Trilobite Filterer,DEFERRED_COMPOSED_FAUNA_C6,CCT composition resolves to Trilobite Filterer; localized component provenance is deferred to Parcel C6.,1,Trilobite Filterer
fauna,001EDF4C,Starfield.esm,001EDF4C,PCM_Algorab_Algorab-III-B_Critter02,Centiskull Grazer,DEFERRED_COMPOSED_FAUNA_C6,CCT composition resolves to Centiskull Grazer; localized component provenance is deferred to Parcel C6.,1,Centiskull Grazer
fauna,001EDF4D,Starfield.esm,001EDF4D,PCM_Algorab_Algorab-III-B_Prey02,Scorpion Grazer,DEFERRED_COMPOSED_FAUNA_C6,CCT composition resolves to Scorpion Grazer; localized component provenance is deferred to Parcel C6.,1,Scorpion Grazer
fauna,001EDF4E,Starfield.esm,001EDF4E,PCM_Algorab_Algorab-III-B_Prey01,Worm Scavenger,DEFERRED_COMPOSED_FAUNA_C6,CCT composition resolves to Worm Scavenger; localized component provenance is deferred to Parcel C6.,1,Worm Scavenger
fauna,001EDF4F,Starfield.esm,001EDF4F,PCM_Algorab_Algorab-III-B_Predator01,Hunting Exocrawler,DEFERRED_COMPOSED_FAUNA_C6,CCT composition resolves to Hunting Exocrawler; localized component provenance is deferred to Parcel C6.,1,Hunting Exocrawler
fauna,001EE4D5,Starfield.esm,001EE4D5,PCM_Celebrai_Celebrai-II_Critter03,Trident Filterer,DEFERRED_COMPOSED_FAUNA_C6,CCT composition resolves to Trident Filterer; localized component provenance is deferred to Parcel C6.,1,Trident Filterer
fauna,001EE4DC,Starfield.esm,001EE4DC,PCM_Celebrai_Celebrai-II_Critter02,Spikeworm Herbivore,DEFERRED_COMPOSED_FAUNA_C6,CCT composition resolves to Spikeworm Herbivore; localized component provenance is deferred to Parcel C6.,1,Spikeworm Herbivore
fauna,001EE5B1,Starfield.esm,001EE5B1,PCM_Celebrai_Celebrai-II_Critter01,Thorn Grazer,DEFERRED_COMPOSED_FAUNA_C6,CCT composition resolves to Thorn Grazer; localized component provenance is deferred to Parcel C6.,1,Thorn Grazer
fauna,001EE81A,Starfield.esm,001EE81A,PCM_Celebrai_Celebrai-II_Prey03,Longhorn Grazer,DEFERRED_COMPOSED_FAUNA_C6,CCT composition resolves to Longhorn Grazer; localized component provenance is deferred to Parcel C6.,1,Longhorn Grazer
fauna,001EE81B,Starfield.esm,001EE81B,PCM_Celebrai_Celebrai-II_Predator02,Hunting Leafback,DEFERRED_COMPOSED_FAUNA_C6,CCT composition resolves to Hunting Leafback; localized component provenance is deferred to Parcel C6.,1,Hunting Leafback
fauna,001EE81C,Starfield.esm,001EE81C,PCM_Celebrai_Celebrai-II_Predator01,Pack Lionbear,DEFERRED_COMPOSED_FAUNA_C6,CCT composition resolves to Pack Lionbear; localized component provenance is deferred to Parcel C6.,1,Pack Lionbear
fauna,001EE81D,Starfield.esm,001EE81D,PCM_Celebrai_Celebrai-II_Prey01,Flocking Roundshell Grazer,DEFERRED_COMPOSED_FAUNA_C6,CCT composition resolves to Flocking Roundshell Grazer; localized component provenance is deferred to Parcel C6.,1,Flocking Roundshell Grazer
fauna,001EE88E,Starfield.esm,001EE88E,PCM_Algorab_Algorab-II_Critter02,Thorn Scavenger,DEFERRED_COMPOSED_FAUNA_C6,CCT composition resolves to Thorn Scavenger; localized component provenance is deferred to Parcel C6.,1,Thorn Scavenger
fauna,001EE88F,Starfield.esm,001EE88F,PCM_Algorab_Algorab-II_Critter01,Grabber Grazer,DEFERRED_COMPOSED_FAUNA_C6,CCT composition resolves to Grabber Grazer; localized component provenance is deferred to Parcel C6.,1,Grabber Grazer
fauna,001EE890,Starfield.esm,001EE890,PCM_Algorab_Algorab-II_Prey02,Herding Blistercrab Scavenger,DEFERRED_COMPOSED_FAUNA_C6,CCT composition resolves to Herding Blistercrab Scavenger; localized component provenance is deferred to Parcel C6.,1,Herding Blistercrab Scavenger
fauna,001EE891,Starfield.esm,001EE891,PCM_Algorab_Algorab-II_Prey01,Herding Leecher Grazer,DEFERRED_COMPOSED_FAUNA_C6,CCT composition resolves to Herding Leecher Grazer; localized component provenance is deferred to Parcel C6.,1,Herding Leecher Grazer
fauna,001EE892,Starfield.esm,001EE892,PCM_Algorab_Algorab-II_Predator01,Hunting Octomaggot,DEFERRED_COMPOSED_FAUNA_C6,CCT composition resolves to Hunting Octomaggot; localized component provenance is deferred to Parcel C6.,1,Hunting Octomaggot
fauna,001EE893,Starfield.esm,001EE893,PCM_Bel_BelII_CritterB,Drone Filterer,DEFERRED_COMPOSED_FAUNA_C6,CCT composition resolves to Drone Filterer; localized component provenance is deferred to Parcel C6.,1,Drone Filterer
fauna,001EE894,Starfield.esm,001EE894,PCM_Bel_BelII_CritterA,Grabber Grazer,DEFERRED_COMPOSED_FAUNA_C6,CCT composition resolves to Grabber Grazer; localized component provenance is deferred to Parcel C6.,1,Grabber Grazer
fauna,001EE895,Starfield.esm,001EE895,PCM_Bel_BelII_PreyB,Herding Seabat Grazer,DEFERRED_COMPOSED_FAUNA_C6,CCT composition resolves to Herding Seabat Grazer; localized component provenance is deferred to Parcel C6.,1,Herding Seabat Grazer
fauna,001EE896,Starfield.esm,001EE896,PCM_Bel_BelII_PreyA,Herding Bonemane Herbivore,DEFERRED_COMPOSED_FAUNA_C6,CCT composition resolves to Herding Bonemane Herbivore; localized component provenance is deferred to Parcel C6.,1,Herding Bonemane Herbivore
fauna,001EE897,Starfield.esm,001EE897,PCM_Bel_BelII_PredatorA,Hunting Trihorn,DEFERRED_COMPOSED_FAUNA_C6,CCT composition resolves to Hunting Trihorn; localized component provenance is deferred to Parcel C6.,1,Hunting Trihorn
fauna,001EEEC0,Starfield.esm,001EEEC0,PCM_AlphaAndraste_AlphaAndrasteIII_Critter03,Trident Scavenger,DEFERRED_COMPOSED_FAUNA_C6,CCT composition resolves to Trident Scavenger; localized component provenance is deferred to Parcel C6.,1,Trident Scavenger
fauna,001EEEC1,Starfield.esm,001EEEC1,PCM_AlphaAndraste_AlphaAndrasteIII_Critter02,Jackknife Grazer,DEFERRED_COMPOSED_FAUNA_C6,CCT composition resolves to Jackknife Grazer; localized component provenance is deferred to Parcel C6.,1,Jackknife Grazer
fauna,001EEEC2,Starfield.esm,001EEEC2,PCM_AlphaAndraste_AlphaAndrasteIII_Critter01,Beetle Geophage,DEFERRED_COMPOSED_FAUNA_C6,CCT composition resolves to Beetle Geophage; localized component provenance is deferred to Parcel C6.,1,Beetle Geophage
fauna,001EF053,Starfield.esm,001EF053,PCM_Bel_BelI_CritterC,Spaceroach Grazer,DEFERRED_COMPOSED_FAUNA_C6,CCT composition resolves to Spaceroach Grazer; localized component provenance is deferred to Parcel C6.,1,Spaceroach Grazer
fauna,001EF054,Starfield.esm,001EF054,PCM_Bel_BelI_CritterA,Flamethorn Grazer,DEFERRED_COMPOSED_FAUNA_C6,CCT composition resolves to Flamethorn Grazer; localized component provenance is deferred to Parcel C6.,1,Flamethorn Grazer
fauna,001EF055,Starfield.esm,001EF055,PCM_Bel_BelI_CritterB,Gossamer Filterer,DEFERRED_COMPOSED_FAUNA_C6,CCT composition resolves to Gossamer Filterer; localized component provenance is deferred to Parcel C6.,1,Gossamer Filterer
fauna,001EF056,Starfield.esm,001EF056,PCM_Bel_BelI_PreyB,Herding Horsamander Geophage,DEFERRED_COMPOSED_FAUNA_C6,CCT composition resolves to Herding Horsamander Geophage; localized component provenance is deferred to Parcel C6.,1,Herding Horsamander Geophage
fauna,001EF057,Starfield.esm,001EF057,PCM_Bel_BelI_PreyA,Herding Octomaggot Filterer,DEFERRED_COMPOSED_FAUNA_C6,CCT composition resolves to Herding Octomaggot Filterer; localized component provenance is deferred to Parcel C6.,1,Herding Octomaggot Filterer
fauna,001EF058,Starfield.esm,001EF058,PCM_Bel_BelI_PredatorC,Hunting Crab Scavenger,DEFERRED_COMPOSED_FAUNA_C6,CCT composition resolves to Hunting Crab Scavenger; localized component provenance is deferred to Parcel C6.,1,Hunting Crab Scavenger
fauna,001EF059,Starfield.esm,001EF059,PCM_Bel_BelI_PredatorB,Pack Exocrawler Scavenger,DEFERRED_COMPOSED_FAUNA_C6,CCT composition resolves to Pack Exocrawler Scavenger; localized component provenance is deferred to Parcel C6.,1,Pack Exocrawler Scavenger
fauna,001EF5E6,Starfield.esm,001EF5E6,PCM_AlphaAndraste_AlphaAndrasteIII_Predator04,Pack Trapmaw,DEFERRED_COMPOSED_FAUNA_C6,CCT composition resolves to Pack Trapmaw; localized component provenance is deferred to Parcel C6.,1,Pack Trapmaw
fauna,001EF5E7,Starfield.esm,001EF5E7,PCM_AlphaAndraste_AlphaAndrasteIII_Predator03,Hunting Clickbeetle Scavenger,DEFERRED_COMPOSED_FAUNA_C6,CCT composition resolves to Hunting Clickbeetle Scavenger; localized component provenance is deferred to Parcel C6.,1,Hunting Clickbeetle Scavenger
fauna,001EF5E8,Starfield.esm,001EF5E8,PCM_AlphaAndraste_AlphaAndrasteIII_Predator02,Pack Lionbear,DEFERRED_COMPOSED_FAUNA_C6,CCT composition resolves to Pack Lionbear; localized component provenance is deferred to Parcel C6.,1,Pack Lionbear
fauna,001EF5E9,Starfield.esm,001EF5E9,PCM_AlphaAndraste_AlphaAndrasteIII_Prey04,Herding Trihorn Grazer,DEFERRED_COMPOSED_FAUNA_C6,CCT composition resolves to Herding Trihorn Grazer; localized component provenance is deferred to Parcel C6.,1,Herding Trihorn Grazer
fauna,001EF5EA,Starfield.esm,001EF5EA,PCM_AlphaAndraste_AlphaAndrasteIII_Prey02,Lockjaw Grazer,DEFERRED_COMPOSED_FAUNA_C6,CCT composition resolves to Lockjaw Grazer; localized component provenance is deferred to Parcel C6.,1,Lockjaw Grazer
fauna,001EF5EB,Starfield.esm,001EF5EB,PCM_AlphaAndraste_AlphaAndrasteIII_Prey03,Flocking Leafback Grazer,DEFERRED_COMPOSED_FAUNA_C6,CCT composition resolves to Flocking Leafback Grazer; localized component provenance is deferred to Parcel C6.,1,Flocking Leafback Grazer
fauna,001EFDAE,Starfield.esm,001EFDAE,PCM_AlphaAndraste_AlphaAndrasteIII_Prey01,Twintail Herbivore,DEFERRED_COMPOSED_FAUNA_C6,CCT composition resolves to Twintail Herbivore; localized component provenance is deferred to Parcel C6.,1,Twintail Herbivore
fauna,001EFFAA,Starfield.esm,001EFFAA,PCM_Celebrai_Celebrai-II_Prey02,Horsamander Grazer,DEFERRED_COMPOSED_FAUNA_C6,CCT composition resolves to Horsamander Grazer; localized component provenance is deferred to Parcel C6.,1,Horsamander Grazer
fauna,001F0056,Starfield.esm,001F0056,PCM_AlphaAndraste_AlphaAndrasteIII_Predator01_TankBeetle,Pack Longhorn,DEFERRED_COMPOSED_FAUNA_C6,CCT composition resolves to Pack Longhorn; localized component provenance is deferred to Parcel C6.,1,Pack Longhorn
fauna,001F0057,Starfield.esm,001F0057,PCM_Bel_BelI_PredatorA,Hunting Trapmaw,DEFERRED_COMPOSED_FAUNA_C6,CCT composition resolves to Hunting Trapmaw; localized component provenance is deferred to Parcel C6.,1,Hunting Trapmaw
fauna,001F7668,Starfield.esm,001F7668,PCM_Denebola_Denebola_I_b_CritterB_Floater,Pearl Filterer,DEFERRED_COMPOSED_FAUNA_C6,CCT composition resolves to Pearl Filterer; localized component provenance is deferred to Parcel C6.,1,Pearl Filterer
fauna,001F7669,Starfield.esm,001F7669,PCM_Denebola_Denebola_I_b_PreyB_Swimmer,Herding Fluke Filterer,DEFERRED_COMPOSED_FAUNA_C6,CCT composition resolves to Herding Fluke Filterer; localized component provenance is deferred to Parcel C6.,1,Herding Fluke Filterer
fauna,001F766A,Starfield.esm,001F766A,PCM_Eridani_Eridani-II_CritterC_Flyer,Glider Scavenger,DEFERRED_COMPOSED_FAUNA_C6,CCT composition resolves to Glider Scavenger; localized component provenance is deferred to Parcel C6.,1,Glider Scavenger
fauna,001F766B,Starfield.esm,001F766B,PCM_Fermi_Fermi-III_PreyC_Swimmer,Schooling Kronosaurus Scavenger,DEFERRED_COMPOSED_FAUNA_C6,CCT composition resolves to Schooling Kronosaurus Scavenger; localized component provenance is deferred to Parcel C6.,1,Schooling Kronosaurus Scavenger
fauna,001F766C,Starfield.esm,001F766C,PCM_Fermi_Fermi-III_CritterC_Flyer,Vampire Geophage,DEFERRED_COMPOSED_FAUNA_C6,CCT composition resolves to Vampire Geophage; localized component provenance is deferred to Parcel C6.,1,Vampire Geophage
fauna,001F766D,Starfield.esm,001F766D,PCM_Feynman_Feynman-III_CritterC_Floater,Spore Filterer,DEFERRED_COMPOSED_FAUNA_C6,CCT composition resolves to Spore Filterer; localized component provenance is deferred to Parcel C6.,1,Spore Filterer
fauna,001F766E,Starfield.esm,001F766E,PCM_Huygens_Huygens-III_PreyD_Swimmer,Schooling Arapaima Scavenger,DEFERRED_COMPOSED_FAUNA_C6,CCT composition resolves to Schooling Arapaima Scavenger; localized component provenance is deferred to Parcel C6.,1,Schooling Arapaima Scavenger
fauna,001F766F,Starfield.esm,001F766F,PCM_Huygens_Huygens-III_CritterC_Floater,Puffball Filterer,DEFERRED_COMPOSED_FAUNA_C6,CCT composition resolves to Puffball Filterer; localized component provenance is deferred to Parcel C6.,1,Puffball Filterer
fauna,001F7670,Starfield.esm,001F7670,PCM_Gamma-Vulpes_Gamma-Vulpes-I_PreyD_Swimmer,Herding Lionfish Filterer,DEFERRED_COMPOSED_FAUNA_C6,CCT composition resolves to Herding Lionfish Filterer; localized component provenance is deferred to Parcel C6.,1,Herding Lionfish Filterer
fauna,001F7671,Starfield.esm,001F7671,PCM_Gamma-Vulpes_Gamma-Vulpes-II-a_PreyC_Swimmer,Schooling Kronosaurus Grazer,DEFERRED_COMPOSED_FAUNA_C6,CCT composition resolves to Schooling Kronosaurus Grazer; localized component provenance is deferred to Parcel C6.,1,Schooling Kronosaurus Grazer
fauna,002025D3,Starfield.esm,002025D3,PCM_Hawking_Hawking-I_Prey04_Swimmer,Herding Mayfly Scavenger,DEFERRED_COMPOSED_FAUNA_C6,CCT composition resolves to Herding Mayfly Scavenger; localized component provenance is deferred to Parcel C6.,1,Herding Mayfly Scavenger
fauna,002025D5,Starfield.esm,002025D5,PCM_Heinlein_Heinlein-VI-a_Prey02_Swimmer,Schooling Kronosaurus Filterer,DEFERRED_COMPOSED_FAUNA_C6,CCT composition resolves to Schooling Kronosaurus Filterer; localized component provenance is deferred to Parcel C6.,1,Schooling Kronosaurus Filterer
fauna,002025D6,Starfield.esm,002025D6,PCM_Guniibuu_Guniibuu-II_Prey04_Swimmer,Schooling Lurefish Scavenger,DEFERRED_COMPOSED_FAUNA_C6,CCT composition resolves to Schooling Lurefish Scavenger; localized component provenance is deferred to Parcel C6.,1,Schooling Lurefish Scavenger
fauna,002025D7,Starfield.esm,002025D7,PCM_Huygens_Huygens-VII-b_PreyB_Swimmer,Flocking Canard Filterer,DEFERRED_COMPOSED_FAUNA_C6,CCT composition resolves to Flocking Canard Filterer; localized component provenance is deferred to Parcel C6.,1,Flocking Canard Filterer
fauna,002025D8,Starfield.esm,002025D8,PCM_Heisenberg_Heisenberg-II_PreyC_Swimmer,Herding Flapwheel Grazer,DEFERRED_COMPOSED_FAUNA_C6,CCT composition resolves to Herding Flapwheel Grazer; localized component provenance is deferred to Parcel C6.,1,Herding Flapwheel Grazer
fauna,002025D9,Starfield.esm,002025D9,PCM_Indum_Indum-II_Prey02_Swimmer,Schooling Sawhead Grazer,DEFERRED_COMPOSED_FAUNA_C6,CCT composition resolves to Schooling Sawhead Grazer; localized component provenance is deferred to Parcel C6.,1,Schooling Sawhead Grazer
fauna,002025DA,Starfield.esm,002025DA,PCM_Ixyll_Ixyll-III-b_Prey03_Swimmer,Schooling Sharkwhale Scavenger,DEFERRED_COMPOSED_FAUNA_C6,CCT composition resolves to Schooling Sharkwhale Scavenger; localized component provenance is deferred to Parcel C6.,1,Schooling Sharkwhale Scavenger
fauna,002025DB,Starfield.esm,002025DB,PCM_Jaffa_Jaffa-II_Critter02_Flyer,Saturnine Filterer,DEFERRED_COMPOSED_FAUNA_C6,CCT composition resolves to Saturnine Filterer; localized component provenance is deferred to Parcel C6.,1,Saturnine Filterer
fauna,002025DC,Starfield.esm,002025DC,PCM_Nirah_Kazaal_Prey03_Flyer,Herding Boneglider Filterer,DEFERRED_COMPOSED_FAUNA_C6,CCT composition resolves to Herding Boneglider Filterer; localized component provenance is deferred to Parcel C6.,1,Herding Boneglider Filterer
fauna,002025E1,Starfield.esm,002025E1,PCM_Kang_Kang-III_Critter01_Flyer,Glider Filterer,DEFERRED_COMPOSED_FAUNA_C6,CCT composition resolves to Glider Filterer; localized component provenance is deferred to Parcel C6.,1,Glider Filterer
fauna,00221DBD,Starfield.esm,00221DBD,PCM_Shoza_Shoza-III_Prey04_Swimmer,Schooling Paddlefish Grazer,DEFERRED_COMPOSED_FAUNA_C6,CCT composition resolves to Schooling Paddlefish Grazer; localized component provenance is deferred to Parcel C6.,1,Schooling Paddlefish Grazer
fauna,00221DBE,Starfield.esm,00221DBE,PCM_Sparta_Sparta-IV_Prey03_Swimmer,Schooling Sawhead Grazer,DEFERRED_COMPOSED_FAUNA_C6,CCT composition resolves to Schooling Sawhead Grazer; localized component provenance is deferred to Parcel C6.,1,Schooling Sawhead Grazer
fauna,00221DBF,Starfield.esm,00221DBF,PCM_Syrma_Syrma-IV_Prey02_Swimmer,Schooling Lurefish Scavenger,DEFERRED_COMPOSED_FAUNA_C6,CCT composition resolves to Schooling Lurefish Scavenger; localized component provenance is deferred to Parcel C6.,1,Schooling Lurefish Scavenger
fauna,00221DC0,Starfield.esm,00221DC0,PCM_Syrma_Syrma-IV_Predator02_Swimmer,Pack Skullface,DEFERRED_COMPOSED_FAUNA_C6,CCT composition resolves to Pack Skullface; localized component provenance is deferred to Parcel C6.,1,Pack Skullface
fauna,00221DC1,Starfield.esm,00221DC1,PCM_Syrma_Syrma-VII-A_Prey02_Swimmer,Herding Stingray Grazer,DEFERRED_COMPOSED_FAUNA_C6,CCT composition resolves to Herding Stingray Grazer; localized component provenance is deferred to Parcel C6.,1,Herding Stingray Grazer
fauna,00221DC2,Starfield.esm,00221DC2,PCM_Tau-Ceti_Tau-Ceti-VIII-B_Critter03_Flyer,Mayfly Filterer,DEFERRED_COMPOSED_FAUNA_C6,CCT composition resolves to Mayfly Filterer; localized component provenance is deferred to Parcel C6.,1,Mayfly Filterer
fauna,00221DC3,Starfield.esm,00221DC3,PCM_Tidacha_Tidacha-I_Critter03_Flyer,Mothwing Grazer,DEFERRED_COMPOSED_FAUNA_C6,CCT composition resolves to Mothwing Grazer; localized component provenance is deferred to Parcel C6.,1,Mothwing Grazer
fauna,00221DC4,Starfield.esm,00221DC4,PCM_Ursae-Minoris_Ursa-Minor-II_Critter02_Floater,Puffball Filterer,DEFERRED_COMPOSED_FAUNA_C6,CCT composition resolves to Puffball Filterer; localized component provenance is deferred to Parcel C6.,1,Puffball Filterer
fauna,00221DC6,Starfield.esm,00221DC6,PCM_Alpha-Tirna_Tirna-VIII-C_Predator02_Swimmer,Pack Unishark,DEFERRED_COMPOSED_FAUNA_C6,CCT composition resolves to Pack Unishark; localized component provenance is deferred to Parcel C6.,1,Pack Unishark
fauna,00221DC7,Starfield.esm,00221DC7,PCM_Vega_Vega-II-C_Critter03_Flyer,Nautilus Scavenger,DEFERRED_COMPOSED_FAUNA_C6,CCT composition resolves to Nautilus Scavenger; localized component provenance is deferred to Parcel C6.,1,Nautilus Scavenger
fauna,00221DC8,Starfield.esm,00221DC8,PCM_Verne_Verne-II_Prey03_Swimmer,Herding Lionfish Grazer,DEFERRED_COMPOSED_FAUNA_C6,CCT composition resolves to Herding Lionfish Grazer; localized component provenance is deferred to Parcel C6.,1,Herding Lionfish Grazer
fauna,00221DC9,Starfield.esm,00221DC9,PCM_Lunara_Vesta_Critter03_Floater,Gossamer Filterer,DEFERRED_COMPOSED_FAUNA_C6,CCT composition resolves to Gossamer Filterer; localized component provenance is deferred to Parcel C6.,1,Gossamer Filterer
fauna,00221DCA,Starfield.esm,00221DCA,PCM_Xi-Ophiuchi_Xi-Ophiuchi-VIII-b_Predator02_Swimmer,Pack Paddlefish,DEFERRED_COMPOSED_FAUNA_C6,CCT composition resolves to Pack Paddlefish; localized component provenance is deferred to Parcel C6.,1,Pack Paddlefish
fauna,00221DCB,Starfield.esm,00221DCB,PCM_Xi-Ophiuchi_Xi-Ophiuchi-VIII-b_Prey02_Swimmer,Schooling Seahag Filterer,DEFERRED_COMPOSED_FAUNA_C6,CCT composition resolves to Schooling Seahag Filterer; localized component provenance is deferred to Parcel C6.,1,Schooling Seahag Filterer
fauna,00221DCC,Starfield.esm,00221DCC,PCM_Zeta-Ophiuchi_Zeta-Ophiuchi-I_Predator04_Swimmer,Pack Sharkwhale,DEFERRED_COMPOSED_FAUNA_C6,CCT composition resolves to Pack Sharkwhale; localized component provenance is deferred to Parcel C6.,1,Pack Sharkwhale
fauna,00221DCD,Starfield.esm,00221DCD,PCM_Zeta-Ophiuchi_Zeta-Ophiuchi-I_Prey04_Swimmer,Flocking Stingray Scavenger,DEFERRED_COMPOSED_FAUNA_C6,CCT composition resolves to Flocking Stingray Scavenger; localized component provenance is deferred to Parcel C6.,1,Flocking Stingray Scavenger
fauna,00273718,Starfield.esm,00273718,PCM_Beta-Marae_Beta-Marae-I_Prey06_Flyer,Herding Mothwing Scavenger,DEFERRED_COMPOSED_FAUNA_C6,CCT composition resolves to Herding Mothwing Scavenger; localized component provenance is deferred to Parcel C6.,1,Herding Mothwing Scavenger
fauna,00287159,Starfield.esm,00287159,PCM_Leonis_Leonis-VIII-a_Critter01,Trident Geophage,DEFERRED_COMPOSED_FAUNA_C6,CCT composition resolves to Trident Geophage; localized component provenance is deferred to Parcel C6.,1,Trident Geophage
fauna,0037CEF4,Starfield.esm,0037CEF4,PCM_Newton_Newton-II_Predator03_Swimmer,Hunting Paddlefish,DEFERRED_COMPOSED_FAUNA_C6,CCT composition resolves to Hunting Paddlefish; localized component provenance is deferred to Parcel C6.,1,Hunting Paddlefish
fauna,003AD1F9,Starfield.esm,003AD1F9,PCM_Zosma_Zosma-V-a_Critter02,Gossamer Scavenger,DEFERRED_COMPOSED_FAUNA_C6,CCT composition resolves to Gossamer Scavenger; localized component provenance is deferred to Parcel C6.,1,Gossamer Scavenger
fauna,003AD1FA,Starfield.esm,003AD1FA,PCM_Zosma_Zosma-V-a_Predator02,Pack Cockroach Stalker,DEFERRED_COMPOSED_FAUNA_C6,CCT composition resolves to Pack Cockroach Stalker; localized component provenance is deferred to Parcel C6.,1,Pack Cockroach Stalker
fauna,003CB234,Starfield.esm,003CB234,PCM_Schrodinger_Schrodinger-III_Critter03_Flyer,Cassowary Grazer,DEFERRED_COMPOSED_FAUNA_C6,CCT composition resolves to Cassowary Grazer; localized component provenance is deferred to Parcel C6.,1,Cassowary Grazer
fauna,003CB235,Starfield.esm,003CB235,PCM_Groombridge_Groombridge-VIII-a_Critter02_Flyer,Cassowary Grazer,DEFERRED_COMPOSED_FAUNA_C6,CCT composition resolves to Cassowary Grazer; localized component provenance is deferred to Parcel C6.,1,Cassowary Grazer
fauna,003CB236,Starfield.esm,003CB236,PCM_Heinlein_Heinlein-VI-a_Critter02_Flyer,Cassowary Grazer,DEFERRED_COMPOSED_FAUNA_C6,CCT composition resolves to Cassowary Grazer; localized component provenance is deferred to Parcel C6.,1,Cassowary Grazer
fauna,003CB237,Starfield.esm,003CB237,PCM_Serpentis_Serpentis-IV_Critter04_Flyer,Nautilus Grazer,DEFERRED_COMPOSED_FAUNA_C6,CCT composition resolves to Nautilus Grazer; localized component provenance is deferred to Parcel C6.,1,Nautilus Grazer
fauna,003CB238,Starfield.esm,003CB238,PCM_Celebrai_Celebrai-II_Critter04_Flyer,Glowback Grazer,DEFERRED_COMPOSED_FAUNA_C6,CCT composition resolves to Glowback Grazer; localized component provenance is deferred to Parcel C6.,1,Glowback Grazer
fauna,003CB239,Starfield.esm,003CB239,PCM_Toliman_Toliman-II_Critter02_Flyer,Nautilus Scavenger,DEFERRED_COMPOSED_FAUNA_C6,CCT composition resolves to Nautilus Scavenger; localized component provenance is deferred to Parcel C6.,1,Nautilus Scavenger
fauna,003D23F0,Starfield.esm,003D23F0,PCM_Cheyenne_Codos_PreyB,Herding Cagebrain Grazer,DEFERRED_COMPOSED_FAUNA_C6,CCT composition resolves to Herding Cagebrain Grazer; localized component provenance is deferred to Parcel C6.,1,Herding Cagebrain Grazer
fauna,0103D5DE,ShatteredSpace.esm,0103D5DE,SFBGS001_PCM_Kavnyk_Kavnyk-II-c_Critter01,Tubecrawler Scavenger,DEFERRED_COMPOSED_FAUNA_C6,CCT composition resolves to Tubecrawler Scavenger; localized component provenance is deferred to Parcel C6.,1,Tubecrawler Scavenger
fauna,0103D5DF,ShatteredSpace.esm,0103D5DF,SFBGS001_PCM_Kavnyk_Kavnyk-II-c_Predator01,Hunting Twintail,DEFERRED_COMPOSED_FAUNA_C6,CCT composition resolves to Hunting Twintail; localized component provenance is deferred to Parcel C6.,1,Hunting Twintail
fauna,0103D5E0,ShatteredSpace.esm,0103D5E0,SFBGS001_PCM_Kavnyk_Kavnyk-II-c_Prey02,Herding Olgreg Scavenger,DEFERRED_COMPOSED_FAUNA_C6,CCT composition resolves to Herding Olgreg Scavenger; localized component provenance is deferred to Parcel C6.,1,Herding Olgreg Scavenger
fauna,0103D5E1,ShatteredSpace.esm,0103D5E1,SFBGS001_PCM_Kavnyk_Kavnyk-II-c_Prey01,Herding Wobbleback Grazer,DEFERRED_COMPOSED_FAUNA_C6,CCT composition resolves to Herding Wobbleback Grazer; localized component provenance is deferred to Parcel C6.,1,Herding Wobbleback Grazer
