EntityKind,EntityId,SpeciesSourcePlugin,SpeciesFormID,SpeciesEditorID,CanonicalEnglish,Classification,Detail,ObjectTemplateCombinationCount,ResolvedCombinationName
fauna,000065E2,Starfield.esm,000065E2,PCM_Kumasi_Kumasi-I_Critter01,Carasnail Scavenger,RESOLVED_COMPOSED_FAUNA,CCT component provenance resolved and exact English/Japanese component lookup verified for Carasnail Scavenger.,1,Carasnail Scavenger
fauna,000065E6,Starfield.esm,000065E6,PCM_Kumasi_Kumasi-I_Critter_02_Flyer,Herding Glowback Scavenger,RESOLVED_COMPOSED_FAUNA,CCT component provenance resolved and exact English/Japanese component lookup verified for Herding Glowback Scavenger.,1,Herding Glowback Scavenger
fauna,00023535,Starfield.esm,00023535,PCM_Archimedes_Archimedes-III_Critter03_Flyer,Hornwing Scavenger,RESOLVED_COMPOSED_FAUNA,CCT component provenance resolved and exact English/Japanese component lookup verified for Hornwing Scavenger.,1,Hornwing Scavenger
fauna,00023536,Starfield.esm,00023536,PCM_Bannoc-Prime_Bannoc-Prime-II_Critter02_Floater,Pearl Filterer,RESOLVED_COMPOSED_FAUNA,CCT component provenance resolved and exact English/Japanese component lookup verified for Pearl Filterer.,1,Pearl Filterer
fauna,0002353B,Starfield.esm,0002353B,PCM_Bara_Bara-III_Critter03_Flyer,Mothwing Scavenger,RESOLVED_COMPOSED_FAUNA,CCT component provenance resolved and exact English/Japanese component lookup verified for Mothwing Scavenger.,1,Mothwing Scavenger
fauna,00025A9D,Starfield.esm,00025A9D,PCM_Altair-II_Critter02,Eggsac Filterer,RESOLVED_COMPOSED_FAUNA,CCT component provenance resolved and exact English/Japanese component lookup verified for Eggsac Filterer.,1,Eggsac Filterer
fauna,00025A9E,Starfield.esm,00025A9E,PCM_Altair-II_Predator02,Hunting Sharkwhale,RESOLVED_COMPOSED_FAUNA,CCT component provenance resolved and exact English/Japanese component lookup verified for Hunting Sharkwhale.,1,Hunting Sharkwhale
fauna,000285D6,Starfield.esm,000285D6,PCM_Toliman_Toliman-II_Prey03,Herding Glider Grazer,RESOLVED_COMPOSED_FAUNA,CCT component provenance resolved and exact English/Japanese component lookup verified for Herding Glider Grazer.,1,Herding Glider Grazer
fauna,000285D7,Starfield.esm,000285D7,PCM_Toliman_Toliman-II_Critter01,Carasnail Geophage,RESOLVED_COMPOSED_FAUNA,CCT component provenance resolved and exact English/Japanese component lookup verified for Carasnail Geophage.,1,Carasnail Geophage
fauna,0002B0D3,Starfield.esm,0002B0D3,PCM_Charybdis_CharybdisIII_PreyC_Swimmer,Herding Dragonfly Grazer,RESOLVED_COMPOSED_FAUNA,CCT component provenance resolved and exact English/Japanese component lookup verified for Herding Dragonfly Grazer.,1,Herding Dragonfly Grazer
fauna,0002E342,Starfield.esm,0002E342,PCM_Charybdis_CharybdisII_CritterA,Trilobite Grazer,RESOLVED_COMPOSED_FAUNA,CCT component provenance resolved and exact English/Japanese component lookup verified for Trilobite Grazer.,1,Trilobite Grazer
fauna,0002E343,Starfield.esm,0002E343,PCM_Charybdis_CharybdisII_PredatorA,Pack Vulture,RESOLVED_COMPOSED_FAUNA,CCT component provenance resolved and exact English/Japanese component lookup verified for Pack Vulture.,1,Pack Vulture
fauna,0002E344,Starfield.esm,0002E344,PCM_Charybdis_CharybdisII_PreyA,Flocking Sporeback Grazer,RESOLVED_COMPOSED_FAUNA,CCT component provenance resolved and exact English/Japanese component lookup verified for Flocking Sporeback Grazer.,1,Flocking Sporeback Grazer
fauna,0002E345,Starfield.esm,0002E345,PCM_Charybdis_CharybdisII_CritterB,Triworm Scavenger,RESOLVED_COMPOSED_FAUNA,CCT component provenance resolved and exact English/Japanese component lookup verified for Triworm Scavenger.,1,Triworm Scavenger
fauna,0002E346,Starfield.esm,0002E346,PCM_Charybdis_CharybdisII_CritterC,Flamethorn Grazer,RESOLVED_COMPOSED_FAUNA,CCT component provenance resolved and exact English/Japanese component lookup verified for Flamethorn Grazer.,1,Flamethorn Grazer
fauna,0002E347,Starfield.esm,0002E347,PCM_Charybdis_CharybdisII_PredatorB,Pack Silverfish,RESOLVED_COMPOSED_FAUNA,CCT component provenance resolved and exact English/Japanese component lookup verified for Pack Silverfish.,1,Pack Silverfish
fauna,0002E348,Starfield.esm,0002E348,PCM_Charybdis_CharybdisII_PredatorC,Pack Eggtail Stalker,RESOLVED_COMPOSED_FAUNA,CCT component provenance resolved and exact English/Japanese component lookup verified for Pack Eggtail Stalker.,1,Pack Eggtail Stalker
fauna,0002E349,Starfield.esm,0002E349,PCM_Charybdis_CharybdisII_PredatorD,Pack Mothwing,RESOLVED_COMPOSED_FAUNA,CCT component provenance resolved and exact English/Japanese component lookup verified for Pack Mothwing.,1,Pack Mothwing
fauna,0002E34A,Starfield.esm,0002E34A,PCM_Charybdis_CharybdisII_PreyB,Flocking Cranehopper Grazer,RESOLVED_COMPOSED_FAUNA,CCT component provenance resolved and exact English/Japanese component lookup verified for Flocking Cranehopper Grazer.,1,Flocking Cranehopper Grazer
fauna,0002E34B,Starfield.esm,0002E34B,PCM_Charybdis_CharybdisII_PreyC,Flocking Hippodon Scavenger,RESOLVED_COMPOSED_FAUNA,CCT component provenance resolved and exact English/Japanese component lookup verified for Flocking Hippodon Scavenger.,1,Flocking Hippodon Scavenger
fauna,0002E34C,Starfield.esm,0002E34C,PCM_Charybdis_CharybdisII_PreyD,Herding Glider Scavenger,RESOLVED_COMPOSED_FAUNA,CCT component provenance resolved and exact English/Japanese component lookup verified for Herding Glider Scavenger.,1,Herding Glider Scavenger
fauna,0003C4C0,Starfield.esm,0003C4C0,PCM_Freya_Freya-III_Prey04_Swimmer,Morningstar Filterer,RESOLVED_COMPOSED_FAUNA,CCT component provenance resolved and exact English/Japanese component lookup verified for Morningstar Filterer.,1,Morningstar Filterer
fauna,00046C2D,Starfield.esm,00046C2D,PCM_Pyraas_Pyraas-II_Critter03,Fleshleaf Filterer,RESOLVED_COMPOSED_FAUNA,CCT component provenance resolved and exact English/Japanese component lookup verified for Fleshleaf Filterer.,1,Fleshleaf Filterer
fauna,00048A34,Starfield.esm,00048A34,PCM_Alpha-Centauri_Jemison_Predator04,Apex Parrothawk,RESOLVED_COMPOSED_FAUNA,CCT component provenance resolved and exact English/Japanese component lookup verified for Apex Parrothawk.,1,Apex Parrothawk
fauna,0006B55D,Starfield.esm,0006B55D,PCM_Masada_Masada-III_Prey04_Swimmer,Herding Fluke Filterer,RESOLVED_COMPOSED_FAUNA,CCT component provenance resolved and exact English/Japanese component lookup verified for Herding Fluke Filterer.,1,Herding Fluke Filterer
fauna,0008BDB6,Starfield.esm,0008BDB6,PCM_Bardeen_Bardeen-III_Critter03_Flyer,Parrothawk Scavenger,RESOLVED_COMPOSED_FAUNA,CCT component provenance resolved and exact English/Japanese component lookup verified for Parrothawk Scavenger.,1,Parrothawk Scavenger
fauna,0008BDB7,Starfield.esm,0008BDB7,PCM_Bardeen_Bardeen-III_Prey05_Swimmer,Schooling Kronosaurus Scavenger,RESOLVED_COMPOSED_FAUNA,CCT component provenance resolved and exact English/Japanese component lookup verified for Schooling Kronosaurus Scavenger.,1,Schooling Kronosaurus Scavenger
fauna,000DD261,Starfield.esm,000DD261,PCM_Ixyll_Ixyll-II_Predator02,Pack Glowhands,RESOLVED_COMPOSED_FAUNA,CCT component provenance resolved and exact English/Japanese component lookup verified for Pack Glowhands.,1,Pack Glowhands
fauna,000EF9A8,Starfield.esm,000EF9A8,PCM_Ixyll_Ixyll-II_Predator03,Hunting Boneglider,RESOLVED_COMPOSED_FAUNA,CCT component provenance resolved and exact English/Japanese component lookup verified for Hunting Boneglider.,1,Hunting Boneglider
fauna,000EF9A9,Starfield.esm,000EF9A9,PCM_Ixyll_Ixyll-II_Prey04,Schooling Sawhead Grazer,RESOLVED_COMPOSED_FAUNA,CCT component provenance resolved and exact English/Japanese component lookup verified for Schooling Sawhead Grazer.,1,Schooling Sawhead Grazer
fauna,00131CD1,Starfield.esm,00131CD1,PCM_Marduk_Marduk-IV_Predator04_Swimmer,Pack Sharkwhale,RESOLVED_COMPOSED_FAUNA,CCT component provenance resolved and exact English/Japanese component lookup verified for Pack Sharkwhale.,1,Pack Sharkwhale
fauna,00131CD2,Starfield.esm,00131CD2,PCM_Marduk_Marduk-IV_Prey04_Swimmer,Shoaling Sawhead Filterer,RESOLVED_COMPOSED_FAUNA,CCT component provenance resolved and exact English/Japanese component lookup verified for Shoaling Sawhead Filterer.,1,Shoaling Sawhead Filterer
fauna,00131CD3,Starfield.esm,00131CD3,PCM_Zelazny_Zelazny-III_Critter04_Flyer,Cockatrice Filterer,RESOLVED_COMPOSED_FAUNA,CCT component provenance resolved and exact English/Japanese component lookup verified for Cockatrice Filterer.,1,Cockatrice Filterer
fauna,00131CD4,Starfield.esm,00131CD4,PCM_Zelazny_Zelazny-III_Prey05_Swimmer,Herding Saturnine Filterer,RESOLVED_COMPOSED_FAUNA,CCT component provenance resolved and exact English/Japanese component lookup verified for Herding Saturnine Filterer.,1,Herding Saturnine Filterer
fauna,00131CD5,Starfield.esm,00131CD5,PCM_Moloch_Moloch-II_Prey04_Swimmer,Herding Tapeworm Grazer,RESOLVED_COMPOSED_FAUNA,CCT component provenance resolved and exact English/Japanese component lookup verified for Herding Tapeworm Grazer.,1,Herding Tapeworm Grazer
fauna,00131CD6,Starfield.esm,00131CD6,PCM_Cheyenne_Montara-Luna_Prey04_Swimmer,Schooling Featherfin Filterer,RESOLVED_COMPOSED_FAUNA,CCT component provenance resolved and exact English/Japanese component lookup verified for Schooling Featherfin Filterer.,1,Schooling Featherfin Filterer
fauna,00131CD7,Starfield.esm,00131CD7,PCM_Olympus_Nesoi_Prey04_Swimmer,Flocking Saturnine Grazer,RESOLVED_COMPOSED_FAUNA,CCT component provenance resolved and exact English/Japanese component lookup verified for Flocking Saturnine Grazer.,1,Flocking Saturnine Grazer
fauna,00131CD8,Starfield.esm,00131CD8,PCM_Nirvana_Nirvana-II_Predator03_Swimmer,Pack Kronosaurus,RESOLVED_COMPOSED_FAUNA,CCT component provenance resolved and exact English/Japanese component lookup verified for Pack Kronosaurus.,1,Pack Kronosaurus
fauna,00131CD9,Starfield.esm,00131CD9,PCM_Nirvana_Nirvana-II_Prey03_Swimmer,Schooling Paddlefish Scavenger,RESOLVED_COMPOSED_FAUNA,CCT component provenance resolved and exact English/Japanese component lookup verified for Schooling Paddlefish Scavenger.,1,Schooling Paddlefish Scavenger
fauna,00131CDA,Starfield.esm,00131CDA,PCM_Oborum-Prime_Oborum-I_Critter03_Floater,Pearl Filterer,RESOLVED_COMPOSED_FAUNA,CCT component provenance resolved and exact English/Japanese component lookup verified for Pearl Filterer.,1,Pearl Filterer
fauna,00131CDB,Starfield.esm,00131CDB,PCM_Oborum-Prime_Oborum-I_Prey04_Swimmer,Shoaling Seahag Filterer,RESOLVED_COMPOSED_FAUNA,CCT component provenance resolved and exact English/Japanese component lookup verified for Shoaling Seahag Filterer.,1,Shoaling Seahag Filterer
fauna,00131CDC,Starfield.esm,00131CDC,PCM_Valo_Polvo_Predator03_Swimmer,Pack Kronosaurus,RESOLVED_COMPOSED_FAUNA,CCT component provenance resolved and exact English/Japanese component lookup verified for Pack Kronosaurus.,1,Pack Kronosaurus
fauna,00131CDD,Starfield.esm,00131CDD,PCM_Valo_Polvo_Prey04_Swimmer,Schooling Bladehead Grazer,RESOLVED_COMPOSED_FAUNA,CCT component provenance resolved and exact English/Japanese component lookup verified for Schooling Bladehead Grazer.,1,Schooling Bladehead Grazer
fauna,00157E3B,Starfield.esm,00157E3B,PCM_Khayyam_Khayyam-II_Prey05_Swimmer,Schooling Skullface Scavenger,RESOLVED_COMPOSED_FAUNA,CCT component provenance resolved and exact English/Japanese component lookup verified for Schooling Skullface Scavenger.,1,Schooling Skullface Scavenger
fauna,00157E3C,Starfield.esm,00157E3C,PCM_Khayyam_Khayyam-II_Critter01_Floater,Coralbucket Filterer,RESOLVED_COMPOSED_FAUNA,CCT component provenance resolved and exact English/Japanese component lookup verified for Coralbucket Filterer.,1,Coralbucket Filterer
fauna,00157E3D,Starfield.esm,00157E3D,PCM_Kumasi_Kumasi-I_Predator01,Pack Twintail,RESOLVED_COMPOSED_FAUNA,CCT component provenance resolved and exact English/Japanese component lookup verified for Pack Twintail.,1,Pack Twintail
fauna,00157E3E,Starfield.esm,00157E3E,PCM_Kumasi_Kumasi-I_Predator02,Hunting Brainsprout,RESOLVED_COMPOSED_FAUNA,CCT component provenance resolved and exact English/Japanese component lookup verified for Hunting Brainsprout.,1,Hunting Brainsprout
fauna,00157E3F,Starfield.esm,00157E3F,PCM_Kumasi_Kumasi-I_Predator03,Pack Twistfin,RESOLVED_COMPOSED_FAUNA,CCT component provenance resolved and exact English/Japanese component lookup verified for Pack Twistfin.,1,Pack Twistfin
fauna,00157E40,Starfield.esm,00157E40,PCM_Kumasi_Kumasi-I_Prey01,Toadface Grazer,RESOLVED_COMPOSED_FAUNA,CCT component provenance resolved and exact English/Japanese component lookup verified for Toadface Grazer.,1,Toadface Grazer
fauna,00157E41,Starfield.esm,00157E41,PCM_Kumasi_Kumasi-I_Prey02,Flocking Shellephant Herbivore,RESOLVED_COMPOSED_FAUNA,CCT component provenance resolved and exact English/Japanese component lookup verified for Flocking Shellephant Herbivore.,1,Flocking Shellephant Herbivore
fauna,00157E42,Starfield.esm,00157E42,PCM_Kumasi_Kumasi-I_Prey03,Flocking Cephalopod Scavenger,RESOLVED_COMPOSED_FAUNA,CCT component provenance resolved and exact English/Japanese component lookup verified for Flocking Cephalopod Scavenger.,1,Flocking Cephalopod Scavenger
fauna,00157E43,Starfield.esm,00157E43,PCM_Kumasi_Kumasi-I_Prey04_Swimmer,Schooling Exowhale Filterer,RESOLVED_COMPOSED_FAUNA,CCT component provenance resolved and exact English/Japanese component lookup verified for Schooling Exowhale Filterer.,1,Schooling Exowhale Filterer
fauna,00157E44,Starfield.esm,00157E44,PCM_Kumasi_Kumasi-II_Critter03_Flyer,Mayfly Herbivore,RESOLVED_COMPOSED_FAUNA,CCT component provenance resolved and exact English/Japanese component lookup verified for Mayfly Herbivore.,1,Mayfly Herbivore
fauna,00157E45,Starfield.esm,00157E45,PCM_Kumasi_Kumasi-II_Prey04_Swimmer,Schooling Arapaima Filterer,RESOLVED_COMPOSED_FAUNA,CCT component provenance resolved and exact English/Japanese component lookup verified for Schooling Arapaima Filterer.,1,Schooling Arapaima Filterer
fauna,0015BE25,Starfield.esm,0015BE25,PCM_Narion_Sumati_Prey02,Schooling Kronosaurus Grazer,RESOLVED_COMPOSED_FAUNA,CCT component provenance resolved and exact English/Japanese component lookup verified for Schooling Kronosaurus Grazer.,1,Schooling Kronosaurus Grazer
fauna,00170A2A,Starfield.esm,00170A2A,PCM_Eta-Cassiopeia_Cassiopeia-I_Predator03,Hunting Brainsprout,RESOLVED_COMPOSED_FAUNA,CCT component provenance resolved and exact English/Japanese component lookup verified for Hunting Brainsprout.,1,Hunting Brainsprout
fauna,00170A2B,Starfield.esm,00170A2B,PCM_Eta-Cassiopeia_Cassiopeia-I_Prey01,Coralbug Scavenger,RESOLVED_COMPOSED_FAUNA,CCT component provenance resolved and exact English/Japanese component lookup verified for Coralbug Scavenger.,1,Coralbug Scavenger
fauna,001791AE,Starfield.esm,001791AE,PCM_Eta-Cassiopeia_Cassiopeia-I_Predator01,Hunting Stonewalker Stalker,RESOLVED_COMPOSED_FAUNA,CCT component provenance resolved and exact English/Japanese component lookup verified for Hunting Stonewalker Stalker.,1,Hunting Stonewalker Stalker
fauna,001791AF,Starfield.esm,001791AF,PCM_Eta-Cassiopeia_Cassiopeia-I_Critter02,Spaceroach Grazer,RESOLVED_COMPOSED_FAUNA,CCT component provenance resolved and exact English/Japanese component lookup verified for Spaceroach Grazer.,1,Spaceroach Grazer
fauna,00179DC4,Starfield.esm,00179DC4,PCM_Eta-Cassiopeia_Cassiopeia-I_Critter01,Centiskull Grazer,RESOLVED_COMPOSED_FAUNA,CCT component provenance resolved and exact English/Japanese component lookup verified for Centiskull Grazer.,1,Centiskull Grazer
fauna,00187114,Starfield.esm,00187114,PCM_Kryx_Neebas_Critter02_Floater,Eggsac Geophage,RESOLVED_COMPOSED_FAUNA,CCT component provenance resolved and exact English/Japanese component lookup verified for Eggsac Geophage.,1,Eggsac Geophage
fauna,001933DD,Starfield.esm,001933DD,PCM_Toliman_Toliman-II_Prey02,Tuskfrog Grazer,RESOLVED_COMPOSED_FAUNA,CCT component provenance resolved and exact English/Japanese component lookup verified for Tuskfrog Grazer.,1,Tuskfrog Grazer
fauna,001933DE,Starfield.esm,001933DE,PCM_Toliman_Toliman-II_Prey01,Herding Monitor Grazer,RESOLVED_COMPOSED_FAUNA,CCT component provenance resolved and exact English/Japanese component lookup verified for Herding Monitor Grazer.,1,Herding Monitor Grazer
fauna,001933DF,Starfield.esm,001933DF,PCM_Toliman_Toliman-II_Predator02,Hunting Bighorn,RESOLVED_COMPOSED_FAUNA,CCT component provenance resolved and exact English/Japanese component lookup verified for Hunting Bighorn.,1,Hunting Bighorn
fauna,001933E0,Starfield.esm,001933E0,PCM_Toliman_Toliman-II_Predator01,Hunting Trapmaw,RESOLVED_COMPOSED_FAUNA,CCT component provenance resolved and exact English/Japanese component lookup verified for Hunting Trapmaw.,1,Hunting Trapmaw
fauna,001933E1,Starfield.esm,001933E1,PCM_Nirvana_Nirvana-II_Critter02,Grabber Grazer,RESOLVED_COMPOSED_FAUNA,CCT component provenance resolved and exact English/Japanese component lookup verified for Grabber Grazer.,1,Grabber Grazer
fauna,001933E2,Starfield.esm,001933E2,PCM_Nirvana_Nirvana-II_Critter01,Triworm Scavenger,RESOLVED_COMPOSED_FAUNA,CCT component provenance resolved and exact English/Japanese component lookup verified for Triworm Scavenger.,1,Triworm Scavenger
fauna,001933E3,Starfield.esm,001933E3,PCM_Nirvana_Nirvana-II_Prey02,Herding Beetlecrab Scavenger,RESOLVED_COMPOSED_FAUNA,CCT component provenance resolved and exact English/Japanese component lookup verified for Herding Beetlecrab Scavenger.,1,Herding Beetlecrab Scavenger
fauna,001933E4,Starfield.esm,001933E4,PCM_Nirvana_Nirvana-II_Prey01,Herding Bonefrill Geophage,RESOLVED_COMPOSED_FAUNA,CCT component provenance resolved and exact English/Japanese component lookup verified for Herding Bonefrill Geophage.,1,Herding Bonefrill Geophage
fauna,001933E5,Starfield.esm,001933E5,PCM_Nirvana_Nirvana-II_Predator02,Hunting Loxodont,RESOLVED_COMPOSED_FAUNA,CCT component provenance resolved and exact English/Japanese component lookup verified for Hunting Loxodont.,1,Hunting Loxodont
fauna,001933E6,Starfield.esm,001933E6,PCM_Nirvana_Nirvana-II_Predator01,Hunting Cephalopod,RESOLVED_COMPOSED_FAUNA,CCT component provenance resolved and exact English/Japanese component lookup verified for Hunting Cephalopod.,1,Hunting Cephalopod
fauna,001941ED,Starfield.esm,001941ED,PCM_Kryx_Suvorov_Prey01,Flocking Clawback Filterer,RESOLVED_COMPOSED_FAUNA,CCT component provenance resolved and exact English/Japanese component lookup verified for Flocking Clawback Filterer.,1,Flocking Clawback Filterer
fauna,00194837,Starfield.esm,00194837,PCM_Volii_Volii-Alpha_Predator01,Hunting Sharkwhale,RESOLVED_COMPOSED_FAUNA,CCT component provenance resolved and exact English/Japanese component lookup verified for Hunting Sharkwhale.,1,Hunting Sharkwhale
fauna,00194895,Starfield.esm,00194895,PCM_Porrima_Porrima-II_Critter01,Milliwhale Grazer,RESOLVED_COMPOSED_FAUNA,CCT component provenance resolved and exact English/Japanese component lookup verified for Milliwhale Grazer.,1,Milliwhale Grazer
fauna,00194896,Starfield.esm,00194896,PCM_Porrima_Porrima-II_Prey03_Swimmer,Schooling Finback Scavenger,RESOLVED_COMPOSED_FAUNA,CCT component provenance resolved and exact English/Japanese component lookup verified for Schooling Finback Scavenger.,1,Schooling Finback Scavenger
fauna,00194897,Starfield.esm,00194897,PCM_Porrima_Porrima-II_Prey02_Flyer,Herding Cassowary Scavenger,RESOLVED_COMPOSED_FAUNA,CCT component provenance resolved and exact English/Japanese component lookup verified for Herding Cassowary Scavenger.,1,Herding Cassowary Scavenger
fauna,00194898,Starfield.esm,00194898,PCM_Porrima_Porrima-II_Prey01,Herding Leafbug Grazer,RESOLVED_COMPOSED_FAUNA,CCT component provenance resolved and exact English/Japanese component lookup verified for Herding Leafbug Grazer.,1,Herding Leafbug Grazer
fauna,00194899,Starfield.esm,00194899,PCM_Porrima_Porrima-II_Predator02_Swimmer,Pack Bladehead,RESOLVED_COMPOSED_FAUNA,CCT component provenance resolved and exact English/Japanese component lookup verified for Pack Bladehead.,1,Pack Bladehead
fauna,0019489A,Starfield.esm,0019489A,PCM_Porrima_Porrima-II_Predator01_Flyer,Pack Seabat,RESOLVED_COMPOSED_FAUNA,CCT component provenance resolved and exact English/Japanese component lookup verified for Pack Seabat.,1,Pack Seabat
fauna,00195353,Starfield.esm,00195353,PCM_Valo_Polvo_Critter01,Grabber Filterer,RESOLVED_COMPOSED_FAUNA,CCT component provenance resolved and exact English/Japanese component lookup verified for Grabber Filterer.,1,Grabber Filterer
fauna,00195354,Starfield.esm,00195354,PCM_Valo_Polvo_Prey03,Herding Trihorn Grazer,RESOLVED_COMPOSED_FAUNA,CCT component provenance resolved and exact English/Japanese component lookup verified for Herding Trihorn Grazer.,1,Herding Trihorn Grazer
fauna,00195355,Starfield.esm,00195355,PCM_Valo_Polvo_Prey02,Herding Bighorn Geophage,RESOLVED_COMPOSED_FAUNA,CCT component provenance resolved and exact English/Japanese component lookup verified for Herding Bighorn Geophage.,1,Herding Bighorn Geophage
fauna,00195356,Starfield.esm,00195356,PCM_Valo_Polvo_Prey01,Flocking Ankylosaurus Geophage,RESOLVED_COMPOSED_FAUNA,CCT component provenance resolved and exact English/Japanese component lookup verified for Flocking Ankylosaurus Geophage.,1,Flocking Ankylosaurus Geophage
fauna,00195357,Starfield.esm,00195357,PCM_Valo_Polvo_Predator02,Hunting Bonemane,RESOLVED_COMPOSED_FAUNA,CCT component provenance resolved and exact English/Japanese component lookup verified for Hunting Bonemane.,1,Hunting Bonemane
fauna,00195358,Starfield.esm,00195358,PCM_Valo_Polvo_Predator01,Pack Vulture Stalker,RESOLVED_COMPOSED_FAUNA,CCT component provenance resolved and exact English/Japanese component lookup verified for Pack Vulture Stalker.,1,Pack Vulture Stalker
fauna,00196516,Starfield.esm,00196516,PCM_Narion_Niira_Prey02,Flocking Glowhands Grazer,RESOLVED_COMPOSED_FAUNA,CCT component provenance resolved and exact English/Japanese component lookup verified for Flocking Glowhands Grazer.,1,Flocking Glowhands Grazer
fauna,00196517,Starfield.esm,00196517,PCM_Narion_Niira_Prey01,Flocking Cutterhead Grazer,RESOLVED_COMPOSED_FAUNA,CCT component provenance resolved and exact English/Japanese component lookup verified for Flocking Cutterhead Grazer.,1,Flocking Cutterhead Grazer
fauna,00196BAF,Starfield.esm,00196BAF,PCM_Porrima_Porrima-III_Critter01,Spaceroach Filterer,RESOLVED_COMPOSED_FAUNA,CCT component provenance resolved and exact English/Japanese component lookup verified for Spaceroach Filterer.,1,Spaceroach Filterer
fauna,00196BB0,Starfield.esm,00196BB0,PCM_Porrima_Porrima-III_Prey02,Herding Beetlecrab Filterer,RESOLVED_COMPOSED_FAUNA,CCT component provenance resolved and exact English/Japanese component lookup verified for Herding Beetlecrab Filterer.,1,Herding Beetlecrab Filterer
fauna,00196BB1,Starfield.esm,00196BB1,PCM_Porrima_Porrima-III_Prey01,Leafbug Herbivore,RESOLVED_COMPOSED_FAUNA,CCT component provenance resolved and exact English/Japanese component lookup verified for Leafbug Herbivore.,1,Leafbug Herbivore
fauna,00197D3F,Starfield.esm,00197D3F,PCM_Cheyenne_Montara-Luna_Critter01,Centiskull Grazer,RESOLVED_COMPOSED_FAUNA,CCT component provenance resolved and exact English/Japanese component lookup verified for Centiskull Grazer.,1,Centiskull Grazer
fauna,00197D40,Starfield.esm,00197D40,PCM_Cheyenne_Montara-Luna_Prey03,Flocking Dodo Grazer,RESOLVED_COMPOSED_FAUNA,CCT component provenance resolved and exact English/Japanese component lookup verified for Flocking Dodo Grazer.,1,Flocking Dodo Grazer
fauna,00197D41,Starfield.esm,00197D41,PCM_Cheyenne_Montara-Luna_Prey02,Herding Cockatrice Herbivore,RESOLVED_COMPOSED_FAUNA,CCT component provenance resolved and exact English/Japanese component lookup verified for Herding Cockatrice Herbivore.,1,Herding Cockatrice Herbivore
fauna,00197D42,Starfield.esm,00197D42,PCM_Cheyenne_Montara-Luna_Prey01,Flocking Horsamander Grazer,RESOLVED_COMPOSED_FAUNA,CCT component provenance resolved and exact English/Japanese component lookup verified for Flocking Horsamander Grazer.,1,Flocking Horsamander Grazer
fauna,00197D43,Starfield.esm,00197D43,PCM_Cheyenne_Montara-Luna_Predator02,Swarming Sunflower,RESOLVED_COMPOSED_FAUNA,CCT component provenance resolved and exact English/Japanese component lookup verified for Swarming Sunflower.,1,Swarming Sunflower
fauna,00197D44,Starfield.esm,00197D44,PCM_Cheyenne_Montara-Luna_Predator01,Pack Octomaggot,RESOLVED_COMPOSED_FAUNA,CCT component provenance resolved and exact English/Japanese component lookup verified for Pack Octomaggot.,1,Pack Octomaggot
fauna,0019AA63,Starfield.esm,0019AA63,PCM_Alpha-Centauri_Gagarin_Critter01,Trilobite Scavenger,RESOLVED_COMPOSED_FAUNA,CCT component provenance resolved and exact English/Japanese component lookup verified for Trilobite Scavenger.,1,Trilobite Scavenger
fauna,0019AA64,Starfield.esm,0019AA64,PCM_Alpha-Centauri_Gagarin_Prey03,Flocking Shardhopper Geophage,RESOLVED_COMPOSED_FAUNA,CCT component provenance resolved and exact English/Japanese component lookup verified for Flocking Shardhopper Geophage.,1,Flocking Shardhopper Geophage
fauna,0019AA65,Starfield.esm,0019AA65,PCM_Alpha-Centauri_Gagarin_Prey02,Herding Coralbucket Filterer,RESOLVED_COMPOSED_FAUNA,CCT component provenance resolved and exact English/Japanese component lookup verified for Herding Coralbucket Filterer.,1,Herding Coralbucket Filterer
fauna,0019AA66,Starfield.esm,0019AA66,PCM_Alpha-Centauri_Gagarin_Prey01,Flocking Coralcrawler Geophage,RESOLVED_COMPOSED_FAUNA,CCT component provenance resolved and exact English/Japanese component lookup verified for Flocking Coralcrawler Geophage.,1,Flocking Coralcrawler Geophage
fauna,0019B1FA,Starfield.esm,0019B1FA,PCM_Nirah_Kazaal_Critter01,Flamethorn Geophage,RESOLVED_COMPOSED_FAUNA,CCT component provenance resolved and exact English/Japanese component lookup verified for Flamethorn Geophage.,1,Flamethorn Geophage
fauna,0019B1FB,Starfield.esm,0019B1FB,PCM_Nirah_Kazaal_Prey02,Herding Lockjaw Herbivore,RESOLVED_COMPOSED_FAUNA,CCT component provenance resolved and exact English/Japanese component lookup verified for Herding Lockjaw Herbivore.,1,Herding Lockjaw Herbivore
fauna,0019B1FC,Starfield.esm,0019B1FC,PCM_Nirah_Kazaal_Prey01,Flocking Scepter Geophage,RESOLVED_COMPOSED_FAUNA,CCT component provenance resolved and exact English/Japanese component lookup verified for Flocking Scepter Geophage.,1,Flocking Scepter Geophage
fauna,0019B1FD,Starfield.esm,0019B1FD,PCM_Nirah_Kazaal_Predator02,Hunting Silverfish,RESOLVED_COMPOSED_FAUNA,CCT component provenance resolved and exact English/Japanese component lookup verified for Hunting Silverfish.,1,Hunting Silverfish
fauna,0019B1FE,Starfield.esm,0019B1FE,PCM_Nirah_Kazaal_Predator01,Hunting Arachnomantis Stalker,RESOLVED_COMPOSED_FAUNA,CCT component provenance resolved and exact English/Japanese component lookup verified for Hunting Arachnomantis Stalker.,1,Hunting Arachnomantis Stalker
fauna,0019B898,Starfield.esm,0019B898,PCM_Alpha-Centauri_Jemison_Critter02,Beetle Grazer,RESOLVED_COMPOSED_FAUNA,CCT component provenance resolved and exact English/Japanese component lookup verified for Beetle Grazer.,1,Beetle Grazer
fauna,0019B899,Starfield.esm,0019B899,PCM_Alpha-Centauri_Jemison_Critter01,Carasnail Scavenger,RESOLVED_COMPOSED_FAUNA,CCT component provenance resolved and exact English/Japanese component lookup verified for Carasnail Scavenger.,1,Carasnail Scavenger
fauna,0019B89A,Starfield.esm,0019B89A,PCM_Alpha-Centauri_Jemison_Prey03,Herding Reefwalker Scavenger,RESOLVED_COMPOSED_FAUNA,CCT component provenance resolved and exact English/Japanese component lookup verified for Herding Reefwalker Scavenger.,1,Herding Reefwalker Scavenger
fauna,0019B89B,Starfield.esm,0019B89B,PCM_Alpha-Centauri_Jemison_Prey02,Flocking Seabat Geophage,RESOLVED_COMPOSED_FAUNA,CCT component provenance resolved and exact English/Japanese component lookup verified for Flocking Seabat Geophage.,1,Flocking Seabat Geophage
fauna,0019B89C,Starfield.esm,0019B89C,PCM_Alpha-Centauri_Jemison_Prey01,Herding Cutterhead Herbivore,RESOLVED_COMPOSED_FAUNA,CCT component provenance resolved and exact English/Japanese component lookup verified for Herding Cutterhead Herbivore.,1,Herding Cutterhead Herbivore
fauna,0019B89D,Starfield.esm,0019B89D,PCM_Alpha-Centauri_Jemison_Predator03,Apex Crocodaunt,RESOLVED_COMPOSED_FAUNA,CCT component provenance resolved and exact English/Japanese component lookup verified for Apex Crocodaunt.,1,Apex Crocodaunt
fauna,0019B89E,Starfield.esm,0019B89E,PCM_Alpha-Centauri_Jemison_Predator02,Hunting Tuskfrog,RESOLVED_COMPOSED_FAUNA,CCT component provenance resolved and exact English/Japanese component lookup verified for Hunting Tuskfrog.,1,Hunting Tuskfrog
fauna,0019B89F,Starfield.esm,0019B89F,PCM_Alpha-Centauri_Jemison_Predator01,Pack Coralbug,RESOLVED_COMPOSED_FAUNA,CCT component provenance resolved and exact English/Japanese component lookup verified for Pack Coralbug.,1,Pack Coralbug
fauna,0019BD93,Starfield.esm,0019BD93,PCM_Freya_Freya-III_Critter01,Metropus Scavenger,RESOLVED_COMPOSED_FAUNA,CCT component provenance resolved and exact English/Japanese component lookup verified for Metropus Scavenger.,1,Metropus Scavenger
fauna,0019BD94,Starfield.esm,0019BD94,PCM_Freya_Freya-III_Prey03,Herding Sunflower Filterer,RESOLVED_COMPOSED_FAUNA,CCT component provenance resolved and exact English/Japanese component lookup verified for Herding Sunflower Filterer.,1,Herding Sunflower Filterer
fauna,0019BD95,Starfield.esm,0019BD95,PCM_Freya_Freya-III_Prey02,Flocking Crab Herbivore,RESOLVED_COMPOSED_FAUNA,CCT component provenance resolved and exact English/Japanese component lookup verified for Flocking Crab Herbivore.,1,Flocking Crab Herbivore
fauna,0019BD96,Starfield.esm,0019BD96,PCM_Freya_Freya-III_Prey01,Herding Dodo Scavenger,RESOLVED_COMPOSED_FAUNA,CCT component provenance resolved and exact English/Japanese component lookup verified for Herding Dodo Scavenger.,1,Herding Dodo Scavenger
fauna,0019CDA2,Starfield.esm,0019CDA2,PCM_Tau-Ceti_Tau-Ceti-II_Critter01,Centiskull Filterer,RESOLVED_COMPOSED_FAUNA,CCT component provenance resolved and exact English/Japanese component lookup verified for Centiskull Filterer.,1,Centiskull Filterer
fauna,0019CDA3,Starfield.esm,0019CDA3,PCM_Tau-Ceti_Tau-Ceti-II_Prey02,Eggback Herbivore,RESOLVED_COMPOSED_FAUNA,CCT component provenance resolved and exact English/Japanese component lookup verified for Eggback Herbivore.,1,Eggback Herbivore
fauna,0019CDA4,Starfield.esm,0019CDA4,PCM_Tau-Ceti_Tau-Ceti-II_Prey01,Herding Bonemane Grazer,RESOLVED_COMPOSED_FAUNA,CCT component provenance resolved and exact English/Japanese component lookup verified for Herding Bonemane Grazer.,1,Herding Bonemane Grazer
fauna,0019CDA5,Starfield.esm,0019CDA5,PCM_Tau-Ceti_Tau-Ceti-II_Predator01,Hunting Ankylosaurus,RESOLVED_COMPOSED_FAUNA,CCT component provenance resolved and exact English/Japanese component lookup verified for Hunting Ankylosaurus.,1,Hunting Ankylosaurus
fauna,0019E77E,Starfield.esm,0019E77E,PCM_Alpha-Centauri_Gagarin_Prey04_Swimmer,Sunfish Filterer,RESOLVED_COMPOSED_FAUNA,CCT component provenance resolved and exact English/Japanese component lookup verified for Sunfish Filterer.,1,Sunfish Filterer
fauna,0019E858,Starfield.esm,0019E858,PCM_Alpha-Centauri_Gagarin_Predator03_Swimmer,Pack Seahag,RESOLVED_COMPOSED_FAUNA,CCT component provenance resolved and exact English/Japanese component lookup verified for Pack Seahag.,1,Pack Seahag
fauna,001A6170,Starfield.esm,001A6170,PCM_Alpha-Ternion_Ternion-III_Critter02,Carasnail Geophage,RESOLVED_COMPOSED_FAUNA,CCT component provenance resolved and exact English/Japanese component lookup verified for Carasnail Geophage.,1,Carasnail Geophage
fauna,001A6171,Starfield.esm,001A6171,PCM_Alpha-Ternion_Ternion-III_Critter01,Grabber Grazer,RESOLVED_COMPOSED_FAUNA,CCT component provenance resolved and exact English/Japanese component lookup verified for Grabber Grazer.,1,Grabber Grazer
fauna,001A6172,Starfield.esm,001A6172,PCM_Alpha-Ternion_Ternion-III_Prey04,Flocking Scepter Filterer,RESOLVED_COMPOSED_FAUNA,CCT component provenance resolved and exact English/Japanese component lookup verified for Flocking Scepter Filterer.,1,Flocking Scepter Filterer
fauna,001A6173,Starfield.esm,001A6173,PCM_Alpha-Ternion_Ternion-III_Prey03,Herding Blistercrab Grazer,RESOLVED_COMPOSED_FAUNA,CCT component provenance resolved and exact English/Japanese component lookup verified for Herding Blistercrab Grazer.,1,Herding Blistercrab Grazer
fauna,001A6174,Starfield.esm,001A6174,PCM_Alpha-Ternion_Ternion-III_Prey02,Flocking Leafbug Filterer,RESOLVED_COMPOSED_FAUNA,CCT component provenance resolved and exact English/Japanese component lookup verified for Flocking Leafbug Filterer.,1,Flocking Leafbug Filterer
fauna,001A6175,Starfield.esm,001A6175,PCM_Alpha-Ternion_Ternion-III_Prey01,Flocking Eyespine Scavenger,RESOLVED_COMPOSED_FAUNA,CCT component provenance resolved and exact English/Japanese component lookup verified for Flocking Eyespine Scavenger.,1,Flocking Eyespine Scavenger
fauna,001A6176,Starfield.esm,001A6176,PCM_Alpha-Ternion_Ternion-III_Predator03,Hunting Seabat,RESOLVED_COMPOSED_FAUNA,CCT component provenance resolved and exact English/Japanese component lookup verified for Hunting Seabat.,1,Hunting Seabat
fauna,001A6177,Starfield.esm,001A6177,PCM_Alpha-Ternion_Ternion-III_Predator02,Pack Crab Stalker,RESOLVED_COMPOSED_FAUNA,CCT component provenance resolved and exact English/Japanese component lookup verified for Pack Crab Stalker.,1,Pack Crab Stalker
fauna,001A6178,Starfield.esm,001A6178,PCM_Alpha-Ternion_Ternion-III_Predator01,Pack Bladeback,RESOLVED_COMPOSED_FAUNA,CCT component provenance resolved and exact English/Japanese component lookup verified for Pack Bladeback.,1,Pack Bladeback
fauna,001A6347,Starfield.esm,001A6347,PCM_Strix_Strix-I_Critter02,Triworm Filterer,RESOLVED_COMPOSED_FAUNA,CCT component provenance resolved and exact English/Japanese component lookup verified for Triworm Filterer.,1,Triworm Filterer
fauna,001A6348,Starfield.esm,001A6348,PCM_Strix_Strix-I_Critter01,Thorn Geophage,RESOLVED_COMPOSED_FAUNA,CCT component provenance resolved and exact English/Japanese component lookup verified for Thorn Geophage.,1,Thorn Geophage
fauna,001A6349,Starfield.esm,001A6349,PCM_Strix_Strix-I_Prey03,Flocking Nautiloos Filterer,RESOLVED_COMPOSED_FAUNA,CCT component provenance resolved and exact English/Japanese component lookup verified for Flocking Nautiloos Filterer.,1,Flocking Nautiloos Filterer
fauna,001A634B,Starfield.esm,001A634B,PCM_Strix_Strix-I_Prey01,Herding Scoopback Geophage,RESOLVED_COMPOSED_FAUNA,CCT component provenance resolved and exact English/Japanese component lookup verified for Herding Scoopback Geophage.,1,Herding Scoopback Geophage
fauna,001A634C,Starfield.esm,001A634C,PCM_Strix_Strix-I_Predator03,Swarming Noid,RESOLVED_COMPOSED_FAUNA,CCT component provenance resolved and exact English/Japanese component lookup verified for Swarming Noid.,1,Swarming Noid
fauna,001A634D,Starfield.esm,001A634D,PCM_Strix_Strix-I_Predator02,Swarming Arachnofly Scavenger,RESOLVED_COMPOSED_FAUNA,CCT component provenance resolved and exact English/Japanese component lookup verified for Swarming Arachnofly Scavenger.,1,Swarming Arachnofly Scavenger
fauna,001A634E,Starfield.esm,001A634E,PCM_Strix_Strix-I_Predator01,Swarming Shardhopper Scavenger,RESOLVED_COMPOSED_FAUNA,CCT component provenance resolved and exact English/Japanese component lookup verified for Swarming Shardhopper Scavenger.,1,Swarming Shardhopper Scavenger
fauna,001A766F,Starfield.esm,001A766F,PCM_Zelazny_Zelazny-II_Critter02,Milliwhale Filterer,RESOLVED_COMPOSED_FAUNA,CCT component provenance resolved and exact English/Japanese component lookup verified for Milliwhale Filterer.,1,Milliwhale Filterer
fauna,001A7670,Starfield.esm,001A7670,PCM_Zelazny_Zelazny-II_Critter01,Carasnail Grazer,RESOLVED_COMPOSED_FAUNA,CCT component provenance resolved and exact English/Japanese component lookup verified for Carasnail Grazer.,1,Carasnail Grazer
fauna,001A7671,Starfield.esm,001A7671,PCM_Zelazny_Zelazny-II_Prey04,Schooling Bladehead Filterer,RESOLVED_COMPOSED_FAUNA,CCT component provenance resolved and exact English/Japanese component lookup verified for Schooling Bladehead Filterer.,1,Schooling Bladehead Filterer
fauna,001A7672,Starfield.esm,001A7672,PCM_Zelazny_Zelazny-II_Prey03,Flocking Scepter Herbivore,RESOLVED_COMPOSED_FAUNA,CCT component provenance resolved and exact English/Japanese component lookup verified for Flocking Scepter Herbivore.,1,Flocking Scepter Herbivore
fauna,001A7673,Starfield.esm,001A7673,PCM_Zelazny_Zelazny-II_Prey02,Herding Glowhands Geophage,RESOLVED_COMPOSED_FAUNA,CCT component provenance resolved and exact English/Japanese component lookup verified for Herding Glowhands Geophage.,1,Herding Glowhands Geophage
fauna,001A7674,Starfield.esm,001A7674,PCM_Zelazny_Zelazny-II_Prey01,Flocking Longarm Herbivore,RESOLVED_COMPOSED_FAUNA,CCT component provenance resolved and exact English/Japanese component lookup verified for Flocking Longarm Herbivore.,1,Flocking Longarm Herbivore
fauna,001A7675,Starfield.esm,001A7675,PCM_Zelazny_Zelazny-II_Predator04,Swarming Sentinel,RESOLVED_COMPOSED_FAUNA,CCT component provenance resolved and exact English/Japanese component lookup verified for Swarming Sentinel.,1,Swarming Sentinel
fauna,001A7676,Starfield.esm,001A7676,PCM_Zelazny_Zelazny-II_Predator03,Pack Mossasaur,RESOLVED_COMPOSED_FAUNA,CCT component provenance resolved and exact English/Japanese component lookup verified for Pack Mossasaur.,1,Pack Mossasaur
fauna,001A7677,Starfield.esm,001A7677,PCM_Zelazny_Zelazny-II_Predator02,Pack Landshark,RESOLVED_COMPOSED_FAUNA,CCT component provenance resolved and exact English/Japanese component lookup verified for Pack Landshark.,1,Pack Landshark
fauna,001A7678,Starfield.esm,001A7678,PCM_Zelazny_Zelazny-II_Predator01,Pack Stingray,RESOLVED_COMPOSED_FAUNA,CCT component provenance resolved and exact English/Japanese component lookup verified for Pack Stingray.,1,Pack Stingray
fauna,001A7EAC,Starfield.esm,001A7EAC,PCM_Serpentis_Serpentis-IV_Critter03,Grabber Geophage,RESOLVED_COMPOSED_FAUNA,CCT component provenance resolved and exact English/Japanese component lookup verified for Grabber Geophage.,1,Grabber Geophage
fauna,001A7EAD,Starfield.esm,001A7EAD,PCM_Serpentis_Serpentis-IV_Critter02,Carasnail Scavenger,RESOLVED_COMPOSED_FAUNA,CCT component provenance resolved and exact English/Japanese component lookup verified for Carasnail Scavenger.,1,Carasnail Scavenger
fauna,001A7EAE,Starfield.esm,001A7EAE,PCM_Serpentis_Serpentis-IV_Critter01,Centiskull Filterer,RESOLVED_COMPOSED_FAUNA,CCT component provenance resolved and exact English/Japanese component lookup verified for Centiskull Filterer.,1,Centiskull Filterer
fauna,001A7EAF,Starfield.esm,001A7EAF,PCM_Serpentis_Serpentis-IV_Prey06,Herding Leafbug Grazer,RESOLVED_COMPOSED_FAUNA,CCT component provenance resolved and exact English/Japanese component lookup verified for Herding Leafbug Grazer.,1,Herding Leafbug Grazer
fauna,001A7EB0,Starfield.esm,001A7EB0,PCM_Serpentis_Serpentis-IV_Prey05,Flocking Blistercrab Herbivore,RESOLVED_COMPOSED_FAUNA,CCT component provenance resolved and exact English/Japanese component lookup verified for Flocking Blistercrab Herbivore.,1,Flocking Blistercrab Herbivore
fauna,001A7EB1,Starfield.esm,001A7EB1,PCM_Serpentis_Serpentis-IV_Prey04,Herding Crab Herbivore,RESOLVED_COMPOSED_FAUNA,CCT component provenance resolved and exact English/Japanese component lookup verified for Herding Crab Herbivore.,1,Herding Crab Herbivore
fauna,001A7EB2,Starfield.esm,001A7EB2,PCM_Serpentis_Serpentis-IV_Prey03,Seahorse Herbivore,RESOLVED_COMPOSED_FAUNA,CCT component provenance resolved and exact English/Japanese component lookup verified for Seahorse Herbivore.,1,Seahorse Herbivore
fauna,001A7EB3,Starfield.esm,001A7EB3,PCM_Serpentis_Serpentis-IV_Prey02,Herding Cutterhead Grazer,RESOLVED_COMPOSED_FAUNA,CCT component provenance resolved and exact English/Japanese component lookup verified for Herding Cutterhead Grazer.,1,Herding Cutterhead Grazer
fauna,001A7EB4,Starfield.esm,001A7EB4,PCM_Serpentis_Serpentis-IV_Prey01,Herding Tuskfrog Filterer,RESOLVED_COMPOSED_FAUNA,CCT component provenance resolved and exact English/Japanese component lookup verified for Herding Tuskfrog Filterer.,1,Herding Tuskfrog Filterer
fauna,001A7EB5,Starfield.esm,001A7EB5,PCM_Serpentis_Serpentis-IV_Predator03,Pack Scorpion,RESOLVED_COMPOSED_FAUNA,CCT component provenance resolved and exact English/Japanese component lookup verified for Pack Scorpion.,1,Pack Scorpion
fauna,001A7EB6,Starfield.esm,001A7EB6,PCM_Serpentis_Serpentis-IV_Predator02,Hunting Coralcrawler,RESOLVED_COMPOSED_FAUNA,CCT component provenance resolved and exact English/Japanese component lookup verified for Hunting Coralcrawler.,1,Hunting Coralcrawler
fauna,001A7EB7,Starfield.esm,001A7EB7,PCM_Serpentis_Serpentis-IV_Predator01,Pack Clickbeetle,RESOLVED_COMPOSED_FAUNA,CCT component provenance resolved and exact English/Japanese component lookup verified for Pack Clickbeetle.,1,Pack Clickbeetle
fauna,001A7F77,Starfield.esm,001A7F77,PCM_Zeta-Ophiuchi_Zeta-Ophiuchi-I_Critter02,Carasnail Filterer,RESOLVED_COMPOSED_FAUNA,CCT component provenance resolved and exact English/Japanese component lookup verified for Carasnail Filterer.,1,Carasnail Filterer
fauna,001A7F78,Starfield.esm,001A7F78,PCM_Zeta-Ophiuchi_Zeta-Ophiuchi-I_Critter01,Centiskull Grazer,RESOLVED_COMPOSED_FAUNA,CCT component provenance resolved and exact English/Japanese component lookup verified for Centiskull Grazer.,1,Centiskull Grazer
fauna,001A7F79,Starfield.esm,001A7F79,PCM_Zeta-Ophiuchi_Zeta-Ophiuchi-I_Prey03,Herding Longneck Scavenger,RESOLVED_COMPOSED_FAUNA,CCT component provenance resolved and exact English/Japanese component lookup verified for Herding Longneck Scavenger.,1,Herding Longneck Scavenger
fauna,001A7F7A,Starfield.esm,001A7F7A,PCM_Zeta-Ophiuchi_Zeta-Ophiuchi-I_Prey02,Herding Eggsac Filterer,RESOLVED_COMPOSED_FAUNA,CCT component provenance resolved and exact English/Japanese component lookup verified for Herding Eggsac Filterer.,1,Herding Eggsac Filterer
fauna,001A7F7B,Starfield.esm,001A7F7B,PCM_Zeta-Ophiuchi_Zeta-Ophiuchi-I_Prey01,Flocking Triantler Herbivore,RESOLVED_COMPOSED_FAUNA,CCT component provenance resolved and exact English/Japanese component lookup verified for Flocking Triantler Herbivore.,1,Flocking Triantler Herbivore
fauna,001A7F7C,Starfield.esm,001A7F7C,PCM_Zeta-Ophiuchi_Zeta-Ophiuchi-I_Predator03,Hunting Dodo,RESOLVED_COMPOSED_FAUNA,CCT component provenance resolved and exact English/Japanese component lookup verified for Hunting Dodo.,1,Hunting Dodo
fauna,001A7F7D,Starfield.esm,001A7F7D,PCM_Zeta-Ophiuchi_Zeta-Ophiuchi-I_Predator02,Pack Tuskfrog,RESOLVED_COMPOSED_FAUNA,CCT component provenance resolved and exact English/Japanese component lookup verified for Pack Tuskfrog.,1,Pack Tuskfrog
fauna,001A7F7E,Starfield.esm,001A7F7E,PCM_Zeta-Ophiuchi_Zeta-Ophiuchi-I_Predator01,Pack Caterpillar,RESOLVED_COMPOSED_FAUNA,CCT component provenance resolved and exact English/Japanese component lookup verified for Pack Caterpillar.,1,Pack Caterpillar
fauna,001A8382,Starfield.esm,001A8382,PCM_Schrodinger_Schrodinger-III_Critter02,Beetle Scavenger,RESOLVED_COMPOSED_FAUNA,CCT component provenance resolved and exact English/Japanese component lookup verified for Beetle Scavenger.,1,Beetle Scavenger
fauna,001A8384,Starfield.esm,001A8384,PCM_Schrodinger_Schrodinger-III_Critter01,Flamethorn Scavenger,RESOLVED_COMPOSED_FAUNA,CCT component provenance resolved and exact English/Japanese component lookup verified for Flamethorn Scavenger.,1,Flamethorn Scavenger
fauna,001A8385,Starfield.esm,001A8385,PCM_Schrodinger_Schrodinger-III_Prey03,Herding Toadface Herbivore,RESOLVED_COMPOSED_FAUNA,CCT component provenance resolved and exact English/Japanese component lookup verified for Herding Toadface Herbivore.,1,Herding Toadface Herbivore
fauna,001A838A,Starfield.esm,001A838A,PCM_Schrodinger_Schrodinger-III_Prey02,Flocking Exocrawler,RESOLVED_COMPOSED_FAUNA,CCT component provenance resolved and exact English/Japanese component lookup verified for Flocking Exocrawler.,1,Flocking Exocrawler
fauna,001A838B,Starfield.esm,001A838B,PCM_Schrodinger_Schrodinger-III_Prey01,Herding Loxodont Grazer,RESOLVED_COMPOSED_FAUNA,CCT component provenance resolved and exact English/Japanese component lookup verified for Herding Loxodont Grazer.,1,Herding Loxodont Grazer
fauna,001A838E,Starfield.esm,001A838E,PCM_Schrodinger_Schrodinger-III_Predator03,Swarming Foxbat,RESOLVED_COMPOSED_FAUNA,CCT component provenance resolved and exact English/Japanese component lookup verified for Swarming Foxbat.,1,Swarming Foxbat
fauna,001A838F,Starfield.esm,001A838F,PCM_Schrodinger_Schrodinger-III_Predator02,Pack Scarab,RESOLVED_COMPOSED_FAUNA,CCT component provenance resolved and exact English/Japanese component lookup verified for Pack Scarab.,1,Pack Scarab
fauna,001A8392,Starfield.esm,001A8392,PCM_Schrodinger_Schrodinger-III_Predator01,Apex Ankylosaurus,RESOLVED_COMPOSED_FAUNA,CCT component provenance resolved and exact English/Japanese component lookup verified for Apex Ankylosaurus.,1,Apex Ankylosaurus
fauna,001A8FC6,Starfield.esm,001A8FC6,PCM_Zelazny_Zelazny-III_Critter03,Fleshleaf Filterer,RESOLVED_COMPOSED_FAUNA,CCT component provenance resolved and exact English/Japanese component lookup verified for Fleshleaf Filterer.,1,Fleshleaf Filterer
fauna,001A8FC7,Starfield.esm,001A8FC7,PCM_Zelazny_Zelazny-III_Critter02,Flamethorn Grazer,RESOLVED_COMPOSED_FAUNA,CCT component provenance resolved and exact English/Japanese component lookup verified for Flamethorn Grazer.,1,Flamethorn Grazer
fauna,001A8FC8,Starfield.esm,001A8FC8,PCM_Zelazny_Zelazny-III_Critter01,Milliwhale Grazer,RESOLVED_COMPOSED_FAUNA,CCT component provenance resolved and exact English/Japanese component lookup verified for Milliwhale Grazer.,1,Milliwhale Grazer
fauna,001A8FC9,Starfield.esm,001A8FC9,PCM_Zelazny_Zelazny-III_Prey04,Flocking Brainsprout Filterer,RESOLVED_COMPOSED_FAUNA,CCT component provenance resolved and exact English/Japanese component lookup verified for Flocking Brainsprout Filterer.,1,Flocking Brainsprout Filterer
fauna,001A8FCA,Starfield.esm,001A8FCA,PCM_Zelazny_Zelazny-III_Prey03,Leafstrider Herbivore,RESOLVED_COMPOSED_FAUNA,CCT component provenance resolved and exact English/Japanese component lookup verified for Leafstrider Herbivore.,1,Leafstrider Herbivore
fauna,001A8FCB,Starfield.esm,001A8FCB,PCM_Zelazny_Zelazny-III_Prey02,Trihorn Scavenger,RESOLVED_COMPOSED_FAUNA,CCT component provenance resolved and exact English/Japanese component lookup verified for Trihorn Scavenger.,1,Trihorn Scavenger
fauna,001A8FCC,Starfield.esm,001A8FCC,PCM_Zelazny_Zelazny-III_Prey01,Herding Cagebrain Grazer,RESOLVED_COMPOSED_FAUNA,CCT component provenance resolved and exact English/Japanese component lookup verified for Herding Cagebrain Grazer.,1,Herding Cagebrain Grazer
fauna,001A8FCD,Starfield.esm,001A8FCD,PCM_Zelazny_Zelazny-III_Predator03,Pack Boneshell,RESOLVED_COMPOSED_FAUNA,CCT component provenance resolved and exact English/Japanese component lookup verified for Pack Boneshell.,1,Pack Boneshell
fauna,001A8FCE,Starfield.esm,001A8FCE,PCM_Zelazny_Zelazny-III_Predator02,Pack Scarab,RESOLVED_COMPOSED_FAUNA,CCT component provenance resolved and exact English/Japanese component lookup verified for Pack Scarab.,1,Pack Scarab
fauna,001A8FCF,Starfield.esm,001A8FCF,PCM_Zelazny_Zelazny-III_Predator01,Hunting Lockjaw,RESOLVED_COMPOSED_FAUNA,CCT component provenance resolved and exact English/Japanese component lookup verified for Hunting Lockjaw.,1,Hunting Lockjaw
fauna,001A903A,Starfield.esm,001A903A,PCM_Xi-Ophiuchi_Xi-Ophiuchi-VIII-b_Critter01,Beetle Filterer,RESOLVED_COMPOSED_FAUNA,CCT component provenance resolved and exact English/Japanese component lookup verified for Beetle Filterer.,1,Beetle Filterer
fauna,001A903B,Starfield.esm,001A903B,PCM_Xi-Ophiuchi_Xi-Ophiuchi-VIII-b_Prey01,Herding Shardhopper Geophage,RESOLVED_COMPOSED_FAUNA,CCT component provenance resolved and exact English/Japanese component lookup verified for Herding Shardhopper Geophage.,1,Herding Shardhopper Geophage
fauna,001A903C,Starfield.esm,001A903C,PCM_Xi-Ophiuchi_Xi-Ophiuchi-VIII-b_Predator01,Hunting Coralbug,RESOLVED_COMPOSED_FAUNA,CCT component provenance resolved and exact English/Japanese component lookup verified for Hunting Coralbug.,1,Hunting Coralbug
fauna,001A903D,Starfield.esm,001A903D,PCM_Ursae-Majoris_Ursa-Major-II_Critter02,Spore Filterer,RESOLVED_COMPOSED_FAUNA,CCT component provenance resolved and exact English/Japanese component lookup verified for Spore Filterer.,1,Spore Filterer
fauna,001A903E,Starfield.esm,001A903E,PCM_Ursae-Majoris_Ursa-Major-II_Critter01,Flamethorn Filterer,RESOLVED_COMPOSED_FAUNA,CCT component provenance resolved and exact English/Japanese component lookup verified for Flamethorn Filterer.,1,Flamethorn Filterer
fauna,001A903F,Starfield.esm,001A903F,PCM_Ursae-Majoris_Ursa-Major-II_Prey03,Flapwheel Scavenger,RESOLVED_COMPOSED_FAUNA,CCT component provenance resolved and exact English/Japanese component lookup verified for Flapwheel Scavenger.,1,Flapwheel Scavenger
fauna,001A9040,Starfield.esm,001A9040,PCM_Ursae-Majoris_Ursa-Major-II_Prey02,Herding Vuvuzelisk Grazer,RESOLVED_COMPOSED_FAUNA,CCT component provenance resolved and exact English/Japanese component lookup verified for Herding Vuvuzelisk Grazer.,1,Herding Vuvuzelisk Grazer
fauna,001A9041,Starfield.esm,001A9041,PCM_Ursae-Majoris_Ursa-Major-II_Prey01,Herding Rockhound Grazer,RESOLVED_COMPOSED_FAUNA,CCT component provenance resolved and exact English/Japanese component lookup verified for Herding Rockhound Grazer.,1,Herding Rockhound Grazer
fauna,001A9042,Starfield.esm,001A9042,PCM_Ursae-Majoris_Ursa-Major-II_Predator03,Hunting Coralcrab,RESOLVED_COMPOSED_FAUNA,CCT component provenance resolved and exact English/Japanese component lookup verified for Hunting Coralcrab.,1,Hunting Coralcrab
fauna,001A9043,Starfield.esm,001A9043,PCM_Ursae-Majoris_Ursa-Major-II_Predator02,Swarming Landshark,RESOLVED_COMPOSED_FAUNA,CCT component provenance resolved and exact English/Japanese component lookup verified for Swarming Landshark.,1,Swarming Landshark
fauna,001A9044,Starfield.esm,001A9044,PCM_Ursae-Majoris_Ursa-Major-II_Predator01,Pack Exorunner,RESOLVED_COMPOSED_FAUNA,CCT component provenance resolved and exact English/Japanese component lookup verified for Pack Exorunner.,1,Pack Exorunner
fauna,001A94DA,Starfield.esm,001A94DA,PCM_Pyraas_Pyraas-II_Critter02,Spaceroach Grazer,RESOLVED_COMPOSED_FAUNA,CCT component provenance resolved and exact English/Japanese component lookup verified for Spaceroach Grazer.,1,Spaceroach Grazer
fauna,001A94DB,Starfield.esm,001A94DB,PCM_Pyraas_Pyraas-II_Critter01,Beetle Scavenger,RESOLVED_COMPOSED_FAUNA,CCT component provenance resolved and exact English/Japanese component lookup verified for Beetle Scavenger.,1,Beetle Scavenger
fauna,001A94DC,Starfield.esm,001A94DC,PCM_Pyraas_Pyraas-II_Prey03,Herding Trihorn Herbivore,RESOLVED_COMPOSED_FAUNA,CCT component provenance resolved and exact English/Japanese component lookup verified for Herding Trihorn Herbivore.,1,Herding Trihorn Herbivore
fauna,001A94DD,Starfield.esm,001A94DD,PCM_Pyraas_Pyraas-II_Prey02,Herding Vectorback Filterer,RESOLVED_COMPOSED_FAUNA,CCT component provenance resolved and exact English/Japanese component lookup verified for Herding Vectorback Filterer.,1,Herding Vectorback Filterer
fauna,001A94DE,Starfield.esm,001A94DE,PCM_Pyraas_Pyraas-II_Prey01,Flocking Leafback Scavenger,RESOLVED_COMPOSED_FAUNA,CCT component provenance resolved and exact English/Japanese component lookup verified for Flocking Leafback Scavenger.,1,Flocking Leafback Scavenger
fauna,001A94DF,Starfield.esm,001A94DF,PCM_Pyraas_Pyraas-II_Predator03,Pack Clawback Stalker,RESOLVED_COMPOSED_FAUNA,CCT component provenance resolved and exact English/Japanese component lookup verified for Pack Clawback Stalker.,1,Pack Clawback Stalker
fauna,001A94E0,Starfield.esm,001A94E0,PCM_Pyraas_Pyraas-II_Predator02,Pack Lacraia,RESOLVED_COMPOSED_FAUNA,CCT component provenance resolved and exact English/Japanese component lookup verified for Pack Lacraia.,1,Pack Lacraia
fauna,001A94E1,Starfield.esm,001A94E1,PCM_Pyraas_Pyraas-II_Predator01,Swarming Exorunner,RESOLVED_COMPOSED_FAUNA,CCT component provenance resolved and exact English/Japanese component lookup verified for Swarming Exorunner.,1,Swarming Exorunner
fauna,001A9996,Starfield.esm,001A9996,PCM_Shoza_Shoza-III_Critter03,Artichoke Filterer,RESOLVED_COMPOSED_FAUNA,CCT component provenance resolved and exact English/Japanese component lookup verified for Artichoke Filterer.,1,Artichoke Filterer
fauna,001A9997,Starfield.esm,001A9997,PCM_Shoza_Shoza-III_Critter02,Flamethorn Grazer,RESOLVED_COMPOSED_FAUNA,CCT component provenance resolved and exact English/Japanese component lookup verified for Flamethorn Grazer.,1,Flamethorn Grazer
fauna,001A9998,Starfield.esm,001A9998,PCM_Shoza_Shoza-III_Critter01,Milliwhale Geophage,RESOLVED_COMPOSED_FAUNA,CCT component provenance resolved and exact English/Japanese component lookup verified for Milliwhale Geophage.,1,Milliwhale Geophage
fauna,001A9999,Starfield.esm,001A9999,PCM_Shoza_Shoza-III_Prey03,Herding Mantodea Grazer,RESOLVED_COMPOSED_FAUNA,CCT component provenance resolved and exact English/Japanese component lookup verified for Herding Mantodea Grazer.,1,Herding Mantodea Grazer
fauna,001A999A,Starfield.esm,001A999A,PCM_Shoza_Shoza-III_Prey02,Glowhands Grazer,RESOLVED_COMPOSED_FAUNA,CCT component provenance resolved and exact English/Japanese component lookup verified for Glowhands Grazer.,1,Glowhands Grazer
fauna,001A999B,Starfield.esm,001A999B,PCM_Shoza_Shoza-III_Prey01,Herding Octomaggot Herbivore,RESOLVED_COMPOSED_FAUNA,CCT component provenance resolved and exact English/Japanese component lookup verified for Herding Octomaggot Herbivore.,1,Herding Octomaggot Herbivore
fauna,001A999C,Starfield.esm,001A999C,PCM_Shoza_Shoza-III_Predator03,Pack Shardhopper,RESOLVED_COMPOSED_FAUNA,CCT component provenance resolved and exact English/Japanese component lookup verified for Pack Shardhopper.,1,Pack Shardhopper
fauna,001A999D,Starfield.esm,001A999D,PCM_Shoza_Shoza-III_Predator02,Pack Hammersaur,RESOLVED_COMPOSED_FAUNA,CCT component provenance resolved and exact English/Japanese component lookup verified for Pack Hammersaur.,1,Pack Hammersaur
fauna,001A999E,Starfield.esm,001A999E,PCM_Shoza_Shoza-III_Predator01,Hunting Tentabeard,RESOLVED_COMPOSED_FAUNA,CCT component provenance resolved and exact English/Japanese component lookup verified for Hunting Tentabeard.,1,Hunting Tentabeard
fauna,001A999F,Starfield.esm,001A999F,PCM_Shoza_Shoza-II_Critter03,Beetle Filterer,RESOLVED_COMPOSED_FAUNA,CCT component provenance resolved and exact English/Japanese component lookup verified for Beetle Filterer.,1,Beetle Filterer
fauna,001A99A0,Starfield.esm,001A99A0,PCM_Shoza_Shoza-II_Critter02,Coralheart Herbivore,RESOLVED_COMPOSED_FAUNA,CCT component provenance resolved and exact English/Japanese component lookup verified for Coralheart Herbivore.,1,Coralheart Herbivore
fauna,001A99A1,Starfield.esm,001A99A1,PCM_Shoza_Shoza-II_Critter01,Grabber Filterer,RESOLVED_COMPOSED_FAUNA,CCT component provenance resolved and exact English/Japanese component lookup verified for Grabber Filterer.,1,Grabber Filterer
fauna,001A99A2,Starfield.esm,001A99A2,PCM_Shoza_Shoza-II_Prey03,Bonefrill Herbivore,RESOLVED_COMPOSED_FAUNA,CCT component provenance resolved and exact English/Japanese component lookup verified for Bonefrill Herbivore.,1,Bonefrill Herbivore
fauna,001A99A3,Starfield.esm,001A99A3,PCM_Shoza_Shoza-II_Prey02,Herding Coralcrawler Filterer,RESOLVED_COMPOSED_FAUNA,CCT component provenance resolved and exact English/Japanese component lookup verified for Herding Coralcrawler Filterer.,1,Herding Coralcrawler Filterer
fauna,001A99A4,Starfield.esm,001A99A4,PCM_Shoza_Shoza-II_Prey01,Herding Hornface Scavenger,RESOLVED_COMPOSED_FAUNA,CCT component provenance resolved and exact English/Japanese component lookup verified for Herding Hornface Scavenger.,1,Herding Hornface Scavenger
fauna,001A99A5,Starfield.esm,001A99A5,PCM_Shoza_Shoza-II_Predator03,Hunting Sunflower,RESOLVED_COMPOSED_FAUNA,CCT component provenance resolved and exact English/Japanese component lookup verified for Hunting Sunflower.,1,Hunting Sunflower
fauna,001A99A6,Starfield.esm,001A99A6,PCM_Shoza_Shoza-II_Predator02,Pack Twistfin,RESOLVED_COMPOSED_FAUNA,CCT component provenance resolved and exact English/Japanese component lookup verified for Pack Twistfin.,1,Pack Twistfin
fauna,001A9ACA,Starfield.esm,001A9ACA,PCM_Shoza_Shoza-II_Predator01,Hunting Cricket,RESOLVED_COMPOSED_FAUNA,CCT component provenance resolved and exact English/Japanese component lookup verified for Hunting Cricket.,1,Hunting Cricket
fauna,001A9C7F,Starfield.esm,001A9C7F,PCM_Marduk_Marduk-IV_Critter02,Trilobite Filterer,RESOLVED_COMPOSED_FAUNA,CCT component provenance resolved and exact English/Japanese component lookup verified for Trilobite Filterer.,1,Trilobite Filterer
fauna,001A9C80,Starfield.esm,001A9C80,PCM_Marduk_Marduk-IV_Critter01,Beetle Scavenger,RESOLVED_COMPOSED_FAUNA,CCT component provenance resolved and exact English/Japanese component lookup verified for Beetle Scavenger.,1,Beetle Scavenger
fauna,001A9C81,Starfield.esm,001A9C81,PCM_Marduk_Marduk-IV_Prey03,Herding Brainsprout Filterer,RESOLVED_COMPOSED_FAUNA,CCT component provenance resolved and exact English/Japanese component lookup verified for Herding Brainsprout Filterer.,1,Herding Brainsprout Filterer
fauna,001A9C82,Starfield.esm,001A9C82,PCM_Marduk_Marduk-IV_Prey02,Flocking Clickbeetle Herbivore,RESOLVED_COMPOSED_FAUNA,CCT component provenance resolved and exact English/Japanese component lookup verified for Flocking Clickbeetle Herbivore.,1,Flocking Clickbeetle Herbivore
fauna,001A9C83,Starfield.esm,001A9C83,PCM_Marduk_Marduk-IV_Prey01,Herding Twigwalker Grazer,RESOLVED_COMPOSED_FAUNA,CCT component provenance resolved and exact English/Japanese component lookup verified for Herding Twigwalker Grazer.,1,Herding Twigwalker Grazer
fauna,001A9C84,Starfield.esm,001A9C84,PCM_Marduk_Marduk-IV_Predator03,Swarming Scorpion,RESOLVED_COMPOSED_FAUNA,CCT component provenance resolved and exact English/Japanese component lookup verified for Swarming Scorpion.,1,Swarming Scorpion
fauna,001A9C85,Starfield.esm,001A9C85,PCM_Marduk_Marduk-IV_Predator02,Swarming Horsamander,RESOLVED_COMPOSED_FAUNA,CCT component provenance resolved and exact English/Japanese component lookup verified for Swarming Horsamander.,1,Swarming Horsamander
fauna,001A9C86,Starfield.esm,001A9C86,PCM_Marduk_Marduk-IV_Predator01,Pack Scarab,RESOLVED_COMPOSED_FAUNA,CCT component provenance resolved and exact English/Japanese component lookup verified for Pack Scarab.,1,Pack Scarab
fauna,001AA10E,Starfield.esm,001AA10E,PCM_Kumasi_Kumasi-II_Prey03,Herding Trihorn Geophage,RESOLVED_COMPOSED_FAUNA,CCT component provenance resolved and exact English/Japanese component lookup verified for Herding Trihorn Geophage.,1,Herding Trihorn Geophage
fauna,001AA10F,Starfield.esm,001AA10F,PCM_Kumasi_Kumasi-II_Prey02,Flocking Scorpion Geophage,RESOLVED_COMPOSED_FAUNA,CCT component provenance resolved and exact English/Japanese component lookup verified for Flocking Scorpion Geophage.,1,Flocking Scorpion Geophage
fauna,001AA110,Starfield.esm,001AA110,PCM_Kumasi_Kumasi-II_Prey01,Herding Sailgator Herbivore,RESOLVED_COMPOSED_FAUNA,CCT component provenance resolved and exact English/Japanese component lookup verified for Herding Sailgator Herbivore.,1,Herding Sailgator Herbivore
fauna,001AA111,Starfield.esm,001AA111,PCM_Kumasi_Kumasi-II_Predator03,Hunting Brainsquid,RESOLVED_COMPOSED_FAUNA,CCT component provenance resolved and exact English/Japanese component lookup verified for Hunting Brainsquid.,1,Hunting Brainsquid
fauna,001AA112,Starfield.esm,001AA112,PCM_Kumasi_Kumasi-II_Predator02,Hunting Cagebrain,RESOLVED_COMPOSED_FAUNA,CCT component provenance resolved and exact English/Japanese component lookup verified for Hunting Cagebrain.,1,Hunting Cagebrain
fauna,001AA113,Starfield.esm,001AA113,PCM_Kumasi_Kumasi-II_Predator01,Pack Coralcrawler,RESOLVED_COMPOSED_FAUNA,CCT component provenance resolved and exact English/Japanese component lookup verified for Pack Coralcrawler.,1,Pack Coralcrawler
fauna,001AD03D,Starfield.esm,001AD03D,PCM_Kumasi_Kumasi-II_Critter02,Grabber Herbivore,RESOLVED_COMPOSED_FAUNA,CCT component provenance resolved and exact English/Japanese component lookup verified for Grabber Herbivore.,1,Grabber Herbivore
fauna,001AD03E,Starfield.esm,001AD03E,PCM_Kumasi_Kumasi-II_Critter01,Jackknife Geophage,RESOLVED_COMPOSED_FAUNA,CCT component provenance resolved and exact English/Japanese component lookup verified for Jackknife Geophage.,1,Jackknife Geophage
fauna,001AD18C,Starfield.esm,001AD18C,PCM_Hawking_Hawking-I_Critter02,Spaceroach Herbivore,RESOLVED_COMPOSED_FAUNA,CCT component provenance resolved and exact English/Japanese component lookup verified for Spaceroach Herbivore.,1,Spaceroach Herbivore
fauna,001AD18D,Starfield.esm,001AD18D,PCM_Hawking_Hawking-I_Critter01,Jackknife Scavenger,RESOLVED_COMPOSED_FAUNA,CCT component provenance resolved and exact English/Japanese component lookup verified for Jackknife Scavenger.,1,Jackknife Scavenger
fauna,001AD18E,Starfield.esm,001AD18E,PCM_Hawking_Hawking-I_Prey03,Flocking Marnokk Herbivore,RESOLVED_COMPOSED_FAUNA,CCT component provenance resolved and exact English/Japanese component lookup verified for Flocking Marnokk Herbivore.,1,Flocking Marnokk Herbivore
fauna,001AD18F,Starfield.esm,001AD18F,PCM_Hawking_Hawking-I_Prey02,Hunting Sloth Geophage,RESOLVED_COMPOSED_FAUNA,CCT component provenance resolved and exact English/Japanese component lookup verified for Hunting Sloth Geophage.,1,Hunting Sloth Geophage
fauna,001AD190,Starfield.esm,001AD190,PCM_Hawking_Hawking-I_Prey01,Flocking Grub Herbivore,RESOLVED_COMPOSED_FAUNA,CCT component provenance resolved and exact English/Japanese component lookup verified for Flocking Grub Herbivore.,1,Flocking Grub Herbivore
fauna,001AD191,Starfield.esm,001AD191,PCM_Hawking_Hawking-I_Predator03,Pack Crab,RESOLVED_COMPOSED_FAUNA,CCT component provenance resolved and exact English/Japanese component lookup verified for Pack Crab.,1,Pack Crab
fauna,001AD192,Starfield.esm,001AD192,PCM_Hawking_Hawking-I_Predator02,Pack Thornmantis,RESOLVED_COMPOSED_FAUNA,CCT component provenance resolved and exact English/Japanese component lookup verified for Pack Thornmantis.,1,Pack Thornmantis
fauna,001AD193,Starfield.esm,001AD193,PCM_Hawking_Hawking-I_Predator01,Hunting Hammersaur,RESOLVED_COMPOSED_FAUNA,CCT component provenance resolved and exact English/Japanese component lookup verified for Hunting Hammersaur.,1,Hunting Hammersaur
fauna,001AE4DF,Starfield.esm,001AE4DF,PCM_Beta-Marae_Beta-Marae-I_Critter02,Grabber Grazer,RESOLVED_COMPOSED_FAUNA,CCT component provenance resolved and exact English/Japanese component lookup verified for Grabber Grazer.,1,Grabber Grazer
fauna,001AE4E0,Starfield.esm,001AE4E0,PCM_Beta-Marae_Beta-Marae-I_Critter01,Coralheart Scavenger,RESOLVED_COMPOSED_FAUNA,CCT component provenance resolved and exact English/Japanese component lookup verified for Coralheart Scavenger.,1,Coralheart Scavenger
fauna,001AE4E1,Starfield.esm,001AE4E1,PCM_Beta-Marae_Beta-Marae-I_Prey05,Herding Rockhound Scavenger,RESOLVED_COMPOSED_FAUNA,CCT component provenance resolved and exact English/Japanese component lookup verified for Herding Rockhound Scavenger.,1,Herding Rockhound Scavenger
fauna,001AE4E2,Starfield.esm,001AE4E2,PCM_Beta-Marae_Beta-Marae-I_Prey04,Herding Beetlecrab Grazer,RESOLVED_COMPOSED_FAUNA,CCT component provenance resolved and exact English/Japanese component lookup verified for Herding Beetlecrab Grazer.,1,Herding Beetlecrab Grazer
fauna,001AE4E3,Starfield.esm,001AE4E3,PCM_Beta-Marae_Beta-Marae-I_Prey03,Herding Roundshell Scavenger,RESOLVED_COMPOSED_FAUNA,CCT component provenance resolved and exact English/Japanese component lookup verified for Herding Roundshell Scavenger.,1,Herding Roundshell Scavenger
fauna,001AE4E4,Starfield.esm,001AE4E4,PCM_Beta-Marae_Beta-Marae-I_Prey02,Flocking Leafstrider Filterer,RESOLVED_COMPOSED_FAUNA,CCT component provenance resolved and exact English/Japanese component lookup verified for Flocking Leafstrider Filterer.,1,Flocking Leafstrider Filterer
fauna,001AE4E5,Starfield.esm,001AE4E5,PCM_Beta-Marae_Beta-Marae-I_Prey01,Herding Vectorback Herbivore,RESOLVED_COMPOSED_FAUNA,CCT component provenance resolved and exact English/Japanese component lookup verified for Herding Vectorback Herbivore.,1,Herding Vectorback Herbivore
fauna,001AE4E6,Starfield.esm,001AE4E6,PCM_Beta-Marae_Beta-Marae-I_Predator03,Swarming Brightcage,RESOLVED_COMPOSED_FAUNA,CCT component provenance resolved and exact English/Japanese component lookup verified for Swarming Brightcage.,1,Swarming Brightcage
fauna,001AE4E7,Starfield.esm,001AE4E7,PCM_Beta-Marae_Beta-Marae-I_Predator02,Swarming Eggback,RESOLVED_COMPOSED_FAUNA,CCT component provenance resolved and exact English/Japanese component lookup verified for Swarming Eggback.,1,Swarming Eggback
fauna,001AE4E8,Starfield.esm,001AE4E8,PCM_Beta-Marae_Beta-Marae-I_Predator01,Hunting Boneshell,RESOLVED_COMPOSED_FAUNA,CCT component provenance resolved and exact English/Japanese component lookup verified for Hunting Boneshell.,1,Hunting Boneshell
fauna,001AF63C,Starfield.esm,001AF63C,PCM_Bardeen_Bardeen-III_Critter02,Tubecrawler Scavenger,RESOLVED_COMPOSED_FAUNA,CCT component provenance resolved and exact English/Japanese component lookup verified for Tubecrawler Scavenger.,1,Tubecrawler Scavenger
fauna,001AF63D,Starfield.esm,001AF63D,PCM_Bardeen_Bardeen-III_Critter01,Grabber Grazer,RESOLVED_COMPOSED_FAUNA,CCT component provenance resolved and exact English/Japanese component lookup verified for Grabber Grazer.,1,Grabber Grazer
fauna,001AF63E,Starfield.esm,001AF63E,PCM_Bardeen_Bardeen-III_Prey04,Herding Dragon Scavenger,RESOLVED_COMPOSED_FAUNA,CCT component provenance resolved and exact English/Japanese component lookup verified for Herding Dragon Scavenger.,1,Herding Dragon Scavenger
fauna,001AF63F,Starfield.esm,001AF63F,PCM_Bardeen_Bardeen-III_Prey03,Herding Hornface Herbivore,RESOLVED_COMPOSED_FAUNA,CCT component provenance resolved and exact English/Japanese component lookup verified for Herding Hornface Herbivore.,1,Herding Hornface Herbivore
fauna,001AF640,Starfield.esm,001AF640,PCM_Bardeen_Bardeen-III_Prey02,Herding Spiderwasp Grazer,RESOLVED_COMPOSED_FAUNA,CCT component provenance resolved and exact English/Japanese component lookup verified for Herding Spiderwasp Grazer.,1,Herding Spiderwasp Grazer
fauna,001AF641,Starfield.esm,001AF641,PCM_Bardeen_Bardeen-III_Prey01,Flocking Roundface Herbivore,RESOLVED_COMPOSED_FAUNA,CCT component provenance resolved and exact English/Japanese component lookup verified for Flocking Roundface Herbivore.,1,Flocking Roundface Herbivore
fauna,001AF642,Starfield.esm,001AF642,PCM_Bardeen_Bardeen-III_Predator03,Pack Horsamander,RESOLVED_COMPOSED_FAUNA,CCT component provenance resolved and exact English/Japanese component lookup verified for Pack Horsamander.,1,Pack Horsamander
fauna,001AF643,Starfield.esm,001AF643,PCM_Bardeen_Bardeen-III_Predator02,Swarming Clickbeetle,RESOLVED_COMPOSED_FAUNA,CCT component provenance resolved and exact English/Japanese component lookup verified for Swarming Clickbeetle.,1,Swarming Clickbeetle
fauna,001AF644,Starfield.esm,001AF644,PCM_Bardeen_Bardeen-III_Predator01,Pack Exocrawler,RESOLVED_COMPOSED_FAUNA,CCT component provenance resolved and exact English/Japanese component lookup verified for Pack Exocrawler.,1,Pack Exocrawler
fauna,001B003A,Starfield.esm,001B003A,PCM_Volii_Volii-Epsilon_Prey01,Flocking Trident Grazer,RESOLVED_COMPOSED_FAUNA,CCT component provenance resolved and exact English/Japanese component lookup verified for Flocking Trident Grazer.,1,Flocking Trident Grazer
fauna,001B0044,Starfield.esm,001B0044,PCM_Lunara_Vesta_Critter02,Noid Filterer,RESOLVED_COMPOSED_FAUNA,CCT component provenance resolved and exact English/Japanese component lookup verified for Noid Filterer.,1,Noid Filterer
fauna,001B0045,Starfield.esm,001B0045,PCM_Lunara_Vesta_Critter01,Grabber Grazer,RESOLVED_COMPOSED_FAUNA,CCT component provenance resolved and exact English/Japanese component lookup verified for Grabber Grazer.,1,Grabber Grazer
fauna,001B0046,Starfield.esm,001B0046,PCM_Lunara_Vesta_Prey02,Herding Lockjaw Grazer,RESOLVED_COMPOSED_FAUNA,CCT component provenance resolved and exact English/Japanese component lookup verified for Herding Lockjaw Grazer.,1,Herding Lockjaw Grazer
fauna,001B0047,Starfield.esm,001B0047,PCM_Lunara_Vesta_Prey01,Exocrawler Scavenger,RESOLVED_COMPOSED_FAUNA,CCT component provenance resolved and exact English/Japanese component lookup verified for Exocrawler Scavenger.,1,Exocrawler Scavenger
fauna,001B0048,Starfield.esm,001B0048,PCM_Lunara_Vesta_Predator02,Pack Ankylosaurus,RESOLVED_COMPOSED_FAUNA,CCT component provenance resolved and exact English/Japanese component lookup verified for Pack Ankylosaurus.,1,Pack Ankylosaurus
fauna,001B0049,Starfield.esm,001B0049,PCM_Lunara_Vesta_Predator01,Hunting Bonefrill Stalker,RESOLVED_COMPOSED_FAUNA,CCT component provenance resolved and exact English/Japanese component lookup verified for Hunting Bonefrill Stalker.,1,Hunting Bonefrill Stalker
fauna,001B034D,Starfield.esm,001B034D,PCM_Verne_Verne-II_Critter02,Grub Herbivore,RESOLVED_COMPOSED_FAUNA,CCT component provenance resolved and exact English/Japanese component lookup verified for Grub Herbivore.,1,Grub Herbivore
fauna,001B034E,Starfield.esm,001B034E,PCM_Verne_Verne-II_Critter01,Flamethorn Herbivore,RESOLVED_COMPOSED_FAUNA,CCT component provenance resolved and exact English/Japanese component lookup verified for Flamethorn Herbivore.,1,Flamethorn Herbivore
fauna,001B034F,Starfield.esm,001B034F,PCM_Verne_Verne-II_Prey02,Leafstrider Herbivore,RESOLVED_COMPOSED_FAUNA,CCT component provenance resolved and exact English/Japanese component lookup verified for Leafstrider Herbivore.,1,Leafstrider Herbivore
fauna,001B0350,Starfield.esm,001B0350,PCM_Verne_Verne-II_Prey01,Herding Stonewalker Grazer,RESOLVED_COMPOSED_FAUNA,CCT component provenance resolved and exact English/Japanese component lookup verified for Herding Stonewalker Grazer.,1,Herding Stonewalker Grazer
fauna,001B0351,Starfield.esm,001B0351,PCM_Verne_Verne-II_Predator02,Hunting Nailtail,RESOLVED_COMPOSED_FAUNA,CCT component provenance resolved and exact English/Japanese component lookup verified for Hunting Nailtail.,1,Hunting Nailtail
fauna,001B0352,Starfield.esm,001B0352,PCM_Verne_Verne-II_Predator01,Hunting Thornmantis,RESOLVED_COMPOSED_FAUNA,CCT component provenance resolved and exact English/Japanese component lookup verified for Hunting Thornmantis.,1,Hunting Thornmantis
fauna,001B0519,Starfield.esm,001B0519,PCM_Zosma_Zosma-V-a_Critter01,Thorn Scavenger,RESOLVED_COMPOSED_FAUNA,CCT component provenance resolved and exact English/Japanese component lookup verified for Thorn Scavenger.,1,Thorn Scavenger
fauna,001B051A,Starfield.esm,001B051A,PCM_Zosma_Zosma-V-a_Prey02,Herding Octomaggot Geophage,RESOLVED_COMPOSED_FAUNA,CCT component provenance resolved and exact English/Japanese component lookup verified for Herding Octomaggot Geophage.,1,Herding Octomaggot Geophage
fauna,001B051B,Starfield.esm,001B051B,PCM_Zosma_Zosma-V-a_Prey01,Herding Arachnofly Filterer,RESOLVED_COMPOSED_FAUNA,CCT component provenance resolved and exact English/Japanese component lookup verified for Herding Arachnofly Filterer.,1,Herding Arachnofly Filterer
fauna,001B051D,Starfield.esm,001B051D,PCM_Zosma_Zosma-V-a_Predator01,Pack Spiderwasp,RESOLVED_COMPOSED_FAUNA,CCT component provenance resolved and exact English/Japanese component lookup verified for Pack Spiderwasp.,1,Pack Spiderwasp
fauna,001B0637,Starfield.esm,001B0637,PCM_Vega_Vega-II-C_Critter02,Grub Geophage,RESOLVED_COMPOSED_FAUNA,CCT component provenance resolved and exact English/Japanese component lookup verified for Grub Geophage.,1,Grub Geophage
fauna,001B0645,Starfield.esm,001B0645,PCM_Vega_Vega-II-C_Critter01,Centiskull Grazer,RESOLVED_COMPOSED_FAUNA,CCT component provenance resolved and exact English/Japanese component lookup verified for Centiskull Grazer.,1,Centiskull Grazer
fauna,001B0646,Starfield.esm,001B0646,PCM_Vega_Vega-II-C_Prey02,Herding Horsamander Herbivore,RESOLVED_COMPOSED_FAUNA,CCT component provenance resolved and exact English/Japanese component lookup verified for Herding Horsamander Herbivore.,1,Herding Horsamander Herbivore
fauna,001B0647,Starfield.esm,001B0647,PCM_Vega_Vega-II-C_Prey01,Flocking Sloth Grazer,RESOLVED_COMPOSED_FAUNA,CCT component provenance resolved and exact English/Japanese component lookup verified for Flocking Sloth Grazer.,1,Flocking Sloth Grazer
fauna,001B0648,Starfield.esm,001B0648,PCM_Vega_Vega-II-C_Predator02,Pack Scarab,RESOLVED_COMPOSED_FAUNA,CCT component provenance resolved and exact English/Japanese component lookup verified for Pack Scarab.,1,Pack Scarab
fauna,001B0649,Starfield.esm,001B0649,PCM_Vega_Vega-II-C_Predator01,Pack Crocodaunt,RESOLVED_COMPOSED_FAUNA,CCT component provenance resolved and exact English/Japanese component lookup verified for Pack Crocodaunt.,1,Pack Crocodaunt
fauna,001B064A,Starfield.esm,001B064A,PCM_Ursae-Minoris_Ursa-Minor-II_Critter01,Thorn Grazer,RESOLVED_COMPOSED_FAUNA,CCT component provenance resolved and exact English/Japanese component lookup verified for Thorn Grazer.,1,Thorn Grazer
fauna,001B064E,Starfield.esm,001B064E,PCM_Ursae-Minoris_Ursa-Minor-II_Prey02,Coralbug Scavenger,RESOLVED_COMPOSED_FAUNA,CCT component provenance resolved and exact English/Japanese component lookup verified for Coralbug Scavenger.,1,Coralbug Scavenger
fauna,001B064F,Starfield.esm,001B064F,PCM_Ursae-Minoris_Ursa-Minor-II_Prey01,Herding Coralcrawler Grazer,RESOLVED_COMPOSED_FAUNA,CCT component provenance resolved and exact English/Japanese component lookup verified for Herding Coralcrawler Grazer.,1,Herding Coralcrawler Grazer
fauna,001B0650,Starfield.esm,001B0650,PCM_Ursae-Minoris_Ursa-Minor-II_Predator01,Hunting Shieldshell,RESOLVED_COMPOSED_FAUNA,CCT component provenance resolved and exact English/Japanese component lookup verified for Hunting Shieldshell.,1,Hunting Shieldshell
fauna,001B0653,Starfield.esm,001B0653,PCM_Zeta-Ophiuchi_Zeta-Ophiuchi-VI-a_Prey01,Herding Brightcage Geophage,RESOLVED_COMPOSED_FAUNA,CCT component provenance resolved and exact English/Japanese component lookup verified for Herding Brightcage Geophage.,1,Herding Brightcage Geophage
fauna,001B0677,Starfield.esm,001B0677,PCM_Zeta-Ophiuchi_Zeta-Ophiuchi-VI-a_Predator01,Pack Nailtail,RESOLVED_COMPOSED_FAUNA,CCT component provenance resolved and exact English/Japanese component lookup verified for Pack Nailtail.,1,Pack Nailtail
fauna,001B159A,Starfield.esm,001B159A,PCM_Alpha-Tirna_Tirna-X-A_Prey01,Herding Wiggler Geophage,RESOLVED_COMPOSED_FAUNA,CCT component provenance resolved and exact English/Japanese component lookup verified for Herding Wiggler Geophage.,1,Herding Wiggler Geophage
fauna,001B159B,Starfield.esm,001B159B,PCM_Alpha-Tirna_Tirna-X-A_Predator01,Hunting Cricket,RESOLVED_COMPOSED_FAUNA,CCT component provenance resolved and exact English/Japanese component lookup verified for Hunting Cricket.,1,Hunting Cricket
fauna,001B159E,Starfield.esm,001B159E,PCM_Tidacha_Tidacha-I_Critter02,Thorn Grazer,RESOLVED_COMPOSED_FAUNA,CCT component provenance resolved and exact English/Japanese component lookup verified for Thorn Grazer.,1,Thorn Grazer
fauna,001B159F,Starfield.esm,001B159F,PCM_Tidacha_Tidacha-I_Critter01,Coralheart Filterer,RESOLVED_COMPOSED_FAUNA,CCT component provenance resolved and exact English/Japanese component lookup verified for Coralheart Filterer.,1,Coralheart Filterer
fauna,001B15A0,Starfield.esm,001B15A0,PCM_Tidacha_Tidacha-I_Prey02,Herding Crab Herbivore,RESOLVED_COMPOSED_FAUNA,CCT component provenance resolved and exact English/Japanese component lookup verified for Herding Crab Herbivore.,1,Herding Crab Herbivore
fauna,001B15A1,Starfield.esm,001B15A1,PCM_Tidacha_Tidacha-I_Prey01,Herding Lockjaw Grazer,RESOLVED_COMPOSED_FAUNA,CCT component provenance resolved and exact English/Japanese component lookup verified for Herding Lockjaw Grazer.,1,Herding Lockjaw Grazer
fauna,001B15A2,Starfield.esm,001B15A2,PCM_Tidacha_Tidacha-I_Predator02,Swarming Dragon,RESOLVED_COMPOSED_FAUNA,CCT component provenance resolved and exact English/Japanese component lookup verified for Swarming Dragon.,1,Swarming Dragon
fauna,001B15A3,Starfield.esm,001B15A3,PCM_Tidacha_Tidacha-I_Predator01,Hunting Sailgator,RESOLVED_COMPOSED_FAUNA,CCT component provenance resolved and exact English/Japanese component lookup verified for Hunting Sailgator.,1,Hunting Sailgator
fauna,001B15A4,Starfield.esm,001B15A4,PCM_Alpha-Tirna_Tirna-VIII-C_Critter01,Spaceroach Herbivore,RESOLVED_COMPOSED_FAUNA,CCT component provenance resolved and exact English/Japanese component lookup verified for Spaceroach Herbivore.,1,Spaceroach Herbivore
fauna,001B15A5,Starfield.esm,001B15A5,PCM_Alpha-Tirna_Tirna-VIII-C_Prey02,Flocking Crab Filterer,RESOLVED_COMPOSED_FAUNA,CCT component provenance resolved and exact English/Japanese component lookup verified for Flocking Crab Filterer.,1,Flocking Crab Filterer
fauna,001B15A6,Starfield.esm,001B15A6,PCM_Alpha-Tirna_Tirna-VIII-C_Prey01,Herding Blistercrab Grazer,RESOLVED_COMPOSED_FAUNA,CCT component provenance resolved and exact English/Japanese component lookup verified for Herding Blistercrab Grazer.,1,Herding Blistercrab Grazer
fauna,001B15A7,Starfield.esm,001B15A7,PCM_Alpha-Tirna_Tirna-VIII-C_Predator01,Swarming Crab,RESOLVED_COMPOSED_FAUNA,CCT component provenance resolved and exact English/Japanese component lookup verified for Swarming Crab.,1,Swarming Crab
fauna,001B15A8,Starfield.esm,001B15A8,PCM_Alpha-Tirna_Tirna-II_Critter02,Flamethorn Herbivore,RESOLVED_COMPOSED_FAUNA,CCT component provenance resolved and exact English/Japanese component lookup verified for Flamethorn Herbivore.,1,Flamethorn Herbivore
fauna,001B15A9,Starfield.esm,001B15A9,PCM_Alpha-Tirna_Tirna-II_Critter01,Milliwhale Grazer,RESOLVED_COMPOSED_FAUNA,CCT component provenance resolved and exact English/Japanese component lookup verified for Milliwhale Grazer.,1,Milliwhale Grazer
fauna,001B15AA,Starfield.esm,001B15AA,PCM_Alpha-Tirna_Tirna-II_Prey02,Herding Vuvuzelisk Filterer,RESOLVED_COMPOSED_FAUNA,CCT component provenance resolved and exact English/Japanese component lookup verified for Herding Vuvuzelisk Filterer.,1,Herding Vuvuzelisk Filterer
fauna,001B15AB,Starfield.esm,001B15AB,PCM_Alpha-Tirna_Tirna-II_Prey01,Flocking Toadface Herbivore,RESOLVED_COMPOSED_FAUNA,CCT component provenance resolved and exact English/Japanese component lookup verified for Flocking Toadface Herbivore.,1,Flocking Toadface Herbivore
fauna,001B15AC,Starfield.esm,001B15AC,PCM_Alpha-Tirna_Tirna-II_Predator02,Pack Cockroach,RESOLVED_COMPOSED_FAUNA,CCT component provenance resolved and exact English/Japanese component lookup verified for Pack Cockroach.,1,Pack Cockroach
fauna,001B15AD,Starfield.esm,001B15AD,PCM_Alpha-Tirna_Tirna-II_Predator01,Hunting Coralcrab,RESOLVED_COMPOSED_FAUNA,CCT component provenance resolved and exact English/Japanese component lookup verified for Hunting Coralcrab.,1,Hunting Coralcrab
fauna,001B1742,Starfield.esm,001B1742,PCM_Rutherford_Rutherford-III_Critter02,Pearl Herbivore,RESOLVED_COMPOSED_FAUNA,CCT component provenance resolved and exact English/Japanese component lookup verified for Pearl Herbivore.,1,Pearl Herbivore
fauna,001B1743,Starfield.esm,001B1743,PCM_Rutherford_Rutherford-III_Critter01,Beetle Scavenger,RESOLVED_COMPOSED_FAUNA,CCT component provenance resolved and exact English/Japanese component lookup verified for Beetle Scavenger.,1,Beetle Scavenger
fauna,001B1DE1,Starfield.esm,001B1DE1,PCM_Rutherford_Rutherford-III_Prey03,Herding Sailgator Scavenger,RESOLVED_COMPOSED_FAUNA,CCT component provenance resolved and exact English/Japanese component lookup verified for Herding Sailgator Scavenger.,1,Herding Sailgator Scavenger
fauna,001B1DE5,Starfield.esm,001B1DE5,PCM_Rutherford_Rutherford-III_Prey02,Herding Brainsprout Grazer,RESOLVED_COMPOSED_FAUNA,CCT component provenance resolved and exact English/Japanese component lookup verified for Herding Brainsprout Grazer.,1,Herding Brainsprout Grazer
fauna,001B1DE7,Starfield.esm,001B1DE7,PCM_Rutherford_Rutherford-III_Prey01,Herding Glider Herbivore,RESOLVED_COMPOSED_FAUNA,CCT component provenance resolved and exact English/Japanese component lookup verified for Herding Glider Herbivore.,1,Herding Glider Herbivore
fauna,001B1DE9,Starfield.esm,001B1DE9,PCM_Rutherford_Rutherford-III_Predator02,Swarming Crab Stalker,RESOLVED_COMPOSED_FAUNA,CCT component provenance resolved and exact English/Japanese component lookup verified for Swarming Crab Stalker.,1,Swarming Crab Stalker
fauna,001B1DEA,Starfield.esm,001B1DEA,PCM_Rutherford_Rutherford-III_Predator01,Pack Bonefrill,RESOLVED_COMPOSED_FAUNA,CCT component provenance resolved and exact English/Japanese component lookup verified for Pack Bonefrill.,1,Pack Bonefrill
fauna,001B20B6,Starfield.esm,001B20B6,PCM_Masada_Masada-III_Critter01,Flamethorn Geophage,RESOLVED_COMPOSED_FAUNA,CCT component provenance resolved and exact English/Japanese component lookup verified for Flamethorn Geophage.,1,Flamethorn Geophage
fauna,001B20B7,Starfield.esm,001B20B7,PCM_Masada_Masada-III_Prey03,Flocking Octomaggot Grazer,RESOLVED_COMPOSED_FAUNA,CCT component provenance resolved and exact English/Japanese component lookup verified for Flocking Octomaggot Grazer.,1,Flocking Octomaggot Grazer
fauna,001B20B8,Starfield.esm,001B20B8,PCM_Masada_Masada-III_Prey02,Herding Noid Herbivore,RESOLVED_COMPOSED_FAUNA,CCT component provenance resolved and exact English/Japanese component lookup verified for Herding Noid Herbivore.,1,Herding Noid Herbivore
fauna,001B20BA,Starfield.esm,001B20BA,PCM_Masada_Masada-III_Prey01,Herding Mantodea Scavenger,RESOLVED_COMPOSED_FAUNA,CCT component provenance resolved and exact English/Japanese component lookup verified for Herding Mantodea Scavenger.,1,Herding Mantodea Scavenger
fauna,001B218B,Starfield.esm,001B218B,PCM_Masada_Masada-III_Predator02,Pack Landshark,RESOLVED_COMPOSED_FAUNA,CCT component provenance resolved and exact English/Japanese component lookup verified for Pack Landshark.,1,Pack Landshark
fauna,001B218C,Starfield.esm,001B218C,PCM_Masada_Masada-III_Predator01,Swarming Shardhopper,RESOLVED_COMPOSED_FAUNA,CCT component provenance resolved and exact English/Japanese component lookup verified for Swarming Shardhopper.,1,Swarming Shardhopper
fauna,001B4C03,Starfield.esm,001B4C03,PCM_Tau-Ceti_Tau-Ceti-VIII-B_Critter02,Trilobite Filterer,RESOLVED_COMPOSED_FAUNA,CCT component provenance resolved and exact English/Japanese component lookup verified for Trilobite Filterer.,1,Trilobite Filterer
fauna,001B4C04,Starfield.esm,001B4C04,PCM_Tau-Ceti_Tau-Ceti-VIII-B_Critter01,Beetle Filterer,RESOLVED_COMPOSED_FAUNA,CCT component provenance resolved and exact English/Japanese component lookup verified for Beetle Filterer.,1,Beetle Filterer
fauna,001B4C05,Starfield.esm,001B4C05,PCM_Tau-Ceti_Tau-Ceti-VIII-B_Prey02,Herding Cagebrain Herbivore,RESOLVED_COMPOSED_FAUNA,CCT component provenance resolved and exact English/Japanese component lookup verified for Herding Cagebrain Herbivore.,1,Herding Cagebrain Herbivore
fauna,001B4C06,Starfield.esm,001B4C06,PCM_Tau-Ceti_Tau-Ceti-VIII-B_Prey01,Flocking Trihorn Grazer,RESOLVED_COMPOSED_FAUNA,CCT component provenance resolved and exact English/Japanese component lookup verified for Flocking Trihorn Grazer.,1,Flocking Trihorn Grazer
fauna,001B4C07,Starfield.esm,001B4C07,PCM_Tau-Ceti_Tau-Ceti-VIII-B_Predator02,Hunting Cricket,RESOLVED_COMPOSED_FAUNA,CCT component provenance resolved and exact English/Japanese component lookup verified for Hunting Cricket.,1,Hunting Cricket
fauna,001B4C08,Starfield.esm,001B4C08,PCM_Tau-Ceti_Tau-Ceti-VIII-B_Predator01,Pack Ankylosaurus,RESOLVED_COMPOSED_FAUNA,CCT component provenance resolved and exact English/Japanese component lookup verified for Pack Ankylosaurus.,1,Pack Ankylosaurus
fauna,001B4E75,Starfield.esm,001B4E75,PCM_Syrma_Syrma-VII-A_Critter01,Spaceroach Filterer,RESOLVED_COMPOSED_FAUNA,CCT component provenance resolved and exact English/Japanese component lookup verified for Spaceroach Filterer.,1,Spaceroach Filterer
fauna,001B4E76,Starfield.esm,001B4E76,PCM_Syrma_Syrma-VII-A_Prey01,Herding Roundshell Grazer,RESOLVED_COMPOSED_FAUNA,CCT component provenance resolved and exact English/Japanese component lookup verified for Herding Roundshell Grazer.,1,Herding Roundshell Grazer
fauna,001B4E77,Starfield.esm,001B4E77,PCM_Syrma_Syrma-VII-A_Predator01,Hunting Hookneck,RESOLVED_COMPOSED_FAUNA,CCT component provenance resolved and exact English/Japanese component lookup verified for Hunting Hookneck.,1,Hunting Hookneck
fauna,001B70D5,Starfield.esm,001B70D5,PCM_Syrma_Syrma-IV_Critter01,Fingerface Geophage,RESOLVED_COMPOSED_FAUNA,CCT component provenance resolved and exact English/Japanese component lookup verified for Fingerface Geophage.,1,Fingerface Geophage
fauna,001B70D6,Starfield.esm,001B70D6,PCM_Syrma_Syrma-IV_Prey01,Flocking Clawback Scavenger,RESOLVED_COMPOSED_FAUNA,CCT component provenance resolved and exact English/Japanese component lookup verified for Flocking Clawback Scavenger.,1,Flocking Clawback Scavenger
fauna,001B70D7,Starfield.esm,001B70D7,PCM_Syrma_Syrma-IV_Predator01,Pack Trapmaw,RESOLVED_COMPOSED_FAUNA,CCT component provenance resolved and exact English/Japanese component lookup verified for Pack Trapmaw.,1,Pack Trapmaw
fauna,001B70D8,Starfield.esm,001B70D8,PCM_Syrma_Syrma-III_Critter01,Worm Geophage,RESOLVED_COMPOSED_FAUNA,CCT component provenance resolved and exact English/Japanese component lookup verified for Worm Geophage.,1,Worm Geophage
fauna,001B70D9,Starfield.esm,001B70D9,PCM_Syrma_Syrma-III_Prey01,Flocking Earback Grazer,RESOLVED_COMPOSED_FAUNA,CCT component provenance resolved and exact English/Japanese component lookup verified for Flocking Earback Grazer.,1,Flocking Earback Grazer
fauna,001B70DA,Starfield.esm,001B70DA,PCM_Syrma_Syrma-III_Predator01,Hunting Brainblimp,RESOLVED_COMPOSED_FAUNA,CCT component provenance resolved and exact English/Japanese component lookup verified for Hunting Brainblimp.,1,Hunting Brainblimp
fauna,001BAC22,Starfield.esm,001BAC22,PCM_Narion_Sumati_Critter01,Coralheart Filterer,RESOLVED_COMPOSED_FAUNA,CCT component provenance resolved and exact English/Japanese component lookup verified for Coralheart Filterer.,1,Coralheart Filterer
fauna,001BAC23,Starfield.esm,001BAC23,PCM_Narion_Sumati_Prey01,Herding Boneback Scavenger,RESOLVED_COMPOSED_FAUNA,CCT component provenance resolved and exact English/Japanese component lookup verified for Herding Boneback Scavenger.,1,Herding Boneback Scavenger
fauna,001BAC24,Starfield.esm,001BAC24,PCM_Narion_Sumati_Predator01,Hunting Crab,RESOLVED_COMPOSED_FAUNA,CCT component provenance resolved and exact English/Japanese component lookup verified for Hunting Crab.,1,Hunting Crab
fauna,001BB05F,Starfield.esm,001BB05F,PCM_Rivera_Rivera-I_Critter02,Flamethorn Grazer,RESOLVED_COMPOSED_FAUNA,CCT component provenance resolved and exact English/Japanese component lookup verified for Flamethorn Grazer.,1,Flamethorn Grazer
fauna,001BB060,Starfield.esm,001BB060,PCM_Rivera_Rivera-I_Critter01,Tubecrawler Herbivore,RESOLVED_COMPOSED_FAUNA,CCT component provenance resolved and exact English/Japanese component lookup verified for Tubecrawler Herbivore.,1,Tubecrawler Herbivore
fauna,001BB061,Starfield.esm,001BB061,PCM_Rivera_Rivera-I_Predator04,Pack Cutterhead,RESOLVED_COMPOSED_FAUNA,CCT component provenance resolved and exact English/Japanese component lookup verified for Pack Cutterhead.,1,Pack Cutterhead
fauna,001BB062,Starfield.esm,001BB062,PCM_Rivera_Rivera-I_Predator03,Pack Exorunner,RESOLVED_COMPOSED_FAUNA,CCT component provenance resolved and exact English/Japanese component lookup verified for Pack Exorunner.,1,Pack Exorunner
fauna,001BB063,Starfield.esm,001BB063,PCM_Rivera_Rivera-I_Predator02,Pack Lionbear,RESOLVED_COMPOSED_FAUNA,CCT component provenance resolved and exact English/Japanese component lookup verified for Pack Lionbear.,1,Pack Lionbear
fauna,001BB064,Starfield.esm,001BB064,PCM_Rivera_Rivera-I_Predator01,Pack Ankylosaurus,RESOLVED_COMPOSED_FAUNA,CCT component provenance resolved and exact English/Japanese component lookup verified for Pack Ankylosaurus.,1,Pack Ankylosaurus
fauna,001BB95C,Starfield.esm,001BB95C,PCM_Sparta_Sparta-IV_Critter02,Drone Filterer,RESOLVED_COMPOSED_FAUNA,CCT component provenance resolved and exact English/Japanese component lookup verified for Drone Filterer.,1,Drone Filterer
fauna,001BB95D,Starfield.esm,001BB95D,PCM_Sparta_Sparta-IV_Critter01,Flamethorn Scavenger,RESOLVED_COMPOSED_FAUNA,CCT component provenance resolved and exact English/Japanese component lookup verified for Flamethorn Scavenger.,1,Flamethorn Scavenger
fauna,001BB95E,Starfield.esm,001BB95E,PCM_Sparta_Sparta-IV_Prey02,Cagebrain Herbivore,RESOLVED_COMPOSED_FAUNA,CCT component provenance resolved and exact English/Japanese component lookup verified for Cagebrain Herbivore.,1,Cagebrain Herbivore
fauna,001BB95F,Starfield.esm,001BB95F,PCM_Sparta_Sparta-IV_Prey01,Herding Sporeback Grazer,RESOLVED_COMPOSED_FAUNA,CCT component provenance resolved and exact English/Japanese component lookup verified for Herding Sporeback Grazer.,1,Herding Sporeback Grazer
fauna,001BB960,Starfield.esm,001BB960,PCM_Sparta_Sparta-IV_Predator02,Swarming Spiderwasp,RESOLVED_COMPOSED_FAUNA,CCT component provenance resolved and exact English/Japanese component lookup verified for Swarming Spiderwasp.,1,Swarming Spiderwasp
fauna,001BB961,Starfield.esm,001BB961,PCM_Sparta_Sparta-IV_Predator01,Pack Hammersaur,RESOLVED_COMPOSED_FAUNA,CCT component provenance resolved and exact English/Japanese component lookup verified for Pack Hammersaur.,1,Pack Hammersaur
fauna,001BE894,Starfield.esm,001BE894,PCM_Volii_Volii-Epsilon_Critter01,Carasnail Grazer,RESOLVED_COMPOSED_FAUNA,CCT component provenance resolved and exact English/Japanese component lookup verified for Carasnail Grazer.,1,Carasnail Grazer
fauna,001BEAD2,Starfield.esm,001BEAD2,PCM_Rasalhague_Rasalhague-II_Prey02,Flocking Scarab Herbivore,RESOLVED_COMPOSED_FAUNA,CCT component provenance resolved and exact English/Japanese component lookup verified for Flocking Scarab Herbivore.,1,Flocking Scarab Herbivore
fauna,001BEAD3,Starfield.esm,001BEAD3,PCM_Rasalhague_Rasalhague-II_Prey01,Herding Leecher Grazer,RESOLVED_COMPOSED_FAUNA,CCT component provenance resolved and exact English/Japanese component lookup verified for Herding Leecher Grazer.,1,Herding Leecher Grazer
fauna,001BEAD7,Starfield.esm,001BEAD7,PCM_Rasalhague_Rasalhague-II_Predator01,Swarming Glider,RESOLVED_COMPOSED_FAUNA,CCT component provenance resolved and exact English/Japanese component lookup verified for Swarming Glider.,1,Swarming Glider
fauna,001BEE0D,Starfield.esm,001BEE0D,PCM_Rana_Rana-VI-a_Prey02,Shoaling Finback Grazer,RESOLVED_COMPOSED_FAUNA,CCT component provenance resolved and exact English/Japanese component lookup verified for Shoaling Finback Grazer.,1,Shoaling Finback Grazer
fauna,001BEE0E,Starfield.esm,001BEE0E,PCM_Rana_Rana-VI-a_Prey01,Shoaling Exowhale Filterer,RESOLVED_COMPOSED_FAUNA,CCT component provenance resolved and exact English/Japanese component lookup verified for Shoaling Exowhale Filterer.,1,Shoaling Exowhale Filterer
fauna,001BEE0F,Starfield.esm,001BEE0F,PCM_Rana_Rana-VI-a_Predator02,Pack Kronosaurus,RESOLVED_COMPOSED_FAUNA,CCT component provenance resolved and exact English/Japanese component lookup verified for Pack Kronosaurus.,1,Pack Kronosaurus
fauna,001BEE10,Starfield.esm,001BEE10,PCM_Rana_Rana-VI-a_Predator01,Pack Whaleshark,RESOLVED_COMPOSED_FAUNA,CCT component provenance resolved and exact English/Japanese component lookup verified for Pack Whaleshark.,1,Pack Whaleshark
fauna,001BFE8F,Starfield.esm,001BFE8F,PCM_Rana_Rana-IV_Critter01,Spaceroach Grazer,RESOLVED_COMPOSED_FAUNA,CCT component provenance resolved and exact English/Japanese component lookup verified for Spaceroach Grazer.,1,Spaceroach Grazer
fauna,001BFE90,Starfield.esm,001BFE90,PCM_Rana_Rana-IV_Predator02,Pack Cockroach,RESOLVED_COMPOSED_FAUNA,CCT component provenance resolved and exact English/Japanese component lookup verified for Pack Cockroach.,1,Pack Cockroach
fauna,001BFE91,Starfield.esm,001BFE91,PCM_Rana_Rana-IV_Prey01,Herding Clawback Herbivore,RESOLVED_COMPOSED_FAUNA,CCT component provenance resolved and exact English/Japanese component lookup verified for Herding Clawback Herbivore.,1,Herding Clawback Herbivore
fauna,001BFE92,Starfield.esm,001BFE92,PCM_Rana_Rana-IV_Predator01,Pack Stingback,RESOLVED_COMPOSED_FAUNA,CCT component provenance resolved and exact English/Japanese component lookup verified for Pack Stingback.,1,Pack Stingback
fauna,001C067F,Starfield.esm,001C067F,PCM_Rana_Rana-III_Predator03,Hunting Bonefrill,RESOLVED_COMPOSED_FAUNA,CCT component provenance resolved and exact English/Japanese component lookup verified for Hunting Bonefrill.,1,Hunting Bonefrill
fauna,001C0680,Starfield.esm,001C0680,PCM_Rana_Rana-III_Predator02,Pack Trapmaw,RESOLVED_COMPOSED_FAUNA,CCT component provenance resolved and exact English/Japanese component lookup verified for Pack Trapmaw.,1,Pack Trapmaw
fauna,001C0681,Starfield.esm,001C0681,PCM_Rana_Rana-III_Predator01,Pack Hammersaur,RESOLVED_COMPOSED_FAUNA,CCT component provenance resolved and exact English/Japanese component lookup verified for Pack Hammersaur.,1,Pack Hammersaur
fauna,001C0682,Starfield.esm,001C0682,PCM_Rana_Rana-III_Critter01,Flamethorn Scavenger,RESOLVED_COMPOSED_FAUNA,CCT component provenance resolved and exact English/Japanese component lookup verified for Flamethorn Scavenger.,1,Flamethorn Scavenger
fauna,001C0683,Starfield.esm,001C0683,PCM_Rana_Rana-III_Prey04,Herding Tongueface Grazer,RESOLVED_COMPOSED_FAUNA,CCT component provenance resolved and exact English/Japanese component lookup verified for Herding Tongueface Grazer.,1,Herding Tongueface Grazer
fauna,001C0684,Starfield.esm,001C0684,PCM_Rana_Rana-III_Prey03,Flocking Tubecrawler Geophage,RESOLVED_COMPOSED_FAUNA,CCT component provenance resolved and exact English/Japanese component lookup verified for Flocking Tubecrawler Geophage.,1,Flocking Tubecrawler Geophage
fauna,001C0685,Starfield.esm,001C0685,PCM_Rana_Rana-III_Prey02,Flocking Leafstrider Grazer,RESOLVED_COMPOSED_FAUNA,CCT component provenance resolved and exact English/Japanese component lookup verified for Flocking Leafstrider Grazer.,1,Flocking Leafstrider Grazer
fauna,001C0686,Starfield.esm,001C0686,PCM_Rana_Rana-III_Prey01,Flocking Lionbear Scavenger,RESOLVED_COMPOSED_FAUNA,CCT component provenance resolved and exact English/Japanese component lookup verified for Flocking Lionbear Scavenger.,1,Flocking Lionbear Scavenger
fauna,001C0F2A,Starfield.esm,001C0F2A,PCM_Sparta_Sparta-III_Critter01,Pinecone Geophage,RESOLVED_COMPOSED_FAUNA,CCT component provenance resolved and exact English/Japanese component lookup verified for Pinecone Geophage.,1,Pinecone Geophage
fauna,001C0F2B,Starfield.esm,001C0F2B,PCM_Sparta_Sparta-III_Prey01,Flocking Leafbug Herbivore,RESOLVED_COMPOSED_FAUNA,CCT component provenance resolved and exact English/Japanese component lookup verified for Flocking Leafbug Herbivore.,1,Flocking Leafbug Herbivore
fauna,001C0F2C,Starfield.esm,001C0F2C,PCM_Sparta_Sparta-III_Predator01,Hunting Shieldshell,RESOLVED_COMPOSED_FAUNA,CCT component provenance resolved and exact English/Japanese component lookup verified for Hunting Shieldshell.,1,Hunting Shieldshell
fauna,001C0F2D,Starfield.esm,001C0F2D,PCM_Shoza_Shoza-IV_Critter01,Caterpillar Filterer,RESOLVED_COMPOSED_FAUNA,CCT component provenance resolved and exact English/Japanese component lookup verified for Caterpillar Filterer.,1,Caterpillar Filterer
fauna,001C0F2E,Starfield.esm,001C0F2E,PCM_Shoza_Shoza-IV_Prey01,Herding Glowhands Grazer,RESOLVED_COMPOSED_FAUNA,CCT component provenance resolved and exact English/Japanese component lookup verified for Herding Glowhands Grazer.,1,Herding Glowhands Grazer
fauna,001C0F2F,Starfield.esm,001C0F2F,PCM_Shoza_Shoza-IV_Predator01,Hunting Landshark,RESOLVED_COMPOSED_FAUNA,CCT component provenance resolved and exact English/Japanese component lookup verified for Hunting Landshark.,1,Hunting Landshark
fauna,001C15F3,Starfield.esm,001C15F3,PCM_Pyraas_Pyraas-VIII-a_Predator01,Swarming Stingback,RESOLVED_COMPOSED_FAUNA,CCT component provenance resolved and exact English/Japanese component lookup verified for Swarming Stingback.,1,Swarming Stingback
fauna,001C15F4,Starfield.esm,001C15F4,PCM_Pyraas_Pyraas-VIII-a_Prey01,Herding Leafback Geophage,RESOLVED_COMPOSED_FAUNA,CCT component provenance resolved and exact English/Japanese component lookup verified for Herding Leafback Geophage.,1,Herding Leafback Geophage
fauna,001C1F6E,Starfield.esm,001C1F6E,PCM_Proxima-Ternion_Proxima-Ternion-IV_Critter01,Flocking Jackknife Geophage,RESOLVED_COMPOSED_FAUNA,CCT component provenance resolved and exact English/Japanese component lookup verified for Flocking Jackknife Geophage.,1,Flocking Jackknife Geophage
fauna,001C1F6F,Starfield.esm,001C1F6F,PCM_Proxima-Ternion_Proxima-Ternion-IV_Predator01,Pack Beetlecrab,RESOLVED_COMPOSED_FAUNA,CCT component provenance resolved and exact English/Japanese component lookup verified for Pack Beetlecrab.,1,Pack Beetlecrab
fauna,001C23F7,Starfield.esm,001C23F7,PCM_Serpentis_Serpentis-III_Critter01,Thorn Filterer,RESOLVED_COMPOSED_FAUNA,CCT component provenance resolved and exact English/Japanese component lookup verified for Thorn Filterer.,1,Thorn Filterer
fauna,001C23F8,Starfield.esm,001C23F8,PCM_Serpentis_Serpentis-III_Prey03,Herding Canard Scavenger,RESOLVED_COMPOSED_FAUNA,CCT component provenance resolved and exact English/Japanese component lookup verified for Herding Canard Scavenger.,1,Herding Canard Scavenger
fauna,001C23F9,Starfield.esm,001C23F9,PCM_Serpentis_Serpentis-III_Prey02,Brainsprout Herbivore,RESOLVED_COMPOSED_FAUNA,CCT component provenance resolved and exact English/Japanese component lookup verified for Brainsprout Herbivore.,1,Brainsprout Herbivore
fauna,001C23FA,Starfield.esm,001C23FA,PCM_Serpentis_Serpentis-III_Prey01,Herding Crab Grazer,RESOLVED_COMPOSED_FAUNA,CCT component provenance resolved and exact English/Japanese component lookup verified for Herding Crab Grazer.,1,Herding Crab Grazer
fauna,001C23FB,Starfield.esm,001C23FB,PCM_Serpentis_Serpentis-III_Predator01,Hunting Bonefrill,RESOLVED_COMPOSED_FAUNA,CCT component provenance resolved and exact English/Japanese component lookup verified for Hunting Bonefrill.,1,Hunting Bonefrill
fauna,001C23FC,Starfield.esm,001C23FC,PCM_Serpentis_Serpentis-II_Critter01,Spaceroach Geophage,RESOLVED_COMPOSED_FAUNA,CCT component provenance resolved and exact English/Japanese component lookup verified for Spaceroach Geophage.,1,Spaceroach Geophage
fauna,001C23FD,Starfield.esm,001C23FD,PCM_Serpentis_Serpentis-II_Prey01,Herding Blistercrab Filterer,RESOLVED_COMPOSED_FAUNA,CCT component provenance resolved and exact English/Japanese component lookup verified for Herding Blistercrab Filterer.,1,Herding Blistercrab Filterer
fauna,001C23FE,Starfield.esm,001C23FE,PCM_Serpentis_Serpentis-II_Predator01,Hunting Dragon,RESOLVED_COMPOSED_FAUNA,CCT component provenance resolved and exact English/Japanese component lookup verified for Hunting Dragon.,1,Hunting Dragon
fauna,001C2AE0,Starfield.esm,001C2AE0,PCM_Proxima-Ternion_Proxima-Ternion-III_Critter01,Thorn Grazer,RESOLVED_COMPOSED_FAUNA,CCT component provenance resolved and exact English/Japanese component lookup verified for Thorn Grazer.,1,Thorn Grazer
fauna,001C2AE1,Starfield.esm,001C2AE1,PCM_Proxima-Ternion_Proxima-Ternion-III_Prey02,Flocking Ankylosaurus Grazer,RESOLVED_COMPOSED_FAUNA,CCT component provenance resolved and exact English/Japanese component lookup verified for Flocking Ankylosaurus Grazer.,1,Flocking Ankylosaurus Grazer
fauna,001C2AE2,Starfield.esm,001C2AE2,PCM_Proxima-Ternion_Proxima-Ternion-III_Prey01,Herding Shellephant Grazer,RESOLVED_COMPOSED_FAUNA,CCT component provenance resolved and exact English/Japanese component lookup verified for Herding Shellephant Grazer.,1,Herding Shellephant Grazer
fauna,001C2AE3,Starfield.esm,001C2AE3,PCM_Proxima-Ternion_Proxima-Ternion-III_Predator02,Hunting Bonecrest,RESOLVED_COMPOSED_FAUNA,CCT component provenance resolved and exact English/Japanese component lookup verified for Hunting Bonecrest.,1,Hunting Bonecrest
fauna,001C2AE4,Starfield.esm,001C2AE4,PCM_Proxima-Ternion_Proxima-Ternion-III_Predator01,Apex Dragon,RESOLVED_COMPOSED_FAUNA,CCT component provenance resolved and exact English/Japanese component lookup verified for Apex Dragon.,1,Apex Dragon
fauna,001C2FC0,Starfield.esm,001C2FC0,PCM_Procyon-A_Procyon-III_Critter02_Floater,Gossamer Scavenger,RESOLVED_COMPOSED_FAUNA,CCT component provenance resolved and exact English/Japanese component lookup verified for Gossamer Scavenger.,1,Gossamer Scavenger
fauna,001C2FC1,Starfield.esm,001C2FC1,PCM_Procyon-A_Procyon-III_Critter01,Coralheart Herbivore,RESOLVED_COMPOSED_FAUNA,CCT component provenance resolved and exact English/Japanese component lookup verified for Coralheart Herbivore.,1,Coralheart Herbivore
fauna,001C2FC2,Starfield.esm,001C2FC2,PCM_Procyon-A_Procyon-III_Prey03,Herding Crabfly Grazer,RESOLVED_COMPOSED_FAUNA,CCT component provenance resolved and exact English/Japanese component lookup verified for Herding Crabfly Grazer.,1,Herding Crabfly Grazer
fauna,001C2FC3,Starfield.esm,001C2FC3,PCM_Procyon-A_Procyon-III_Prey02,Herding Coralcrawler Grazer,RESOLVED_COMPOSED_FAUNA,CCT component provenance resolved and exact English/Japanese component lookup verified for Herding Coralcrawler Grazer.,1,Herding Coralcrawler Grazer
fauna,001C2FC4,Starfield.esm,001C2FC4,PCM_Procyon-A_Procyon-III_Prey01,Flocking Octomaggot Grazer,RESOLVED_COMPOSED_FAUNA,CCT component provenance resolved and exact English/Japanese component lookup verified for Flocking Octomaggot Grazer.,1,Flocking Octomaggot Grazer
fauna,001C2FC5,Starfield.esm,001C2FC5,PCM_Procyon-A_Procyon-III_Predator03,Hunting Shieldshell,RESOLVED_COMPOSED_FAUNA,CCT component provenance resolved and exact English/Japanese component lookup verified for Hunting Shieldshell.,1,Hunting Shieldshell
fauna,001C2FC6,Starfield.esm,001C2FC6,PCM_Procyon-A_Procyon-III_Predator02,Pack Coralbug Stalker,RESOLVED_COMPOSED_FAUNA,CCT component provenance resolved and exact English/Japanese component lookup verified for Pack Coralbug Stalker.,1,Pack Coralbug Stalker
fauna,001C2FC7,Starfield.esm,001C2FC7,PCM_Procyon-A_Procyon-III_Predator01,Pack Coralcrab Stalker,RESOLVED_COMPOSED_FAUNA,CCT component provenance resolved and exact English/Japanese component lookup verified for Pack Coralcrab Stalker.,1,Pack Coralcrab Stalker
fauna,001C334A,Starfield.esm,001C334A,PCM_Porrima_Porrima-IV-c_Critter01,Trident Geophage,RESOLVED_COMPOSED_FAUNA,CCT component provenance resolved and exact English/Japanese component lookup verified for Trident Geophage.,1,Trident Geophage
fauna,001C334B,Starfield.esm,001C334B,PCM_Porrima_Porrima-IV-c_Prey01,Herding Tongueface Herbivore,RESOLVED_COMPOSED_FAUNA,CCT component provenance resolved and exact English/Japanese component lookup verified for Herding Tongueface Herbivore.,1,Herding Tongueface Herbivore
fauna,001C334C,Starfield.esm,001C334C,PCM_Porrima_Porrima-IV-c_Predator01,Pack Ankylosaurus,RESOLVED_COMPOSED_FAUNA,CCT component provenance resolved and exact English/Japanese component lookup verified for Pack Ankylosaurus.,1,Pack Ankylosaurus
fauna,001C3D04,Starfield.esm,001C3D04,PCM_Schrodinger_Schrodinger-VIII-a_Critter01,Jackknife Filterer,RESOLVED_COMPOSED_FAUNA,CCT component provenance resolved and exact English/Japanese component lookup verified for Jackknife Filterer.,1,Jackknife Filterer
fauna,001C3D05,Starfield.esm,001C3D05,PCM_Schrodinger_Schrodinger-VIII-a_Prey01,Flocking Beetlecrab Grazer,RESOLVED_COMPOSED_FAUNA,CCT component provenance resolved and exact English/Japanese component lookup verified for Flocking Beetlecrab Grazer.,1,Flocking Beetlecrab Grazer
fauna,001C43D7,Starfield.esm,001C43D7,PCM_Schrodinger_Schrodinger-VIII-a_Predator01,Hunting Scorpion,RESOLVED_COMPOSED_FAUNA,CCT component provenance resolved and exact English/Japanese component lookup verified for Hunting Scorpion.,1,Hunting Scorpion
fauna,001C48CA,Starfield.esm,001C48CA,PCM_Schrodinger_Schrodinger-IV_Critter01,Trilobite Filterer,RESOLVED_COMPOSED_FAUNA,CCT component provenance resolved and exact English/Japanese component lookup verified for Trilobite Filterer.,1,Trilobite Filterer
fauna,001C48CB,Starfield.esm,001C48CB,PCM_Schrodinger_Schrodinger-IV_Prey01,Herding Crabfly Grazer,RESOLVED_COMPOSED_FAUNA,CCT component provenance resolved and exact English/Japanese component lookup verified for Herding Crabfly Grazer.,1,Herding Crabfly Grazer
fauna,001C48CC,Starfield.esm,001C48CC,PCM_Schrodinger_Schrodinger-IV_Predator01,Hunting Octomaggot,RESOLVED_COMPOSED_FAUNA,CCT component provenance resolved and exact English/Japanese component lookup verified for Hunting Octomaggot.,1,Hunting Octomaggot
fauna,001C48CD,Starfield.esm,001C48CD,PCM_Oborum-Prime_Oborum-I_Prey03,Herding Coralcrawler Filterer,RESOLVED_COMPOSED_FAUNA,CCT component provenance resolved and exact English/Japanese component lookup verified for Herding Coralcrawler Filterer.,1,Herding Coralcrawler Filterer
fauna,001C48CE,Starfield.esm,001C48CE,PCM_Oborum-Prime_Oborum-I_Predator02,Pack Bearclaw,RESOLVED_COMPOSED_FAUNA,CCT component provenance resolved and exact English/Japanese component lookup verified for Pack Bearclaw.,1,Pack Bearclaw
fauna,001C48CF,Starfield.esm,001C48CF,PCM_Piazzi_Piazzi-IV-c_Predator03,Hunting Cagebrain,RESOLVED_COMPOSED_FAUNA,CCT component provenance resolved and exact English/Japanese component lookup verified for Hunting Cagebrain.,1,Hunting Cagebrain
fauna,001C48D0,Starfield.esm,001C48D0,PCM_Piazzi_Piazzi-IV-c_Prey01,Herding Scepter Filterer,RESOLVED_COMPOSED_FAUNA,CCT component provenance resolved and exact English/Japanese component lookup verified for Herding Scepter Filterer.,1,Herding Scepter Filterer
fauna,001C48D1,Starfield.esm,001C48D1,PCM_Piazzi_Piazzi-IV-c_Predator02,Pack Trapmaw,RESOLVED_COMPOSED_FAUNA,CCT component provenance resolved and exact English/Japanese component lookup verified for Pack Trapmaw.,1,Pack Trapmaw
fauna,001C48D2,Starfield.esm,001C48D2,PCM_Piazzi_Piazzi-IV-c_Predator01,Hunting Glowhands,RESOLVED_COMPOSED_FAUNA,CCT component provenance resolved and exact English/Japanese component lookup verified for Hunting Glowhands.,1,Hunting Glowhands
fauna,001C48EA,Starfield.esm,001C48EA,PCM_Moloch_Moloch-II_Critter03,Milliwhale Filterer,RESOLVED_COMPOSED_FAUNA,CCT component provenance resolved and exact English/Japanese component lookup verified for Milliwhale Filterer.,1,Milliwhale Filterer
fauna,001C48EB,Starfield.esm,001C48EB,PCM_Moloch_Moloch-II_Critter02_Floater,Gossamer Filterer,RESOLVED_COMPOSED_FAUNA,CCT component provenance resolved and exact English/Japanese component lookup verified for Gossamer Filterer.,1,Gossamer Filterer
fauna,001C48EC,Starfield.esm,001C48EC,PCM_Moloch_Moloch-II_Critter01,Grabber Scavenger,RESOLVED_COMPOSED_FAUNA,CCT component provenance resolved and exact English/Japanese component lookup verified for Grabber Scavenger.,1,Grabber Scavenger
fauna,001C48ED,Starfield.esm,001C48ED,PCM_Moloch_Moloch-II_Prey03,Horsamander Grazer,RESOLVED_COMPOSED_FAUNA,CCT component provenance resolved and exact English/Japanese component lookup verified for Horsamander Grazer.,1,Horsamander Grazer
fauna,001C48EE,Starfield.esm,001C48EE,PCM_Moloch_Moloch-II_Prey02,Flocking Tongueface Herbivore,RESOLVED_COMPOSED_FAUNA,CCT component provenance resolved and exact English/Japanese component lookup verified for Flocking Tongueface Herbivore.,1,Flocking Tongueface Herbivore
fauna,001C48EF,Starfield.esm,001C48EF,PCM_Moloch_Moloch-II_Prey01,Leafstrider Grazer,RESOLVED_COMPOSED_FAUNA,CCT component provenance resolved and exact English/Japanese component lookup verified for Leafstrider Grazer.,1,Leafstrider Grazer
fauna,001C48F0,Starfield.esm,001C48F0,PCM_Moloch_Moloch-II_Predator03,Hunting Glider,RESOLVED_COMPOSED_FAUNA,CCT component provenance resolved and exact English/Japanese component lookup verified for Hunting Glider.,1,Hunting Glider
fauna,001C48F1,Starfield.esm,001C48F1,PCM_Moloch_Moloch-II_Predator02,Pack Cockroach,RESOLVED_COMPOSED_FAUNA,CCT component provenance resolved and exact English/Japanese component lookup verified for Pack Cockroach.,1,Pack Cockroach
fauna,001C48F2,Starfield.esm,001C48F2,PCM_Moloch_Moloch-II_Predator01,Hunting Coralbug Stalker,RESOLVED_COMPOSED_FAUNA,CCT component provenance resolved and exact English/Japanese component lookup verified for Hunting Coralbug Stalker.,1,Hunting Coralbug Stalker
fauna,001C50E2,Starfield.esm,001C50E2,PCM_Oborum-Prime_Oborum-I_Critter02,Coralheart Grazer,RESOLVED_COMPOSED_FAUNA,CCT component provenance resolved and exact English/Japanese component lookup verified for Coralheart Grazer.,1,Coralheart Grazer
fauna,001C50E3,Starfield.esm,001C50E3,PCM_Oborum-Prime_Oborum-I_Critter01,Beetle Scavenger,RESOLVED_COMPOSED_FAUNA,CCT component provenance resolved and exact English/Japanese component lookup verified for Beetle Scavenger.,1,Beetle Scavenger
fauna,001C50E4,Starfield.esm,001C50E4,PCM_Oborum-Prime_Oborum-I_Prey02,Herding Hornface Herbivore,RESOLVED_COMPOSED_FAUNA,CCT component provenance resolved and exact English/Japanese component lookup verified for Herding Hornface Herbivore.,1,Herding Hornface Herbivore
fauna,001C50E5,Starfield.esm,001C50E5,PCM_Oborum-Prime_Oborum-I_Prey01,Flocking Beetlecrab Herbivore,RESOLVED_COMPOSED_FAUNA,CCT component provenance resolved and exact English/Japanese component lookup verified for Flocking Beetlecrab Herbivore.,1,Flocking Beetlecrab Herbivore
fauna,001C50E6,Starfield.esm,001C50E6,PCM_Oborum-Prime_Oborum-I_Predator01,Pack Longhorn,RESOLVED_COMPOSED_FAUNA,CCT component provenance resolved and exact English/Japanese component lookup verified for Pack Longhorn.,1,Pack Longhorn
fauna,001C6940,Starfield.esm,001C6940,PCM_McClure_McClure-II_Critter01,Milliwhale Filterer,RESOLVED_COMPOSED_FAUNA,CCT component provenance resolved and exact English/Japanese component lookup verified for Milliwhale Filterer.,1,Milliwhale Filterer
fauna,001C6941,Starfield.esm,001C6941,PCM_McClure_McClure-II_Prey02,Shoaling Unishark Scavenger,RESOLVED_COMPOSED_FAUNA,CCT component provenance resolved and exact English/Japanese component lookup verified for Shoaling Unishark Scavenger.,1,Shoaling Unishark Scavenger
fauna,001C6942,Starfield.esm,001C6942,PCM_McClure_McClure-II_Prey01,Herding Vuvuzelisk Scavenger,RESOLVED_COMPOSED_FAUNA,CCT component provenance resolved and exact English/Japanese component lookup verified for Herding Vuvuzelisk Scavenger.,1,Herding Vuvuzelisk Scavenger
fauna,001C6943,Starfield.esm,001C6943,PCM_McClure_McClure-II_Predator01,Hunting Sailgator,RESOLVED_COMPOSED_FAUNA,CCT component provenance resolved and exact English/Japanese component lookup verified for Hunting Sailgator.,1,Hunting Sailgator
fauna,001C6944,Starfield.esm,001C6944,PCM_Newton_Newton-III_Critter01,Coralheart Filterer,RESOLVED_COMPOSED_FAUNA,CCT component provenance resolved and exact English/Japanese component lookup verified for Coralheart Filterer.,1,Coralheart Filterer
fauna,001C6945,Starfield.esm,001C6945,PCM_Newton_Newton-III_Prey01,Herding Blistercrab Filterer,RESOLVED_COMPOSED_FAUNA,CCT component provenance resolved and exact English/Japanese component lookup verified for Herding Blistercrab Filterer.,1,Herding Blistercrab Filterer
fauna,001C6946,Starfield.esm,001C6946,PCM_Newton_Newton-III_Predator01,Hunting Shieldshell,RESOLVED_COMPOSED_FAUNA,CCT component provenance resolved and exact English/Japanese component lookup verified for Hunting Shieldshell.,1,Hunting Shieldshell
fauna,001C6947,Starfield.esm,001C6947,PCM_Newton_Newton-II_Critter02,Caterpillar Filterer,RESOLVED_COMPOSED_FAUNA,CCT component provenance resolved and exact English/Japanese component lookup verified for Caterpillar Filterer.,1,Caterpillar Filterer
fauna,001C6948,Starfield.esm,001C6948,PCM_Newton_Newton-II_Critter01,Spaceroach Geophage,RESOLVED_COMPOSED_FAUNA,CCT component provenance resolved and exact English/Japanese component lookup verified for Spaceroach Geophage.,1,Spaceroach Geophage
fauna,001C6949,Starfield.esm,001C6949,PCM_Newton_Newton-II_Prey03,Cagebrain Scavenger,RESOLVED_COMPOSED_FAUNA,CCT component provenance resolved and exact English/Japanese component lookup verified for Cagebrain Scavenger.,1,Cagebrain Scavenger
fauna,001C694A,Starfield.esm,001C694A,PCM_Newton_Newton-II_Prey02,Herding Boneback Grazer,RESOLVED_COMPOSED_FAUNA,CCT component provenance resolved and exact English/Japanese component lookup verified for Herding Boneback Grazer.,1,Herding Boneback Grazer
fauna,001C694B,Starfield.esm,001C694B,PCM_Newton_Newton-II_Prey01,Flocking Cutterhead Geophage,RESOLVED_COMPOSED_FAUNA,CCT component provenance resolved and exact English/Japanese component lookup verified for Flocking Cutterhead Geophage.,1,Flocking Cutterhead Geophage
fauna,001C694C,Starfield.esm,001C694C,PCM_Newton_Newton-II_Predator02,Pack Windbag,RESOLVED_COMPOSED_FAUNA,CCT component provenance resolved and exact English/Japanese component lookup verified for Pack Windbag.,1,Pack Windbag
fauna,001C694D,Starfield.esm,001C694D,PCM_Newton_Newton-II_Predator01,Hunting Sunflower,RESOLVED_COMPOSED_FAUNA,CCT component provenance resolved and exact English/Japanese component lookup verified for Hunting Sunflower.,1,Hunting Sunflower
fauna,001C7188,Starfield.esm,001C7188,PCM_Delta-Pavonis_Magnar_Critter01,Beetle Scavenger,RESOLVED_COMPOSED_FAUNA,CCT component provenance resolved and exact English/Japanese component lookup verified for Beetle Scavenger.,1,Beetle Scavenger
fauna,001C7189,Starfield.esm,001C7189,PCM_Delta-Pavonis_Magnar_Predator03,Swarming Saturnine,RESOLVED_COMPOSED_FAUNA,CCT component provenance resolved and exact English/Japanese component lookup verified for Swarming Saturnine.,1,Swarming Saturnine
fauna,001C718A,Starfield.esm,001C718A,PCM_Delta-Pavonis_Magnar_Prey02,Herding Bonemane Grazer,RESOLVED_COMPOSED_FAUNA,CCT component provenance resolved and exact English/Japanese component lookup verified for Herding Bonemane Grazer.,1,Herding Bonemane Grazer
fauna,001C718B,Starfield.esm,001C718B,PCM_Delta-Pavonis_Magnar_Prey01,Flocking Horsamander Scavenger,RESOLVED_COMPOSED_FAUNA,CCT component provenance resolved and exact English/Japanese component lookup verified for Flocking Horsamander Scavenger.,1,Flocking Horsamander Scavenger
fauna,001C718C,Starfield.esm,001C718C,PCM_Delta-Pavonis_Magnar_Predator02,Pack Exocrawler,RESOLVED_COMPOSED_FAUNA,CCT component provenance resolved and exact English/Japanese component lookup verified for Pack Exocrawler.,1,Pack Exocrawler
fauna,001C718D,Starfield.esm,001C718D,PCM_Delta-Pavonis_Magnar_Predator01,Hunting Toadface,RESOLVED_COMPOSED_FAUNA,CCT component provenance resolved and exact English/Japanese component lookup verified for Hunting Toadface.,1,Hunting Toadface
fauna,001C7402,Starfield.esm,001C7402,PCM_Maal_Maal-V_Critter01,Trilobite Filterer,RESOLVED_COMPOSED_FAUNA,CCT component provenance resolved and exact English/Japanese component lookup verified for Trilobite Filterer.,1,Trilobite Filterer
fauna,001C7403,Starfield.esm,001C7403,PCM_Maal_Maal-V_Prey02,Schooling Sawhead Scavenger,RESOLVED_COMPOSED_FAUNA,CCT component provenance resolved and exact English/Japanese component lookup verified for Schooling Sawhead Scavenger.,1,Schooling Sawhead Scavenger
fauna,001C7404,Starfield.esm,001C7404,PCM_Maal_Maal-V_Prey01,Herding Vectorback Grazer,RESOLVED_COMPOSED_FAUNA,CCT component provenance resolved and exact English/Japanese component lookup verified for Herding Vectorback Grazer.,1,Herding Vectorback Grazer
fauna,001C7405,Starfield.esm,001C7405,PCM_Maal_Maal-V_Predator02,Pack Unishark,RESOLVED_COMPOSED_FAUNA,CCT component provenance resolved and exact English/Japanese component lookup verified for Pack Unishark.,1,Pack Unishark
fauna,001C7406,Starfield.esm,001C7406,PCM_Maal_Maal-V_Predator01,Hunting Sailgator,RESOLVED_COMPOSED_FAUNA,CCT component provenance resolved and exact English/Japanese component lookup verified for Hunting Sailgator.,1,Hunting Sailgator
fauna,001C7DFE,Starfield.esm,001C7DFE,PCM_Olympus_Nesoi_Critter01,Milliwhale Filterer,RESOLVED_COMPOSED_FAUNA,CCT component provenance resolved and exact English/Japanese component lookup verified for Milliwhale Filterer.,1,Milliwhale Filterer
fauna,001C7DFF,Starfield.esm,001C7DFF,PCM_Olympus_Nesoi_Prey03,Flocking Vuvuzelisk Grazer,RESOLVED_COMPOSED_FAUNA,CCT component provenance resolved and exact English/Japanese component lookup verified for Flocking Vuvuzelisk Grazer.,1,Flocking Vuvuzelisk Grazer
fauna,001C7E00,Starfield.esm,001C7E00,PCM_Olympus_Nesoi_Prey02,Herding Hippodon Scavenger,RESOLVED_COMPOSED_FAUNA,CCT component provenance resolved and exact English/Japanese component lookup verified for Herding Hippodon Scavenger.,1,Herding Hippodon Scavenger
fauna,001C7E01,Starfield.esm,001C7E01,PCM_Olympus_Nesoi_Prey01,Herding Geckon Grazer,RESOLVED_COMPOSED_FAUNA,CCT component provenance resolved and exact English/Japanese component lookup verified for Herding Geckon Grazer.,1,Herding Geckon Grazer
fauna,001C7E02,Starfield.esm,001C7E02,PCM_Olympus_Nesoi_Predator03,Hunting Vectorback,RESOLVED_COMPOSED_FAUNA,CCT component provenance resolved and exact English/Japanese component lookup verified for Hunting Vectorback.,1,Hunting Vectorback
fauna,001C7E03,Starfield.esm,001C7E03,PCM_Olympus_Nesoi_Predator02,Hunting Twistfin,RESOLVED_COMPOSED_FAUNA,CCT component provenance resolved and exact English/Japanese component lookup verified for Hunting Twistfin.,1,Hunting Twistfin
fauna,001C7E04,Starfield.esm,001C7E04,PCM_Olympus_Nesoi_Predator01,Hunting Triantler,RESOLVED_COMPOSED_FAUNA,CCT component provenance resolved and exact English/Japanese component lookup verified for Hunting Triantler.,1,Hunting Triantler
fauna,001C7E05,Starfield.esm,001C7E05,PCM_Nemeria_Nemeria-IV-a_Critter01,Jellyfin Scavenger,RESOLVED_COMPOSED_FAUNA,CCT component provenance resolved and exact English/Japanese component lookup verified for Jellyfin Scavenger.,1,Jellyfin Scavenger
fauna,001C7E06,Starfield.esm,001C7E06,PCM_Nemeria_Nemeria-IV-a_Prey01,Flocking Brainblimp Filterer,RESOLVED_COMPOSED_FAUNA,CCT component provenance resolved and exact English/Japanese component lookup verified for Flocking Brainblimp Filterer.,1,Flocking Brainblimp Filterer
fauna,001C7E07,Starfield.esm,001C7E07,PCM_Nemeria_Nemeria-IV-a_Predator01,Pack Whaleshark,RESOLVED_COMPOSED_FAUNA,CCT component provenance resolved and exact English/Japanese component lookup verified for Pack Whaleshark.,1,Pack Whaleshark
fauna,001C801D,Starfield.esm,001C801D,PCM_Maal_Maal-IX-b_Critter01,Artichoke Geophage,RESOLVED_COMPOSED_FAUNA,CCT component provenance resolved and exact English/Japanese component lookup verified for Artichoke Geophage.,1,Artichoke Geophage
fauna,001C801E,Starfield.esm,001C801E,PCM_Maal_Maal-IX-b_Predator01,Hunting Nautiloos Scavenger,RESOLVED_COMPOSED_FAUNA,CCT component provenance resolved and exact English/Japanese component lookup verified for Hunting Nautiloos Scavenger.,1,Hunting Nautiloos Scavenger
fauna,001C80FC,Starfield.esm,001C80FC,PCM_Maal_Maal-IV_Critter01,Grabber Grazer,RESOLVED_COMPOSED_FAUNA,CCT component provenance resolved and exact English/Japanese component lookup verified for Grabber Grazer.,1,Grabber Grazer
fauna,001C80FD,Starfield.esm,001C80FD,PCM_Maal_Maal-IV_Prey02,Flocking Exorunner Geophage,RESOLVED_COMPOSED_FAUNA,CCT component provenance resolved and exact English/Japanese component lookup verified for Flocking Exorunner Geophage.,1,Flocking Exorunner Geophage
fauna,001C80FE,Starfield.esm,001C80FE,PCM_Maal_Maal-IV_Prey01,Herding Bonefrill Geophage,RESOLVED_COMPOSED_FAUNA,CCT component provenance resolved and exact English/Japanese component lookup verified for Herding Bonefrill Geophage.,1,Herding Bonefrill Geophage
fauna,001C80FF,Starfield.esm,001C80FF,PCM_Maal_Maal-IV_Predator01,Hunting Scorpion,RESOLVED_COMPOSED_FAUNA,CCT component provenance resolved and exact English/Japanese component lookup verified for Hunting Scorpion.,1,Hunting Scorpion
fauna,001C9AC9,Starfield.esm,001C9AC9,PCM_Porrima_Porrima-IV-c_Critter02_Floater,Puffball Filterer,RESOLVED_COMPOSED_FAUNA,CCT component provenance resolved and exact English/Japanese component lookup verified for Puffball Filterer.,1,Puffball Filterer
fauna,001C9ACA,Starfield.esm,001C9ACA,PCM_Procyon-A_Procyon-III_Predator04_Swimmer,Hunting Kronosaurus,RESOLVED_COMPOSED_FAUNA,CCT component provenance resolved and exact English/Japanese component lookup verified for Hunting Kronosaurus.,1,Hunting Kronosaurus
fauna,001C9ACB,Starfield.esm,001C9ACB,PCM_Procyon-A_Procyon-III_Prey04_Swimmer,Schooling Featherfin Filterer,RESOLVED_COMPOSED_FAUNA,CCT component provenance resolved and exact English/Japanese component lookup verified for Schooling Featherfin Filterer.,1,Schooling Featherfin Filterer
fauna,001C9ACC,Starfield.esm,001C9ACC,PCM_Rana_Rana-III_Critter02_Floater,Metropus Filterer,RESOLVED_COMPOSED_FAUNA,CCT component provenance resolved and exact English/Japanese component lookup verified for Metropus Filterer.,1,Metropus Filterer
fauna,001C9ACD,Starfield.esm,001C9ACD,PCM_Rana_Rana-III_Prey05_Swimmer,Herding Stingray Grazer,RESOLVED_COMPOSED_FAUNA,CCT component provenance resolved and exact English/Japanese component lookup verified for Herding Stingray Grazer.,1,Herding Stingray Grazer
fauna,001CB790,Starfield.esm,001CB790,PCM_Nemeria_Nemeria-II_Critter01,Thorn Filterer,RESOLVED_COMPOSED_FAUNA,CCT component provenance resolved and exact English/Japanese component lookup verified for Thorn Filterer.,1,Thorn Filterer
fauna,001CB791,Starfield.esm,001CB791,PCM_Nemeria_Nemeria-II_Prey02,Leafbug Scavenger,RESOLVED_COMPOSED_FAUNA,CCT component provenance resolved and exact English/Japanese component lookup verified for Leafbug Scavenger.,1,Leafbug Scavenger
fauna,001CB792,Starfield.esm,001CB792,PCM_Nemeria_Nemeria-II_Prey01,Herding Rockhound Grazer,RESOLVED_COMPOSED_FAUNA,CCT component provenance resolved and exact English/Japanese component lookup verified for Herding Rockhound Grazer.,1,Herding Rockhound Grazer
fauna,001CB793,Starfield.esm,001CB793,PCM_Nemeria_Nemeria-II_Predator01,Hunting Crocalypse,RESOLVED_COMPOSED_FAUNA,CCT component provenance resolved and exact English/Japanese component lookup verified for Hunting Crocalypse.,1,Hunting Crocalypse
fauna,001CBC8A,Starfield.esm,001CBC8A,PCM_Kryx_Neebas_Critter01,Trilobite Geophage,RESOLVED_COMPOSED_FAUNA,CCT component provenance resolved and exact English/Japanese component lookup verified for Trilobite Geophage.,1,Trilobite Geophage
fauna,001CBC8B,Starfield.esm,001CBC8B,PCM_Kryx_Neebas_Prey01,Herding Longhorn Geophage,RESOLVED_COMPOSED_FAUNA,CCT component provenance resolved and exact English/Japanese component lookup verified for Herding Longhorn Geophage.,1,Herding Longhorn Geophage
fauna,001CBC8C,Starfield.esm,001CBC8C,PCM_Kryx_Neebas_Predator01,Pack Shardhopper,RESOLVED_COMPOSED_FAUNA,CCT component provenance resolved and exact English/Japanese component lookup verified for Pack Shardhopper.,1,Pack Shardhopper
fauna,001CBCAD,Starfield.esm,001CBCAD,PCM_Leviathan_Leviathan-IV_Critter02,Milliwhale Filterer,RESOLVED_COMPOSED_FAUNA,CCT component provenance resolved and exact English/Japanese component lookup verified for Milliwhale Filterer.,1,Milliwhale Filterer
fauna,001CBCAE,Starfield.esm,001CBCAE,PCM_Leviathan_Leviathan-IV_Critter01,Coralheart Filterer,RESOLVED_COMPOSED_FAUNA,CCT component provenance resolved and exact English/Japanese component lookup verified for Coralheart Filterer.,1,Coralheart Filterer
fauna,001CBCAF,Starfield.esm,001CBCAF,PCM_Leviathan_Leviathan-IV_Prey02,Flocking Leafback Herbivore,RESOLVED_COMPOSED_FAUNA,CCT component provenance resolved and exact English/Japanese component lookup verified for Flocking Leafback Herbivore.,1,Flocking Leafback Herbivore
fauna,001CBCB0,Starfield.esm,001CBCB0,PCM_Leviathan_Leviathan-IV_Prey01_Swimmer,Schooling Finback Filterer,RESOLVED_COMPOSED_FAUNA,CCT component provenance resolved and exact English/Japanese component lookup verified for Schooling Finback Filterer.,1,Schooling Finback Filterer
fauna,001CBCB1,Starfield.esm,001CBCB1,PCM_Leviathan_Leviathan-IV_Predator01,Pack Windbag,RESOLVED_COMPOSED_FAUNA,CCT component provenance resolved and exact English/Japanese component lookup verified for Pack Windbag.,1,Pack Windbag
fauna,001CCAEA,Starfield.esm,001CCAEA,PCM_Linnaeus_Linnaeus-II_Critter01,Trident Filterer,RESOLVED_COMPOSED_FAUNA,CCT component provenance resolved and exact English/Japanese component lookup verified for Trident Filterer.,1,Trident Filterer
fauna,001CCAEB,Starfield.esm,001CCAEB,PCM_Linnaeus_Linnaeus-II_Prey02,Shoaling Finback Filterer,RESOLVED_COMPOSED_FAUNA,CCT component provenance resolved and exact English/Japanese component lookup verified for Shoaling Finback Filterer.,1,Shoaling Finback Filterer
fauna,001CCAEC,Starfield.esm,001CCAEC,PCM_Linnaeus_Linnaeus-II_Prey01,Herding Canard Filterer,RESOLVED_COMPOSED_FAUNA,CCT component provenance resolved and exact English/Japanese component lookup verified for Herding Canard Filterer.,1,Herding Canard Filterer
fauna,001CF18C,Starfield.esm,001CF18C,PCM_Leonis_Leonis-V_Critter01,Snail Geophage,RESOLVED_COMPOSED_FAUNA,CCT component provenance resolved and exact English/Japanese component lookup verified for Snail Geophage.,1,Snail Geophage
fauna,001CF18D,Starfield.esm,001CF18D,PCM_Leonis_Leonis-V_Prey02,Herding Stoneback Scavenger,RESOLVED_COMPOSED_FAUNA,CCT component provenance resolved and exact English/Japanese component lookup verified for Herding Stoneback Scavenger.,1,Herding Stoneback Scavenger
fauna,001CF18E,Starfield.esm,001CF18E,PCM_Leonis_Leonis-V_Prey01,Flocking Horsamander Grazer,RESOLVED_COMPOSED_FAUNA,CCT component provenance resolved and exact English/Japanese component lookup verified for Flocking Horsamander Grazer.,1,Flocking Horsamander Grazer
fauna,001CF18F,Starfield.esm,001CF18F,PCM_Leonis_Leonis-V_Predator01,Pack Crocodaunt,RESOLVED_COMPOSED_FAUNA,CCT component provenance resolved and exact English/Japanese component lookup verified for Pack Crocodaunt.,1,Pack Crocodaunt
fauna,001CF572,Starfield.esm,001CF572,PCM_Leonis_Leonis-IV_Critter01,Trilobite Grazer,RESOLVED_COMPOSED_FAUNA,CCT component provenance resolved and exact English/Japanese component lookup verified for Trilobite Grazer.,1,Trilobite Grazer
fauna,001CF573,Starfield.esm,001CF573,PCM_Leonis_Leonis-IV_Prey01,Flocking Lockjaw Grazer,RESOLVED_COMPOSED_FAUNA,CCT component provenance resolved and exact English/Japanese component lookup verified for Flocking Lockjaw Grazer.,1,Flocking Lockjaw Grazer
fauna,001CF574,Starfield.esm,001CF574,PCM_Leonis_Leonis-IV_Predator02,Pack Sailgator,RESOLVED_COMPOSED_FAUNA,CCT component provenance resolved and exact English/Japanese component lookup verified for Pack Sailgator.,1,Pack Sailgator
fauna,001CF575,Starfield.esm,001CF575,PCM_Leonis_Leonis-IV_Predator01,Pack Crocalypse,RESOLVED_COMPOSED_FAUNA,CCT component provenance resolved and exact English/Japanese component lookup verified for Pack Crocalypse.,1,Pack Crocalypse
fauna,001D064E,Starfield.esm,001D064E,PCM_Muphrid_Muphrid-V-B_Critter01,Twingrub Scavenger,RESOLVED_COMPOSED_FAUNA,CCT component provenance resolved and exact English/Japanese component lookup verified for Twingrub Scavenger.,1,Twingrub Scavenger
fauna,001D064F,Starfield.esm,001D064F,PCM_Muphrid_Muphrid-V-B_Prey02_Swimmer,Schooling Kronosaurus Scavenger,RESOLVED_COMPOSED_FAUNA,CCT component provenance resolved and exact English/Japanese component lookup verified for Schooling Kronosaurus Scavenger.,1,Schooling Kronosaurus Scavenger
fauna,001D0650,Starfield.esm,001D0650,PCM_Muphrid_Muphrid-V-B_Prey01,Herding Crab Grazer,RESOLVED_COMPOSED_FAUNA,CCT component provenance resolved and exact English/Japanese component lookup verified for Herding Crab Grazer.,1,Herding Crab Grazer
fauna,001D065D,Starfield.esm,001D065D,PCM_Muphrid_Muphrid-V-B_Predator01,Hunting Hornface,RESOLVED_COMPOSED_FAUNA,CCT component provenance resolved and exact English/Japanese component lookup verified for Hunting Hornface.,1,Hunting Hornface
fauna,001D065E,Starfield.esm,001D065E,PCM_Muphrid_Muphrid-IV_Critter02,Milliwhale Geophage,RESOLVED_COMPOSED_FAUNA,CCT component provenance resolved and exact English/Japanese component lookup verified for Milliwhale Geophage.,1,Milliwhale Geophage
fauna,001D065F,Starfield.esm,001D065F,PCM_Muphrid_Muphrid-IV_Critter01,Noid Filterer,RESOLVED_COMPOSED_FAUNA,CCT component provenance resolved and exact English/Japanese component lookup verified for Noid Filterer.,1,Noid Filterer
fauna,001D06EE,Starfield.esm,001D06EE,PCM_Muphrid_Muphrid-IV_Prey03_Swimmer,Shoaling Lurefish Scavenger,RESOLVED_COMPOSED_FAUNA,CCT component provenance resolved and exact English/Japanese component lookup verified for Shoaling Lurefish Scavenger.,1,Shoaling Lurefish Scavenger
fauna,001D06EF,Starfield.esm,001D06EF,PCM_Muphrid_Muphrid-IV_Prey02,Clawback Herbivore,RESOLVED_COMPOSED_FAUNA,CCT component provenance resolved and exact English/Japanese component lookup verified for Clawback Herbivore.,1,Clawback Herbivore
fauna,001D0708,Starfield.esm,001D0708,PCM_Muphrid_Muphrid-IV_Prey01,Flocking Bonefrill Grazer,RESOLVED_COMPOSED_FAUNA,CCT component provenance resolved and exact English/Japanese component lookup verified for Flocking Bonefrill Grazer.,1,Flocking Bonefrill Grazer
fauna,001D0709,Starfield.esm,001D0709,PCM_Muphrid_Muphrid-IV_Predator02,Pack Scarab,RESOLVED_COMPOSED_FAUNA,CCT component provenance resolved and exact English/Japanese component lookup verified for Pack Scarab.,1,Pack Scarab
fauna,001D070A,Starfield.esm,001D070A,PCM_Muphrid_Muphrid-IV_Predator01,Hunting Shieldshell,RESOLVED_COMPOSED_FAUNA,CCT component provenance resolved and exact English/Japanese component lookup verified for Hunting Shieldshell.,1,Hunting Shieldshell
fauna,001D070B,Starfield.esm,001D070B,PCM_Jaffa_Jaffa-III_Critter01,Grabber Filterer,RESOLVED_COMPOSED_FAUNA,CCT component provenance resolved and exact English/Japanese component lookup verified for Grabber Filterer.,1,Grabber Filterer
fauna,001D070C,Starfield.esm,001D070C,PCM_Jaffa_Jaffa-III_Prey02,Shoaling Finback Scavenger,RESOLVED_COMPOSED_FAUNA,CCT component provenance resolved and exact English/Japanese component lookup verified for Shoaling Finback Scavenger.,1,Shoaling Finback Scavenger
fauna,001D0714,Starfield.esm,001D0714,PCM_Jaffa_Jaffa-III_Prey01,Flocking Cockroach Scavenger,RESOLVED_COMPOSED_FAUNA,CCT component provenance resolved and exact English/Japanese component lookup verified for Flocking Cockroach Scavenger.,1,Flocking Cockroach Scavenger
fauna,001D0719,Starfield.esm,001D0719,PCM_Jaffa_Jaffa-III_Predator02,Pack Paddlefish,RESOLVED_COMPOSED_FAUNA,CCT component provenance resolved and exact English/Japanese component lookup verified for Pack Paddlefish.,1,Pack Paddlefish
fauna,001D0732,Starfield.esm,001D0732,PCM_Jaffa_Jaffa-III_Predator01,Hunting Foxbat,RESOLVED_COMPOSED_FAUNA,CCT component provenance resolved and exact English/Japanese component lookup verified for Hunting Foxbat.,1,Hunting Foxbat
fauna,001D0734,Starfield.esm,001D0734,PCM_Jaffa_Jaffa-II_Critter01,Trilobite Filterer,RESOLVED_COMPOSED_FAUNA,CCT component provenance resolved and exact English/Japanese component lookup verified for Trilobite Filterer.,1,Trilobite Filterer
fauna,001D0735,Starfield.esm,001D0735,PCM_Jaffa_Jaffa-II_Prey01,Herding Wobbleback Herbivore,RESOLVED_COMPOSED_FAUNA,CCT component provenance resolved and exact English/Japanese component lookup verified for Herding Wobbleback Herbivore.,1,Herding Wobbleback Herbivore
fauna,001D0738,Starfield.esm,001D0738,PCM_Jaffa_Jaffa-II_Predator01,Hunting Coralcrab,RESOLVED_COMPOSED_FAUNA,CCT component provenance resolved and exact English/Japanese component lookup verified for Hunting Coralcrab.,1,Hunting Coralcrab
fauna,001D074F,Starfield.esm,001D074F,PCM_Ixyll_Ixyll-III-b_Critter02,Gossamer Filterer,RESOLVED_COMPOSED_FAUNA,CCT component provenance resolved and exact English/Japanese component lookup verified for Gossamer Filterer.,1,Gossamer Filterer
fauna,001D0758,Starfield.esm,001D0758,PCM_Ixyll_Ixyll-III-b_Critter01,Flamethorn Scavenger,RESOLVED_COMPOSED_FAUNA,CCT component provenance resolved and exact English/Japanese component lookup verified for Flamethorn Scavenger.,1,Flamethorn Scavenger
fauna,001D0762,Starfield.esm,001D0762,PCM_Ixyll_Ixyll-III-b_Prey02,Herding Boneback Grazer,RESOLVED_COMPOSED_FAUNA,CCT component provenance resolved and exact English/Japanese component lookup verified for Herding Boneback Grazer.,1,Herding Boneback Grazer
fauna,001D0767,Starfield.esm,001D0767,PCM_Ixyll_Ixyll-III-b_Prey01,Herding Horsamander Grazer,RESOLVED_COMPOSED_FAUNA,CCT component provenance resolved and exact English/Japanese component lookup verified for Herding Horsamander Grazer.,1,Herding Horsamander Grazer
fauna,001D076C,Starfield.esm,001D076C,PCM_Ixyll_Ixyll-III-b_Predator02,Hunting Coralbug,RESOLVED_COMPOSED_FAUNA,CCT component provenance resolved and exact English/Japanese component lookup verified for Hunting Coralbug.,1,Hunting Coralbug
fauna,001D0770,Starfield.esm,001D0770,PCM_Ixyll_Ixyll-III-b_Predator01,Hunting Nailtail,RESOLVED_COMPOSED_FAUNA,CCT component provenance resolved and exact English/Japanese component lookup verified for Hunting Nailtail.,1,Hunting Nailtail
fauna,001D0780,Starfield.esm,001D0780,PCM_Ixyll_Ixyll-II_Critter02,Thorn Scavenger,RESOLVED_COMPOSED_FAUNA,CCT component provenance resolved and exact English/Japanese component lookup verified for Thorn Scavenger.,1,Thorn Scavenger
fauna,001D0781,Starfield.esm,001D0781,PCM_Ixyll_Ixyll-II_Critter01,Spaceroach Filterer,RESOLVED_COMPOSED_FAUNA,CCT component provenance resolved and exact English/Japanese component lookup verified for Spaceroach Filterer.,1,Spaceroach Filterer
fauna,001D0782,Starfield.esm,001D0782,PCM_Ixyll_Ixyll-II_Prey03,Puffball Filterer,RESOLVED_COMPOSED_FAUNA,CCT component provenance resolved and exact English/Japanese component lookup verified for Puffball Filterer.,1,Puffball Filterer
fauna,001D0783,Starfield.esm,001D0783,PCM_Ixyll_Ixyll-II_Prey02,Herding Crab Grazer,RESOLVED_COMPOSED_FAUNA,CCT component provenance resolved and exact English/Japanese component lookup verified for Herding Crab Grazer.,1,Herding Crab Grazer
fauna,001D0784,Starfield.esm,001D0784,PCM_Ixyll_Ixyll-II_Prey01,Beetlecrab Grazer,RESOLVED_COMPOSED_FAUNA,CCT component provenance resolved and exact English/Japanese component lookup verified for Beetlecrab Grazer.,1,Beetlecrab Grazer
fauna,001D0785,Starfield.esm,001D0785,PCM_Ixyll_Ixyll-II_Predator01,Hunting Nightmare,RESOLVED_COMPOSED_FAUNA,CCT component provenance resolved and exact English/Japanese component lookup verified for Hunting Nightmare.,1,Hunting Nightmare
fauna,001D07E6,Starfield.esm,001D07E6,PCM_Indum_Indum-II_Critter01,Milliwhale Filterer,RESOLVED_COMPOSED_FAUNA,CCT component provenance resolved and exact English/Japanese component lookup verified for Milliwhale Filterer.,1,Milliwhale Filterer
fauna,001D07E7,Starfield.esm,001D07E7,PCM_Indum_Indum-II_Prey01,Toadface Grazer,RESOLVED_COMPOSED_FAUNA,CCT component provenance resolved and exact English/Japanese component lookup verified for Toadface Grazer.,1,Toadface Grazer
fauna,001D07E8,Starfield.esm,001D07E8,PCM_Indum_Indum-II_Predator01,Hunting Trapmaw,RESOLVED_COMPOSED_FAUNA,CCT component provenance resolved and exact English/Japanese component lookup verified for Hunting Trapmaw.,1,Hunting Trapmaw
fauna,001D2FA0,Starfield.esm,001D2FA0,PCM_Leonis_Leonis-III_Critter02,Milliwhale Filterer,RESOLVED_COMPOSED_FAUNA,CCT component provenance resolved and exact English/Japanese component lookup verified for Milliwhale Filterer.,1,Milliwhale Filterer
fauna,001D2FA1,Starfield.esm,001D2FA1,PCM_Leonis_Leonis-III_Critter01,Flamethorn Grazer,RESOLVED_COMPOSED_FAUNA,CCT component provenance resolved and exact English/Japanese component lookup verified for Flamethorn Grazer.,1,Flamethorn Grazer
fauna,001D2FA2,Starfield.esm,001D2FA2,PCM_Leonis_Leonis-III_Prey03,Schooling Paddlefish Filterer,RESOLVED_COMPOSED_FAUNA,CCT component provenance resolved and exact English/Japanese component lookup verified for Schooling Paddlefish Filterer.,1,Schooling Paddlefish Filterer
fauna,001D2FA3,Starfield.esm,001D2FA3,PCM_Leonis_Leonis-III_Prey02,Schooling Unishark Scavenger,RESOLVED_COMPOSED_FAUNA,CCT component provenance resolved and exact English/Japanese component lookup verified for Schooling Unishark Scavenger.,1,Schooling Unishark Scavenger
fauna,001D2FA4,Starfield.esm,001D2FA4,PCM_Leonis_Leonis-III_Prey01,Flocking Snuffler Scavenger,RESOLVED_COMPOSED_FAUNA,CCT component provenance resolved and exact English/Japanese component lookup verified for Flocking Snuffler Scavenger.,1,Flocking Snuffler Scavenger
fauna,001D2FA5,Starfield.esm,001D2FA5,PCM_Leonis_Leonis-III_Predator02,Hunting Arapaima,RESOLVED_COMPOSED_FAUNA,CCT component provenance resolved and exact English/Japanese component lookup verified for Hunting Arapaima.,1,Hunting Arapaima
fauna,001D2FA6,Starfield.esm,001D2FA6,PCM_Leonis_Leonis-III_Predator01,Pack Scarab,RESOLVED_COMPOSED_FAUNA,CCT component provenance resolved and exact English/Japanese component lookup verified for Pack Scarab.,1,Pack Scarab
fauna,001D301F,Starfield.esm,001D301F,PCM_Lantana_Lantana-VIII-b_Critter01,Jellyfin Filterer,RESOLVED_COMPOSED_FAUNA,CCT component provenance resolved and exact English/Japanese component lookup verified for Jellyfin Filterer.,1,Jellyfin Filterer
fauna,001D3020,Starfield.esm,001D3020,PCM_Lantana_Lantana-VIII-b_Prey01,Flocking Orchid Geophage,RESOLVED_COMPOSED_FAUNA,CCT component provenance resolved and exact English/Japanese component lookup verified for Flocking Orchid Geophage.,1,Flocking Orchid Geophage
fauna,001D3D1D,Starfield.esm,001D3D1D,PCM_Lantana_Lantana-IV_Critter01,Spikeworm Grazer,RESOLVED_COMPOSED_FAUNA,CCT component provenance resolved and exact English/Japanese component lookup verified for Spikeworm Grazer.,1,Spikeworm Grazer
fauna,001D3D1E,Starfield.esm,001D3D1E,PCM_Lantana_Lantana-IV_Prey01,Flocking Shardhopper Geophage,RESOLVED_COMPOSED_FAUNA,CCT component provenance resolved and exact English/Japanese component lookup verified for Flocking Shardhopper Geophage.,1,Flocking Shardhopper Geophage
fauna,001D3D1F,Starfield.esm,001D3D1F,PCM_Lantana_Lantana-IV_Predator01,Hunting Ikuradon,RESOLVED_COMPOSED_FAUNA,CCT component provenance resolved and exact English/Japanese component lookup verified for Hunting Ikuradon.,1,Hunting Ikuradon
fauna,001D50E1,Starfield.esm,001D50E1,PCM_Lantana_Lantana-III_Critter01,Puffball Filterer,RESOLVED_COMPOSED_FAUNA,CCT component provenance resolved and exact English/Japanese component lookup verified for Puffball Filterer.,1,Puffball Filterer
fauna,001D50E2,Starfield.esm,001D50E2,PCM_Lantana_Lantana-III_Predator03,Swarming Cockroach,RESOLVED_COMPOSED_FAUNA,CCT component provenance resolved and exact English/Japanese component lookup verified for Swarming Cockroach.,1,Swarming Cockroach
fauna,001D50E3,Starfield.esm,001D50E3,PCM_Lantana_Lantana-III_Prey02,Herding Brainsquid Scavenger,RESOLVED_COMPOSED_FAUNA,CCT component provenance resolved and exact English/Japanese component lookup verified for Herding Brainsquid Scavenger.,1,Herding Brainsquid Scavenger
fauna,001D50E4,Starfield.esm,001D50E4,PCM_Lantana_Lantana-III_Prey01,Herding Clawback Scavenger,RESOLVED_COMPOSED_FAUNA,CCT component provenance resolved and exact English/Japanese component lookup verified for Herding Clawback Scavenger.,1,Herding Clawback Scavenger
fauna,001D50E5,Starfield.esm,001D50E5,PCM_Lantana_Lantana-III_Predator02,Hunting Cagebrain,RESOLVED_COMPOSED_FAUNA,CCT component provenance resolved and exact English/Japanese component lookup verified for Hunting Cagebrain.,1,Hunting Cagebrain
fauna,001D50E6,Starfield.esm,001D50E6,PCM_Lantana_Lantana-III_Predator01,Apex Brainsprout,RESOLVED_COMPOSED_FAUNA,CCT component provenance resolved and exact English/Japanese component lookup verified for Apex Brainsprout.,1,Apex Brainsprout
fauna,001D5137,Starfield.esm,001D5137,PCM_Kumasi_Kumasi-III_Critter01,Flamethorn Herbivore,RESOLVED_COMPOSED_FAUNA,CCT component provenance resolved and exact English/Japanese component lookup verified for Flamethorn Herbivore.,1,Flamethorn Herbivore
fauna,001D5138,Starfield.esm,001D5138,PCM_Kumasi_Kumasi-III_Prey02,Herding Clickbeetle Grazer,RESOLVED_COMPOSED_FAUNA,CCT component provenance resolved and exact English/Japanese component lookup verified for Herding Clickbeetle Grazer.,1,Herding Clickbeetle Grazer
fauna,001D5139,Starfield.esm,001D5139,PCM_Kumasi_Kumasi-III_Prey01,Flocking Boneshell Grazer,RESOLVED_COMPOSED_FAUNA,CCT component provenance resolved and exact English/Japanese component lookup verified for Flocking Boneshell Grazer.,1,Flocking Boneshell Grazer
fauna,001D513A,Starfield.esm,001D513A,PCM_Kumasi_Kumasi-III_Predator01,Hunting Toadface Stalker,RESOLVED_COMPOSED_FAUNA,CCT component provenance resolved and exact English/Japanese component lookup verified for Hunting Toadface Stalker.,1,Hunting Toadface Stalker
fauna,001D5A2F,Starfield.esm,001D5A2F,PCM_Khayyam_Khayyam-II_Prey04,Flocking Rockhound Geophage,RESOLVED_COMPOSED_FAUNA,CCT component provenance resolved and exact English/Japanese component lookup verified for Flocking Rockhound Geophage.,1,Flocking Rockhound Geophage
fauna,001D5A30,Starfield.esm,001D5A30,PCM_Khayyam_Khayyam-II_Predator03,Hunting Stonewalker,RESOLVED_COMPOSED_FAUNA,CCT component provenance resolved and exact English/Japanese component lookup verified for Hunting Stonewalker.,1,Hunting Stonewalker
fauna,001D5A9A,Starfield.esm,001D5A9A,PCM_Hyla_Hyla-II_Critter02,Trilobite Filterer,RESOLVED_COMPOSED_FAUNA,CCT component provenance resolved and exact English/Japanese component lookup verified for Trilobite Filterer.,1,Trilobite Filterer
fauna,001D5A9B,Starfield.esm,001D5A9B,PCM_Hyla_Hyla-II_Critter01,Centiskull Scavenger,RESOLVED_COMPOSED_FAUNA,CCT component provenance resolved and exact English/Japanese component lookup verified for Centiskull Scavenger.,1,Centiskull Scavenger
fauna,001D5A9C,Starfield.esm,001D5A9C,PCM_Hyla_Hyla-II_Prey04_Swimmer,Schooling Unishark Scavenger,RESOLVED_COMPOSED_FAUNA,CCT component provenance resolved and exact English/Japanese component lookup verified for Schooling Unishark Scavenger.,1,Schooling Unishark Scavenger
fauna,001D5A9D,Starfield.esm,001D5A9D,PCM_Hyla_Hyla-II_Prey03,Trihorn Grazer,RESOLVED_COMPOSED_FAUNA,CCT component provenance resolved and exact English/Japanese component lookup verified for Trihorn Grazer.,1,Trihorn Grazer
fauna,001D5A9E,Starfield.esm,001D5A9E,PCM_Hyla_Hyla-II_Prey02,Flocking Brainblimp Filterer,RESOLVED_COMPOSED_FAUNA,CCT component provenance resolved and exact English/Japanese component lookup verified for Flocking Brainblimp Filterer.,1,Flocking Brainblimp Filterer
fauna,001D5A9F,Starfield.esm,001D5A9F,PCM_Hyla_Hyla-II_Prey01,Herding Tongueface Grazer,RESOLVED_COMPOSED_FAUNA,CCT component provenance resolved and exact English/Japanese component lookup verified for Herding Tongueface Grazer.,1,Herding Tongueface Grazer
fauna,001D5AA1,Starfield.esm,001D5AA1,PCM_Hyla_Hyla-II_Predator02,Hunting Lockjaw,RESOLVED_COMPOSED_FAUNA,CCT component provenance resolved and exact English/Japanese component lookup verified for Hunting Lockjaw.,1,Hunting Lockjaw
fauna,001D5AA3,Starfield.esm,001D5AA3,PCM_Hyla_Hyla-II_Predator01,Hunting Ikuradon,RESOLVED_COMPOSED_FAUNA,CCT component provenance resolved and exact English/Japanese component lookup verified for Hunting Ikuradon.,1,Hunting Ikuradon
fauna,001D5F36,Starfield.esm,001D5F36,PCM_Khayyam_Khayyam-II_Prey03,Flocking Eggtail Filterer,RESOLVED_COMPOSED_FAUNA,CCT component provenance resolved and exact English/Japanese component lookup verified for Flocking Eggtail Filterer.,1,Flocking Eggtail Filterer
fauna,001D5F37,Starfield.esm,001D5F37,PCM_Khayyam_Khayyam-II_Prey02,Flocking Cyclozard Scavenger,RESOLVED_COMPOSED_FAUNA,CCT component provenance resolved and exact English/Japanese component lookup verified for Flocking Cyclozard Scavenger.,1,Flocking Cyclozard Scavenger
fauna,001D5F38,Starfield.esm,001D5F38,PCM_Khayyam_Khayyam-II_Prey01,Ankylosaurus Herbivore,RESOLVED_COMPOSED_FAUNA,CCT component provenance resolved and exact English/Japanese component lookup verified for Ankylosaurus Herbivore.,1,Ankylosaurus Herbivore
fauna,001D5F39,Starfield.esm,001D5F39,PCM_Khayyam_Khayyam-II_Predator02,Pack Glowhands,RESOLVED_COMPOSED_FAUNA,CCT component provenance resolved and exact English/Japanese component lookup verified for Pack Glowhands.,1,Pack Glowhands
fauna,001D5F3A,Starfield.esm,001D5F3A,PCM_Khayyam_Khayyam-II_Predator01,Swarming Eggback,RESOLVED_COMPOSED_FAUNA,CCT component provenance resolved and exact English/Japanese component lookup verified for Swarming Eggback.,1,Swarming Eggback
fauna,001D6B6D,Starfield.esm,001D6B6D,PCM_Huygens_Huygens-VII-b_CritterA,Jellyfin Filterer,RESOLVED_COMPOSED_FAUNA,CCT component provenance resolved and exact English/Japanese component lookup verified for Jellyfin Filterer.,1,Jellyfin Filterer
fauna,001D6B6E,Starfield.esm,001D6B6E,PCM_Huygens_Huygens-VII-b_PreyA,Herding Tapeworm Scavenger,RESOLVED_COMPOSED_FAUNA,CCT component provenance resolved and exact English/Japanese component lookup verified for Herding Tapeworm Scavenger.,1,Herding Tapeworm Scavenger
fauna,001D6B6F,Starfield.esm,001D6B6F,PCM_Huygens_Huygens-VII-b_PredatorA,Pack Dragonfly,RESOLVED_COMPOSED_FAUNA,CCT component provenance resolved and exact English/Japanese component lookup verified for Pack Dragonfly.,1,Pack Dragonfly
fauna,001D6B7D,Starfield.esm,001D6B7D,PCM_Huygens_Huygens-IV_CritterA,Milliwhale Filterer,RESOLVED_COMPOSED_FAUNA,CCT component provenance resolved and exact English/Japanese component lookup verified for Milliwhale Filterer.,1,Milliwhale Filterer
fauna,001D6B7E,Starfield.esm,001D6B7E,PCM_Huygens_Huygens-IV_PreyB,Schooling Finback Scavenger,RESOLVED_COMPOSED_FAUNA,CCT component provenance resolved and exact English/Japanese component lookup verified for Schooling Finback Scavenger.,1,Schooling Finback Scavenger
fauna,001D6B7F,Starfield.esm,001D6B7F,PCM_Huygens_Huygens-IV_PreyA,Herding Roundshell Grazer,RESOLVED_COMPOSED_FAUNA,CCT component provenance resolved and exact English/Japanese component lookup verified for Herding Roundshell Grazer.,1,Herding Roundshell Grazer
fauna,001D6B80,Starfield.esm,001D6B80,PCM_Huygens_Huygens-IV_PredatorA,Swarming Beetlecrab,RESOLVED_COMPOSED_FAUNA,CCT component provenance resolved and exact English/Japanese component lookup verified for Swarming Beetlecrab.,1,Swarming Beetlecrab
fauna,001D7BC0,Starfield.esm,001D7BC0,PCM_Kang_Kang-VIII-c_Critter01,Snuffler Geophage,RESOLVED_COMPOSED_FAUNA,CCT component provenance resolved and exact English/Japanese component lookup verified for Snuffler Geophage.,1,Snuffler Geophage
fauna,001D7BC1,Starfield.esm,001D7BC1,PCM_Katydid_Katydid-I-a_Critter01,Centiskull Herbivore,RESOLVED_COMPOSED_FAUNA,CCT component provenance resolved and exact English/Japanese component lookup verified for Centiskull Herbivore.,1,Centiskull Herbivore
fauna,001D7BC2,Starfield.esm,001D7BC2,PCM_Katydid_Katydid-I-a_Prey02,Herding Cutterhead Herbivore,RESOLVED_COMPOSED_FAUNA,CCT component provenance resolved and exact English/Japanese component lookup verified for Herding Cutterhead Herbivore.,1,Herding Cutterhead Herbivore
fauna,001D7BC3,Starfield.esm,001D7BC3,PCM_Katydid_Katydid-I-a_Prey01,Herding Lacraia Grazer,RESOLVED_COMPOSED_FAUNA,CCT component provenance resolved and exact English/Japanese component lookup verified for Herding Lacraia Grazer.,1,Herding Lacraia Grazer
fauna,001D7BC4,Starfield.esm,001D7BC4,PCM_Katydid_Katydid-I-a_Predator01,Pack Cricket,RESOLVED_COMPOSED_FAUNA,CCT component provenance resolved and exact English/Japanese component lookup verified for Pack Cricket.,1,Pack Cricket
fauna,001D7BEB,Starfield.esm,001D7BEB,PCM_Heisenberg_Heisenberg-II_CritterB,Drone Grazer,RESOLVED_COMPOSED_FAUNA,CCT component provenance resolved and exact English/Japanese component lookup verified for Drone Grazer.,1,Drone Grazer
fauna,001D7BEC,Starfield.esm,001D7BEC,PCM_Heisenberg_Heisenberg-II_CritterA,Trilobite Filterer,RESOLVED_COMPOSED_FAUNA,CCT component provenance resolved and exact English/Japanese component lookup verified for Trilobite Filterer.,1,Trilobite Filterer
fauna,001D7BED,Starfield.esm,001D7BED,PCM_Heisenberg_Heisenberg-II_PreyB,Leafbug Grazer,RESOLVED_COMPOSED_FAUNA,CCT component provenance resolved and exact English/Japanese component lookup verified for Leafbug Grazer.,1,Leafbug Grazer
fauna,001D7BEE,Starfield.esm,001D7BEE,PCM_Heisenberg_Heisenberg-II_PreyA,Herding Windbag Grazer,RESOLVED_COMPOSED_FAUNA,CCT component provenance resolved and exact English/Japanese component lookup verified for Herding Windbag Grazer.,1,Herding Windbag Grazer
fauna,001D7BEF,Starfield.esm,001D7BEF,PCM_Heisenberg_Heisenberg-II_PredatorB,Hunting Scarab,RESOLVED_COMPOSED_FAUNA,CCT component provenance resolved and exact English/Japanese component lookup verified for Hunting Scarab.,1,Hunting Scarab
fauna,001D7BF0,Starfield.esm,001D7BF0,PCM_Heisenberg_Heisenberg-II_PredatorA,Hunting Exocrawler,RESOLVED_COMPOSED_FAUNA,CCT component provenance resolved and exact English/Japanese component lookup verified for Hunting Exocrawler.,1,Hunting Exocrawler
fauna,001D8423,Starfield.esm,001D8423,PCM_Heinlein_Heinlein-VI-a_Critter01,Beetle Filterer,RESOLVED_COMPOSED_FAUNA,CCT component provenance resolved and exact English/Japanese component lookup verified for Beetle Filterer.,1,Beetle Filterer
fauna,001D8424,Starfield.esm,001D8424,PCM_Heinlein_Heinlein-VI-a_Prey01,Herding Boneback Filterer,RESOLVED_COMPOSED_FAUNA,CCT component provenance resolved and exact English/Japanese component lookup verified for Herding Boneback Filterer.,1,Herding Boneback Filterer
fauna,001D8425,Starfield.esm,001D8425,PCM_Heinlein_Heinlein-VI-a_Predator01,Hunting Shieldshell,RESOLVED_COMPOSED_FAUNA,CCT component provenance resolved and exact English/Japanese component lookup verified for Hunting Shieldshell.,1,Hunting Shieldshell
fauna,001D871A,Starfield.esm,001D871A,PCM_Heinlein_Heinlein-IV-b_CritterA,Triworm Filterer,RESOLVED_COMPOSED_FAUNA,CCT component provenance resolved and exact English/Japanese component lookup verified for Triworm Filterer.,1,Triworm Filterer
fauna,001D871B,Starfield.esm,001D871B,PCM_Heinlein_Heinlein-IV-b_PreyA,Herding Cutterhead Grazer,RESOLVED_COMPOSED_FAUNA,CCT component provenance resolved and exact English/Japanese component lookup verified for Herding Cutterhead Grazer.,1,Herding Cutterhead Grazer
fauna,001D871C,Starfield.esm,001D871C,PCM_Heinlein_Heinlein-IV-b_Predator01,Swarming Octomaggot,RESOLVED_COMPOSED_FAUNA,CCT component provenance resolved and exact English/Japanese component lookup verified for Swarming Octomaggot.,1,Swarming Octomaggot
fauna,001D871D,Starfield.esm,001D871D,PCM_Gamma-Vulpes_Gamma-Vulpes-II-a_CritterB,Milliwhale Scavenger,RESOLVED_COMPOSED_FAUNA,CCT component provenance resolved and exact English/Japanese component lookup verified for Milliwhale Scavenger.,1,Milliwhale Scavenger
fauna,001D871E,Starfield.esm,001D871E,PCM_Gamma-Vulpes_Gamma-Vulpes-II-a_CritterA,Grabber Filterer,RESOLVED_COMPOSED_FAUNA,CCT component provenance resolved and exact English/Japanese component lookup verified for Grabber Filterer.,1,Grabber Filterer
fauna,001D871F,Starfield.esm,001D871F,PCM_Gamma-Vulpes_Gamma-Vulpes-II-a_PreyB,Seahorse Grazer,RESOLVED_COMPOSED_FAUNA,CCT component provenance resolved and exact English/Japanese component lookup verified for Seahorse Grazer.,1,Seahorse Grazer
fauna,001D8720,Starfield.esm,001D8720,PCM_Gamma-Vulpes_Gamma-Vulpes-II-a_PreyA,Toadface Grazer,RESOLVED_COMPOSED_FAUNA,CCT component provenance resolved and exact English/Japanese component lookup verified for Toadface Grazer.,1,Toadface Grazer
fauna,001D8721,Starfield.esm,001D8721,PCM_Gamma-Vulpes_Gamma-Vulpes-II-a_PredatorB,Hunting Dragon,RESOLVED_COMPOSED_FAUNA,CCT component provenance resolved and exact English/Japanese component lookup verified for Hunting Dragon.,1,Hunting Dragon
fauna,001D8722,Starfield.esm,001D8722,PCM_Gamma-Vulpes_Gamma-Vulpes-II-a_PredatorA,Hunting Nailtail,RESOLVED_COMPOSED_FAUNA,CCT component provenance resolved and exact English/Japanese component lookup verified for Hunting Nailtail.,1,Hunting Nailtail
fauna,001D9478,Starfield.esm,001D9478,PCM_Gamma-Vulpes_Gamma-Vulpes-I_CritterB,Snuffler Grazer,RESOLVED_COMPOSED_FAUNA,CCT component provenance resolved and exact English/Japanese component lookup verified for Snuffler Grazer.,1,Snuffler Grazer
fauna,001D9479,Starfield.esm,001D9479,PCM_Gamma-Vulpes_Gamma-Vulpes-I_CritterA,Flamethorn Filterer,RESOLVED_COMPOSED_FAUNA,CCT component provenance resolved and exact English/Japanese component lookup verified for Flamethorn Filterer.,1,Flamethorn Filterer
fauna,001D947A,Starfield.esm,001D947A,PCM_Gamma-Vulpes_Gamma-Vulpes-I_PreyC,Herding Longhorn Herbivore,RESOLVED_COMPOSED_FAUNA,CCT component provenance resolved and exact English/Japanese component lookup verified for Herding Longhorn Herbivore.,1,Herding Longhorn Herbivore
fauna,001D947B,Starfield.esm,001D947B,PCM_Gamma-Vulpes_Gamma-Vulpes-I_PreyB,Roundshell Grazer,RESOLVED_COMPOSED_FAUNA,CCT component provenance resolved and exact English/Japanese component lookup verified for Roundshell Grazer.,1,Roundshell Grazer
fauna,001D947C,Starfield.esm,001D947C,PCM_Gamma-Vulpes_Gamma-Vulpes-I_PreyA,Tongueface Grazer,RESOLVED_COMPOSED_FAUNA,CCT component provenance resolved and exact English/Japanese component lookup verified for Tongueface Grazer.,1,Tongueface Grazer
fauna,001D947D,Starfield.esm,001D947D,PCM_Gamma-Vulpes_Gamma-Vulpes-I_PredatorB,Pack Rockhound,RESOLVED_COMPOSED_FAUNA,CCT component provenance resolved and exact English/Japanese component lookup verified for Pack Rockhound.,1,Pack Rockhound
fauna,001D947E,Starfield.esm,001D947E,PCM_Gamma-Vulpes_Gamma-Vulpes-I_PredatorA,Hunting Hammersaur,RESOLVED_COMPOSED_FAUNA,CCT component provenance resolved and exact English/Japanese component lookup verified for Hunting Hammersaur.,1,Hunting Hammersaur
fauna,001D9527,Starfield.esm,001D9527,PCM_Freya_Freya-IX-b_CritterA,Grub Geophage,RESOLVED_COMPOSED_FAUNA,CCT component provenance resolved and exact English/Japanese component lookup verified for Grub Geophage.,1,Grub Geophage
fauna,001D9528,Starfield.esm,001D9528,PCM_Freya_Freya-IX-b_PreyA,Herding Crabfly Geophage,RESOLVED_COMPOSED_FAUNA,CCT component provenance resolved and exact English/Japanese component lookup verified for Herding Crabfly Geophage.,1,Herding Crabfly Geophage
fauna,001D9529,Starfield.esm,001D9529,PCM_Freya_Freya-IX-b_PredatorA,Hunting Glowhands Stalker,RESOLVED_COMPOSED_FAUNA,CCT component provenance resolved and exact English/Japanese component lookup verified for Hunting Glowhands Stalker.,1,Hunting Glowhands Stalker
fauna,001D952A,Starfield.esm,001D952A,PCM_Kang_Kang-III_Prey01,Flocking Windbag Filterer,RESOLVED_COMPOSED_FAUNA,CCT component provenance resolved and exact English/Japanese component lookup verified for Flocking Windbag Filterer.,1,Flocking Windbag Filterer
fauna,001D952B,Starfield.esm,001D952B,PCM_Kang_Kang-III_Predator03,Pack Boneback,RESOLVED_COMPOSED_FAUNA,CCT component provenance resolved and exact English/Japanese component lookup verified for Pack Boneback.,1,Pack Boneback
fauna,001D952C,Starfield.esm,001D952C,PCM_Kang_Kang-III_Predator02,Pack Maggotmaw,RESOLVED_COMPOSED_FAUNA,CCT component provenance resolved and exact English/Japanese component lookup verified for Pack Maggotmaw.,1,Pack Maggotmaw
fauna,001D952D,Starfield.esm,001D952D,PCM_Kang_Kang-III_Predator01,Hunting Scarab,RESOLVED_COMPOSED_FAUNA,CCT component provenance resolved and exact English/Japanese component lookup verified for Hunting Scarab.,1,Hunting Scarab
fauna,001DBAE4,Starfield.esm,001DBAE4,PCM_Huygens_Huygens-III_CritterB,Thorn Filterer,RESOLVED_COMPOSED_FAUNA,CCT component provenance resolved and exact English/Japanese component lookup verified for Thorn Filterer.,1,Thorn Filterer
fauna,001DBAE5,Starfield.esm,001DBAE5,PCM_Huygens_Huygens-III_CritterA,Milliwhale Scavenger,RESOLVED_COMPOSED_FAUNA,CCT component provenance resolved and exact English/Japanese component lookup verified for Milliwhale Scavenger.,1,Milliwhale Scavenger
fauna,001DBAE6,Starfield.esm,001DBAE6,PCM_Huygens_Huygens-III_PreyC,Cyclozard Grazer,RESOLVED_COMPOSED_FAUNA,CCT component provenance resolved and exact English/Japanese component lookup verified for Cyclozard Grazer.,1,Cyclozard Grazer
fauna,001DBAE7,Starfield.esm,001DBAE7,PCM_Huygens_Huygens-III_PreyB,Marnokk Grazer,RESOLVED_COMPOSED_FAUNA,CCT component provenance resolved and exact English/Japanese component lookup verified for Marnokk Grazer.,1,Marnokk Grazer
fauna,001DBAE8,Starfield.esm,001DBAE8,PCM_Huygens_Huygens-III_PreyA,Shellephant Grazer,RESOLVED_COMPOSED_FAUNA,CCT component provenance resolved and exact English/Japanese component lookup verified for Shellephant Grazer.,1,Shellephant Grazer
fauna,001DBAE9,Starfield.esm,001DBAE9,PCM_Huygens_Huygens-III_PredatorC,Hunting Shieldshell,RESOLVED_COMPOSED_FAUNA,CCT component provenance resolved and exact English/Japanese component lookup verified for Hunting Shieldshell.,1,Hunting Shieldshell
fauna,001DBAEA,Starfield.esm,001DBAEA,PCM_Huygens_Huygens-III_PredatorB,Hunting Vectorback,RESOLVED_COMPOSED_FAUNA,CCT component provenance resolved and exact English/Japanese component lookup verified for Hunting Vectorback.,1,Hunting Vectorback
fauna,001DBAEB,Starfield.esm,001DBAEB,PCM_Huygens_Huygens-III_PredatorA,Pack Trapmaw,RESOLVED_COMPOSED_FAUNA,CCT component provenance resolved and exact English/Japanese component lookup verified for Pack Trapmaw.,1,Pack Trapmaw
fauna,001DBCE3,Starfield.esm,001DBCE3,PCM_Guniibuu_Guniibuu-VI-b_Critter01,Milliwhale Filterer,RESOLVED_COMPOSED_FAUNA,CCT component provenance resolved and exact English/Japanese component lookup verified for Milliwhale Filterer.,1,Milliwhale Filterer
fauna,001DBCE4,Starfield.esm,001DBCE4,PCM_Guniibuu_Guniibuu-VI-b_Prey02_Swimmer,Shoaling Finback Scavenger,RESOLVED_COMPOSED_FAUNA,CCT component provenance resolved and exact English/Japanese component lookup verified for Shoaling Finback Scavenger.,1,Shoaling Finback Scavenger
fauna,001DBCE5,Starfield.esm,001DBCE5,PCM_Guniibuu_Guniibuu-VI-b_Prey01,Herding Tongueface Geophage,RESOLVED_COMPOSED_FAUNA,CCT component provenance resolved and exact English/Japanese component lookup verified for Herding Tongueface Geophage.,1,Herding Tongueface Geophage
fauna,001DBCE6,Starfield.esm,001DBCE6,PCM_Guniibuu_Guniibuu-VI-b_Predator01,Hunting Vectorback,RESOLVED_COMPOSED_FAUNA,CCT component provenance resolved and exact English/Japanese component lookup verified for Hunting Vectorback.,1,Hunting Vectorback
fauna,001DC4A8,Starfield.esm,001DC4A8,PCM_Guniibuu_Guniibuu-II_Critter02,Coralheart Grazer,RESOLVED_COMPOSED_FAUNA,CCT component provenance resolved and exact English/Japanese component lookup verified for Coralheart Grazer.,1,Coralheart Grazer
fauna,001DC4A9,Starfield.esm,001DC4A9,PCM_Guniibuu_Guniibuu-II_Critter01,Thorn Grazer,RESOLVED_COMPOSED_FAUNA,CCT component provenance resolved and exact English/Japanese component lookup verified for Thorn Grazer.,1,Thorn Grazer
fauna,001DC4AA,Starfield.esm,001DC4AA,PCM_Guniibuu_Guniibuu-II_Prey03,Flocking Earback Herbivore,RESOLVED_COMPOSED_FAUNA,CCT component provenance resolved and exact English/Japanese component lookup verified for Flocking Earback Herbivore.,1,Flocking Earback Herbivore
fauna,001DC4AB,Starfield.esm,001DC4AB,PCM_Guniibuu_Guniibuu-II_Prey02,Herding Morion Grazer,RESOLVED_COMPOSED_FAUNA,CCT component provenance resolved and exact English/Japanese component lookup verified for Herding Morion Grazer.,1,Herding Morion Grazer
fauna,001DC4AC,Starfield.esm,001DC4AC,PCM_Guniibuu_Guniibuu-II_Prey01,Herding Clickbeetle Grazer,RESOLVED_COMPOSED_FAUNA,CCT component provenance resolved and exact English/Japanese component lookup verified for Herding Clickbeetle Grazer.,1,Herding Clickbeetle Grazer
fauna,001DC4AD,Starfield.esm,001DC4AD,PCM_Guniibuu_Guniibuu-II_Predator02,Hunting Angler Stalker,RESOLVED_COMPOSED_FAUNA,CCT component provenance resolved and exact English/Japanese component lookup verified for Hunting Angler Stalker.,1,Hunting Angler Stalker
fauna,001DC4AE,Starfield.esm,001DC4AE,PCM_Guniibuu_Guniibuu-II_Predator01,Pack Exocrawler,RESOLVED_COMPOSED_FAUNA,CCT component provenance resolved and exact English/Japanese component lookup verified for Pack Exocrawler.,1,Pack Exocrawler
fauna,001DCAEB,Starfield.esm,001DCAEB,PCM_Foucault_Foucault-II_CritterA,Twingrub Geophage,RESOLVED_COMPOSED_FAUNA,CCT component provenance resolved and exact English/Japanese component lookup verified for Twingrub Geophage.,1,Twingrub Geophage
fauna,001DCAEC,Starfield.esm,001DCAEC,PCM_Foucault_Foucault-II_PreyA,Maggotmaw Geophage,RESOLVED_COMPOSED_FAUNA,CCT component provenance resolved and exact English/Japanese component lookup verified for Maggotmaw Geophage.,1,Maggotmaw Geophage
fauna,001DCAED,Starfield.esm,001DCAED,PCM_Foucault_Foucault-II_PredatorA,Hunting Cockroach,RESOLVED_COMPOSED_FAUNA,CCT component provenance resolved and exact English/Japanese component lookup verified for Hunting Cockroach.,1,Hunting Cockroach
fauna,001DCAEE,Starfield.esm,001DCAEE,PCM_Feynman_Feynman-IV_CritterA,Centiskull Scavenger,RESOLVED_COMPOSED_FAUNA,CCT component provenance resolved and exact English/Japanese component lookup verified for Centiskull Scavenger.,1,Centiskull Scavenger
fauna,001DCAEF,Starfield.esm,001DCAEF,PCM_Feynman_Feynman-IV_PreyA,Herding Brainsprout Grazer,RESOLVED_COMPOSED_FAUNA,CCT component provenance resolved and exact English/Japanese component lookup verified for Herding Brainsprout Grazer.,1,Herding Brainsprout Grazer
fauna,001DCAF0,Starfield.esm,001DCAF0,PCM_Feynman_Feynman-IV_PredatorA,Hunting Brainsquid,RESOLVED_COMPOSED_FAUNA,CCT component provenance resolved and exact English/Japanese component lookup verified for Hunting Brainsquid.,1,Hunting Brainsquid
fauna,001DDAE8,Starfield.esm,001DDAE8,PCM_Feynman_Feynman-III_CritterB,Beetle Scavenger,RESOLVED_COMPOSED_FAUNA,CCT component provenance resolved and exact English/Japanese component lookup verified for Beetle Scavenger.,1,Beetle Scavenger
fauna,001DDAE9,Starfield.esm,001DDAE9,PCM_Feynman_Feynman-III_CritterA,Spikeworm Filterer,RESOLVED_COMPOSED_FAUNA,CCT component provenance resolved and exact English/Japanese component lookup verified for Spikeworm Filterer.,1,Spikeworm Filterer
fauna,001DDAEA,Starfield.esm,001DDAEA,PCM_Feynman_Feynman-III_PreyB,Beetlecrab Grazer,RESOLVED_COMPOSED_FAUNA,CCT component provenance resolved and exact English/Japanese component lookup verified for Beetlecrab Grazer.,1,Beetlecrab Grazer
fauna,001DDAEB,Starfield.esm,001DDAEB,PCM_Feynman_Feynman-III_PreyA,Flocking Clawback Herbivore,RESOLVED_COMPOSED_FAUNA,CCT component provenance resolved and exact English/Japanese component lookup verified for Flocking Clawback Herbivore.,1,Flocking Clawback Herbivore
fauna,001DDAEC,Starfield.esm,001DDAEC,PCM_Feynman_Feynman-III_PredatorB,Hunting Coralbug,RESOLVED_COMPOSED_FAUNA,CCT component provenance resolved and exact English/Japanese component lookup verified for Hunting Coralbug.,1,Hunting Coralbug
fauna,001DDAED,Starfield.esm,001DDAED,PCM_Feynman_Feynman-III_PredatorA,Pack Clickbeetle,RESOLVED_COMPOSED_FAUNA,CCT component provenance resolved and exact English/Japanese component lookup verified for Pack Clickbeetle.,1,Pack Clickbeetle
fauna,001DE40D,Starfield.esm,001DE40D,PCM_Groombridge_Groombridge-VIII-a_Critter01,Beetle Grazer,RESOLVED_COMPOSED_FAUNA,CCT component provenance resolved and exact English/Japanese component lookup verified for Beetle Grazer.,1,Beetle Grazer
fauna,001DE40E,Starfield.esm,001DE40E,PCM_Groombridge_Groombridge-VIII-a_Prey02,Flocking Shroomhead Grazer,RESOLVED_COMPOSED_FAUNA,CCT component provenance resolved and exact English/Japanese component lookup verified for Flocking Shroomhead Grazer.,1,Flocking Shroomhead Grazer
fauna,001DE40F,Starfield.esm,001DE40F,PCM_Groombridge_Groombridge-VIII-a_Prey01,Herding Longneck Herbivore,RESOLVED_COMPOSED_FAUNA,CCT component provenance resolved and exact English/Japanese component lookup verified for Herding Longneck Herbivore.,1,Herding Longneck Herbivore
fauna,001DE410,Starfield.esm,001DE410,PCM_Groombridge_Groombridge-VIII-a_Predator02,Hunting Brightcage,RESOLVED_COMPOSED_FAUNA,CCT component provenance resolved and exact English/Japanese component lookup verified for Hunting Brightcage.,1,Hunting Brightcage
fauna,001DE411,Starfield.esm,001DE411,PCM_Groombridge_Groombridge-VIII-a_Predator01,Pack Tentabeard,RESOLVED_COMPOSED_FAUNA,CCT component provenance resolved and exact English/Japanese component lookup verified for Pack Tentabeard.,1,Pack Tentabeard
fauna,001DF4F6,Starfield.esm,001DF4F6,PCM_Feynman_Feynman-I_CritterA,Grub Filterer,RESOLVED_COMPOSED_FAUNA,CCT component provenance resolved and exact English/Japanese component lookup verified for Grub Filterer.,1,Grub Filterer
fauna,001DF4F7,Starfield.esm,001DF4F7,PCM_Feynman_Feynman-I_PreyA,Stonewalker Geophage,RESOLVED_COMPOSED_FAUNA,CCT component provenance resolved and exact English/Japanese component lookup verified for Stonewalker Geophage.,1,Stonewalker Geophage
fauna,001DF841,Starfield.esm,001DF841,PCM_Fermi_Fermi-VII-a_CritterA,Jellyfin Filterer,RESOLVED_COMPOSED_FAUNA,CCT component provenance resolved and exact English/Japanese component lookup verified for Jellyfin Filterer.,1,Jellyfin Filterer
fauna,001DF842,Starfield.esm,001DF842,PCM_Fermi_Fermi-VII-a_PreyA,Herding Nautiloos Filterer,RESOLVED_COMPOSED_FAUNA,CCT component provenance resolved and exact English/Japanese component lookup verified for Herding Nautiloos Filterer.,1,Herding Nautiloos Filterer
fauna,001DF843,Starfield.esm,001DF843,PCM_Fermi_Fermi-VII-a_PredatorA,Pack Sunfish,RESOLVED_COMPOSED_FAUNA,CCT component provenance resolved and exact English/Japanese component lookup verified for Pack Sunfish.,1,Pack Sunfish
fauna,001DF884,Starfield.esm,001DF884,PCM_Eta-Cassiopeia_Eta-Cassiopeia-IV-a_Critter01,Jackknife Geophage,RESOLVED_COMPOSED_FAUNA,CCT component provenance resolved and exact English/Japanese component lookup verified for Jackknife Geophage.,1,Jackknife Geophage
fauna,001DF885,Starfield.esm,001DF885,PCM_Eta-Cassiopeia_Eta-Cassiopeia-IV-a_Prey02,Herding Olgreg,RESOLVED_COMPOSED_FAUNA,CCT component provenance resolved and exact English/Japanese component lookup verified for Herding Olgreg.,1,Herding Olgreg
fauna,001DF886,Starfield.esm,001DF886,PCM_Eta-Cassiopeia_Eta-Cassiopeia-IV-a_Prey01,Herding Vuvuzelisk Geophage,RESOLVED_COMPOSED_FAUNA,CCT component provenance resolved and exact English/Japanese component lookup verified for Herding Vuvuzelisk Geophage.,1,Herding Vuvuzelisk Geophage
fauna,001DF887,Starfield.esm,001DF887,PCM_Eta-Cassiopeia_Eta-Cassiopeia-IV-a_Predator01,Hunting Raptor,RESOLVED_COMPOSED_FAUNA,CCT component provenance resolved and exact English/Japanese component lookup verified for Hunting Raptor.,1,Hunting Raptor
fauna,001E064C,Starfield.esm,001E064C,PCM_Fermi_Fermi-III_CritterB,Fingerface Geophage,RESOLVED_COMPOSED_FAUNA,CCT component provenance resolved and exact English/Japanese component lookup verified for Fingerface Geophage.,1,Fingerface Geophage
fauna,001E064F,Starfield.esm,001E064F,PCM_Fermi_Fermi-III_CritterA,Spaceroach Scavenger,RESOLVED_COMPOSED_FAUNA,CCT component provenance resolved and exact English/Japanese component lookup verified for Spaceroach Scavenger.,1,Spaceroach Scavenger
fauna,001E069F,Starfield.esm,001E069F,PCM_Fermi_Fermi-III_PreyB,Herding Clawback Scavenger,RESOLVED_COMPOSED_FAUNA,CCT component provenance resolved and exact English/Japanese component lookup verified for Herding Clawback Scavenger.,1,Herding Clawback Scavenger
fauna,001E06E5,Starfield.esm,001E06E5,PCM_Fermi_Fermi-III_PreyA,Shardhopper Herbivore,RESOLVED_COMPOSED_FAUNA,CCT component provenance resolved and exact English/Japanese component lookup verified for Shardhopper Herbivore.,1,Shardhopper Herbivore
fauna,001E07A6,Starfield.esm,001E07A6,PCM_Fermi_Fermi-III_PredatorB,Swarming Cockroach,RESOLVED_COMPOSED_FAUNA,CCT component provenance resolved and exact English/Japanese component lookup verified for Swarming Cockroach.,1,Swarming Cockroach
fauna,001E07AB,Starfield.esm,001E07AB,PCM_Fermi_Fermi-III_PredatorA,Hunting Exorunner,RESOLVED_COMPOSED_FAUNA,CCT component provenance resolved and exact English/Japanese component lookup verified for Hunting Exorunner.,1,Hunting Exorunner
fauna,001E07BD,Starfield.esm,001E07BD,PCM_Eridani_Eridani-II_CritterB,Pinecone Scavenger,RESOLVED_COMPOSED_FAUNA,CCT component provenance resolved and exact English/Japanese component lookup verified for Pinecone Scavenger.,1,Pinecone Scavenger
fauna,001E07BE,Starfield.esm,001E07BE,PCM_Eridani_Eridani-II_CritterA,Spaceroach Filterer,RESOLVED_COMPOSED_FAUNA,CCT component provenance resolved and exact English/Japanese component lookup verified for Spaceroach Filterer.,1,Spaceroach Filterer
fauna,001E07BF,Starfield.esm,001E07BF,PCM_Eridani_Eridani-II_PreyB,Jellyfin Filterer,RESOLVED_COMPOSED_FAUNA,CCT component provenance resolved and exact English/Japanese component lookup verified for Jellyfin Filterer.,1,Jellyfin Filterer
fauna,001E07C0,Starfield.esm,001E07C0,PCM_Eridani_Eridani-II_PreyA,Herding Vuvuzelisk Grazer,RESOLVED_COMPOSED_FAUNA,CCT component provenance resolved and exact English/Japanese component lookup verified for Herding Vuvuzelisk Grazer.,1,Herding Vuvuzelisk Grazer
fauna,001E07C1,Starfield.esm,001E07C1,PCM_Eridani_Eridani-II_PredatorB,Hunting Leafstrider,RESOLVED_COMPOSED_FAUNA,CCT component provenance resolved and exact English/Japanese component lookup verified for Hunting Leafstrider.,1,Hunting Leafstrider
fauna,001E07C2,Starfield.esm,001E07C2,PCM_Eridani_Eridani-II_PredatorA,Hunting Bighorn,RESOLVED_COMPOSED_FAUNA,CCT component provenance resolved and exact English/Japanese component lookup verified for Hunting Bighorn.,1,Hunting Bighorn
fauna,001E08F4,Starfield.esm,001E08F4,PCM_Eridani_Eridani-IV_CritterA,Beetle Scavenger,RESOLVED_COMPOSED_FAUNA,CCT component provenance resolved and exact English/Japanese component lookup verified for Beetle Scavenger.,1,Beetle Scavenger
fauna,001E08F5,Starfield.esm,001E08F5,PCM_Eridani_Eridani-IV_PreyA,Herding Roundshell Scavenger,RESOLVED_COMPOSED_FAUNA,CCT component provenance resolved and exact English/Japanese component lookup verified for Herding Roundshell Scavenger.,1,Herding Roundshell Scavenger
fauna,001E08F6,Starfield.esm,001E08F6,PCM_Eridani_Eridani-IV_PredatorA,Hunting Crab,RESOLVED_COMPOSED_FAUNA,CCT component provenance resolved and exact English/Japanese component lookup verified for Hunting Crab.,1,Hunting Crab
fauna,001E2614,Starfield.esm,001E2614,PCM_Enlil_EnlilII_CritterB,Fleshleaf Filterer,RESOLVED_COMPOSED_FAUNA,CCT component provenance resolved and exact English/Japanese component lookup verified for Fleshleaf Filterer.,1,Fleshleaf Filterer
fauna,001E2615,Starfield.esm,001E2615,PCM_Enlil_EnlilII_CritterA,Trilobite Filterer,RESOLVED_COMPOSED_FAUNA,CCT component provenance resolved and exact English/Japanese component lookup verified for Trilobite Filterer.,1,Trilobite Filterer
fauna,001E2616,Starfield.esm,001E2616,PCM_Enlil_EnlilII_PredatorB,Hunting Spiderwasp Stalker,RESOLVED_COMPOSED_FAUNA,CCT component provenance resolved and exact English/Japanese component lookup verified for Hunting Spiderwasp Stalker.,1,Hunting Spiderwasp Stalker
fauna,001E2617,Starfield.esm,001E2617,PCM_Enlil_EnlilII_PredatorA,Pack Cagebrain,RESOLVED_COMPOSED_FAUNA,CCT component provenance resolved and exact English/Japanese component lookup verified for Pack Cagebrain.,1,Pack Cagebrain
fauna,001E2618,Starfield.esm,001E2618,PCM_Enlil_EnlilII_PreyB,Windbag Grazer,RESOLVED_COMPOSED_FAUNA,CCT component provenance resolved and exact English/Japanese component lookup verified for Windbag Grazer.,1,Windbag Grazer
fauna,001E2619,Starfield.esm,001E2619,PCM_Enlil_EnlilII_PreyA,Crabfly Herbivore,RESOLVED_COMPOSED_FAUNA,CCT component provenance resolved and exact English/Japanese component lookup verified for Crabfly Herbivore.,1,Crabfly Herbivore
fauna,001E2807,Starfield.esm,001E2807,PCM_Bradbury_Bradbury-IV_Critter01,Coralheart Filterer,RESOLVED_COMPOSED_FAUNA,CCT component provenance resolved and exact English/Japanese component lookup verified for Coralheart Filterer.,1,Coralheart Filterer
fauna,001E2808,Starfield.esm,001E2808,PCM_Bradbury_Bradbury-IV_Prey02,Herding Stonewalker Geophage,RESOLVED_COMPOSED_FAUNA,CCT component provenance resolved and exact English/Japanese component lookup verified for Herding Stonewalker Geophage.,1,Herding Stonewalker Geophage
fauna,001E2809,Starfield.esm,001E2809,PCM_Bradbury_Bradbury-IV_Prey01,Herding Rockhound Geophage,RESOLVED_COMPOSED_FAUNA,CCT component provenance resolved and exact English/Japanese component lookup verified for Herding Rockhound Geophage.,1,Herding Rockhound Geophage
fauna,001E280A,Starfield.esm,001E280A,PCM_Bradbury_Bradbury-IV_Predator01,Swarming Boneback,RESOLVED_COMPOSED_FAUNA,CCT component provenance resolved and exact English/Japanese component lookup verified for Swarming Boneback.,1,Swarming Boneback
fauna,001E2871,Starfield.esm,001E2871,PCM_Bara_Bara-II-Prey01,Flocking Crab Geophage,RESOLVED_COMPOSED_FAUNA,CCT component provenance resolved and exact English/Japanese component lookup verified for Flocking Crab Geophage.,1,Flocking Crab Geophage
fauna,001E292B,Starfield.esm,001E292B,PCM_Enlil_Enlil_I_a_CritterA,Snail Geophage,RESOLVED_COMPOSED_FAUNA,CCT component provenance resolved and exact English/Japanese component lookup verified for Snail Geophage.,1,Snail Geophage
fauna,001E293B,Starfield.esm,001E293B,PCM_Bardeen_Bardeen-V-c_Prey02,Flocking Hippodon Herbivore,RESOLVED_COMPOSED_FAUNA,CCT component provenance resolved and exact English/Japanese component lookup verified for Flocking Hippodon Herbivore.,1,Flocking Hippodon Herbivore
fauna,001E293C,Starfield.esm,001E293C,PCM_Bardeen_Bardeen-V-c_Critter01,Pinecone Herbivore,RESOLVED_COMPOSED_FAUNA,CCT component provenance resolved and exact English/Japanese component lookup verified for Pinecone Herbivore.,1,Pinecone Herbivore
fauna,001E293D,Starfield.esm,001E293D,PCM_Bardeen_Bardeen-V-c_Prey01,Herding Vuvuzelisk Herbivore,RESOLVED_COMPOSED_FAUNA,CCT component provenance resolved and exact English/Japanese component lookup verified for Herding Vuvuzelisk Herbivore.,1,Herding Vuvuzelisk Herbivore
fauna,001E293E,Starfield.esm,001E293E,PCM_Bardeen_Bardeen-V-c_Predator01,Pack Cricket,RESOLVED_COMPOSED_FAUNA,CCT component provenance resolved and exact English/Japanese component lookup verified for Pack Cricket.,1,Pack Cricket
fauna,001E2948,Starfield.esm,001E2948,PCM_Enlil_Enlil_I_a_PreyA,Anteater Geophage,RESOLVED_COMPOSED_FAUNA,CCT component provenance resolved and exact English/Japanese component lookup verified for Anteater Geophage.,1,Anteater Geophage
fauna,001E2949,Starfield.esm,001E2949,PCM_Enlil_Enlil_I_a_PredatorA,Hunting Brainsprout,RESOLVED_COMPOSED_FAUNA,CCT component provenance resolved and exact English/Japanese component lookup verified for Hunting Brainsprout.,1,Hunting Brainsprout
fauna,001E2979,Starfield.esm,001E2979,PCM_Denebola_Denebola_I_b_CritterA,Grabber Filterer,RESOLVED_COMPOSED_FAUNA,CCT component provenance resolved and exact English/Japanese component lookup verified for Grabber Filterer.,1,Grabber Filterer
fauna,001E2996,Starfield.esm,001E2996,PCM_Denebola_Denebola_I_b_PreyA,Herding Boneback Grazer,RESOLVED_COMPOSED_FAUNA,CCT component provenance resolved and exact English/Japanese component lookup verified for Herding Boneback Grazer.,1,Herding Boneback Grazer
fauna,001E2997,Starfield.esm,001E2997,PCM_Denebola_Denebola_I_b_PredatorA,Pack Crab,RESOLVED_COMPOSED_FAUNA,CCT component provenance resolved and exact English/Japanese component lookup verified for Pack Crab.,1,Pack Crab
fauna,001E299E,Starfield.esm,001E299E,PCM_Bara_Bara-III_Critter02,Caterpillar Scavenger,RESOLVED_COMPOSED_FAUNA,CCT component provenance resolved and exact English/Japanese component lookup verified for Caterpillar Scavenger.,1,Caterpillar Scavenger
fauna,001E299F,Starfield.esm,001E299F,PCM_Bara_Bara-III_Critter01,Beetle Grazer,RESOLVED_COMPOSED_FAUNA,CCT component provenance resolved and exact English/Japanese component lookup verified for Beetle Grazer.,1,Beetle Grazer
fauna,001E29A0,Starfield.esm,001E29A0,PCM_Bara_Bara-III_Prey03_Swimmer,Shoaling Exowhale Filterer,RESOLVED_COMPOSED_FAUNA,CCT component provenance resolved and exact English/Japanese component lookup verified for Shoaling Exowhale Filterer.,1,Shoaling Exowhale Filterer
fauna,001E29A1,Starfield.esm,001E29A1,PCM_Bara_Bara-III_Prey02,Herding Leafstrider Filterer,RESOLVED_COMPOSED_FAUNA,CCT component provenance resolved and exact English/Japanese component lookup verified for Herding Leafstrider Filterer.,1,Herding Leafstrider Filterer
fauna,001E29A2,Starfield.esm,001E29A2,PCM_Bara_Bara-III_Prey01,Flocking Plateskin Grazer,RESOLVED_COMPOSED_FAUNA,CCT component provenance resolved and exact English/Japanese component lookup verified for Flocking Plateskin Grazer.,1,Flocking Plateskin Grazer
fauna,001E29A3,Starfield.esm,001E29A3,PCM_Bara_Bara-III_Predator02,Pack Crabfly,RESOLVED_COMPOSED_FAUNA,CCT component provenance resolved and exact English/Japanese component lookup verified for Pack Crabfly.,1,Pack Crabfly
fauna,001E29A4,Starfield.esm,001E29A4,PCM_Bara_Bara-III_Predator01,Hunting Brainsquid,RESOLVED_COMPOSED_FAUNA,CCT component provenance resolved and exact English/Japanese component lookup verified for Hunting Brainsquid.,1,Hunting Brainsquid
fauna,001E2AC2,Starfield.esm,001E2AC2,PCM_Bradbury_Bradbury-III_Prey02,Crab Scavenger,RESOLVED_COMPOSED_FAUNA,CCT component provenance resolved and exact English/Japanese component lookup verified for Crab Scavenger.,1,Crab Scavenger
fauna,001E2AC3,Starfield.esm,001E2AC3,PCM_Bradbury_Bradbury-III_Prey01,Herding Trihorn Grazer,RESOLVED_COMPOSED_FAUNA,CCT component provenance resolved and exact English/Japanese component lookup verified for Herding Trihorn Grazer.,1,Herding Trihorn Grazer
fauna,001E2AC4,Starfield.esm,001E2AC4,PCM_Bradbury_Bradbury-III_Predator02,Hunting Coralcrab,RESOLVED_COMPOSED_FAUNA,CCT component provenance resolved and exact English/Japanese component lookup verified for Hunting Coralcrab.,1,Hunting Coralcrab
fauna,001E2AC5,Starfield.esm,001E2AC5,PCM_Bradbury_Bradbury-III_Predator01,Pack Cagebrain,RESOLVED_COMPOSED_FAUNA,CCT component provenance resolved and exact English/Japanese component lookup verified for Pack Cagebrain.,1,Pack Cagebrain
fauna,001E3F36,Starfield.esm,001E3F36,PCM_DeltaVulpes_DeltaVulpesVc_CritterA,Trident Geophage,RESOLVED_COMPOSED_FAUNA,CCT component provenance resolved and exact English/Japanese component lookup verified for Trident Geophage.,1,Trident Geophage
fauna,001E3F37,Starfield.esm,001E3F37,PCM_DeltaVulpes_DeltaVulpesVc_PreyA,Roundshell Geophage,RESOLVED_COMPOSED_FAUNA,CCT component provenance resolved and exact English/Japanese component lookup verified for Roundshell Geophage.,1,Roundshell Geophage
fauna,001E3F38,Starfield.esm,001E3F38,PCM_DeltaVulpes_DeltaVulpesVc_PredatorA,Hunting Shieldshell,RESOLVED_COMPOSED_FAUNA,CCT component provenance resolved and exact English/Japanese component lookup verified for Hunting Shieldshell.,1,Hunting Shieldshell
fauna,001E468A,Starfield.esm,001E468A,PCM_Bolivar_BolivarI_CritterA,Tubule Filterer,RESOLVED_COMPOSED_FAUNA,CCT component provenance resolved and exact English/Japanese component lookup verified for Tubule Filterer.,1,Tubule Filterer
fauna,001E468B,Starfield.esm,001E468B,PCM_Bolivar_BolivarI_PreyA,Herding Marnokk Scavenger,RESOLVED_COMPOSED_FAUNA,CCT component provenance resolved and exact English/Japanese component lookup verified for Herding Marnokk Scavenger.,1,Herding Marnokk Scavenger
fauna,001E468C,Starfield.esm,001E468C,PCM_Bolivar_BolivarI_PredatorA,Hunting Brainsquid,RESOLVED_COMPOSED_FAUNA,CCT component provenance resolved and exact English/Japanese component lookup verified for Hunting Brainsquid.,1,Hunting Brainsquid
fauna,001E46C2,Starfield.esm,001E46C2,PCM_Bohr_BohrII_PredatorA,Swarming Twistfin,RESOLVED_COMPOSED_FAUNA,CCT component provenance resolved and exact English/Japanese component lookup verified for Swarming Twistfin.,1,Swarming Twistfin
fauna,001E46C3,Starfield.esm,001E46C3,PCM_Bohr_BohrII_CritterB,Coralheart Filterer,RESOLVED_COMPOSED_FAUNA,CCT component provenance resolved and exact English/Japanese component lookup verified for Coralheart Filterer.,1,Coralheart Filterer
fauna,001E46C4,Starfield.esm,001E46C4,PCM_Bohr_BohrII_CritterA,Thorn Scavenger,RESOLVED_COMPOSED_FAUNA,CCT component provenance resolved and exact English/Japanese component lookup verified for Thorn Scavenger.,1,Thorn Scavenger
fauna,001E46C5,Starfield.esm,001E46C5,PCM_Bohr_BohrII_PreyB,Crocalypse Grazer,RESOLVED_COMPOSED_FAUNA,CCT component provenance resolved and exact English/Japanese component lookup verified for Crocalypse Grazer.,1,Crocalypse Grazer
fauna,001E46C6,Starfield.esm,001E46C6,PCM_Bohr_BohrII_PreyA,Lockjaw Grazer,RESOLVED_COMPOSED_FAUNA,CCT component provenance resolved and exact English/Japanese component lookup verified for Lockjaw Grazer.,1,Lockjaw Grazer
fauna,001E46F7,Starfield.esm,001E46F7,PCM_Beta-Andraste_Beta-Andraste-I-a_Prey01,Flocking Cobalt Filterer,RESOLVED_COMPOSED_FAUNA,CCT component provenance resolved and exact English/Japanese component lookup verified for Flocking Cobalt Filterer.,1,Flocking Cobalt Filterer
fauna,001E46F8,Starfield.esm,001E46F8,PCM_Beta-Andraste_Beta-Andraste-I-a_Predator01,Swarming Whaleshark,RESOLVED_COMPOSED_FAUNA,CCT component provenance resolved and exact English/Japanese component lookup verified for Swarming Whaleshark.,1,Swarming Whaleshark
fauna,001E4E95,Starfield.esm,001E4E95,PCM_Bannoc-Prime_Bannoc-Prime-II_Critter01,Coralheart Filterer,RESOLVED_COMPOSED_FAUNA,CCT component provenance resolved and exact English/Japanese component lookup verified for Coralheart Filterer.,1,Coralheart Filterer
fauna,001E4E96,Starfield.esm,001E4E96,PCM_Bannoc-Prime_Bannoc-Prime-II_Prey02,Herding Coralcrawler Filterer,RESOLVED_COMPOSED_FAUNA,CCT component provenance resolved and exact English/Japanese component lookup verified for Herding Coralcrawler Filterer.,1,Herding Coralcrawler Filterer
fauna,001E4E97,Starfield.esm,001E4E97,PCM_Bannoc-Prime_Bannoc-Prime-II_Prey01,Herding Coralbug Filterer,RESOLVED_COMPOSED_FAUNA,CCT component provenance resolved and exact English/Japanese component lookup verified for Herding Coralbug Filterer.,1,Herding Coralbug Filterer
fauna,001E4E98,Starfield.esm,001E4E98,PCM_Bannoc-Prime_Bannoc-Prime-II_Predator01,Swarming Shardhopper,RESOLVED_COMPOSED_FAUNA,CCT component provenance resolved and exact English/Japanese component lookup verified for Swarming Shardhopper.,1,Swarming Shardhopper
fauna,001E4F5D,Starfield.esm,001E4F5D,PCM_BetaTernion_BetaTernionIII_CritterB,Worm Geophage,RESOLVED_COMPOSED_FAUNA,CCT component provenance resolved and exact English/Japanese component lookup verified for Worm Geophage.,1,Worm Geophage
fauna,001E4F5E,Starfield.esm,001E4F5E,PCM_BetaTernion_BetaTernionIII_CritterA,Spaceroach Filterer,RESOLVED_COMPOSED_FAUNA,CCT component provenance resolved and exact English/Japanese component lookup verified for Spaceroach Filterer.,1,Spaceroach Filterer
fauna,001E4F5F,Starfield.esm,001E4F5F,PCM_BetaTernion_BetaTernionIII_PreyA,Herding Vuvuzelisk Grazer,RESOLVED_COMPOSED_FAUNA,CCT component provenance resolved and exact English/Japanese component lookup verified for Herding Vuvuzelisk Grazer.,1,Herding Vuvuzelisk Grazer
fauna,001E4F60,Starfield.esm,001E4F60,PCM_BetaTernion_BetaTernionIII_PredatorA,Hunting Cricket,RESOLVED_COMPOSED_FAUNA,CCT component provenance resolved and exact English/Japanese component lookup verified for Hunting Cricket.,1,Hunting Cricket
fauna,001E6680,Starfield.esm,001E6680,PCM_BetaTernion_BetaTernionII_CritterB,Beetle Scavenger,RESOLVED_COMPOSED_FAUNA,CCT component provenance resolved and exact English/Japanese component lookup verified for Beetle Scavenger.,1,Beetle Scavenger
fauna,001E6681,Starfield.esm,001E6681,PCM_BetaTernion_BetaTernionII_CritterA,Wiggler Scavenger,RESOLVED_COMPOSED_FAUNA,CCT component provenance resolved and exact English/Japanese component lookup verified for Wiggler Scavenger.,1,Wiggler Scavenger
fauna,001E6682,Starfield.esm,001E6682,PCM_BetaTernion_BetaTernionII_PreyC,Flocking Geckon Scavenger,RESOLVED_COMPOSED_FAUNA,CCT component provenance resolved and exact English/Japanese component lookup verified for Flocking Geckon Scavenger.,1,Flocking Geckon Scavenger
fauna,001E6683,Starfield.esm,001E6683,PCM_BetaTernion_BetaTernionII_PreyB,Tongueface Herbivore,RESOLVED_COMPOSED_FAUNA,CCT component provenance resolved and exact English/Japanese component lookup verified for Tongueface Herbivore.,1,Tongueface Herbivore
fauna,001E6684,Starfield.esm,001E6684,PCM_BetaTernion_BetaTernionII_PredatorB,Pack Lionbear,RESOLVED_COMPOSED_FAUNA,CCT component provenance resolved and exact English/Japanese component lookup verified for Pack Lionbear.,1,Pack Lionbear
fauna,001E6685,Starfield.esm,001E6685,PCM_BetaTernion_BetaTernionII_PreyA,Brainsprout Grazer,RESOLVED_COMPOSED_FAUNA,CCT component provenance resolved and exact English/Japanese component lookup verified for Brainsprout Grazer.,1,Brainsprout Grazer
fauna,001E6686,Starfield.esm,001E6686,PCM_BetaTernion_BetaTernionII_PredatorA,Hunting Landshark,RESOLVED_COMPOSED_FAUNA,CCT component provenance resolved and exact English/Japanese component lookup verified for Hunting Landshark.,1,Hunting Landshark
fauna,001E6687,Starfield.esm,001E6687,PCM_BetaTernion_BetaTernionII_PredatorC,Hunting Stonewalker Scavenger,RESOLVED_COMPOSED_FAUNA,CCT component provenance resolved and exact English/Japanese component lookup verified for Hunting Stonewalker Scavenger.,1,Hunting Stonewalker Scavenger
fauna,001E6688,Starfield.esm,001E6688,PCM_Arcturus_Arcturus-II_Critter01,Jackknife Grazer,RESOLVED_COMPOSED_FAUNA,CCT component provenance resolved and exact English/Japanese component lookup verified for Jackknife Grazer.,1,Jackknife Grazer
fauna,001E6689,Starfield.esm,001E6689,PCM_Arcturus_Arcturus-II_Prey02,Herding Brainsprout Grazer,RESOLVED_COMPOSED_FAUNA,CCT component provenance resolved and exact English/Japanese component lookup verified for Herding Brainsprout Grazer.,1,Herding Brainsprout Grazer
fauna,001E668A,Starfield.esm,001E668A,PCM_Arcturus_Arcturus-II_Prey01,Flocking Orchid Scavenger,RESOLVED_COMPOSED_FAUNA,CCT component provenance resolved and exact English/Japanese component lookup verified for Flocking Orchid Scavenger.,1,Flocking Orchid Scavenger
fauna,001E668B,Starfield.esm,001E668B,PCM_Arcturus_Arcturus-II_Predator01,Hunting Landshark,RESOLVED_COMPOSED_FAUNA,CCT component provenance resolved and exact English/Japanese component lookup verified for Hunting Landshark.,1,Hunting Landshark
fauna,001E70EF,Starfield.esm,001E70EF,PCM_BetaTernion_BetaTernionI_CritterA,Thorn Filterer,RESOLVED_COMPOSED_FAUNA,CCT component provenance resolved and exact English/Japanese component lookup verified for Thorn Filterer.,1,Thorn Filterer
fauna,001E70F0,Starfield.esm,001E70F0,PCM_BetaTernion_BetaTernionI_PreyA,Herding Leafback Grazer,RESOLVED_COMPOSED_FAUNA,CCT component provenance resolved and exact English/Japanese component lookup verified for Herding Leafback Grazer.,1,Herding Leafback Grazer
fauna,001E70F1,Starfield.esm,001E70F1,PCM_BetaTernion_BetaTernionI_PredatorA,Hunting Crab,RESOLVED_COMPOSED_FAUNA,CCT component provenance resolved and exact English/Japanese component lookup verified for Hunting Crab.,1,Hunting Crab
fauna,001E7100,Starfield.esm,001E7100,PCM_Archimedes_Archimedes-V-a_Critter01,Spaceroach Scavenger,RESOLVED_COMPOSED_FAUNA,CCT component provenance resolved and exact English/Japanese component lookup verified for Spaceroach Scavenger.,1,Spaceroach Scavenger
fauna,001E7101,Starfield.esm,001E7101,PCM_Archimedes_Archimedes-V-a_Predator04,Hunting Cricket,RESOLVED_COMPOSED_FAUNA,CCT component provenance resolved and exact English/Japanese component lookup verified for Hunting Cricket.,1,Hunting Cricket
fauna,001E7102,Starfield.esm,001E7102,PCM_Archimedes_Archimedes-V-a_Predator03,Hunting Boneshell,RESOLVED_COMPOSED_FAUNA,CCT component provenance resolved and exact English/Japanese component lookup verified for Hunting Boneshell.,1,Hunting Boneshell
fauna,001E7103,Starfield.esm,001E7103,PCM_Archimedes_Archimedes-V-a_Predator02,Hunting Crocalypse,RESOLVED_COMPOSED_FAUNA,CCT component provenance resolved and exact English/Japanese component lookup verified for Hunting Crocalypse.,1,Hunting Crocalypse
fauna,001E7104,Starfield.esm,001E7104,PCM_Archimedes_Archimedes-V-a_Predator01,Hunting Glider,RESOLVED_COMPOSED_FAUNA,CCT component provenance resolved and exact English/Japanese component lookup verified for Hunting Glider.,1,Hunting Glider
fauna,001E7421,Starfield.esm,001E7421,PCM_CopernicusMinor_CopernicusMinor_I_a_CritterA,Noid Scavenger,RESOLVED_COMPOSED_FAUNA,CCT component provenance resolved and exact English/Japanese component lookup verified for Noid Scavenger.,1,Noid Scavenger
fauna,001E7422,Starfield.esm,001E7422,PCM_CopernicusMinor_CopernicusMinor_I_a_PreyA,Flocking Exocrawler Geophage,RESOLVED_COMPOSED_FAUNA,CCT component provenance resolved and exact English/Japanese component lookup verified for Flocking Exocrawler Geophage.,1,Flocking Exocrawler Geophage
fauna,001E7423,Starfield.esm,001E7423,PCM_CopernicusMinor_CopernicusMinor_I_a_PredatorA,Hunting Caterpillar Scavenger,RESOLVED_COMPOSED_FAUNA,CCT component provenance resolved and exact English/Japanese component lookup verified for Hunting Caterpillar Scavenger.,1,Hunting Caterpillar Scavenger
fauna,001E757A,Starfield.esm,001E757A,PCM_Archimedes_Archimedes-III_Prey04,Herding Lockjaw Scavenger,RESOLVED_COMPOSED_FAUNA,CCT component provenance resolved and exact English/Japanese component lookup verified for Herding Lockjaw Scavenger.,1,Herding Lockjaw Scavenger
fauna,001E757B,Starfield.esm,001E757B,PCM_Archimedes_Archimedes-III_Critter02,Beetle Scavenger,RESOLVED_COMPOSED_FAUNA,CCT component provenance resolved and exact English/Japanese component lookup verified for Beetle Scavenger.,1,Beetle Scavenger
fauna,001E757C,Starfield.esm,001E757C,PCM_Archimedes_Archimedes-III_Critter01,Grabber Scavenger,RESOLVED_COMPOSED_FAUNA,CCT component provenance resolved and exact English/Japanese component lookup verified for Grabber Scavenger.,1,Grabber Scavenger
fauna,001E757D,Starfield.esm,001E757D,PCM_Archimedes_Archimedes-III_Prey03,Flocking Clickbeetle Grazer,RESOLVED_COMPOSED_FAUNA,CCT component provenance resolved and exact English/Japanese component lookup verified for Flocking Clickbeetle Grazer.,1,Flocking Clickbeetle Grazer
fauna,001E757E,Starfield.esm,001E757E,PCM_Archimedes_Archimedes-III_Predator02,Swarming Maggotmaw,RESOLVED_COMPOSED_FAUNA,CCT component provenance resolved and exact English/Japanese component lookup verified for Swarming Maggotmaw.,1,Swarming Maggotmaw
fauna,001E757F,Starfield.esm,001E757F,PCM_Archimedes_Archimedes-III_Predator01,Pack Trapmaw,RESOLVED_COMPOSED_FAUNA,CCT component provenance resolved and exact English/Japanese component lookup verified for Pack Trapmaw.,1,Pack Trapmaw
fauna,001E7580,Starfield.esm,001E7580,PCM_Archimedes_Archimedes-III_Prey02,Flocking Leafbug Grazer,RESOLVED_COMPOSED_FAUNA,CCT component provenance resolved and exact English/Japanese component lookup verified for Flocking Leafbug Grazer.,1,Flocking Leafbug Grazer
fauna,001E7581,Starfield.esm,001E7581,PCM_Archimedes_Archimedes-III_Prey01,Herding Kelpstrider Herbivore,RESOLVED_COMPOSED_FAUNA,CCT component provenance resolved and exact English/Japanese component lookup verified for Herding Kelpstrider Herbivore.,1,Herding Kelpstrider Herbivore
fauna,001E798C,Starfield.esm,001E798C,PCM_Copernicus_CopernicusIV_CritterA,Trilobite Geophage,RESOLVED_COMPOSED_FAUNA,CCT component provenance resolved and exact English/Japanese component lookup verified for Trilobite Geophage.,1,Trilobite Geophage
fauna,001E798D,Starfield.esm,001E798D,PCM_Copernicus_CopernicusIV_PreyA,Cockroach Geophage,RESOLVED_COMPOSED_FAUNA,CCT component provenance resolved and exact English/Japanese component lookup verified for Cockroach Geophage.,1,Cockroach Geophage
fauna,001E798E,Starfield.esm,001E798E,PCM_Copernicus_CopernicusIV_PredatorA,Hunting Sunflower,RESOLVED_COMPOSED_FAUNA,CCT component provenance resolved and exact English/Japanese component lookup verified for Hunting Sunflower.,1,Hunting Sunflower
fauna,001E7BA6,Starfield.esm,001E7BA6,PCM_Copernicus_CopernicusIII_CritterA,Coralheart Geophage,RESOLVED_COMPOSED_FAUNA,CCT component provenance resolved and exact English/Japanese component lookup verified for Coralheart Geophage.,1,Coralheart Geophage
fauna,001E7BA7,Starfield.esm,001E7BA7,PCM_Copernicus_CopernicusIII_PreyA,Lockjaw Grazer,RESOLVED_COMPOSED_FAUNA,CCT component provenance resolved and exact English/Japanese component lookup verified for Lockjaw Grazer.,1,Lockjaw Grazer
fauna,001E7BA8,Starfield.esm,001E7BA8,PCM_Copernicus_CopernicusIII_PredatorA,Pack Clickbeetle,RESOLVED_COMPOSED_FAUNA,CCT component provenance resolved and exact English/Japanese component lookup verified for Pack Clickbeetle.,1,Pack Clickbeetle
fauna,001E7E6C,Starfield.esm,001E7E6C,PCM_Copernicus_CopernicusII_CritterB,Grabber Scavenger,RESOLVED_COMPOSED_FAUNA,CCT component provenance resolved and exact English/Japanese component lookup verified for Grabber Scavenger.,1,Grabber Scavenger
fauna,001E7E6D,Starfield.esm,001E7E6D,PCM_Copernicus_CopernicusII_CritterA,Shroombobber Filterer,RESOLVED_COMPOSED_FAUNA,CCT component provenance resolved and exact English/Japanese component lookup verified for Shroombobber Filterer.,1,Shroombobber Filterer
fauna,001E7E6E,Starfield.esm,001E7E6E,PCM_Copernicus_CopernicusII_PreyB,Herding Windbag Grazer,RESOLVED_COMPOSED_FAUNA,CCT component provenance resolved and exact English/Japanese component lookup verified for Herding Windbag Grazer.,1,Herding Windbag Grazer
fauna,001E7E6F,Starfield.esm,001E7E6F,PCM_Copernicus_CopernicusII_PreyA,Triworm Scavenger,RESOLVED_COMPOSED_FAUNA,CCT component provenance resolved and exact English/Japanese component lookup verified for Triworm Scavenger.,1,Triworm Scavenger
fauna,001E7E70,Starfield.esm,001E7E70,PCM_Copernicus_CopernicusII_PredatorB,Hunting Angler,RESOLVED_COMPOSED_FAUNA,CCT component provenance resolved and exact English/Japanese component lookup verified for Hunting Angler.,1,Hunting Angler
fauna,001E7E71,Starfield.esm,001E7E71,PCM_Copernicus_CopernicusII_PredatorA,Hunting Cricket Stalker,RESOLVED_COMPOSED_FAUNA,CCT component provenance resolved and exact English/Japanese component lookup verified for Hunting Cricket Stalker.,1,Hunting Cricket Stalker
fauna,001E7E85,Starfield.esm,001E7E85,PCM_Archimedes_Archimedes-II_Critter01,Tubule Scavenger,RESOLVED_COMPOSED_FAUNA,CCT component provenance resolved and exact English/Japanese component lookup verified for Tubule Scavenger.,1,Tubule Scavenger
fauna,001E7E86,Starfield.esm,001E7E86,PCM_Archimedes_Archimedes-II_Prey01,Herding Stonewalker Geophage,RESOLVED_COMPOSED_FAUNA,CCT component provenance resolved and exact English/Japanese component lookup verified for Herding Stonewalker Geophage.,1,Herding Stonewalker Geophage
fauna,001E7E87,Starfield.esm,001E7E87,PCM_Archimedes_Archimedes-II_Predator02,Pack Ankylosaurus,RESOLVED_COMPOSED_FAUNA,CCT component provenance resolved and exact English/Japanese component lookup verified for Pack Ankylosaurus.,1,Pack Ankylosaurus
fauna,001E7E88,Starfield.esm,001E7E88,PCM_Archimedes_Archimedes-II_Predator01,Apex Exorunner,RESOLVED_COMPOSED_FAUNA,CCT component provenance resolved and exact English/Japanese component lookup verified for Apex Exorunner.,1,Apex Exorunner
fauna,001E81A3,Starfield.esm,001E81A3,PCM_Decaran_Decaran-I_Critter01,Carasnail Grazer,RESOLVED_COMPOSED_FAUNA,CCT component provenance resolved and exact English/Japanese component lookup verified for Carasnail Grazer.,1,Carasnail Grazer
fauna,001E81A4,Starfield.esm,001E81A4,PCM_Decaran_Decaran-I_Prey02,Flocking Caterpillar Scavenger,RESOLVED_COMPOSED_FAUNA,CCT component provenance resolved and exact English/Japanese component lookup verified for Flocking Caterpillar Scavenger.,1,Flocking Caterpillar Scavenger
fauna,001E81A5,Starfield.esm,001E81A5,PCM_Decaran_Decaran-I_Prey01,Herding Crabfly Grazer,RESOLVED_COMPOSED_FAUNA,CCT component provenance resolved and exact English/Japanese component lookup verified for Herding Crabfly Grazer.,1,Herding Crabfly Grazer
fauna,001E81A6,Starfield.esm,001E81A6,PCM_Decaran_Decaran-I_Predator01,Hunting Cockroach,RESOLVED_COMPOSED_FAUNA,CCT component provenance resolved and exact English/Japanese component lookup verified for Hunting Cockroach.,1,Hunting Cockroach
fauna,001E9BFC,Starfield.esm,001E9BFC,PCM_Andromas_Andromas-III_Prey03,Herding Nautiloos Filterer,RESOLVED_COMPOSED_FAUNA,CCT component provenance resolved and exact English/Japanese component lookup verified for Herding Nautiloos Filterer.,1,Herding Nautiloos Filterer
fauna,001E9BFD,Starfield.esm,001E9BFD,PCM_Andromas_Andromas-III_Prey02,Herding Brainblimp Filterer,RESOLVED_COMPOSED_FAUNA,CCT component provenance resolved and exact English/Japanese component lookup verified for Herding Brainblimp Filterer.,1,Herding Brainblimp Filterer
fauna,001E9BFE,Starfield.esm,001E9BFE,PCM_Andromas_Andromas-III_Critter01,Coralheart Filterer,RESOLVED_COMPOSED_FAUNA,CCT component provenance resolved and exact English/Japanese component lookup verified for Coralheart Filterer.,1,Coralheart Filterer
fauna,001EA0D7,Starfield.esm,001EA0D7,PCM_Aranae_Aranae-I_Prey01,Herding Wobbleback Geophage,RESOLVED_COMPOSED_FAUNA,CCT component provenance resolved and exact English/Japanese component lookup verified for Herding Wobbleback Geophage.,1,Herding Wobbleback Geophage
fauna,001EA0D8,Starfield.esm,001EA0D8,PCM_Aranae_Aranae-I_Predator01,Hunting Leafstrider,RESOLVED_COMPOSED_FAUNA,CCT component provenance resolved and exact English/Japanese component lookup verified for Hunting Leafstrider.,1,Hunting Leafstrider
fauna,001EA2AB,Starfield.esm,001EA2AB,PCM_Andromas_Andromas-II_Critter01,Canard Filterer,RESOLVED_COMPOSED_FAUNA,CCT component provenance resolved and exact English/Japanese component lookup verified for Canard Filterer.,1,Canard Filterer
fauna,001EA2AC,Starfield.esm,001EA2AC,PCM_Andromas_Andromas-II_Prey02,Herding Snail Grazer,RESOLVED_COMPOSED_FAUNA,CCT component provenance resolved and exact English/Japanese component lookup verified for Herding Snail Grazer.,1,Herding Snail Grazer
fauna,001EA2AD,Starfield.esm,001EA2AD,PCM_Andromas_Andromas-II_Predator02,Pack Brainsprout,RESOLVED_COMPOSED_FAUNA,CCT component provenance resolved and exact English/Japanese component lookup verified for Pack Brainsprout.,1,Pack Brainsprout
fauna,001EA2AE,Starfield.esm,001EA2AE,PCM_Andromas_Andromas-II_Prey01,Schooling Seahag Grazer,RESOLVED_COMPOSED_FAUNA,CCT component provenance resolved and exact English/Japanese component lookup verified for Schooling Seahag Grazer.,1,Schooling Seahag Grazer
fauna,001EA2AF,Starfield.esm,001EA2AF,PCM_Andromas_Andromas-II_Predator01,Hunting Sharkwhale,RESOLVED_COMPOSED_FAUNA,CCT component provenance resolved and exact English/Japanese component lookup verified for Hunting Sharkwhale.,1,Hunting Sharkwhale
fauna,001EA39D,Starfield.esm,001EA39D,PCM_Alpha-Marae_Alpha-Marae-I_Critter02,Morion Grazer,RESOLVED_COMPOSED_FAUNA,CCT component provenance resolved and exact English/Japanese component lookup verified for Morion Grazer.,1,Morion Grazer
fauna,001EA39E,Starfield.esm,001EA39E,PCM_Alpha-Marae_Alpha-Marae-I_Critter01,Fingerface Geophage,RESOLVED_COMPOSED_FAUNA,CCT component provenance resolved and exact English/Japanese component lookup verified for Fingerface Geophage.,1,Fingerface Geophage
fauna,001EB5DE,Starfield.esm,001EB5DE,PCM_Eridani_III_Skimmer,Scepter Filterer,RESOLVED_COMPOSED_FAUNA,CCT component provenance resolved and exact English/Japanese component lookup verified for Scepter Filterer.,1,Scepter Filterer
fauna,001EB5DF,Starfield.esm,001EB5DF,PCM_Eridani_III_Crawler,Trident Herbivore,RESOLVED_COMPOSED_FAUNA,CCT component provenance resolved and exact English/Japanese component lookup verified for Trident Herbivore.,1,Trident Herbivore
fauna,001EB5E0,Starfield.esm,001EB5E0,PCM_Eridani_III_PackCharger,Pack Trapmaw,RESOLVED_COMPOSED_FAUNA,CCT component provenance resolved and exact English/Japanese component lookup verified for Pack Trapmaw.,1,Pack Trapmaw
fauna,001EB631,Starfield.esm,001EB631,PCM_Eridani_III_Hunter,Hunting Coralcrab,RESOLVED_COMPOSED_FAUNA,CCT component provenance resolved and exact English/Japanese component lookup verified for Hunting Coralcrab.,1,Hunting Coralcrab
fauna,001EB65C,Starfield.esm,001EB65C,PCM_Eridani_III_StalkerLantern,Hunting Vuvuzelisk,RESOLVED_COMPOSED_FAUNA,CCT component provenance resolved and exact English/Japanese component lookup verified for Hunting Vuvuzelisk.,1,Hunting Vuvuzelisk
fauna,001EB65D,Starfield.esm,001EB65D,PCM_Eridani_III_HerdLurker,Flocking Brightcage Geophage,RESOLVED_COMPOSED_FAUNA,CCT component provenance resolved and exact English/Japanese component lookup verified for Flocking Brightcage Geophage.,1,Flocking Brightcage Geophage
fauna,001EC761,Starfield.esm,001EC761,PCM_Cheyenne_Codos_CritterA,Beetle Geophage,RESOLVED_COMPOSED_FAUNA,CCT component provenance resolved and exact English/Japanese component lookup verified for Beetle Geophage.,1,Beetle Geophage
fauna,001EC762,Starfield.esm,001EC762,PCM_Cheyenne_Codos_PreyA,Flocking Hornface Grazer,RESOLVED_COMPOSED_FAUNA,CCT component provenance resolved and exact English/Japanese component lookup verified for Flocking Hornface Grazer.,1,Flocking Hornface Grazer
fauna,001EC763,Starfield.esm,001EC763,PCM_Cheyenne_Codos_PredatorA,Hunting Boneshell,RESOLVED_COMPOSED_FAUNA,CCT component provenance resolved and exact English/Japanese component lookup verified for Hunting Boneshell.,1,Hunting Boneshell
fauna,001EC782,Starfield.esm,001EC782,PCM_Charybdis_CharybdisIII_PreyB,Grub Grazer,RESOLVED_COMPOSED_FAUNA,CCT component provenance resolved and exact English/Japanese component lookup verified for Grub Grazer.,1,Grub Grazer
fauna,001EC783,Starfield.esm,001EC783,PCM_Charybdis_CharybdisIII_PreyA,Flocking Scorpion Scavenger,RESOLVED_COMPOSED_FAUNA,CCT component provenance resolved and exact English/Japanese component lookup verified for Flocking Scorpion Scavenger.,1,Flocking Scorpion Scavenger
fauna,001EC784,Starfield.esm,001EC784,PCM_Charybdis_CharybdisIII_PredatorB,Swarming Glider,RESOLVED_COMPOSED_FAUNA,CCT component provenance resolved and exact English/Japanese component lookup verified for Swarming Glider.,1,Swarming Glider
fauna,001EC785,Starfield.esm,001EC785,PCM_Charybdis_CharybdisIII_PredatorA,Pack Cephalopod,RESOLVED_COMPOSED_FAUNA,CCT component provenance resolved and exact English/Japanese component lookup verified for Pack Cephalopod.,1,Pack Cephalopod
fauna,001EC786,Starfield.esm,001EC786,PCM_Charybdis_CharybdisIII_PredatorC_Swimmer,Hunting Skullface,RESOLVED_COMPOSED_FAUNA,CCT component provenance resolved and exact English/Japanese component lookup verified for Hunting Skullface.,1,Hunting Skullface
fauna,001EC787,Starfield.esm,001EC787,PCM_Charybdis_CharybdisIII_CritterA,Spaceroach Grazer,RESOLVED_COMPOSED_FAUNA,CCT component provenance resolved and exact English/Japanese component lookup verified for Spaceroach Grazer.,1,Spaceroach Grazer
fauna,001ECFD8,Starfield.esm,001ECFD8,PCM_Altair-II_Critter01,Centiskull Geophage,RESOLVED_COMPOSED_FAUNA,CCT component provenance resolved and exact English/Japanese component lookup verified for Centiskull Geophage.,1,Centiskull Geophage
fauna,001ECFD9,Starfield.esm,001ECFD9,PCM_Altair-II_Prey01,Herding Sunflower Filterer,RESOLVED_COMPOSED_FAUNA,CCT component provenance resolved and exact English/Japanese component lookup verified for Herding Sunflower Filterer.,1,Herding Sunflower Filterer
fauna,001ECFDA,Starfield.esm,001ECFDA,PCM_Altair-II_Predator01,Hunting Brightcage,RESOLVED_COMPOSED_FAUNA,CCT component provenance resolved and exact English/Japanese component lookup verified for Hunting Brightcage.,1,Hunting Brightcage
fauna,001ED081,Starfield.esm,001ED081,PCM_BetaTernion_BetaTernionII_CritterC_Flyer,Glider Scavenger,RESOLVED_COMPOSED_FAUNA,CCT component provenance resolved and exact English/Japanese component lookup verified for Glider Scavenger.,1,Glider Scavenger
fauna,001ED082,Starfield.esm,001ED082,PCM_Bohr_BohrII_CritterC_Flyer,Parrothawk Filterer,RESOLVED_COMPOSED_FAUNA,CCT component provenance resolved and exact English/Japanese component lookup verified for Parrothawk Filterer.,1,Parrothawk Filterer
fauna,001ED083,Starfield.esm,001ED083,PCM_Bradbury_Bradbury-III_Critter01_Floater,Eggsac Scavenger,RESOLVED_COMPOSED_FAUNA,CCT component provenance resolved and exact English/Japanese component lookup verified for Eggsac Scavenger.,1,Eggsac Scavenger
fauna,001ED084,Starfield.esm,001ED084,PCM_Charybdis_CharybdisIII_CritterB_Flyer,Ghost Grazer,RESOLVED_COMPOSED_FAUNA,CCT component provenance resolved and exact English/Japanese component lookup verified for Ghost Grazer.,1,Ghost Grazer
fauna,001ED085,Starfield.esm,001ED085,PCM_Copernicus_CopernicusII_PreyC_Swimmer,Herding Lionfish Grazer,RESOLVED_COMPOSED_FAUNA,CCT component provenance resolved and exact English/Japanese component lookup verified for Herding Lionfish Grazer.,1,Herding Lionfish Grazer
fauna,001ED086,Starfield.esm,001ED086,PCM_Copernicus_CopernicusIV_CritterB_Floater,Gossamer Filterer,RESOLVED_COMPOSED_FAUNA,CCT component provenance resolved and exact English/Japanese component lookup verified for Gossamer Filterer.,1,Gossamer Filterer
fauna,001ED149,Starfield.esm,001ED149,PCM_Al-Battani_Al-Battani-II_Prey03_Swimmer,Herding Sentinel Filterer,RESOLVED_COMPOSED_FAUNA,CCT component provenance resolved and exact English/Japanese component lookup verified for Herding Sentinel Filterer.,1,Herding Sentinel Filterer
fauna,001ED14A,Starfield.esm,001ED14A,PCM_Al-Battani_Al-Battani-II_Prey02,Herding Scoopback Geophage,RESOLVED_COMPOSED_FAUNA,CCT component provenance resolved and exact English/Japanese component lookup verified for Herding Scoopback Geophage.,1,Herding Scoopback Geophage
fauna,001ED14B,Starfield.esm,001ED14B,PCM_Al-Battani_Al-Battani-II_Prey01,Flocking Nautiloos Filterer,RESOLVED_COMPOSED_FAUNA,CCT component provenance resolved and exact English/Japanese component lookup verified for Flocking Nautiloos Filterer.,1,Flocking Nautiloos Filterer
fauna,001ED14C,Starfield.esm,001ED14C,PCM_Al-Battani_Al-Battani-II_Predator02,Pack Dragondon,RESOLVED_COMPOSED_FAUNA,CCT component provenance resolved and exact English/Japanese component lookup verified for Pack Dragondon.,1,Pack Dragondon
fauna,001ED14D,Starfield.esm,001ED14D,PCM_Al-Battani_Al-Battani-II_Predator01,Pack Cranehopper,RESOLVED_COMPOSED_FAUNA,CCT component provenance resolved and exact English/Japanese component lookup verified for Pack Cranehopper.,1,Pack Cranehopper
fauna,001ED14E,Starfield.esm,001ED14E,PCM_Al-Battani_Al-Battani-II_Critter02,Beetle Scavenger,RESOLVED_COMPOSED_FAUNA,CCT component provenance resolved and exact English/Japanese component lookup verified for Beetle Scavenger.,1,Beetle Scavenger
fauna,001ED14F,Starfield.esm,001ED14F,PCM_Al-Battani_Al-Battani-II_Critter01,Spaceroach Geophage,RESOLVED_COMPOSED_FAUNA,CCT component provenance resolved and exact English/Japanese component lookup verified for Spaceroach Geophage.,1,Spaceroach Geophage
fauna,001EDF4B,Starfield.esm,001EDF4B,PCM_Algorab_Algorab-III-B_Critter01,Trilobite Filterer,RESOLVED_COMPOSED_FAUNA,CCT component provenance resolved and exact English/Japanese component lookup verified for Trilobite Filterer.,1,Trilobite Filterer
fauna,001EDF4C,Starfield.esm,001EDF4C,PCM_Algorab_Algorab-III-B_Critter02,Centiskull Grazer,RESOLVED_COMPOSED_FAUNA,CCT component provenance resolved and exact English/Japanese component lookup verified for Centiskull Grazer.,1,Centiskull Grazer
fauna,001EDF4D,Starfield.esm,001EDF4D,PCM_Algorab_Algorab-III-B_Prey02,Scorpion Grazer,RESOLVED_COMPOSED_FAUNA,CCT component provenance resolved and exact English/Japanese component lookup verified for Scorpion Grazer.,1,Scorpion Grazer
fauna,001EDF4E,Starfield.esm,001EDF4E,PCM_Algorab_Algorab-III-B_Prey01,Worm Scavenger,RESOLVED_COMPOSED_FAUNA,CCT component provenance resolved and exact English/Japanese component lookup verified for Worm Scavenger.,1,Worm Scavenger
fauna,001EDF4F,Starfield.esm,001EDF4F,PCM_Algorab_Algorab-III-B_Predator01,Hunting Exocrawler,RESOLVED_COMPOSED_FAUNA,CCT component provenance resolved and exact English/Japanese component lookup verified for Hunting Exocrawler.,1,Hunting Exocrawler
fauna,001EE4D5,Starfield.esm,001EE4D5,PCM_Celebrai_Celebrai-II_Critter03,Trident Filterer,RESOLVED_COMPOSED_FAUNA,CCT component provenance resolved and exact English/Japanese component lookup verified for Trident Filterer.,1,Trident Filterer
fauna,001EE4DC,Starfield.esm,001EE4DC,PCM_Celebrai_Celebrai-II_Critter02,Spikeworm Herbivore,RESOLVED_COMPOSED_FAUNA,CCT component provenance resolved and exact English/Japanese component lookup verified for Spikeworm Herbivore.,1,Spikeworm Herbivore
fauna,001EE5B1,Starfield.esm,001EE5B1,PCM_Celebrai_Celebrai-II_Critter01,Thorn Grazer,RESOLVED_COMPOSED_FAUNA,CCT component provenance resolved and exact English/Japanese component lookup verified for Thorn Grazer.,1,Thorn Grazer
fauna,001EE81A,Starfield.esm,001EE81A,PCM_Celebrai_Celebrai-II_Prey03,Longhorn Grazer,RESOLVED_COMPOSED_FAUNA,CCT component provenance resolved and exact English/Japanese component lookup verified for Longhorn Grazer.,1,Longhorn Grazer
fauna,001EE81B,Starfield.esm,001EE81B,PCM_Celebrai_Celebrai-II_Predator02,Hunting Leafback,RESOLVED_COMPOSED_FAUNA,CCT component provenance resolved and exact English/Japanese component lookup verified for Hunting Leafback.,1,Hunting Leafback
fauna,001EE81C,Starfield.esm,001EE81C,PCM_Celebrai_Celebrai-II_Predator01,Pack Lionbear,RESOLVED_COMPOSED_FAUNA,CCT component provenance resolved and exact English/Japanese component lookup verified for Pack Lionbear.,1,Pack Lionbear
fauna,001EE81D,Starfield.esm,001EE81D,PCM_Celebrai_Celebrai-II_Prey01,Flocking Roundshell Grazer,RESOLVED_COMPOSED_FAUNA,CCT component provenance resolved and exact English/Japanese component lookup verified for Flocking Roundshell Grazer.,1,Flocking Roundshell Grazer
fauna,001EE88E,Starfield.esm,001EE88E,PCM_Algorab_Algorab-II_Critter02,Thorn Scavenger,RESOLVED_COMPOSED_FAUNA,CCT component provenance resolved and exact English/Japanese component lookup verified for Thorn Scavenger.,1,Thorn Scavenger
fauna,001EE88F,Starfield.esm,001EE88F,PCM_Algorab_Algorab-II_Critter01,Grabber Grazer,RESOLVED_COMPOSED_FAUNA,CCT component provenance resolved and exact English/Japanese component lookup verified for Grabber Grazer.,1,Grabber Grazer
fauna,001EE890,Starfield.esm,001EE890,PCM_Algorab_Algorab-II_Prey02,Herding Blistercrab Scavenger,RESOLVED_COMPOSED_FAUNA,CCT component provenance resolved and exact English/Japanese component lookup verified for Herding Blistercrab Scavenger.,1,Herding Blistercrab Scavenger
fauna,001EE891,Starfield.esm,001EE891,PCM_Algorab_Algorab-II_Prey01,Herding Leecher Grazer,RESOLVED_COMPOSED_FAUNA,CCT component provenance resolved and exact English/Japanese component lookup verified for Herding Leecher Grazer.,1,Herding Leecher Grazer
fauna,001EE892,Starfield.esm,001EE892,PCM_Algorab_Algorab-II_Predator01,Hunting Octomaggot,RESOLVED_COMPOSED_FAUNA,CCT component provenance resolved and exact English/Japanese component lookup verified for Hunting Octomaggot.,1,Hunting Octomaggot
fauna,001EE893,Starfield.esm,001EE893,PCM_Bel_BelII_CritterB,Drone Filterer,RESOLVED_COMPOSED_FAUNA,CCT component provenance resolved and exact English/Japanese component lookup verified for Drone Filterer.,1,Drone Filterer
fauna,001EE894,Starfield.esm,001EE894,PCM_Bel_BelII_CritterA,Grabber Grazer,RESOLVED_COMPOSED_FAUNA,CCT component provenance resolved and exact English/Japanese component lookup verified for Grabber Grazer.,1,Grabber Grazer
fauna,001EE895,Starfield.esm,001EE895,PCM_Bel_BelII_PreyB,Herding Seabat Grazer,RESOLVED_COMPOSED_FAUNA,CCT component provenance resolved and exact English/Japanese component lookup verified for Herding Seabat Grazer.,1,Herding Seabat Grazer
fauna,001EE896,Starfield.esm,001EE896,PCM_Bel_BelII_PreyA,Herding Bonemane Herbivore,RESOLVED_COMPOSED_FAUNA,CCT component provenance resolved and exact English/Japanese component lookup verified for Herding Bonemane Herbivore.,1,Herding Bonemane Herbivore
fauna,001EE897,Starfield.esm,001EE897,PCM_Bel_BelII_PredatorA,Hunting Trihorn,RESOLVED_COMPOSED_FAUNA,CCT component provenance resolved and exact English/Japanese component lookup verified for Hunting Trihorn.,1,Hunting Trihorn
fauna,001EEEC0,Starfield.esm,001EEEC0,PCM_AlphaAndraste_AlphaAndrasteIII_Critter03,Trident Scavenger,RESOLVED_COMPOSED_FAUNA,CCT component provenance resolved and exact English/Japanese component lookup verified for Trident Scavenger.,1,Trident Scavenger
fauna,001EEEC1,Starfield.esm,001EEEC1,PCM_AlphaAndraste_AlphaAndrasteIII_Critter02,Jackknife Grazer,RESOLVED_COMPOSED_FAUNA,CCT component provenance resolved and exact English/Japanese component lookup verified for Jackknife Grazer.,1,Jackknife Grazer
fauna,001EEEC2,Starfield.esm,001EEEC2,PCM_AlphaAndraste_AlphaAndrasteIII_Critter01,Beetle Geophage,RESOLVED_COMPOSED_FAUNA,CCT component provenance resolved and exact English/Japanese component lookup verified for Beetle Geophage.,1,Beetle Geophage
fauna,001EF053,Starfield.esm,001EF053,PCM_Bel_BelI_CritterC,Spaceroach Grazer,RESOLVED_COMPOSED_FAUNA,CCT component provenance resolved and exact English/Japanese component lookup verified for Spaceroach Grazer.,1,Spaceroach Grazer
fauna,001EF054,Starfield.esm,001EF054,PCM_Bel_BelI_CritterA,Flamethorn Grazer,RESOLVED_COMPOSED_FAUNA,CCT component provenance resolved and exact English/Japanese component lookup verified for Flamethorn Grazer.,1,Flamethorn Grazer
fauna,001EF055,Starfield.esm,001EF055,PCM_Bel_BelI_CritterB,Gossamer Filterer,RESOLVED_COMPOSED_FAUNA,CCT component provenance resolved and exact English/Japanese component lookup verified for Gossamer Filterer.,1,Gossamer Filterer
fauna,001EF056,Starfield.esm,001EF056,PCM_Bel_BelI_PreyB,Herding Horsamander Geophage,RESOLVED_COMPOSED_FAUNA,CCT component provenance resolved and exact English/Japanese component lookup verified for Herding Horsamander Geophage.,1,Herding Horsamander Geophage
fauna,001EF057,Starfield.esm,001EF057,PCM_Bel_BelI_PreyA,Herding Octomaggot Filterer,RESOLVED_COMPOSED_FAUNA,CCT component provenance resolved and exact English/Japanese component lookup verified for Herding Octomaggot Filterer.,1,Herding Octomaggot Filterer
fauna,001EF058,Starfield.esm,001EF058,PCM_Bel_BelI_PredatorC,Hunting Crab Scavenger,RESOLVED_COMPOSED_FAUNA,CCT component provenance resolved and exact English/Japanese component lookup verified for Hunting Crab Scavenger.,1,Hunting Crab Scavenger
fauna,001EF059,Starfield.esm,001EF059,PCM_Bel_BelI_PredatorB,Pack Exocrawler Scavenger,RESOLVED_COMPOSED_FAUNA,CCT component provenance resolved and exact English/Japanese component lookup verified for Pack Exocrawler Scavenger.,1,Pack Exocrawler Scavenger
fauna,001EF5E6,Starfield.esm,001EF5E6,PCM_AlphaAndraste_AlphaAndrasteIII_Predator04,Pack Trapmaw,RESOLVED_COMPOSED_FAUNA,CCT component provenance resolved and exact English/Japanese component lookup verified for Pack Trapmaw.,1,Pack Trapmaw
fauna,001EF5E7,Starfield.esm,001EF5E7,PCM_AlphaAndraste_AlphaAndrasteIII_Predator03,Hunting Clickbeetle Scavenger,RESOLVED_COMPOSED_FAUNA,CCT component provenance resolved and exact English/Japanese component lookup verified for Hunting Clickbeetle Scavenger.,1,Hunting Clickbeetle Scavenger
fauna,001EF5E8,Starfield.esm,001EF5E8,PCM_AlphaAndraste_AlphaAndrasteIII_Predator02,Pack Lionbear,RESOLVED_COMPOSED_FAUNA,CCT component provenance resolved and exact English/Japanese component lookup verified for Pack Lionbear.,1,Pack Lionbear
fauna,001EF5E9,Starfield.esm,001EF5E9,PCM_AlphaAndraste_AlphaAndrasteIII_Prey04,Herding Trihorn Grazer,RESOLVED_COMPOSED_FAUNA,CCT component provenance resolved and exact English/Japanese component lookup verified for Herding Trihorn Grazer.,1,Herding Trihorn Grazer
fauna,001EF5EA,Starfield.esm,001EF5EA,PCM_AlphaAndraste_AlphaAndrasteIII_Prey02,Lockjaw Grazer,RESOLVED_COMPOSED_FAUNA,CCT component provenance resolved and exact English/Japanese component lookup verified for Lockjaw Grazer.,1,Lockjaw Grazer
fauna,001EF5EB,Starfield.esm,001EF5EB,PCM_AlphaAndraste_AlphaAndrasteIII_Prey03,Flocking Leafback Grazer,RESOLVED_COMPOSED_FAUNA,CCT component provenance resolved and exact English/Japanese component lookup verified for Flocking Leafback Grazer.,1,Flocking Leafback Grazer
fauna,001EFDAE,Starfield.esm,001EFDAE,PCM_AlphaAndraste_AlphaAndrasteIII_Prey01,Twintail Herbivore,RESOLVED_COMPOSED_FAUNA,CCT component provenance resolved and exact English/Japanese component lookup verified for Twintail Herbivore.,1,Twintail Herbivore
fauna,001EFFAA,Starfield.esm,001EFFAA,PCM_Celebrai_Celebrai-II_Prey02,Horsamander Grazer,RESOLVED_COMPOSED_FAUNA,CCT component provenance resolved and exact English/Japanese component lookup verified for Horsamander Grazer.,1,Horsamander Grazer
fauna,001F0056,Starfield.esm,001F0056,PCM_AlphaAndraste_AlphaAndrasteIII_Predator01_TankBeetle,Pack Longhorn,RESOLVED_COMPOSED_FAUNA,CCT component provenance resolved and exact English/Japanese component lookup verified for Pack Longhorn.,1,Pack Longhorn
fauna,001F0057,Starfield.esm,001F0057,PCM_Bel_BelI_PredatorA,Hunting Trapmaw,RESOLVED_COMPOSED_FAUNA,CCT component provenance resolved and exact English/Japanese component lookup verified for Hunting Trapmaw.,1,Hunting Trapmaw
fauna,001F7668,Starfield.esm,001F7668,PCM_Denebola_Denebola_I_b_CritterB_Floater,Pearl Filterer,RESOLVED_COMPOSED_FAUNA,CCT component provenance resolved and exact English/Japanese component lookup verified for Pearl Filterer.,1,Pearl Filterer
fauna,001F7669,Starfield.esm,001F7669,PCM_Denebola_Denebola_I_b_PreyB_Swimmer,Herding Fluke Filterer,RESOLVED_COMPOSED_FAUNA,CCT component provenance resolved and exact English/Japanese component lookup verified for Herding Fluke Filterer.,1,Herding Fluke Filterer
fauna,001F766A,Starfield.esm,001F766A,PCM_Eridani_Eridani-II_CritterC_Flyer,Glider Scavenger,RESOLVED_COMPOSED_FAUNA,CCT component provenance resolved and exact English/Japanese component lookup verified for Glider Scavenger.,1,Glider Scavenger
fauna,001F766B,Starfield.esm,001F766B,PCM_Fermi_Fermi-III_PreyC_Swimmer,Schooling Kronosaurus Scavenger,RESOLVED_COMPOSED_FAUNA,CCT component provenance resolved and exact English/Japanese component lookup verified for Schooling Kronosaurus Scavenger.,1,Schooling Kronosaurus Scavenger
fauna,001F766C,Starfield.esm,001F766C,PCM_Fermi_Fermi-III_CritterC_Flyer,Vampire Geophage,RESOLVED_COMPOSED_FAUNA,CCT component provenance resolved and exact English/Japanese component lookup verified for Vampire Geophage.,1,Vampire Geophage
fauna,001F766D,Starfield.esm,001F766D,PCM_Feynman_Feynman-III_CritterC_Floater,Spore Filterer,RESOLVED_COMPOSED_FAUNA,CCT component provenance resolved and exact English/Japanese component lookup verified for Spore Filterer.,1,Spore Filterer
fauna,001F766E,Starfield.esm,001F766E,PCM_Huygens_Huygens-III_PreyD_Swimmer,Schooling Arapaima Scavenger,RESOLVED_COMPOSED_FAUNA,CCT component provenance resolved and exact English/Japanese component lookup verified for Schooling Arapaima Scavenger.,1,Schooling Arapaima Scavenger
fauna,001F766F,Starfield.esm,001F766F,PCM_Huygens_Huygens-III_CritterC_Floater,Puffball Filterer,RESOLVED_COMPOSED_FAUNA,CCT component provenance resolved and exact English/Japanese component lookup verified for Puffball Filterer.,1,Puffball Filterer
fauna,001F7670,Starfield.esm,001F7670,PCM_Gamma-Vulpes_Gamma-Vulpes-I_PreyD_Swimmer,Herding Lionfish Filterer,RESOLVED_COMPOSED_FAUNA,CCT component provenance resolved and exact English/Japanese component lookup verified for Herding Lionfish Filterer.,1,Herding Lionfish Filterer
fauna,001F7671,Starfield.esm,001F7671,PCM_Gamma-Vulpes_Gamma-Vulpes-II-a_PreyC_Swimmer,Schooling Kronosaurus Grazer,RESOLVED_COMPOSED_FAUNA,CCT component provenance resolved and exact English/Japanese component lookup verified for Schooling Kronosaurus Grazer.,1,Schooling Kronosaurus Grazer
fauna,002025D3,Starfield.esm,002025D3,PCM_Hawking_Hawking-I_Prey04_Swimmer,Herding Mayfly Scavenger,RESOLVED_COMPOSED_FAUNA,CCT component provenance resolved and exact English/Japanese component lookup verified for Herding Mayfly Scavenger.,1,Herding Mayfly Scavenger
fauna,002025D5,Starfield.esm,002025D5,PCM_Heinlein_Heinlein-VI-a_Prey02_Swimmer,Schooling Kronosaurus Filterer,RESOLVED_COMPOSED_FAUNA,CCT component provenance resolved and exact English/Japanese component lookup verified for Schooling Kronosaurus Filterer.,1,Schooling Kronosaurus Filterer
fauna,002025D6,Starfield.esm,002025D6,PCM_Guniibuu_Guniibuu-II_Prey04_Swimmer,Schooling Lurefish Scavenger,RESOLVED_COMPOSED_FAUNA,CCT component provenance resolved and exact English/Japanese component lookup verified for Schooling Lurefish Scavenger.,1,Schooling Lurefish Scavenger
fauna,002025D7,Starfield.esm,002025D7,PCM_Huygens_Huygens-VII-b_PreyB_Swimmer,Flocking Canard Filterer,RESOLVED_COMPOSED_FAUNA,CCT component provenance resolved and exact English/Japanese component lookup verified for Flocking Canard Filterer.,1,Flocking Canard Filterer
fauna,002025D8,Starfield.esm,002025D8,PCM_Heisenberg_Heisenberg-II_PreyC_Swimmer,Herding Flapwheel Grazer,RESOLVED_COMPOSED_FAUNA,CCT component provenance resolved and exact English/Japanese component lookup verified for Herding Flapwheel Grazer.,1,Herding Flapwheel Grazer
fauna,002025D9,Starfield.esm,002025D9,PCM_Indum_Indum-II_Prey02_Swimmer,Schooling Sawhead Grazer,RESOLVED_COMPOSED_FAUNA,CCT component provenance resolved and exact English/Japanese component lookup verified for Schooling Sawhead Grazer.,1,Schooling Sawhead Grazer
fauna,002025DA,Starfield.esm,002025DA,PCM_Ixyll_Ixyll-III-b_Prey03_Swimmer,Schooling Sharkwhale Scavenger,RESOLVED_COMPOSED_FAUNA,CCT component provenance resolved and exact English/Japanese component lookup verified for Schooling Sharkwhale Scavenger.,1,Schooling Sharkwhale Scavenger
fauna,002025DB,Starfield.esm,002025DB,PCM_Jaffa_Jaffa-II_Critter02_Flyer,Saturnine Filterer,RESOLVED_COMPOSED_FAUNA,CCT component provenance resolved and exact English/Japanese component lookup verified for Saturnine Filterer.,1,Saturnine Filterer
fauna,002025DC,Starfield.esm,002025DC,PCM_Nirah_Kazaal_Prey03_Flyer,Herding Boneglider Filterer,RESOLVED_COMPOSED_FAUNA,CCT component provenance resolved and exact English/Japanese component lookup verified for Herding Boneglider Filterer.,1,Herding Boneglider Filterer
fauna,002025E1,Starfield.esm,002025E1,PCM_Kang_Kang-III_Critter01_Flyer,Glider Filterer,RESOLVED_COMPOSED_FAUNA,CCT component provenance resolved and exact English/Japanese component lookup verified for Glider Filterer.,1,Glider Filterer
fauna,00221DBD,Starfield.esm,00221DBD,PCM_Shoza_Shoza-III_Prey04_Swimmer,Schooling Paddlefish Grazer,RESOLVED_COMPOSED_FAUNA,CCT component provenance resolved and exact English/Japanese component lookup verified for Schooling Paddlefish Grazer.,1,Schooling Paddlefish Grazer
fauna,00221DBE,Starfield.esm,00221DBE,PCM_Sparta_Sparta-IV_Prey03_Swimmer,Schooling Sawhead Grazer,RESOLVED_COMPOSED_FAUNA,CCT component provenance resolved and exact English/Japanese component lookup verified for Schooling Sawhead Grazer.,1,Schooling Sawhead Grazer
fauna,00221DBF,Starfield.esm,00221DBF,PCM_Syrma_Syrma-IV_Prey02_Swimmer,Schooling Lurefish Scavenger,RESOLVED_COMPOSED_FAUNA,CCT component provenance resolved and exact English/Japanese component lookup verified for Schooling Lurefish Scavenger.,1,Schooling Lurefish Scavenger
fauna,00221DC0,Starfield.esm,00221DC0,PCM_Syrma_Syrma-IV_Predator02_Swimmer,Pack Skullface,RESOLVED_COMPOSED_FAUNA,CCT component provenance resolved and exact English/Japanese component lookup verified for Pack Skullface.,1,Pack Skullface
fauna,00221DC1,Starfield.esm,00221DC1,PCM_Syrma_Syrma-VII-A_Prey02_Swimmer,Herding Stingray Grazer,RESOLVED_COMPOSED_FAUNA,CCT component provenance resolved and exact English/Japanese component lookup verified for Herding Stingray Grazer.,1,Herding Stingray Grazer
fauna,00221DC2,Starfield.esm,00221DC2,PCM_Tau-Ceti_Tau-Ceti-VIII-B_Critter03_Flyer,Mayfly Filterer,RESOLVED_COMPOSED_FAUNA,CCT component provenance resolved and exact English/Japanese component lookup verified for Mayfly Filterer.,1,Mayfly Filterer
fauna,00221DC3,Starfield.esm,00221DC3,PCM_Tidacha_Tidacha-I_Critter03_Flyer,Mothwing Grazer,RESOLVED_COMPOSED_FAUNA,CCT component provenance resolved and exact English/Japanese component lookup verified for Mothwing Grazer.,1,Mothwing Grazer
fauna,00221DC4,Starfield.esm,00221DC4,PCM_Ursae-Minoris_Ursa-Minor-II_Critter02_Floater,Puffball Filterer,RESOLVED_COMPOSED_FAUNA,CCT component provenance resolved and exact English/Japanese component lookup verified for Puffball Filterer.,1,Puffball Filterer
fauna,00221DC6,Starfield.esm,00221DC6,PCM_Alpha-Tirna_Tirna-VIII-C_Predator02_Swimmer,Pack Unishark,RESOLVED_COMPOSED_FAUNA,CCT component provenance resolved and exact English/Japanese component lookup verified for Pack Unishark.,1,Pack Unishark
fauna,00221DC7,Starfield.esm,00221DC7,PCM_Vega_Vega-II-C_Critter03_Flyer,Nautilus Scavenger,RESOLVED_COMPOSED_FAUNA,CCT component provenance resolved and exact English/Japanese component lookup verified for Nautilus Scavenger.,1,Nautilus Scavenger
fauna,00221DC8,Starfield.esm,00221DC8,PCM_Verne_Verne-II_Prey03_Swimmer,Herding Lionfish Grazer,RESOLVED_COMPOSED_FAUNA,CCT component provenance resolved and exact English/Japanese component lookup verified for Herding Lionfish Grazer.,1,Herding Lionfish Grazer
fauna,00221DC9,Starfield.esm,00221DC9,PCM_Lunara_Vesta_Critter03_Floater,Gossamer Filterer,RESOLVED_COMPOSED_FAUNA,CCT component provenance resolved and exact English/Japanese component lookup verified for Gossamer Filterer.,1,Gossamer Filterer
fauna,00221DCA,Starfield.esm,00221DCA,PCM_Xi-Ophiuchi_Xi-Ophiuchi-VIII-b_Predator02_Swimmer,Pack Paddlefish,RESOLVED_COMPOSED_FAUNA,CCT component provenance resolved and exact English/Japanese component lookup verified for Pack Paddlefish.,1,Pack Paddlefish
fauna,00221DCB,Starfield.esm,00221DCB,PCM_Xi-Ophiuchi_Xi-Ophiuchi-VIII-b_Prey02_Swimmer,Schooling Seahag Filterer,RESOLVED_COMPOSED_FAUNA,CCT component provenance resolved and exact English/Japanese component lookup verified for Schooling Seahag Filterer.,1,Schooling Seahag Filterer
fauna,00221DCC,Starfield.esm,00221DCC,PCM_Zeta-Ophiuchi_Zeta-Ophiuchi-I_Predator04_Swimmer,Pack Sharkwhale,RESOLVED_COMPOSED_FAUNA,CCT component provenance resolved and exact English/Japanese component lookup verified for Pack Sharkwhale.,1,Pack Sharkwhale
fauna,00221DCD,Starfield.esm,00221DCD,PCM_Zeta-Ophiuchi_Zeta-Ophiuchi-I_Prey04_Swimmer,Flocking Stingray Scavenger,RESOLVED_COMPOSED_FAUNA,CCT component provenance resolved and exact English/Japanese component lookup verified for Flocking Stingray Scavenger.,1,Flocking Stingray Scavenger
fauna,00273718,Starfield.esm,00273718,PCM_Beta-Marae_Beta-Marae-I_Prey06_Flyer,Herding Mothwing Scavenger,RESOLVED_COMPOSED_FAUNA,CCT component provenance resolved and exact English/Japanese component lookup verified for Herding Mothwing Scavenger.,1,Herding Mothwing Scavenger
fauna,00287159,Starfield.esm,00287159,PCM_Leonis_Leonis-VIII-a_Critter01,Trident Geophage,RESOLVED_COMPOSED_FAUNA,CCT component provenance resolved and exact English/Japanese component lookup verified for Trident Geophage.,1,Trident Geophage
fauna,0037CEF4,Starfield.esm,0037CEF4,PCM_Newton_Newton-II_Predator03_Swimmer,Hunting Paddlefish,RESOLVED_COMPOSED_FAUNA,CCT component provenance resolved and exact English/Japanese component lookup verified for Hunting Paddlefish.,1,Hunting Paddlefish
fauna,003AD1F9,Starfield.esm,003AD1F9,PCM_Zosma_Zosma-V-a_Critter02,Gossamer Scavenger,RESOLVED_COMPOSED_FAUNA,CCT component provenance resolved and exact English/Japanese component lookup verified for Gossamer Scavenger.,1,Gossamer Scavenger
fauna,003AD1FA,Starfield.esm,003AD1FA,PCM_Zosma_Zosma-V-a_Predator02,Pack Cockroach Stalker,RESOLVED_COMPOSED_FAUNA,CCT component provenance resolved and exact English/Japanese component lookup verified for Pack Cockroach Stalker.,1,Pack Cockroach Stalker
fauna,003CB234,Starfield.esm,003CB234,PCM_Schrodinger_Schrodinger-III_Critter03_Flyer,Cassowary Grazer,RESOLVED_COMPOSED_FAUNA,CCT component provenance resolved and exact English/Japanese component lookup verified for Cassowary Grazer.,1,Cassowary Grazer
fauna,003CB235,Starfield.esm,003CB235,PCM_Groombridge_Groombridge-VIII-a_Critter02_Flyer,Cassowary Grazer,RESOLVED_COMPOSED_FAUNA,CCT component provenance resolved and exact English/Japanese component lookup verified for Cassowary Grazer.,1,Cassowary Grazer
fauna,003CB236,Starfield.esm,003CB236,PCM_Heinlein_Heinlein-VI-a_Critter02_Flyer,Cassowary Grazer,RESOLVED_COMPOSED_FAUNA,CCT component provenance resolved and exact English/Japanese component lookup verified for Cassowary Grazer.,1,Cassowary Grazer
fauna,003CB237,Starfield.esm,003CB237,PCM_Serpentis_Serpentis-IV_Critter04_Flyer,Nautilus Grazer,RESOLVED_COMPOSED_FAUNA,CCT component provenance resolved and exact English/Japanese component lookup verified for Nautilus Grazer.,1,Nautilus Grazer
fauna,003CB238,Starfield.esm,003CB238,PCM_Celebrai_Celebrai-II_Critter04_Flyer,Glowback Grazer,RESOLVED_COMPOSED_FAUNA,CCT component provenance resolved and exact English/Japanese component lookup verified for Glowback Grazer.,1,Glowback Grazer
fauna,003CB239,Starfield.esm,003CB239,PCM_Toliman_Toliman-II_Critter02_Flyer,Nautilus Scavenger,RESOLVED_COMPOSED_FAUNA,CCT component provenance resolved and exact English/Japanese component lookup verified for Nautilus Scavenger.,1,Nautilus Scavenger
fauna,003D23F0,Starfield.esm,003D23F0,PCM_Cheyenne_Codos_PreyB,Herding Cagebrain Grazer,RESOLVED_COMPOSED_FAUNA,CCT component provenance resolved and exact English/Japanese component lookup verified for Herding Cagebrain Grazer.,1,Herding Cagebrain Grazer
fauna,0103D5DE,ShatteredSpace.esm,0103D5DE,SFBGS001_PCM_Kavnyk_Kavnyk-II-c_Critter01,Tubecrawler Scavenger,RESOLVED_COMPOSED_FAUNA,CCT component provenance resolved and exact English/Japanese component lookup verified for Tubecrawler Scavenger.,1,Tubecrawler Scavenger
fauna,0103D5DF,ShatteredSpace.esm,0103D5DF,SFBGS001_PCM_Kavnyk_Kavnyk-II-c_Predator01,Hunting Twintail,RESOLVED_COMPOSED_FAUNA,CCT component provenance resolved and exact English/Japanese component lookup verified for Hunting Twintail.,1,Hunting Twintail
fauna,0103D5E0,ShatteredSpace.esm,0103D5E0,SFBGS001_PCM_Kavnyk_Kavnyk-II-c_Prey02,Herding Olgreg Scavenger,RESOLVED_COMPOSED_FAUNA,CCT component provenance resolved and exact English/Japanese component lookup verified for Herding Olgreg Scavenger.,1,Herding Olgreg Scavenger
fauna,0103D5E1,ShatteredSpace.esm,0103D5E1,SFBGS001_PCM_Kavnyk_Kavnyk-II-c_Prey01,Herding Wobbleback Grazer,RESOLVED_COMPOSED_FAUNA,CCT component provenance resolved and exact English/Japanese component lookup verified for Herding Wobbleback Grazer.,1,Herding Wobbleback Grazer
