System,Body,Resource,Name,Type,Farmable,Input,Biomes,Diet,Farmability Source,Legacy Match Status,Planet FormID,Planet EditorID,Species FormID,Species EditorID,Extracted At,Extractor Version,Source Plugin
Celebrai,Celebrai II,Amino Acids,Hunting Leafback,Fauna,N,,Savanna; Frozen Plains,Carnivore,ESM: mod_CCT_Special_Domesticate,Unique,0005DE81,CelabraiIIPlanetData,001EE81B,PCM_Celebrai_Celebrai-II_Predator02,2026-08-10T21:01:47,1.0.0,Starfield.esm
Celebrai,Celebrai II,Analgesic,Thornback Grazer,Fauna,Y,Fiber,Mountains; Savanna; Frozen Plains; Hills,Ruminant,ESM: mod_CCT_Special_Domesticate,Unique,0005DE81,CelabraiIIPlanetData,001EE5B1,PCM_Celebrai_Celebrai-II_Critter01,2026-08-10T21:01:47,1.0.0,Starfield.esm
Celebrai,Celebrai II,Fiber,Mountain Silkweed,Flora,N,,Mountains; Frozen Plains; Hills,,Legacy Organic Resources sheet,Unique,0005DE81,CelabraiIIPlanetData,002F80B5,FloraBiomeMountains06,2026-08-10T21:01:47,1.0.0,Starfield.esm
Celebrai,Celebrai II,Hallucinogen,Pack Lionbear,Fauna,N,,Mountains; Savanna; Frozen Plains; Hills,Carnivore,ESM: mod_CCT_Special_Domesticate,Unique,0005DE81,CelabraiIIPlanetData,001EE81C,PCM_Celebrai_Celebrai-II_Predator01,2026-08-10T21:01:47,1.0.0,Starfield.esm
Celebrai,Celebrai II,Lubricant,Horsamander Grazer,Fauna,N,,Savanna; Frozen Plains,Broadly Herbivorous,ESM: mod_CCT_Special_Domesticate,Unique,0005DE81,CelabraiIIPlanetData,001EFFAA,PCM_Celebrai_Celebrai-II_Prey02,2026-08-10T21:01:47,1.0.0,Starfield.esm
Celebrai,Celebrai II,Metabolic Agent,Warren Nettle,Flora,Y,,Mountains; Savanna; Hills,,Legacy Organic Resources sheet,Unique,0005DE81,CelabraiIIPlanetData,002F80B3,FloraBiomeHills10,2026-08-10T21:01:47,1.0.0,Starfield.esm
Celebrai,Celebrai II,Nutrient,PCM_Celebrai_Celebrai-II_Critter04_Flyer,Fauna,Y,Fiber,Mountains; Savanna; Frozen Plains; Hills,Broadly Herbivorous,ESM: mod_CCT_Special_Domesticate,Ambiguous (2),0005DE81,CelabraiIIPlanetData,003CB238,PCM_Celebrai_Celebrai-II_Critter04_Flyer,2026-08-10T21:01:47,1.0.0,Starfield.esm
Celebrai,Celebrai II,Nutrient,PCM_Celebrai_Celebrai-II_Prey03,Fauna,N,,Mountains; Savanna; Frozen Plains; Hills,Ruminant,ESM: mod_CCT_Special_Domesticate,Ambiguous (2),0005DE81,CelabraiIIPlanetData,001EE81A,PCM_Celebrai_Celebrai-II_Prey03,2026-08-10T21:01:47,1.0.0,Starfield.esm
Celebrai,Celebrai II,Ornamental,Spikeworm Herbivore,Fauna,Y,Fiber,Savanna; Frozen Plains,Frugivore,ESM: mod_CCT_Special_Domesticate,Unique,0005DE81,CelabraiIIPlanetData,001EE4DC,PCM_Celebrai_Celebrai-II_Critter02,2026-08-10T21:01:47,1.0.0,Starfield.esm
Celebrai,Celebrai II,Pigment,Sage Shrub,Flora,Y,,Savanna; Hills,,Legacy Organic Resources sheet,Unique,0005DE81,CelabraiIIPlanetData,001854F4,FloraBiomeSavanna04,2026-08-10T21:01:47,1.0.0,Starfield.esm
Celebrai,Celebrai II,Sealant,Bleeding Heart Vine,Flora,N,,Mountains; Hills,,Legacy Organic Resources sheet,Unique,0005DE81,CelabraiIIPlanetData,001854CF,FloraBiomeHills01,2026-08-10T21:01:47,1.0.0,Starfield.esm
Celebrai,Celebrai II,Sedative,Flocking Roundshell Grazer,Fauna,N,,Mountains; Savanna; Frozen Plains; Hills,Broadly Herbivorous,ESM: mod_CCT_Special_Domesticate,Unique,0005DE81,CelabraiIIPlanetData,001EE81D,PCM_Celebrai_Celebrai-II_Prey01,2026-08-10T21:01:47,1.0.0,Starfield.esm
Celebrai,Celebrai II,Spice,Trident Filterer,Fauna,N,,Savanna; Frozen Plains,Filter-Feeder,ESM: mod_CCT_Special_Domesticate,Unique,0005DE81,CelabraiIIPlanetData,001EE4D5,PCM_Celebrai_Celebrai-II_Critter03,2026-08-10T21:01:47,1.0.0,Starfield.esm
Celebrai,Celebrai II,Structural,Augustus Creeper,Flora,Y,,Mountains; Savanna; Hills,,Legacy Organic Resources sheet,Unique,0005DE81,CelabraiIIPlanetData,001854CB,FloraBiomeHills05,2026-08-10T21:01:47,1.0.0,Starfield.esm
Celebrai,Celebrai II,Toxin,Bowing Shadeleaf,Flora,Y,,Mountains; Hills,,Legacy Organic Resources sheet,Unique,0005DE81,CelabraiIIPlanetData,002F80A1,FloraBiomeHills06,2026-08-10T21:01:47,1.0.0,Starfield.esm
Al-Battani,Al-Battani II,Adhesive,Beetle Scavenger,Fauna,N,,Frozen Plains,Omnivore,ESM: mod_CCT_Special_Domesticate,Unique,0005DFF5,Al-BattaniIIPlanetData,001ED14E,PCM_Al-Battani_Al-Battani-II_Critter02,2026-08-10T21:01:47,1.0.0,Starfield.esm
Al-Battani,Al-Battani II,Adhesive,Star Bloom Root,Flora,Y,,Hills; Mountains,,Legacy Organic Resources sheet,Unique,0005DFF5,Al-BattaniIIPlanetData,001854D5,FloraBiomeMountains05,2026-08-10T21:01:47,1.0.0,Starfield.esm
Al-Battani,Al-Battani II,Analgesic,Pack Dragondon,Fauna,N,,Frozen Plains,Carnivore,ESM: mod_CCT_Special_Domesticate,Unique,0005DFF5,Al-BattaniIIPlanetData,001ED14C,PCM_Al-Battani_Al-Battani-II_Predator02,2026-08-10T21:01:47,1.0.0,Starfield.esm
Al-Battani,Al-Battani II,Fiber,Bleeding Heart Vine,Flora,N,,Hills,,Legacy Organic Resources sheet,Unique,0005DFF5,Al-BattaniIIPlanetData,001854CF,FloraBiomeHills01,2026-08-10T21:01:47,1.0.0,Starfield.esm
Al-Battani,Al-Battani II,Hallucinogen,Herding Scoopback Geophage,Fauna,N,,Hills; Mountains,Geophage,ESM: mod_CCT_Special_Domesticate,Unique,0005DFF5,Al-BattaniIIPlanetData,001ED14A,PCM_Al-Battani_Al-Battani-II_Prey02,2026-08-10T21:01:47,1.0.0,Starfield.esm
Al-Battani,Al-Battani II,Metabolic Agent,Mountain Silkweed,Flora,N,,Mountains,,Legacy Organic Resources sheet,Unique,0005DFF5,Al-BattaniIIPlanetData,002F80B5,FloraBiomeMountains06,2026-08-10T21:01:47,1.0.0,Starfield.esm
Al-Battani,Al-Battani II,Ornamental,Herding Sentinel Filterer,Fauna,N,,Ocean; Frozen Plains,Filter-Feeder,ESM: mod_CCT_Special_Domesticate,Unique,0005DFF5,Al-BattaniIIPlanetData,001ED149,PCM_Al-Battani_Al-Battani-II_Prey03_Swimmer,2026-08-10T21:01:47,1.0.0,Starfield.esm
Al-Battani,Al-Battani II,Sealant,PCM_Al-Battani_Al-Battani-II_Predator01,Fauna,N,,Hills; Mountains,Carnivore,ESM: mod_CCT_Special_Domesticate,Ambiguous (2),0005DFF5,Al-BattaniIIPlanetData,001ED14D,PCM_Al-Battani_Al-Battani-II_Predator01,2026-08-10T21:01:47,1.0.0,Starfield.esm
Al-Battani,Al-Battani II,Sealant,PCM_Al-Battani_Al-Battani-II_Prey01,Fauna,N,,Hills; Mountains,Filter-Feeder,ESM: mod_CCT_Special_Domesticate,Ambiguous (2),0005DFF5,Al-BattaniIIPlanetData,001ED14B,PCM_Al-Battani_Al-Battani-II_Prey01,2026-08-10T21:01:47,1.0.0,Starfield.esm
Al-Battani,Al-Battani II,Toxin Agent,PCM_Al-Battani_Al-Battani-II_Critter01,Fauna,N,,Hills; Mountains,Geophage,ESM: mod_CCT_Special_Domesticate,No legacy match,0005DFF5,Al-BattaniIIPlanetData,001ED14F,PCM_Al-Battani_Al-Battani-II_Critter01,2026-08-10T21:01:47,1.0.0,Starfield.esm
Algorab,Algorab II,Ornamental,Thorn Scavenger,Fauna,N,,Frozen Plains; Coniferous Forest,Omnivore,ESM: mod_CCT_Special_Domesticate,Unique,0005DE57,AlgorabIIPlanetData,001EE88E,PCM_Algorab_Algorab-II_Critter02,2026-08-10T21:01:47,1.0.0,Starfield.esm
Algorab,Algorab II,Pigment,PCM_Algorab_Algorab-II_Critter01,Fauna,N,,Savanna,Broadly Herbivorous,ESM: mod_CCT_Special_Domesticate,Ambiguous (3),0005DE57,AlgorabIIPlanetData,001EE88F,PCM_Algorab_Algorab-II_Critter01,2026-08-10T21:01:47,1.0.0,Starfield.esm
Algorab,Algorab II,Pigment,PCM_Algorab_Algorab-II_Prey01,Fauna,N,,Savanna,Broadly Herbivorous,ESM: mod_CCT_Special_Domesticate,Ambiguous (3),0005DE57,AlgorabIIPlanetData,001EE891,PCM_Algorab_Algorab-II_Prey01,2026-08-10T21:01:47,1.0.0,Starfield.esm
Algorab,Algorab II,Pigment,PCM_Algorab_Algorab-II_Prey02,Fauna,N,,Frozen Plains; Coniferous Forest,Omnivore,ESM: mod_CCT_Special_Domesticate,Ambiguous (3),0005DE57,AlgorabIIPlanetData,001EE890,PCM_Algorab_Algorab-II_Prey02,2026-08-10T21:01:47,1.0.0,Starfield.esm
Algorab,Algorab II,Pigment,Canary Reed,Flora,N,,Savanna,,Legacy Organic Resources sheet,Unique,0005DE57,AlgorabIIPlanetData,001854F5,FloraBiomeSavanna03,2026-08-10T21:01:47,1.0.0,Starfield.esm
Algorab,Algorab II,Sealant,Hunting Octomaggot,Fauna,N,,Savanna,Carnivore,ESM: mod_CCT_Special_Domesticate,Unique,0005DE57,AlgorabIIPlanetData,001EE892,PCM_Algorab_Algorab-II_Predator01,2026-08-10T21:01:47,1.0.0,Starfield.esm
Algorab,Algorab II,Sealant,Forest Wisp,Flora,Y,,Coniferous Forest,,Legacy Organic Resources sheet,Unique,0005DE57,AlgorabIIPlanetData,00185484,FloraBiomeForestConiferous06,2026-08-10T21:01:47,1.0.0,Starfield.esm
Algorab,Algorab II,Structural,Terra Root,Flora,Y,,Coniferous Forest,,Legacy Organic Resources sheet,Unique,0005DE57,AlgorabIIPlanetData,0018547D,FloraBiomeForestConiferous10,2026-08-10T21:01:47,1.0.0,Starfield.esm
Algorab,Algorab III-B,Amino Acids,Hunting Exocrawler,Fauna,N,,Swamp; Wetlands; Hills,Carnivore,ESM: mod_CCT_Special_Domesticate,Unique,0005DE5D,AlgorabIII-bPlanetData,001EDF4F,PCM_Algorab_Algorab-III-B_Predator01,2026-08-10T21:01:47,1.0.0,Starfield.esm
Algorab,Algorab III-B,Fiber,Golden Creeper,Flora,Y,,Coniferous Forest; Deciduous Forest,,Legacy Organic Resources sheet,Unique,0005DE5D,AlgorabIII-bPlanetData,00185487,FloraBiomeForestConiferous03,2026-08-10T21:01:47,1.0.0,Starfield.esm
Algorab,Algorab III-B,Lubricant,Aruna Goldenglow,Flora,N,,Swamp; Wetlands; Hills,,Legacy Organic Resources sheet,Unique,0005DE5D,AlgorabIII-bPlanetData,001854CE,FloraBiomeHills02,2026-08-10T21:01:47,1.0.0,Starfield.esm
Algorab,Algorab III-B,Membrane,Worm Scavenger,Fauna,N,,Swamp; Wetlands; Hills,Omnivore,ESM: mod_CCT_Special_Domesticate,Unique,0005DE5D,AlgorabIII-bPlanetData,001EDF4E,PCM_Algorab_Algorab-III-B_Prey01,2026-08-10T21:01:47,1.0.0,Starfield.esm
Algorab,Algorab III-B,Nutrient,Blue Weeping Shrub,Flora,Y,,Coniferous Forest; Deciduous Forest,,Legacy Organic Resources sheet,Unique,0005DE5D,AlgorabIII-bPlanetData,001854C5,FloraBiomeForestDeciduous01,2026-08-10T21:01:47,1.0.0,Starfield.esm
Algorab,Algorab III-B,Pigment,Centiskull Grazer,Fauna,N,,Frozen Plains; Coniferous Forest; Deciduous Forest,Broadly Herbivorous,ESM: mod_CCT_Special_Domesticate,Unique,0005DE5D,AlgorabIII-bPlanetData,001EDF4C,PCM_Algorab_Algorab-III-B_Critter02,2026-08-10T21:01:47,1.0.0,Starfield.esm
Algorab,Algorab III-B,Sealant,Scorpion Grazer,Fauna,N,,Coniferous Forest; Deciduous Forest,Ruminant,ESM: mod_CCT_Special_Domesticate,Unique,0005DE5D,AlgorabIII-bPlanetData,001EDF4D,PCM_Algorab_Algorab-III-B_Prey02,2026-08-10T21:01:47,1.0.0,Starfield.esm
Algorab,Algorab III-B,Sealant,Hunter's Stalk,Flora,Y,,Swamp; Wetlands,,Legacy Organic Resources sheet,Unique,0005DE5D,AlgorabIII-bPlanetData,0018546C,FloraBiomeWetlands07,2026-08-10T21:01:47,1.0.0,Starfield.esm
Algorab,Algorab III-B,Structural,Trilobite Filterer,Fauna,N,,Swamp; Wetlands; Hills,Filter-Feeder,ESM: mod_CCT_Special_Domesticate,Unique,0005DE5D,AlgorabIII-bPlanetData,001EDF4B,PCM_Algorab_Algorab-III-B_Critter01,2026-08-10T21:01:47,1.0.0,Starfield.esm
Alpha Andraste,Alpha Andraste II,Antimicrobial,Haviva Vine,Flora,Y,,Craters,,Legacy Organic Resources sheet,Unique,0005E344,AlphaAndrasteIIPlanetData,0018549F,FloraBiomeCratered08,2026-08-10T21:01:47,1.0.0,Starfield.esm
Alpha Andraste,Alpha Andraste II,Metabolic Agent,Aurora Palm,Flora,N,,Mountains,,Legacy Organic Resources sheet,Unique,0005E344,AlphaAndrasteIIPlanetData,002F80BB,FloraBiomeMountains10,2026-08-10T21:01:47,1.0.0,Starfield.esm
Alpha Andraste,Alpha Andraste II,Nutrient,Wanderer's Husk,Flora,Y,,Sandy Desert,,Legacy Organic Resources sheet,Unique,0005E344,AlphaAndrasteIIPlanetData,00185507,FloraBiomeDesertSandy05,2026-08-10T21:01:47,1.0.0,Starfield.esm
Alpha Andraste,Alpha Andraste II,Spice,Nebula Vine,Flora,N,,Mountains,,Legacy Organic Resources sheet,Unique,0005E344,AlphaAndrasteIIPlanetData,002F80B7,FloraBiomeMountains07,2026-08-10T21:01:47,1.0.0,Starfield.esm
Alpha Andraste,Alpha Andraste III,Biosuppressant,Lattice leaf,Flora,Y,,Tropical Forest; Deciduous Forest,,Legacy Organic Resources sheet,Unique,0005E345,AlphaAndrasteIIIPlanetData,001854B7,FloraBiomeForestTropical05,2026-08-10T21:01:47,1.0.0,Starfield.esm
Alpha Andraste,Alpha Andraste III,Cosmetic,Trident Scavenger,Fauna,N,,Frozen Dunes,Omnivore,ESM: mod_CCT_Special_Domesticate,Unique,0005E345,AlphaAndrasteIIIPlanetData,001EEEC0,PCM_AlphaAndraste_AlphaAndrasteIII_Critter03,2026-08-10T21:01:47,1.0.0,Starfield.esm
Alpha Andraste,Alpha Andraste III,Hallucinogen,PCM_AlphaAndraste_AlphaAndrasteIII_Predator01_TankBeetle,Fauna,N,,Tropical Forest; Deciduous Forest; Coniferous Forest,Carnivore,ESM: mod_CCT_Special_Domesticate,Ambiguous (2),0005E345,AlphaAndrasteIIIPlanetData,001F0056,PCM_AlphaAndraste_AlphaAndrasteIII_Predator01_TankBeetle,2026-08-10T21:01:47,1.0.0,Starfield.esm
Alpha Andraste,Alpha Andraste III,Hallucinogen,PCM_AlphaAndraste_AlphaAndrasteIII_Predator04,Fauna,N,,Frozen Dunes,Carnivore,ESM: mod_CCT_Special_Domesticate,Ambiguous (2),0005E345,AlphaAndrasteIIIPlanetData,001EF5E6,PCM_AlphaAndraste_AlphaAndrasteIII_Predator04,2026-08-10T21:01:47,1.0.0,Starfield.esm
Alpha Andraste,Alpha Andraste III,Hallucinogen,Abyss Pine Seedling,Flora,Y,,Deciduous Forest; Coniferous Forest; Savanna,,Legacy Organic Resources sheet,Disambiguated by ESM name,0005E345,AlphaAndrasteIIIPlanetData,00185488,FloraBiomeForestConiferous02,2026-08-10T21:01:47,1.0.0,Starfield.esm
Alpha Andraste,Alpha Andraste III,Hallucinogen,Sweet Root,Flora,Y,,Tropical Forest; Savanna,,Legacy Organic Resources sheet,Disambiguated by ESM name,0005E345,AlphaAndrasteIIIPlanetData,001854C4,FloraBiomeForestTropical01,2026-08-10T21:01:47,1.0.0,Starfield.esm
Alpha Andraste,Alpha Andraste III,Metabolic Agent,Jackknife Grazer,Fauna,N,,Tropical Forest; Savanna,Ruminant,ESM: mod_CCT_Special_Domesticate,Unique,0005E345,AlphaAndrasteIIIPlanetData,001EEEC1,PCM_AlphaAndraste_AlphaAndrasteIII_Critter02,2026-08-10T21:01:47,1.0.0,Starfield.esm
Alpha Andraste,Alpha Andraste III,Sealant,PCM_AlphaAndraste_AlphaAndrasteIII_Predator03,Fauna,N,,Savanna,Omnivore,ESM: mod_CCT_Special_Domesticate,Ambiguous (3),0005E345,AlphaAndrasteIIIPlanetData,001EF5E7,PCM_AlphaAndraste_AlphaAndrasteIII_Predator03,2026-08-10T21:01:47,1.0.0,Starfield.esm
Alpha Andraste,Alpha Andraste III,Sealant,PCM_AlphaAndraste_AlphaAndrasteIII_Prey03,Fauna,N,,Deciduous Forest; Savanna,Broadly Herbivorous,ESM: mod_CCT_Special_Domesticate,Ambiguous (3),0005E345,AlphaAndrasteIIIPlanetData,001EF5EB,PCM_AlphaAndraste_AlphaAndrasteIII_Prey03,2026-08-10T21:01:47,1.0.0,Starfield.esm
Alpha Andraste,Alpha Andraste III,Sealant,PCM_AlphaAndraste_AlphaAndrasteIII_Prey04,Fauna,N,,Frozen Dunes,Ruminant,ESM: mod_CCT_Special_Domesticate,Ambiguous (3),0005E345,AlphaAndrasteIIIPlanetData,001EF5E9,PCM_AlphaAndraste_AlphaAndrasteIII_Prey04,2026-08-10T21:01:47,1.0.0,Starfield.esm
Alpha Andraste,Alpha Andraste III,Sealant,Spitting Goatweed,Flora,Y,,Deciduous Forest; Coniferous Forest; Savanna,,Legacy Organic Resources sheet,Unique,0005E345,AlphaAndrasteIIIPlanetData,002F80D0,FloraBiomeSavanna08,2026-08-10T21:01:47,1.0.0,Starfield.esm
Alpha Andraste,Alpha Andraste III,Sedative,Twintail Herbivore,Fauna,Y,Fiber,Tropical Forest; Coniferous Forest,Xylophage,ESM: mod_CCT_Special_Domesticate,Unique,0005E345,AlphaAndrasteIIIPlanetData,001EFDAE,PCM_AlphaAndraste_AlphaAndrasteIII_Prey01,2026-08-10T21:01:47,1.0.0,Starfield.esm
Alpha Andraste,Alpha Andraste III,Sedative,Spitting Pokeweed,Flora,N,,Tropical Forest; Deciduous Forest; Coniferous Forest; Savanna,,Legacy Organic Resources sheet,Unique,0005E345,AlphaAndrasteIIIPlanetData,001854BC,FloraBiomeForestDeciduous09,2026-08-10T21:01:47,1.0.0,Starfield.esm
Alpha Andraste,Alpha Andraste III,Spice,Pack Lionbear,Fauna,N,,Tropical Forest; Savanna,Carnivore,ESM: mod_CCT_Special_Domesticate,Unique,0005E345,AlphaAndrasteIIIPlanetData,001EF5E8,PCM_AlphaAndraste_AlphaAndrasteIII_Predator02,2026-08-10T21:01:47,1.0.0,Starfield.esm
Alpha Andraste,Alpha Andraste III,Structural,Lockjaw Grazer,Fauna,N,,Tropical Forest; Savanna,Broadly Herbivorous,ESM: mod_CCT_Special_Domesticate,Unique,0005E345,AlphaAndrasteIIIPlanetData,001EF5EA,PCM_AlphaAndraste_AlphaAndrasteIII_Prey02,2026-08-10T21:01:47,1.0.0,Starfield.esm
Alpha Andraste,Alpha Andraste III,Toxin Agent,PCM_AlphaAndraste_AlphaAndrasteIII_Critter01,Fauna,N,,Tropical Forest; Deciduous Forest; Coniferous Forest,Geophage,ESM: mod_CCT_Special_Domesticate,No legacy match,0005E345,AlphaAndrasteIIIPlanetData,001EEEC2,PCM_AlphaAndraste_AlphaAndrasteIII_Critter01,2026-08-10T21:01:47,1.0.0,Starfield.esm
Alpha Centauri,Gagarin,Adhesive,Sweetwater Cactus,Flora,Y,,Swamp; Rocky Desert,,Legacy Organic Resources sheet,Unique,0005E311,GagarinPlanetData,001854FD,FloraBiomeDesertRocky05,2026-08-10T21:01:47,1.0.0,Starfield.esm
Alpha Centauri,Gagarin,Antimicrobial,Dust Devil,Fauna,N,,Swamp; Rocky Desert; Wetlands,Carnivore,ESM: mod_CCT_Special_Domesticate,Ambiguous (2),0005E311,GagarinPlanetData,0019AA68,PCM_Alpha-Centauri_Gagarin_Predator01,2026-08-10T21:01:47,1.0.0,Starfield.esm
Alpha Centauri,Gagarin,Antimicrobial,PCM_Alpha-Centauri_Gagarin_Predator03_Swimmer,Fauna,N,,Ocean; Swamp,Carnivore,ESM: mod_CCT_Special_Domesticate,Ambiguous (2),0005E311,GagarinPlanetData,0019E858,PCM_Alpha-Centauri_Gagarin_Predator03_Swimmer,2026-08-10T21:01:47,1.0.0,Starfield.esm
Alpha Centauri,Gagarin,Cosmetic,Herding Coralbucket Filterer,Fauna,N,,Swamp; Rocky Desert; Wetlands,Filter-Feeder,ESM: mod_CCT_Special_Domesticate,Unique,0005E311,GagarinPlanetData,0019AA65,PCM_Alpha-Centauri_Gagarin_Prey02,2026-08-10T21:01:47,1.0.0,Starfield.esm
Alpha Centauri,Gagarin,Fiber,Burnt Pokeleaf,Flora,Y,,Rocky Desert,,Legacy Organic Resources sheet,Disambiguated by ESM name,0005E311,GagarinPlanetData,001854F8,FloraBiomeDesertRocky10,2026-08-10T21:01:47,1.0.0,Starfield.esm
Alpha Centauri,Gagarin,Fiber,Velvet Bloom,Flora,N,,Swamp; Wetlands,,Legacy Organic Resources sheet,Disambiguated by ESM name,0005E311,GagarinPlanetData,00185498,FloraBiomeArchipelago06,2026-08-10T21:01:47,1.0.0,Starfield.esm
Alpha Centauri,Gagarin,Metabolic Agent,Pack Prong Wing Seabat,Fauna,N,,Swamp; Rocky Desert; Wetlands,Carnivore,ESM: mod_CCT_Special_Domesticate,Unique,0005E311,GagarinPlanetData,0019AA67,PCM_Alpha-Centauri_Gagarin_Predator02,2026-08-10T21:01:47,1.0.0,Starfield.esm
Alpha Centauri,Gagarin,Nutrient,Flocking Coralcrawler Geophage,Fauna,Y,Fiber,Swamp; Rocky Desert; Wetlands,Geophage,ESM: mod_CCT_Special_Domesticate,Unique,0005E311,GagarinPlanetData,0019AA66,PCM_Alpha-Centauri_Gagarin_Prey01,2026-08-10T21:01:47,1.0.0,Starfield.esm
Alpha Centauri,Gagarin,Sealant,Sunfish FIlterer,Fauna,N,,Ocean; Swamp,Filter-Feeder,ESM: mod_CCT_Special_Domesticate,Unique,0005E311,GagarinPlanetData,0019E77E,PCM_Alpha-Centauri_Gagarin_Prey04_Swimmer,2026-08-10T21:01:47,1.0.0,Starfield.esm
Alpha Centauri,Gagarin,Sealant,Swamp Bottle Root,Flora,Y,,Swamp; Wetlands,,Legacy Organic Resources sheet,Unique,0005E311,GagarinPlanetData,0018546A,FloraBiomeWetlands09,2026-08-10T21:01:47,1.0.0,Starfield.esm
Alpha Centauri,Gagarin,Spice,Trilobite Scavenger,Fauna,N,,Swamp; Rocky Desert; Wetlands,Omnivore,ESM: mod_CCT_Special_Domesticate,Unique,0005E311,GagarinPlanetData,0019AA63,PCM_Alpha-Centauri_Gagarin_Critter01,2026-08-10T21:01:47,1.0.0,Starfield.esm
Alpha Centauri,Gagarin,Structural,Bitter Goldenglow,Flora,N,,Rocky Desert,,Legacy Organic Resources sheet,Unique,0005E311,GagarinPlanetData,001854F9,FloraBiomeDesertRocky09,2026-08-10T21:01:47,1.0.0,Starfield.esm
Alpha Centauri,Gagarin,Toxin Agent,PCM_Alpha-Centauri_Gagarin_Prey03,Fauna,Y,Fiber,Swamp; Rocky Desert; Wetlands,Geophage,ESM: mod_CCT_Special_Domesticate,No legacy match,0005E311,GagarinPlanetData,0019AA64,PCM_Alpha-Centauri_Gagarin_Prey03,2026-08-10T21:01:47,1.0.0,Starfield.esm
Alpha Centauri,Jemison,Cosmetic,Carasnail Scavenger,Fauna,N,,Deciduous Forest; Mountains,Omnivore,ESM: mod_CCT_Special_Domesticate,Unique,0003F5A1,JemisonPlanetData,0019B899,PCM_Alpha-Centauri_Jemison_Critter01,2026-08-10T21:01:47,1.0.0,Starfield.esm
Alpha Centauri,Jemison,Fiber,Boreas Root,Flora,N,,Frozen Mountains; Mountains; Coniferous Forest,,Legacy Organic Resources sheet,Disambiguated by ESM name,0003F5A1,JemisonPlanetData,00185478,FloraBiomeFrozen05,2026-08-10T21:01:47,1.0.0,Starfield.esm
Alpha Centauri,Jemison,Fiber,Glossy Stickweed,Flora,Y,,Deciduous Forest; Mountains; Coniferous Forest,,Legacy Organic Resources sheet,Disambiguated by ESM name,0003F5A1,JemisonPlanetData,0018547F,FloraBiomeForestConiferous08,2026-08-10T21:01:47,1.0.0,Starfield.esm
Alpha Centauri,Jemison,Membrane,Pack Coralbug,Fauna,N,,Deciduous Forest; Mountains,Carnivore,ESM: mod_CCT_Special_Domesticate,Unique,0003F5A1,JemisonPlanetData,0019B89F,PCM_Alpha-Centauri_Jemison_Predator01,2026-08-10T21:01:47,1.0.0,Starfield.esm
Alpha Centauri,Jemison,Metabolic Agent,PCM_Alpha-Centauri_Jemison_Critter02,Fauna,N,,Frozen Mountains; Coniferous Forest,Ruminant,ESM: mod_CCT_Special_Domesticate,Ambiguous (2),0003F5A1,JemisonPlanetData,0019B898,PCM_Alpha-Centauri_Jemison_Critter02,2026-08-10T21:01:47,1.0.0,Starfield.esm
Alpha Centauri,Jemison,Metabolic Agent,PCM_Alpha-Centauri_Jemison_Prey02,Fauna,Y,Fiber,Deciduous Forest; Mountains,Geophage,ESM: mod_CCT_Special_Domesticate,Ambiguous (2),0003F5A1,JemisonPlanetData,0019B89B,PCM_Alpha-Centauri_Jemison_Prey02,2026-08-10T21:01:47,1.0.0,Starfield.esm
Alpha Centauri,Jemison,Metabolic Agent,Tufted Snow Willow,Flora,Y,,Frozen Mountains; Mountains; Coniferous Forest,,Legacy Organic Resources sheet,Unique,0003F5A1,JemisonPlanetData,00185479,FloraBiomeFrozen04,2026-08-10T21:01:47,1.0.0,Starfield.esm
Alpha Centauri,Jemison,Nutrient,Herding Cutterhead Herbivore,Fauna,Y,Fiber,Deciduous Forest; Mountains,Xylophage,ESM: mod_CCT_Special_Domesticate,Unique,0003F5A1,JemisonPlanetData,0019B89C,PCM_Alpha-Centauri_Jemison_Prey01,2026-08-10T21:01:47,1.0.0,Starfield.esm
Alpha Centauri,Jemison,Nutrient,Broadleaf Rose,Flora,Y,,Mountains; Coniferous Forest,,Legacy Organic Resources sheet,Disambiguated by ESM name,0003F5A1,JemisonPlanetData,00185489,FloraBiomeForestConiferous01,2026-08-10T21:01:47,1.0.0,Starfield.esm
Alpha Centauri,Jemison,Nutrient,Cliff Laurel,Flora,Y,,Frozen Mountains; Deciduous Forest; Mountains; Coniferous Forest,,Legacy Organic Resources sheet,Disambiguated by ESM name,0003F5A1,JemisonPlanetData,001854D8,FloraBiomeMountains02,2026-08-10T21:01:47,1.0.0,Starfield.esm
Alpha Centauri,Jemison,Sedative,Hunting Tuskfrog,Fauna,N,,Deciduous Forest; Mountains,Carnivore,ESM: mod_CCT_Special_Domesticate,Unique,0003F5A1,JemisonPlanetData,0019B89E,PCM_Alpha-Centauri_Jemison_Predator02,2026-08-10T21:01:47,1.0.0,Starfield.esm
Alpha Centauri,Jemison,Spice,Apex Crocodaunt,Fauna,N,,Frozen Mountains; Coniferous Forest,Carnivore,ESM: mod_CCT_Special_Domesticate,Unique,0003F5A1,JemisonPlanetData,0019B89D,PCM_Alpha-Centauri_Jemison_Predator03,2026-08-10T21:01:47,1.0.0,Starfield.esm
Alpha Centauri,Jemison,Structural,Apex Parrothawk,Fauna,N,,Frozen Mountains; Deciduous Forest; Mountains; Coniferous Forest,Carnivore,ESM: mod_CCT_Special_Domesticate,Unique,0003F5A1,JemisonPlanetData,00048A34,PCM_Alpha-Centauri_Jemison_Predator04,2026-08-10T21:01:47,1.0.0,Starfield.esm
Alpha Centauri,Jemison,Toxin,Aurora Palm,Flora,N,,Deciduous Forest; Mountains,,Legacy Organic Resources sheet,Disambiguated by ESM name,0003F5A1,JemisonPlanetData,002F80BB,FloraBiomeMountains10,2026-08-10T21:01:47,1.0.0,Starfield.esm
Alpha Centauri,Jemison,Toxin,Cold Cave Nettle,Flora,Y,,Frozen Mountains; Mountains,,Legacy Organic Resources sheet,Disambiguated by ESM name,0003F5A1,JemisonPlanetData,002F80A0,FloraBiomeFrozen10,2026-08-10T21:01:47,1.0.0,Starfield.esm
Alpha Centauri,Jemison,Toxin,Spiral Creeper,Flora,Y,,Deciduous Forest; Coniferous Forest,,Legacy Organic Resources sheet,Disambiguated by ESM name,0003F5A1,JemisonPlanetData,001854C1,FloraBiomeForestDeciduous04,2026-08-10T21:01:47,1.0.0,Starfield.esm
Alpha Centauri,Jemison,Toxin Agent,PCM_Alpha-Centauri_Jemison_Prey03,Fauna,Y,Fiber,Frozen Mountains; Coniferous Forest,Omnivore,ESM: mod_CCT_Special_Domesticate,No legacy match,0003F5A1,JemisonPlanetData,0019B89A,PCM_Alpha-Centauri_Jemison_Prey03,2026-08-10T21:01:47,1.0.0,Starfield.esm
Alpha Marae,Alpha Marae I,Sealant,Fingerface Geophage,Fauna,N,,Rocky Desert; Hills; Sandy Desert,Geophage,ESM: mod_CCT_Special_Domesticate,Unique,0005E123,AlphaMaraeIPlanetData,001EA39E,PCM_Alpha-Marae_Alpha-Marae-I_Critter01,2026-08-10T21:01:47,1.0.0,Starfield.esm
Alpha Marae,Alpha Marae I,Toxin Agent,PCM_Alpha-Marae_Alpha-Marae-I_Critter02,Fauna,N,,Rocky Desert; Hills; Sandy Desert,Broadly Herbivorous,ESM: mod_CCT_Special_Domesticate,No legacy match,0005E123,AlphaMaraeIPlanetData,001EA39D,PCM_Alpha-Marae_Alpha-Marae-I_Critter02,2026-08-10T21:01:47,1.0.0,Starfield.esm
Alpha Ternion,Ternion III,Antimicrobial,Hunting Seabat,Fauna,N,,Mountains; Deciduous Forest,Carnivore,ESM: mod_CCT_Special_Domesticate,Unique,0005DEE9,TernionIIIPlanetData,001A6176,PCM_Alpha-Ternion_Ternion-III_Predator03,2026-08-10T21:01:47,1.0.0,Starfield.esm
Alpha Ternion,Ternion III,Aromatic,Pack Bladepack,Fauna,N,,Savanna; Volcanic,Carnivore,ESM: mod_CCT_Special_Domesticate,Unique,0005DEE9,TernionIIIPlanetData,001A6178,PCM_Alpha-Ternion_Ternion-III_Predator01,2026-08-10T21:01:47,1.0.0,Starfield.esm
Alpha Ternion,Ternion III,Fiber,Golden Creeper,Flora,Y,,Coniferous Forest; Deciduous Forest,,Legacy Organic Resources sheet,Unique,0005DEE9,TernionIIIPlanetData,00185487,FloraBiomeForestConiferous03,2026-08-10T21:01:47,1.0.0,Starfield.esm
Alpha Ternion,Ternion III,Metabolic Agent,Pack Crab Stalker,Fauna,N,,Coniferous Forest; Deciduous Forest,Carnivore,ESM: mod_CCT_Special_Domesticate,Unique,0005DEE9,TernionIIIPlanetData,001A6177,PCM_Alpha-Ternion_Ternion-III_Predator02,2026-08-10T21:01:47,1.0.0,Starfield.esm
Alpha Ternion,Ternion III,Metabolic Agent,Spitting Goatweed,Flora,Y,,Savanna,,Legacy Organic Resources sheet,Unique,0005DEE9,TernionIIIPlanetData,002F80D0,FloraBiomeSavanna08,2026-08-10T21:01:47,1.0.0,Starfield.esm
Alpha Ternion,Ternion III,Nutrient,PCM_Alpha-Ternion_Ternion-III_Critter01,Fauna,N,,Savanna; Volcanic,Ruminant,ESM: mod_CCT_Special_Domesticate,Ambiguous (2),0005DEE9,TernionIIIPlanetData,001A6171,PCM_Alpha-Ternion_Ternion-III_Critter01,2026-08-10T21:01:47,1.0.0,Starfield.esm
Alpha Ternion,Ternion III,Nutrient,PCM_Alpha-Ternion_Ternion-III_Prey01,Fauna,Y,Fiber,Savanna; Volcanic,Omnivore,ESM: mod_CCT_Special_Domesticate,Ambiguous (2),0005DEE9,TernionIIIPlanetData,001A6175,PCM_Alpha-Ternion_Ternion-III_Prey01,2026-08-10T21:01:47,1.0.0,Starfield.esm
Alpha Ternion,Ternion III,Nutrient,Duster Shrub,Flora,N,,Mountains; Volcanic,,Legacy Organic Resources sheet,Unique,0005DEE9,TernionIIIPlanetData,002F80AD,FloraBiomeVolcanicWorn06,2026-08-10T21:01:47,1.0.0,Starfield.esm
Alpha Ternion,Ternion III,Ornamental,Carasnail Geophage,Fauna,N,,Mountains; Deciduous Forest,Geophage,ESM: mod_CCT_Special_Domesticate,Unique,0005DEE9,TernionIIIPlanetData,001A6170,PCM_Alpha-Ternion_Ternion-III_Critter02,2026-08-10T21:01:47,1.0.0,Starfield.esm
Alpha Ternion,Ternion III,Pigment,Forest Wisp,Flora,Y,,Coniferous Forest; Deciduous Forest,,Legacy Organic Resources sheet,Unique,0005DEE9,TernionIIIPlanetData,00185484,FloraBiomeForestConiferous06,2026-08-10T21:01:47,1.0.0,Starfield.esm
Alpha Ternion,Ternion III,Polymer,Flocking Leafbug Filterer,Fauna,Y,Fiber,Coniferous Forest; Deciduous Forest,Filter-Feeder,ESM: mod_CCT_Special_Domesticate,Unique,0005DEE9,TernionIIIPlanetData,001A6174,PCM_Alpha-Ternion_Ternion-III_Prey02,2026-08-10T21:01:47,1.0.0,Starfield.esm
Alpha Ternion,Ternion III,Polymer,Cliffberry,Flora,Y,,Mountains; Volcanic,,Legacy Organic Resources sheet,Disambiguated by ESM name,0005DEE9,TernionIIIPlanetData,002F80B8,FloraBiomeMountains08,2026-08-10T21:01:47,1.0.0,Starfield.esm
Alpha Ternion,Ternion III,Polymer,Spitting Pokeweed,Flora,N,,Coniferous Forest; Deciduous Forest,,Legacy Organic Resources sheet,Disambiguated by ESM name,0005DEE9,TernionIIIPlanetData,001854BC,FloraBiomeForestDeciduous09,2026-08-10T21:01:47,1.0.0,Starfield.esm
Alpha Ternion,Ternion III,Sealant,Herding Blistercrab Grazer,Fauna,Y,Fiber,Coniferous Forest; Deciduous Forest,Ruminant,ESM: mod_CCT_Special_Domesticate,Unique,0005DEE9,TernionIIIPlanetData,001A6173,PCM_Alpha-Ternion_Ternion-III_Prey03,2026-08-10T21:01:47,1.0.0,Starfield.esm
Alpha Ternion,Ternion III,Spice,Flocking Scepterer Filterer,Fauna,Y,Fiber,Mountains; Deciduous Forest,Filter-Feeder,ESM: mod_CCT_Special_Domesticate,Unique,0005DEE9,TernionIIIPlanetData,001A6172,PCM_Alpha-Ternion_Ternion-III_Prey04,2026-08-10T21:01:47,1.0.0,Starfield.esm
Alpha Ternion,Ternion III,Structural,Explorer's Coleus,Flora,Y,,Coniferous Forest; Deciduous Forest,,Legacy Organic Resources sheet,Disambiguated by ESM name,0005DEE9,TernionIIIPlanetData,001854BF,FloraBiomeForestDeciduous06,2026-08-10T21:01:47,1.0.0,Starfield.esm
Alpha Ternion,Ternion III,Structural,Mountain Silkweed,Flora,N,,Mountains; Volcanic,,Legacy Organic Resources sheet,Disambiguated by ESM name,0005DEE9,TernionIIIPlanetData,002F80B5,FloraBiomeMountains06,2026-08-10T21:01:47,1.0.0,Starfield.esm
Alpha Ternion,Ternion III,Toxin,Fallen Star Palm,Flora,N,,Savanna,,Legacy Organic Resources sheet,Unique,0005DEE9,TernionIIIPlanetData,002F80D1,FloraBiomeSavanna09,2026-08-10T21:01:47,1.0.0,Starfield.esm
Alpha Tirna,Tirna II,Adhesive,Hunting Coralcrab,Fauna,N,,Volcanic; Sandy Desert; Mountains,Carnivore,ESM: mod_CCT_Special_Domesticate,Unique,0005E476,TirnaIIPlanetData,001B15AD,PCM_Alpha-Tirna_Tirna-II_Predator01,2026-08-10T21:01:47,1.0.0,Starfield.esm
Alpha Tirna,Tirna II,Cosmetic,Flocking Toadface Herbivore,Fauna,Y,Fiber,Volcanic; Sandy Desert; Mountains,Frugivore,ESM: mod_CCT_Special_Domesticate,Unique,0005E476,TirnaIIPlanetData,001B15AB,PCM_Alpha-Tirna_Tirna-II_Prey01,2026-08-10T21:01:47,1.0.0,Starfield.esm
Alpha Tirna,Tirna II,Fiber,Milliwhale Grazer,Fauna,N,,Volcanic; Sandy Desert; Mountains,Broadly Herbivorous,ESM: mod_CCT_Special_Domesticate,Unique,0005E476,TirnaIIPlanetData,001B15A9,PCM_Alpha-Tirna_Tirna-II_Critter01,2026-08-10T21:01:47,1.0.0,Starfield.esm
Alpha Tirna,Tirna II,Fiber,Passenger Vine,Flora,Y,,Volcanic; Sandy Desert,,Legacy Organic Resources sheet,Unique,0005E476,TirnaIIPlanetData,001854E2,FloraBiomeVolcanicWorn02,2026-08-10T21:01:47,1.0.0,Starfield.esm
Alpha Tirna,Tirna II,Metabolic Agent,Mustard Bugweed,Flora,Y,,Sandy Desert; Mountains,,Legacy Organic Resources sheet,Unique,0005E476,TirnaIIPlanetData,00185504,FloraBiomeDesertSandy08,2026-08-10T21:01:47,1.0.0,Starfield.esm
Alpha Tirna,Tirna II,Nutrient,Flamethorn Herbivore,Fauna,Y,Fiber,Volcanic; Sandy Desert; Mountains,Xylophage,ESM: mod_CCT_Special_Domesticate,Unique,0005E476,TirnaIIPlanetData,001B15A8,PCM_Alpha-Tirna_Tirna-II_Critter02,2026-08-10T21:01:47,1.0.0,Starfield.esm
Alpha Tirna,Tirna II,Nutrient,Aurora Palm,Flora,N,,Volcanic; Mountains,,Legacy Organic Resources sheet,Unique,0005E476,TirnaIIPlanetData,002F80BB,FloraBiomeMountains10,2026-08-10T21:01:47,1.0.0,Starfield.esm
Alpha Tirna,Tirna II,Ornamental,Pack Cockroach,Fauna,Y,Nutrient,Volcanic; Sandy Desert; Mountains,Carnivore,ESM: mod_CCT_Special_Domesticate,Unique,0005E476,TirnaIIPlanetData,001B15AC,PCM_Alpha-Tirna_Tirna-II_Predator02,2026-08-10T21:01:47,1.0.0,Starfield.esm
Alpha Tirna,Tirna II,Sealant,Herding Vuvuzelisk Filterer,Fauna,Y,Fiber,Volcanic; Sandy Desert; Mountains,Filter-Feeder,ESM: mod_CCT_Special_Domesticate,Unique,0005E476,TirnaIIPlanetData,001B15AA,PCM_Alpha-Tirna_Tirna-II_Prey02,2026-08-10T21:01:47,1.0.0,Starfield.esm
Alpha Tirna,Tirna II,Sealant,Ash Flower,Flora,Y,,Volcanic; Sandy Desert; Mountains,,Legacy Organic Resources sheet,Unique,0005E476,TirnaIIPlanetData,001854DF,FloraBiomeVolcanicWorn05,2026-08-10T21:01:47,1.0.0,Starfield.esm
Alpha Tirna,Tirna II,Structural,Cliff Laurel,Flora,Y,,Mountains,,Legacy Organic Resources sheet,Unique,0005E476,TirnaIIPlanetData,001854D8,FloraBiomeMountains02,2026-08-10T21:01:47,1.0.0,Starfield.esm
Alpha Tirna,Tirna II,Toxin,Spiny Bell Cactus,Flora,Y,,Volcanic; Sandy Desert,,Legacy Organic Resources sheet,Unique,0005E476,TirnaIIPlanetData,0018550B,FloraBiomeDesertSandy01,2026-08-10T21:01:47,1.0.0,Starfield.esm
Alpha Tirna,Tirna VIII-C,Antimicrobial,Swarming Crab,Fauna,Y,Nutrient,Savanna; Mountains; Hills,Carnivore,ESM: mod_CCT_Special_Domesticate,Unique,0005E48A,TirnaVIII-cPlanetData,001B15A7,PCM_Alpha-Tirna_Tirna-VIII-C_Predator01,2026-08-10T21:01:47,1.0.0,Starfield.esm
Alpha Tirna,Tirna VIII-C,Fiber,Warren Nettle,Flora,Y,,Swamp; Savanna; Mountains; Hills,,Legacy Organic Resources sheet,Unique,0005E48A,TirnaVIII-cPlanetData,002F80B3,FloraBiomeHills10,2026-08-10T21:01:47,1.0.0,Starfield.esm
Alpha Tirna,Tirna VIII-C,Lubricant,Herding Blistercrab Grazer,Fauna,Y,Fiber,Savanna; Mountains; Hills,Broadly Herbivorous,ESM: mod_CCT_Special_Domesticate,Unique,0005E48A,TirnaVIII-cPlanetData,001B15A6,PCM_Alpha-Tirna_Tirna-VIII-C_Prey01,2026-08-10T21:01:47,1.0.0,Starfield.esm
Alpha Tirna,Tirna VIII-C,Metabolic Agent,Spaceroach Herbivore,Fauna,Y,Fiber,Frozen Hills; Savanna; Mountains; Hills,Frugivore,ESM: mod_CCT_Special_Domesticate,Unique,0005E48A,TirnaVIII-cPlanetData,001B15A4,PCM_Alpha-Tirna_Tirna-VIII-C_Critter01,2026-08-10T21:01:47,1.0.0,Starfield.esm
Alpha Tirna,Tirna VIII-C,Nutrient,Fallen Star Palm,Flora,N,,Swamp; Savanna; Mountains; Hills,,Legacy Organic Resources sheet,Unique,0005E48A,TirnaVIII-cPlanetData,002F80D1,FloraBiomeSavanna09,2026-08-10T21:01:47,1.0.0,Starfield.esm
Alpha Tirna,Tirna VIII-C,Pigment,Flocking Crab Filterer,Fauna,Y,Fiber,Savanna; Mountains; Hills,Filter-Feeder,ESM: mod_CCT_Special_Domesticate,Unique,0005E48A,TirnaVIII-cPlanetData,001B15A5,PCM_Alpha-Tirna_Tirna-VIII-C_Prey02,2026-08-10T21:01:47,1.0.0,Starfield.esm
Alpha Tirna,Tirna VIII-C,Sealant,Pack Unishark,Fauna,N,,Ocean; Swamp,Carnivore,ESM: mod_CCT_Special_Domesticate,Unique,0005E48A,TirnaVIII-cPlanetData,00221DC6,PCM_Alpha-Tirna_Tirna-VIII-C_Predator02_Swimmer,2026-08-10T21:01:47,1.0.0,Starfield.esm
Alpha Tirna,Tirna VIII-C,Sealant,Bellona Bush,Flora,Y,,Swamp; Savanna; Mountains; Hills,,Legacy Organic Resources sheet,Unique,0005E48A,TirnaVIII-cPlanetData,0018549A,FloraBiomeArchipelago04,2026-08-10T21:01:47,1.0.0,Starfield.esm
Alpha Tirna,Tirna VIII-C,Structural,Aruna Goldenglow,Flora,N,,Swamp; Savanna; Mountains; Hills,,Legacy Organic Resources sheet,Unique,0005E48A,TirnaVIII-cPlanetData,001854CE,FloraBiomeHills02,2026-08-10T21:01:47,1.0.0,Starfield.esm
Alpha Tirna,Tirna VIII-C,Toxin,Broken Heart Vine,Flora,N,,Swamp; Savanna; Mountains; Hills,,Legacy Organic Resources sheet,Unique,0005E48A,TirnaVIII-cPlanetData,001854F6,FloraBiomeSavanna02,2026-08-10T21:01:47,1.0.0,Starfield.esm
Alpha Tirna,Tirna X-A,Adhesive,Herding Wiggler Geophage,Fauna,Y,Fiber,Volcanic; Mountains; Frozen Hills; Rocky Desert; Hills,Geophage,ESM: mod_CCT_Special_Domesticate,Unique,0005E493,TirnaX-aPlanetData,001B159A,PCM_Alpha-Tirna_Tirna-X-A_Prey01,2026-08-10T21:01:47,1.0.0,Starfield.esm
Alpha Tirna,Tirna X-A,Sealant,Hunting Cricket,Fauna,N,,Volcanic; Mountains; Frozen Hills; Rocky Desert; Hills,Carnivore,ESM: mod_CCT_Special_Domesticate,Unique,0005E493,TirnaX-aPlanetData,001B159B,PCM_Alpha-Tirna_Tirna-X-A_Predator01,2026-08-10T21:01:47,1.0.0,Starfield.esm
Altair,Altair II,Adhesive,Hunting Sharkwhale,Fauna,N,,Ocean,Carnivore,ESM: mod_CCT_Special_Domesticate,Unique,0005E05C,AltairIIPlanetData,00025A9E,PCM_Altair-II_Predator02,2026-08-10T21:01:47,1.0.0,Starfield.esm
Altair,Altair II,Amino Acids,Bitter Goldenglow,Flora,N,,Rocky Desert,,Legacy Organic Resources sheet,Unique,0005E05C,AltairIIPlanetData,001854F9,FloraBiomeDesertRocky09,2026-08-10T21:01:47,1.0.0,Starfield.esm
Altair,Altair II,Membrane,Hunting Brightcage,Fauna,N,,Frozen Hills; Rocky Desert,Carnivore,ESM: mod_CCT_Special_Domesticate,Unique,0005E05C,AltairIIPlanetData,001ECFDA,PCM_Altair-II_Predator01,2026-08-10T21:01:47,1.0.0,Starfield.esm
Altair,Altair II,Membrane,Canis Palm,Flora,Y,,Rocky Desert,,Legacy Organic Resources sheet,Unique,0005E05C,AltairIIPlanetData,001854FA,FloraBiomeDesertRocky08,2026-08-10T21:01:47,1.0.0,Starfield.esm
Altair,Altair II,Nutrient,Eggsac Filterer,Fauna,N,,Frozen Hills; Rocky Desert,Filter-Feeder,ESM: mod_CCT_Special_Domesticate,Unique,0005E05C,AltairIIPlanetData,00025A9D,PCM_Altair-II_Critter02,2026-08-10T21:01:47,1.0.0,Starfield.esm
Altair,Altair II,Sealant,Herding Sunflower Filterer,Fauna,N,,Frozen Hills; Rocky Desert,Filter-Feeder,ESM: mod_CCT_Special_Domesticate,Unique,0005E05C,AltairIIPlanetData,001ECFD9,PCM_Altair-II_Prey01,2026-08-10T21:01:47,1.0.0,Starfield.esm
Altair,Altair II,Sealant,Tremor Root,Flora,N,,Rocky Desert,,Legacy Organic Resources sheet,Unique,0005E05C,AltairIIPlanetData,00185501,FloraBiomeDesertRocky01,2026-08-10T21:01:47,1.0.0,Starfield.esm
Altair,Altair II,Structural,Centiskull Geophage,Fauna,Y,Fiber,Frozen Hills; Rocky Desert,Geophage,ESM: mod_CCT_Special_Domesticate,Unique,0005E05C,AltairIIPlanetData,001ECFD8,PCM_Altair-II_Critter01,2026-08-10T21:01:47,1.0.0,Starfield.esm
Altair,Altair II,Structural,Gasping Fireleaf,Flora,N,,Rocky Desert,,Legacy Organic Resources sheet,Unique,0005E05C,AltairIIPlanetData,001854FB,FloraBiomeDesertRocky07,2026-08-10T21:01:47,1.0.0,Starfield.esm
Andromas,Andromas II,Antimicrobial,Pack Brainsprout,Fauna,N,,Hills; Savanna,Carnivore,ESM: mod_CCT_Special_Domesticate,Unique,0005E0CE,AndromasIIPlanetData,001EA2AD,PCM_Andromas_Andromas-II_Predator02,2026-08-10T21:01:47,1.0.0,Starfield.esm
Andromas,Andromas II,Cosmetic,Hunting Sharkwhale,Fauna,N,,Ocean,Carnivore,ESM: mod_CCT_Special_Domesticate,Unique,0005E0CE,AndromasIIPlanetData,001EA2AF,PCM_Andromas_Andromas-II_Predator01,2026-08-10T21:01:47,1.0.0,Starfield.esm
Andromas,Andromas II,Fiber,Warren Nettle,Flora,Y,,Hills,,Legacy Organic Resources sheet,Unique,0005E0CE,AndromasIIPlanetData,002F80B3,FloraBiomeHills10,2026-08-10T21:01:47,1.0.0,Starfield.esm
Andromas,Andromas II,Hallucinogen,Augustus Creeper,Flora,Y,,Hills; Savanna,,Legacy Organic Resources sheet,Unique,0005E0CE,AndromasIIPlanetData,001854CB,FloraBiomeHills05,2026-08-10T21:01:47,1.0.0,Starfield.esm
Andromas,Andromas II,Metabolic Agent,Canard Filterer,Fauna,N,,Frozen Mountains; Hills; Savanna,Filter-Feeder,ESM: mod_CCT_Special_Domesticate,Unique,0005E0CE,AndromasIIPlanetData,001EA2AB,PCM_Andromas_Andromas-II_Critter01,2026-08-10T21:01:47,1.0.0,Starfield.esm
Andromas,Andromas II,Sealant,Herding Snail Grazer,Fauna,N,,Hills; Savanna,Ruminant,ESM: mod_CCT_Special_Domesticate,Unique,0005E0CE,AndromasIIPlanetData,001EA2AC,PCM_Andromas_Andromas-II_Prey02,2026-08-10T21:01:47,1.0.0,Starfield.esm
Andromas,Andromas II,Sealant,Fallen Star Palm,Flora,N,,Savanna,,Legacy Organic Resources sheet,Unique,0005E0CE,AndromasIIPlanetData,002F80D1,FloraBiomeSavanna09,2026-08-10T21:01:47,1.0.0,Starfield.esm
Andromas,Andromas II,Toxin Agent,PCM_Andromas_Andromas-II_Prey01,Fauna,N,,Ocean,Broadly Herbivorous,ESM: mod_CCT_Special_Domesticate,No legacy match,0005E0CE,AndromasIIPlanetData,001EA2AE,PCM_Andromas_Andromas-II_Prey01,2026-08-10T21:01:47,1.0.0,Starfield.esm
Andromas,Andromas III,Fiber,Herding Nautiloos Filterer,Fauna,N,,Frozen Mountains; Craters,Filter-Feeder,ESM: mod_CCT_Special_Domesticate,Unique,0005E0CF,AndromasIIIPlanetData,001E9BFC,PCM_Andromas_Andromas-III_Prey03,2026-08-10T21:01:47,1.0.0,Starfield.esm
Andromas,Andromas III,Hallucinogen,Craterhorn Shrub,Flora,N,,Craters,,Legacy Organic Resources sheet,Unique,0005E0CF,AndromasIIIPlanetData,001854A6,FloraBiomeCratered01,2026-08-10T21:01:47,1.0.0,Starfield.esm
Andromas,Andromas III,Ornamental,Coralheart Filterer,Fauna,N,,Frozen Mountains; Craters,Filter-Feeder,ESM: mod_CCT_Special_Domesticate,Unique,0005E0CF,AndromasIIIPlanetData,001E9BFE,PCM_Andromas_Andromas-III_Critter01,2026-08-10T21:01:47,1.0.0,Starfield.esm
Andromas,Andromas III,Sealant,Herding Brainblimp Filterer,Fauna,N,,Frozen Mountains; Craters,Filter-Feeder,ESM: mod_CCT_Special_Domesticate,Unique,0005E0CF,AndromasIIIPlanetData,001E9BFD,PCM_Andromas_Andromas-III_Prey02,2026-08-10T21:01:47,1.0.0,Starfield.esm
Andromas,Andromas III,Sealant,Haviva Vine,Flora,Y,,Craters,,Legacy Organic Resources sheet,Unique,0005E0CF,AndromasIIIPlanetData,0018549F,FloraBiomeCratered08,2026-08-10T21:01:47,1.0.0,Starfield.esm
Andromas,Andromas III,Structural,Sweet Wallflower,Flora,Y,,Craters,,Legacy Organic Resources sheet,Unique,0005E0CF,AndromasIIIPlanetData,0018549D,FloraBiomeCratered10,2026-08-10T21:01:47,1.0.0,Starfield.esm
Aranae,Aranae I,Nutrient,Dovefoot Pedestal,Flora,N,,Craters,,Legacy Organic Resources sheet,Unique,0005E287,AranaeIPlanetData,001854A5,FloraBiomeCratered02,2026-08-10T21:01:47,1.0.0,Starfield.esm
Aranae,Aranae I,Ornamental,Hunting Leafstrider,Fauna,N,,Craters,Carnivore,ESM: mod_CCT_Special_Domesticate,Unique,0005E287,AranaeIPlanetData,001EA0D8,PCM_Aranae_Aranae-I_Predator01,2026-08-10T21:01:47,1.0.0,Starfield.esm
Aranae,Aranae I,Sealant,Herding Wobbleback Geophage,Fauna,N,,Craters,Geophage,ESM: mod_CCT_Special_Domesticate,Unique,0005E287,AranaeIPlanetData,001EA0D7,PCM_Aranae_Aranae-I_Prey01,2026-08-10T21:01:47,1.0.0,Starfield.esm
Archimedes,Archimedes II,Aromatic,Apex Exorunner,Fauna,N,,Volcanic,Carnivore,ESM: mod_CCT_Special_Domesticate,Unique,0005DE4B,ArchimedesIIPlanetData,001E7E88,PCM_Archimedes_Archimedes-II_Predator01,2026-08-10T21:01:47,1.0.0,Starfield.esm
Archimedes,Archimedes II,Fiber,Tufted Snow Willow,Flora,Y,,Frozen Plains,,Legacy Organic Resources sheet,Unique,0005DE4B,ArchimedesIIPlanetData,00185479,FloraBiomeFrozen04,2026-08-10T21:01:47,1.0.0,Starfield.esm
Archimedes,Archimedes II,Metabolic Agent,Tubule Scavenger,Fauna,N,,Frozen Plains; Volcanic,Omnivore,ESM: mod_CCT_Special_Domesticate,Unique,0005DE4B,ArchimedesIIPlanetData,001E7E85,PCM_Archimedes_Archimedes-II_Critter01,2026-08-10T21:01:47,1.0.0,Starfield.esm
Archimedes,Archimedes II,Sealant,Kingshead Bugloss,Flora,Y,,Volcanic,,Legacy Organic Resources sheet,Unique,0005DE4B,ArchimedesIIPlanetData,002F80C8,FloraBiomeVolcanicRough09,2026-08-10T21:01:47,1.0.0,Starfield.esm
Archimedes,Archimedes II,Sedative,Herding Stonewalker Geophage,Fauna,Y,Fiber,Volcanic,Geophage,ESM: mod_CCT_Special_Domesticate,Unique,0005DE4B,ArchimedesIIPlanetData,001E7E86,PCM_Archimedes_Archimedes-II_Prey01,2026-08-10T21:01:47,1.0.0,Starfield.esm
Archimedes,Archimedes II,Sedative,Crimson Courtstalk,Flora,Y,,Volcanic,,Legacy Organic Resources sheet,Unique,0005DE4B,ArchimedesIIPlanetData,001854E9,FloraBiomeVolcanicRough05,2026-08-10T21:01:47,1.0.0,Starfield.esm
Archimedes,Archimedes II,Structural,Pack Ankylosaurus,Fauna,N,,Volcanic,Carnivore,ESM: mod_CCT_Special_Domesticate,Unique,0005DE4B,ArchimedesIIPlanetData,001E7E87,PCM_Archimedes_Archimedes-II_Predator02,2026-08-10T21:01:47,1.0.0,Starfield.esm
Archimedes,Archimedes III,Antimicrobial,Swarming Maggotmaw,Fauna,N,,Swamp; Wetlands; Coniferous Forest; Savanna; Deciduous Forest,Carnivore,ESM: mod_CCT_Special_Domesticate,Unique,0005DE4C,ArchimedesIIIPlanetData,001E757E,PCM_Archimedes_Archimedes-III_Predator02,2026-08-10T21:01:47,1.0.0,Starfield.esm
Archimedes,Archimedes III,Aromatic,Velvet Bloom,Flora,N,,Swamp,,Legacy Organic Resources sheet,Unique,0005DE4C,ArchimedesIIIPlanetData,00185498,FloraBiomeArchipelago06,2026-08-10T21:01:47,1.0.0,Starfield.esm
Archimedes,Archimedes III,Fiber,Herding Lockjaw Scavenger,Fauna,N,,Swamp; Wetlands,Omnivore,ESM: mod_CCT_Special_Domesticate,Unique,0005DE4C,ArchimedesIIIPlanetData,001E757A,PCM_Archimedes_Archimedes-III_Prey04,2026-08-10T21:01:47,1.0.0,Starfield.esm
Archimedes,Archimedes III,Lubricant,Herding Kelpstrider Herbivore,Fauna,N,,Swamp; Coniferous Forest; Deciduous Forest,Xylophage,ESM: mod_CCT_Special_Domesticate,Unique,0005DE4C,ArchimedesIIIPlanetData,001E7581,PCM_Archimedes_Archimedes-III_Prey01,2026-08-10T21:01:47,1.0.0,Starfield.esm
Archimedes,Archimedes III,Lubricant,Canary Reed,Flora,N,,Savanna; Mountains,,Legacy Organic Resources sheet,Disambiguated by ESM name,0005DE4C,ArchimedesIIIPlanetData,001854F5,FloraBiomeSavanna03,2026-08-10T21:01:47,1.0.0,Starfield.esm
Archimedes,Archimedes III,Lubricant,Jagged Heart leaf,Flora,Y,,Coniferous Forest; Deciduous Forest,,Legacy Organic Resources sheet,Disambiguated by ESM name,0005DE4C,ArchimedesIIIPlanetData,001854C0,FloraBiomeForestDeciduous05,2026-08-10T21:01:47,1.0.0,Starfield.esm
Archimedes,Archimedes III,Metabolic Agent,Grabber Scavenger,Fauna,N,,Swamp; Wetlands,Omnivore,ESM: mod_CCT_Special_Domesticate,Unique,0005DE4C,ArchimedesIIIPlanetData,001E757C,PCM_Archimedes_Archimedes-III_Critter01,2026-08-10T21:01:47,1.0.0,Starfield.esm
Archimedes,Archimedes III,Nutrient,PCM_Archimedes_Archimedes-III_Critter03_Flyer,Fauna,N,,Swamp; Wetlands; Coniferous Forest; Savanna; Mountains; Deciduous Forest,Omnivore,ESM: mod_CCT_Special_Domesticate,Ambiguous (2),0005DE4C,ArchimedesIIIPlanetData,00023535,PCM_Archimedes_Archimedes-III_Critter03_Flyer,2026-08-10T21:01:47,1.0.0,Starfield.esm
Archimedes,Archimedes III,Nutrient,PCM_Archimedes_Archimedes-III_Prey03,Fauna,N,,Swamp; Wetlands; Savanna,Broadly Herbivorous,ESM: mod_CCT_Special_Domesticate,Ambiguous (2),0005DE4C,ArchimedesIIIPlanetData,001E757D,PCM_Archimedes_Archimedes-III_Prey03,2026-08-10T21:01:47,1.0.0,Starfield.esm
Archimedes,Archimedes III,Ornamental,Beetle Scavenger,Fauna,N,,Frozen Plains; Coniferous Forest; Mountains; Deciduous Forest,Omnivore,ESM: mod_CCT_Special_Domesticate,Unique,0005DE4C,ArchimedesIIIPlanetData,001E757B,PCM_Archimedes_Archimedes-III_Critter02,2026-08-10T21:01:47,1.0.0,Starfield.esm
Archimedes,Archimedes III,Pigment,Pack Trapmaw,Fauna,N,,Swamp; Wetlands; Coniferous Forest; Deciduous Forest,Carnivore,ESM: mod_CCT_Special_Domesticate,Unique,0005DE4C,ArchimedesIIIPlanetData,001E757F,PCM_Archimedes_Archimedes-III_Predator01,2026-08-10T21:01:47,1.0.0,Starfield.esm
Archimedes,Archimedes III,Pigment,Moon Root,Flora,Y,,Swamp; Wetlands,,Legacy Organic Resources sheet,Unique,0005DE4C,ArchimedesIIIPlanetData,001854E0,FloraBiomeVolcanicWorn04,2026-08-10T21:01:47,1.0.0,Starfield.esm
Archimedes,Archimedes III,Sealant,Flocking Leafbug Grazer,Fauna,N,,Swamp; Wetlands; Coniferous Forest; Savanna; Deciduous Forest,Broadly Herbivorous,ESM: mod_CCT_Special_Domesticate,Unique,0005DE4C,ArchimedesIIIPlanetData,001E7580,PCM_Archimedes_Archimedes-III_Prey02,2026-08-10T21:01:47,1.0.0,Starfield.esm
Archimedes,Archimedes III,Sealant,Cliff Laurel,Flora,Y,,Savanna; Mountains,,Legacy Organic Resources sheet,Unique,0005DE4C,ArchimedesIIIPlanetData,001854D8,FloraBiomeMountains02,2026-08-10T21:01:47,1.0.0,Starfield.esm
Archimedes,Archimedes V-a,Adhesive,PCM_Archimedes_Archimedes-V-a_Predator01,Fauna,N,,Hills; Mountains,Carnivore,ESM: mod_CCT_Special_Domesticate,Ambiguous (4),0005DE51,ArchimedesV-aPlanetData,001E7104,PCM_Archimedes_Archimedes-V-a_Predator01,2026-08-10T21:01:47,1.0.0,Starfield.esm
Archimedes,Archimedes V-a,Adhesive,PCM_Archimedes_Archimedes-V-a_Predator02,Fauna,N,,Wetlands,Carnivore,ESM: mod_CCT_Special_Domesticate,Ambiguous (4),0005DE51,ArchimedesV-aPlanetData,001E7103,PCM_Archimedes_Archimedes-V-a_Predator02,2026-08-10T21:01:47,1.0.0,Starfield.esm
Archimedes,Archimedes V-a,Adhesive,PCM_Archimedes_Archimedes-V-a_Predator03,Fauna,N,,Wetlands; Hills; Savanna,Carnivore,ESM: mod_CCT_Special_Domesticate,Ambiguous (4),0005DE51,ArchimedesV-aPlanetData,001E7102,PCM_Archimedes_Archimedes-V-a_Predator03,2026-08-10T21:01:47,1.0.0,Starfield.esm
Archimedes,Archimedes V-a,Adhesive,PCM_Archimedes_Archimedes-V-a_Predator04,Fauna,N,,Hills; Deciduous Forest; Savanna,Carnivore,ESM: mod_CCT_Special_Domesticate,Ambiguous (4),0005DE51,ArchimedesV-aPlanetData,001E7101,PCM_Archimedes_Archimedes-V-a_Predator04,2026-08-10T21:01:47,1.0.0,Starfield.esm
Archimedes,Archimedes V-a,Adhesive,Spitting Pokeweed,Flora,N,,Wetlands; Mountains; Deciduous Forest,,Legacy Organic Resources sheet,Unique,0005DE51,ArchimedesV-aPlanetData,001854BC,FloraBiomeForestDeciduous09,2026-08-10T21:01:47,1.0.0,Starfield.esm
Archimedes,Archimedes V-a,Sealant,Canary Reed,Flora,N,,Hills; Mountains; Savanna,,Legacy Organic Resources sheet,Unique,0005DE51,ArchimedesV-aPlanetData,001854F5,FloraBiomeSavanna03,2026-08-10T21:01:47,1.0.0,Starfield.esm
Archimedes,Archimedes V-a,Structural,Spaceroach Scavenger,Fauna,N,,Frozen Volcanic; Wetlands; Hills; Mountains; Deciduous Forest; Savanna,Omnivore,ESM: mod_CCT_Special_Domesticate,Unique,0005DE51,ArchimedesV-aPlanetData,001E7100,PCM_Archimedes_Archimedes-V-a_Critter01,2026-08-10T21:01:47,1.0.0,Starfield.esm
Archimedes,Archimedes V-a,Toxin,Red Latticebulb,Flora,N,,Hills,,Legacy Organic Resources sheet,Unique,0005DE51,ArchimedesV-aPlanetData,002F80A6,FloraBiomeHills08,2026-08-10T21:01:47,1.0.0,Starfield.esm
Arcturus,Arcturus II,Adhesive,Herding Brainsprout Grazer,Fauna,Y,Fiber,Tropical Forest; Sandy Desert; Mountains,Broadly Herbivorous,ESM: mod_CCT_Special_Domesticate,Unique,0005E337,ArcturusIIPlanetData,001E6689,PCM_Arcturus_Arcturus-II_Prey02,2026-08-10T21:01:47,1.0.0,Starfield.esm
Arcturus,Arcturus II,Amino Acids,Flocking Orchid Scavenger,Fauna,Y,Fiber,Tropical Forest; Sandy Desert; Mountains,Omnivore,ESM: mod_CCT_Special_Domesticate,Unique,0005E337,ArcturusIIPlanetData,001E668A,PCM_Arcturus_Arcturus-II_Prey01,2026-08-10T21:01:47,1.0.0,Starfield.esm
Arcturus,Arcturus II,Fiber,Enduring Bugleweed,Flora,Y,,Sandy Desert; Mountains,,Legacy Organic Resources sheet,Unique,0005E337,ArcturusIIPlanetData,001854D7,FloraBiomeMountains03,2026-08-10T21:01:47,1.0.0,Starfield.esm
Arcturus,Arcturus II,Metabolic Agent,Hunting Landshark,Fauna,N,,Tropical Forest; Sandy Desert; Mountains,Carnivore,ESM: mod_CCT_Special_Domesticate,Unique,0005E337,ArcturusIIPlanetData,001E668B,PCM_Arcturus_Arcturus-II_Predator01,2026-08-10T21:01:47,1.0.0,Starfield.esm
Arcturus,Arcturus II,Polymer,Moth Vine,Flora,N,,Tropical Forest,,Legacy Organic Resources sheet,Unique,0005E337,ArcturusIIPlanetData,002F8094,FloraBiomeForestTropical09,2026-08-10T21:01:47,1.0.0,Starfield.esm
Arcturus,Arcturus II,Sealant,Hecate's Fireleaf,Flora,N,,Sandy Desert; Mountains,,Legacy Organic Resources sheet,Unique,0005E337,ArcturusIIPlanetData,00185508,FloraBiomeDesertSandy04,2026-08-10T21:01:47,1.0.0,Starfield.esm
Arcturus,Arcturus II,Toxin,Fire Rose,Flora,Y,,Tropical Forest,,Legacy Organic Resources sheet,Unique,0005E337,ArcturusIIPlanetData,002F808C,FloraBiomeForestTropical06,2026-08-10T21:01:47,1.0.0,Starfield.esm
Arcturus,Arcturus II,Toxin Agent,PCM_Arcturus_Arcturus-II_Critter01,Fauna,N,,Frozen Crevasses; Tropical Forest; Sandy Desert; Mountains,Ruminant,ESM: mod_CCT_Special_Domesticate,No legacy match,0005E337,ArcturusIIPlanetData,001E6688,PCM_Arcturus_Arcturus-II_Critter01,2026-08-10T21:01:47,1.0.0,Starfield.esm
Bannoc,Bannoc II,Fiber,Starpod Silkweed,Flora,N,,Deciduous Forest; Savanna,,Legacy Organic Resources sheet,Unique,0005E03C,BannocIIPlanetData,002F80CC,FloraBiomeSavanna06,2026-08-10T21:01:47,1.0.0,Starfield.esm
Bannoc,Bannoc II,Membrane,Herding Coralbug Filterer,Fauna,Y,Fiber,Volcanic; Mountains; Deciduous Forest; Savanna,Filter-Feeder,ESM: mod_CCT_Special_Domesticate,Unique,0005E03C,BannocIIPlanetData,001E4E97,PCM_Bannoc-Prime_Bannoc-Prime-II_Prey01,2026-08-10T21:01:47,1.0.0,Starfield.esm
Bannoc,Bannoc II,Membrane,Leafy Morningstar,Flora,Y,,Deciduous Forest; Savanna,,Legacy Organic Resources sheet,Unique,0005E03C,BannocIIPlanetData,001854C3,FloraBiomeForestDeciduous02,2026-08-10T21:01:47,1.0.0,Starfield.esm
Bannoc,Bannoc II,Nutrient,Pearl Filterer,Fauna,N,,Volcanic; Mountains; Deciduous Forest; Frozen Plains; Savanna,Filter-Feeder,ESM: mod_CCT_Special_Domesticate,Unique,0005E03C,BannocIIPlanetData,00023536,PCM_Bannoc-Prime_Bannoc-Prime-II_Critter02_Floater,2026-08-10T21:01:47,1.0.0,Starfield.esm
Bannoc,Bannoc II,Ornamental,Swarming Shardhopper,Fauna,Y,Nutrient,Volcanic; Mountains; Deciduous Forest; Frozen Plains,Carnivore,ESM: mod_CCT_Special_Domesticate,Unique,0005E03C,BannocIIPlanetData,001E4E98,PCM_Bannoc-Prime_Bannoc-Prime-II_Predator01,2026-08-10T21:01:47,1.0.0,Starfield.esm
Bannoc,Bannoc II,Sealant,Herding Coralcrawler Filterer,Fauna,Y,Fiber,Volcanic; Mountains; Deciduous Forest; Frozen Plains,Filter-Feeder,ESM: mod_CCT_Special_Domesticate,Unique,0005E03C,BannocIIPlanetData,001E4E96,PCM_Bannoc-Prime_Bannoc-Prime-II_Prey02,2026-08-10T21:01:47,1.0.0,Starfield.esm
Bannoc,Bannoc II,Structural,Cliffberry,Flora,Y,,Volcanic; Mountains,,Legacy Organic Resources sheet,Unique,0005E03C,BannocIIPlanetData,002F80B8,FloraBiomeMountains08,2026-08-10T21:01:47,1.0.0,Starfield.esm
Bannoc,Bannoc II,Toxin Agent,PCM_Bannoc-Prime_Bannoc-Prime-II_Critter01,Fauna,N,,Volcanic; Mountains; Deciduous Forest; Frozen Plains,Filter-Feeder,ESM: mod_CCT_Special_Domesticate,No legacy match,0005E03C,BannocIIPlanetData,001E4E95,PCM_Bannoc-Prime_Bannoc-Prime-II_Critter01,2026-08-10T21:01:47,1.0.0,Starfield.esm
Bara,Bara II,Sealant,Flocking Crab Geophage,Fauna,N,,Mountains; Rocky Desert,Geophage,ESM: mod_CCT_Special_Domesticate,Unique,0005E391,BaraIIPlanetData,001E2871,PCM_Bara_Bara-II-Prey01,2026-08-10T21:01:47,1.0.0,Starfield.esm
Bara,Bara III,Analgesic,Hunting Brainsquid,Fauna,N,,Frozen Plains; Savanna; Mountains,Carnivore,ESM: mod_CCT_Special_Domesticate,Unique,0005E393,BaraIIIPlanetData,001E29A4,PCM_Bara_Bara-III_Predator01,2026-08-10T21:01:47,1.0.0,Starfield.esm
Bara,Bara III,Analgesic,Nebula Vine,Flora,N,,Frozen Plains; Savanna; Mountains,,Legacy Organic Resources sheet,Unique,0005E393,BaraIIIPlanetData,002F80B7,FloraBiomeMountains07,2026-08-10T21:01:47,1.0.0,Starfield.esm
Bara,Bara III,Antimicrobial,Shoaling Exowhale Filterer,Fauna,N,,Ocean,Filter-Feeder,ESM: mod_CCT_Special_Domesticate,Unique,0005E393,BaraIIIPlanetData,001E29A0,PCM_Bara_Bara-III_Prey03_Swimmer,2026-08-10T21:01:47,1.0.0,Starfield.esm
Bara,Bara III,Fiber,Pack Crabfly,Fauna,N,,Frozen Plains; Savanna,Carnivore,ESM: mod_CCT_Special_Domesticate,Unique,0005E393,BaraIIIPlanetData,001E29A3,PCM_Bara_Bara-III_Predator02,2026-08-10T21:01:47,1.0.0,Starfield.esm
Bara,Bara III,Metabolic Agent,Beetle Grazer,Fauna,Y,Fiber,Savanna; Mountains,Broadly Herbivorous,ESM: mod_CCT_Special_Domesticate,Unique,0005E393,BaraIIIPlanetData,001E299F,PCM_Bara_Bara-III_Critter01,2026-08-10T21:01:47,1.0.0,Starfield.esm
Bara,Bara III,Nutrient,Caterpillar Scavenger,Fauna,Y,Fiber,Frozen Plains; Savanna,Omnivore,ESM: mod_CCT_Special_Domesticate,Unique,0005E393,BaraIIIPlanetData,001E299E,PCM_Bara_Bara-III_Critter02,2026-08-10T21:01:47,1.0.0,Starfield.esm
Bara,Bara III,Ornamental,Herding Leafstrider Filterer,Fauna,N,,Frozen Plains; Savanna,Filter-Feeder,ESM: mod_CCT_Special_Domesticate,Unique,0005E393,BaraIIIPlanetData,001E29A1,PCM_Bara_Bara-III_Prey02,2026-08-10T21:01:47,1.0.0,Starfield.esm
Bara,Bara III,Pigment,Mothwing Scavenger,Fauna,N,,Frozen Plains; Savanna; Mountains,Omnivore,ESM: mod_CCT_Special_Domesticate,Unique,0005E393,BaraIIIPlanetData,0002353B,PCM_Bara_Bara-III_Critter03_Flyer,2026-08-10T21:01:47,1.0.0,Starfield.esm
Bara,Bara III,Sealant,Spitting Goatweed,Flora,Y,,Savanna,,Legacy Organic Resources sheet,Unique,0005E393,BaraIIIPlanetData,002F80D0,FloraBiomeSavanna08,2026-08-10T21:01:47,1.0.0,Starfield.esm
Bara,Bara III,Stimulant,Flocking Plateskin Grazer,Fauna,N,,Frozen Plains; Savanna; Mountains,Broadly Herbivorous,ESM: mod_CCT_Special_Domesticate,Unique,0005E393,BaraIIIPlanetData,001E29A2,PCM_Bara_Bara-III_Prey01,2026-08-10T21:01:47,1.0.0,Starfield.esm
Bara,Bara III,Toxin,Cold Cave Nettle,Flora,Y,,Frozen Plains; Mountains,,Legacy Organic Resources sheet,Unique,0005E393,BaraIIIPlanetData,002F80A0,FloraBiomeFrozen10,2026-08-10T21:01:47,1.0.0,Starfield.esm
Bardeen,Bardeen III,Amino Acids,Herding Spiderwasp Grazer,Fauna,Y,Fiber,Wetlands; Deciduous Forest,Ruminant,ESM: mod_CCT_Special_Domesticate,Unique,0005E526,BardeenIIIPlanetData,001AF640,PCM_Bardeen_Bardeen-III_Prey02,2026-08-10T21:01:47,1.0.0,Starfield.esm
Bardeen,Bardeen III,Analgesic,Nebula weed,Flora,Y,,Wetlands; Deciduous Forest; Hills,,Legacy Organic Resources sheet,Unique,0005E526,BardeenIIIPlanetData,001854BD,FloraBiomeForestDeciduous08,2026-08-10T21:01:47,1.0.0,Starfield.esm
Bardeen,Bardeen III,Cosmetic,Frost Reed,Flora,Y,,Mountains; Frozen Plains,,Legacy Organic Resources sheet,Unique,0005E526,BardeenIIIPlanetData,0018547A,FloraBiomeFrozen03,2026-08-10T21:01:47,1.0.0,Starfield.esm
Bardeen,Bardeen III,Fiber,Bleeding Heart Vine,Flora,N,,Mountains; Hills,,Legacy Organic Resources sheet,Unique,0005E526,BardeenIIIPlanetData,001854CF,FloraBiomeHills01,2026-08-10T21:01:47,1.0.0,Starfield.esm
Bardeen,Bardeen III,Lubricant,Bowing Shadeleaf,Flora,Y,,Mountains; Frozen Plains; Deciduous Forest; Hills,,Legacy Organic Resources sheet,Unique,0005E526,BardeenIIIPlanetData,002F80A1,FloraBiomeHills06,2026-08-10T21:01:47,1.0.0,Starfield.esm
Bardeen,Bardeen III,Membrane,Parrothawk Scavenger,Fauna,N,,Mountains; Wetlands; Deciduous Forest; Hills,Omnivore,ESM: mod_CCT_Special_Domesticate,Unique,0005E526,BardeenIIIPlanetData,0008BDB6,PCM_Bardeen_Bardeen-III_Critter03_Flyer,2026-08-10T21:01:47,1.0.0,Starfield.esm
Bardeen,Bardeen III,Metabolic Agent,Flocking Roundface Herbivore,Fauna,Y,Fiber,Mountains; Deciduous Forest; Hills,Xylophage,ESM: mod_CCT_Special_Domesticate,Unique,0005E526,BardeenIIIPlanetData,001AF641,PCM_Bardeen_Bardeen-III_Prey01,2026-08-10T21:01:47,1.0.0,Starfield.esm
Bardeen,Bardeen III,Metabolic Agent,Gnaw Stalk,Flora,N,,Wetlands,,Legacy Organic Resources sheet,Unique,0005E526,BardeenIIIPlanetData,0018546F,FloraBiomeWetlands04,2026-08-10T21:01:47,1.0.0,Starfield.esm
Bardeen,Bardeen III,Nutrient,Tubecrawler Scavenger,Fauna,N,,Frozen Plains; Wetlands,Omnivore,ESM: mod_CCT_Special_Domesticate,Unique,0005E526,BardeenIIIPlanetData,001AF63C,PCM_Bardeen_Bardeen-III_Critter02,2026-08-10T21:01:47,1.0.0,Starfield.esm
Bardeen,Bardeen III,Nutrient,Atlas Weed,Flora,Y,,Mountains; Deciduous Forest,,Legacy Organic Resources sheet,Unique,0005E526,BardeenIIIPlanetData,001854C2,FloraBiomeForestDeciduous03,2026-08-10T21:01:47,1.0.0,Starfield.esm
Bardeen,Bardeen III,Pigment,Grabber Grazer,Fauna,N,,Mountains; Deciduous Forest; Hills,Ruminant,ESM: mod_CCT_Special_Domesticate,Unique,0005E526,BardeenIIIPlanetData,001AF63D,PCM_Bardeen_Bardeen-III_Critter01,2026-08-10T21:01:47,1.0.0,Starfield.esm
Bardeen,Bardeen III,Polymer,Pack Horsamander,Fauna,N,,Frozen Plains; Wetlands,Carnivore,ESM: mod_CCT_Special_Domesticate,Unique,0005E526,BardeenIIIPlanetData,001AF642,PCM_Bardeen_Bardeen-III_Predator03,2026-08-10T21:01:47,1.0.0,Starfield.esm
Bardeen,Bardeen III,Sealant,Herding Dragon Scavenger,Fauna,Y,Fiber,Frozen Plains; Wetlands,Omnivore,ESM: mod_CCT_Special_Domesticate,Unique,0005E526,BardeenIIIPlanetData,001AF63E,PCM_Bardeen_Bardeen-III_Prey04,2026-08-10T21:01:47,1.0.0,Starfield.esm
Bardeen,Bardeen III,Sealant,Rotting Stinkroot,Flora,Y,,Wetlands,,Legacy Organic Resources sheet,Unique,0005E526,BardeenIIIPlanetData,00185470,FloraBiomeWetlands03,2026-08-10T21:01:47,1.0.0,Starfield.esm
Bardeen,Bardeen III,Sedative,Swarming Clickbeetle,Fauna,N,,Wetlands; Deciduous Forest,Carnivore,ESM: mod_CCT_Special_Domesticate,Unique,0005E526,BardeenIIIPlanetData,001AF643,PCM_Bardeen_Bardeen-III_Predator02,2026-08-10T21:01:47,1.0.0,Starfield.esm
Bardeen,Bardeen III,Spice,Pack Exocrawler,Fauna,N,,Mountains; Deciduous Forest; Hills,Carnivore,ESM: mod_CCT_Special_Domesticate,Unique,0005E526,BardeenIIIPlanetData,001AF644,PCM_Bardeen_Bardeen-III_Predator01,2026-08-10T21:01:47,1.0.0,Starfield.esm
Bardeen,Bardeen III,Structural,Schooling Kronosaurus Scavenger,Fauna,N,,Ocean,Omnivore,ESM: mod_CCT_Special_Domesticate,Unique,0005E526,BardeenIIIPlanetData,0008BDB7,PCM_Bardeen_Bardeen-III_Prey05_Swimmer,2026-08-10T21:01:47,1.0.0,Starfield.esm
Bardeen,Bardeen III,Toxin,Leafy Morningstar,Flora,Y,,Deciduous Forest,,Legacy Organic Resources sheet,Unique,0005E526,BardeenIIIPlanetData,001854C3,FloraBiomeForestDeciduous02,2026-08-10T21:01:47,1.0.0,Starfield.esm
Bardeen,Bardeen III,Unique,PCM_Bardeen_Bardeen-III_Prey03,Fauna,Y,Fiber,Wetlands; Deciduous Forest,Xylophage,ESM: mod_CCT_Special_Domesticate,No legacy match,0005E526,BardeenIIIPlanetData,001AF63F,PCM_Bardeen_Bardeen-III_Prey03,2026-08-10T21:01:47,1.0.0,Starfield.esm
Bardeen,Bardeen V-C,Antimicrobial,Pinecone Herbivore,Fauna,N,,Frozen Plains; Deciduous Forest; Coniferous Forest,Xylophage,ESM: mod_CCT_Special_Domesticate,Unique,0005E530,BardeenV-cPlanetData,001E293C,PCM_Bardeen_Bardeen-V-c_Critter01,2026-08-10T21:01:47,1.0.0,Starfield.esm
Bardeen,Bardeen V-C,Cosmetic,Flocking Hippodon Herbivore,Fauna,Y,Fiber,Deciduous Forest; Coniferous Forest,Xylophage,ESM: mod_CCT_Special_Domesticate,Unique,0005E530,BardeenV-cPlanetData,001E293B,PCM_Bardeen_Bardeen-V-c_Prey02,2026-08-10T21:01:47,1.0.0,Starfield.esm
Bardeen,Bardeen V-C,Fiber,Herding Vuvuzelisk Herbivore,Fauna,Y,Fiber,Deciduous Forest; Coniferous Forest,Xylophage,ESM: mod_CCT_Special_Domesticate,Unique,0005E530,BardeenV-cPlanetData,001E293D,PCM_Bardeen_Bardeen-V-c_Prey01,2026-08-10T21:01:47,1.0.0,Starfield.esm
Bardeen,Bardeen V-C,Nutrient,Sweet Canis Vine,Flora,Y,,Deciduous Forest; Coniferous Forest,,Legacy Organic Resources sheet,Unique,0005E530,BardeenV-cPlanetData,00185483,FloraBiomeForestConiferous07,2026-08-10T21:01:47,1.0.0,Starfield.esm
Bardeen,Bardeen V-C,Sealant,Pack Cricket,Fauna,N,,Deciduous Forest; Coniferous Forest,Carnivore,ESM: mod_CCT_Special_Domesticate,Unique,0005E530,BardeenV-cPlanetData,001E293E,PCM_Bardeen_Bardeen-V-c_Predator01,2026-08-10T21:01:47,1.0.0,Starfield.esm
Bardeen,Bardeen V-C,Structural,Leafy Morningstar,Flora,Y,,Deciduous Forest; Coniferous Forest,,Legacy Organic Resources sheet,Unique,0005E530,BardeenV-cPlanetData,001854C3,FloraBiomeForestDeciduous02,2026-08-10T21:01:47,1.0.0,Starfield.esm
Bardeen,Bardeen V-C,Toxin,Rotorstalk,Flora,N,,Deciduous Forest; Coniferous Forest,,Legacy Organic Resources sheet,Unique,0005E530,BardeenV-cPlanetData,00185491,FloraBiomeCanyons03,2026-08-10T21:01:47,1.0.0,Starfield.esm
Bel,Bel I,Adhesive,Pack Exocrawler Scavenger,Fauna,Y,Fiber,Savanna,Omnivore,ESM: mod_CCT_Special_Domesticate,Unique,0005DFB1,BelIPlanetData,001EF059,PCM_Bel_BelI_PredatorB,2026-08-10T21:01:47,1.0.0,Starfield.esm
Bel,Bel I,Amino Acids,Hunting Trapmaw,Fauna,N,,Hills; Savanna,Carnivore,ESM: mod_CCT_Special_Domesticate,Unique,0005DFB1,BelIPlanetData,001F0057,PCM_Bel_BelI_PredatorA,2026-08-10T21:01:47,1.0.0,Starfield.esm
Bel,Bel I,Analgesic,Sage Shrub,Flora,Y,,Hills; Savanna,,Legacy Organic Resources sheet,Unique,0005DFB1,BelIPlanetData,001854F4,FloraBiomeSavanna04,2026-08-10T21:01:47,1.0.0,Starfield.esm
Bel,Bel I,Antimicrobial,Fallen Star Palm,Flora,N,,Savanna,,Legacy Organic Resources sheet,Unique,0005DFB1,BelIPlanetData,002F80D1,FloraBiomeSavanna09,2026-08-10T21:01:47,1.0.0,Starfield.esm
Bel,Bel I,Aromatic,Spaceroach Grazer,Fauna,N,,Frozen Hills; Hills; Savanna,Broadly Herbivorous,ESM: mod_CCT_Special_Domesticate,Unique,0005DFB1,BelIPlanetData,001EF053,PCM_Bel_BelI_CritterC,2026-08-10T21:01:47,1.0.0,Starfield.esm
Bel,Bel I,Aromatic,Savanna Sweetbush,Flora,N,,Hills; Savanna,,Legacy Organic Resources sheet,Unique,0005DFB1,BelIPlanetData,001854F7,FloraBiomeSavanna01,2026-08-10T21:01:47,1.0.0,Starfield.esm
Bel,Bel I,Fiber,Gossamer Filterer,Fauna,N,,Frozen Hills,Filter-Feeder,ESM: mod_CCT_Special_Domesticate,Unique,0005DFB1,BelIPlanetData,001EF055,PCM_Bel_BelI_CritterB,2026-08-10T21:01:47,1.0.0,Starfield.esm
Bel,Bel I,Metabolic Agent,Herding Octomaggot Filterer,Fauna,Y,Fiber,Hills; Savanna,Filter-Feeder,ESM: mod_CCT_Special_Domesticate,Unique,0005DFB1,BelIPlanetData,001EF057,PCM_Bel_BelI_PreyA,2026-08-10T21:01:47,1.0.0,Starfield.esm
Bel,Bel I,Nutrient,Flamethorn Grazer,Fauna,N,,Savanna,Ruminant,ESM: mod_CCT_Special_Domesticate,Unique,0005DFB1,BelIPlanetData,001EF054,PCM_Bel_BelI_CritterA,2026-08-10T21:01:47,1.0.0,Starfield.esm
Bel,Bel I,Polymer,Herding Horsamander Geophage,Fauna,N,,Frozen Hills; Hills,Geophage,ESM: mod_CCT_Special_Domesticate,Unique,0005DFB1,BelIPlanetData,001EF056,PCM_Bel_BelI_PreyB,2026-08-10T21:01:47,1.0.0,Starfield.esm
Bel,Bel I,Sealant,Aruna Goldenglow,Flora,N,,Frozen Hills; Hills; Savanna,,Legacy Organic Resources sheet,Unique,0005DFB1,BelIPlanetData,001854CE,FloraBiomeHills02,2026-08-10T21:01:47,1.0.0,Starfield.esm
Bel,Bel I,Structural,Twilight Cradleleaf,Flora,Y,,Hills; Savanna,,Legacy Organic Resources sheet,Unique,0005DFB1,BelIPlanetData,002F80D4,FloraBiomeSavanna10,2026-08-10T21:01:47,1.0.0,Starfield.esm
Bel,Bel I,Toxin Agent,PCM_Bel_BelI_PredatorC,Fauna,N,,Frozen Hills,Omnivore,ESM: mod_CCT_Special_Domesticate,No legacy match,0005DFB1,BelIPlanetData,001EF058,PCM_Bel_BelI_PredatorC,2026-08-10T21:01:47,1.0.0,Starfield.esm
Bel,Bel II,Antimicrobial,Herding Bonemane Herbivore,Fauna,N,,Coniferous Forest,Xylophage,ESM: mod_CCT_Special_Domesticate,Unique,0005DFB3,BelIIPlanetData,001EE896,PCM_Bel_BelII_PreyA,2026-08-10T21:01:47,1.0.0,Starfield.esm
Bel,Bel II,Aromatic,Abyss Pine Seedling,Flora,Y,,Coniferous Forest,,Legacy Organic Resources sheet,Unique,0005DFB3,BelIIPlanetData,00185488,FloraBiomeForestConiferous02,2026-08-10T21:01:47,1.0.0,Starfield.esm
Bel,Bel II,Fiber,Hunting Trihorn,Fauna,N,,Coniferous Forest; Savanna,Carnivore,ESM: mod_CCT_Special_Domesticate,Unique,0005DFB3,BelIIPlanetData,001EE897,PCM_Bel_BelII_PredatorA,2026-08-10T21:01:47,1.0.0,Starfield.esm
Bel,Bel II,Metabolic Agent,Grabber Grazer,Fauna,N,,Savanna,Broadly Herbivorous,ESM: mod_CCT_Special_Domesticate,Unique,0005DFB3,BelIIPlanetData,001EE894,PCM_Bel_BelII_CritterA,2026-08-10T21:01:47,1.0.0,Starfield.esm
Bel,Bel II,Nutrient,Fallen Star Palm,Flora,N,,Savanna,,Legacy Organic Resources sheet,Unique,0005DFB3,BelIIPlanetData,002F80D1,FloraBiomeSavanna09,2026-08-10T21:01:47,1.0.0,Starfield.esm
Bel,Bel II,Ornamental,Herding Seabat Grazer,Fauna,N,,Savanna,Ruminant,ESM: mod_CCT_Special_Domesticate,Unique,0005DFB3,BelIIPlanetData,001EE895,PCM_Bel_BelII_PreyB,2026-08-10T21:01:47,1.0.0,Starfield.esm
Bel,Bel II,Structural,Forest Wisp,Flora,N,,Coniferous Forest,,Legacy Organic Resources sheet,Unique,0005DFB3,BelIIPlanetData,00185484,FloraBiomeForestConiferous06,2026-08-10T21:01:47,1.0.0,Starfield.esm
Bel,Bel II,Toxin,Canary Reed,Flora,N,,Savanna,,Legacy Organic Resources sheet,Unique,0005DFB3,BelIIPlanetData,001854F5,FloraBiomeSavanna03,2026-08-10T21:01:47,1.0.0,Starfield.esm
Bel,Bel II,Unique,PCM_Bel_BelII_CritterB,Fauna,N,,Frozen Dunes; Coniferous Forest; Savanna,Filter-Feeder,ESM: mod_CCT_Special_Domesticate,No legacy match,0005DFB3,BelIIPlanetData,001EE893,PCM_Bel_BelII_CritterB,2026-08-10T21:01:47,1.0.0,Starfield.esm
Beta Andraste,Beta Andraste I-A,Sealant,Flocking Cobalt Filterer,Fauna,N,,Hills; Savanna; Rocky Desert; Plateau; Volcanic,Filter-Feeder,ESM: mod_CCT_Special_Domesticate,Unique,0005E340,BetaAndrasteI-aPlanetData,001E46F7,PCM_Beta-Andraste_Beta-Andraste-I-a_Prey01,2026-08-10T21:01:47,1.0.0,Starfield.esm
Beta Andraste,Beta Andraste I-A,Structural,Swarming Whaleshark,Fauna,N,,Hills; Savanna; Rocky Desert; Plateau; Volcanic,Carnivore,ESM: mod_CCT_Special_Domesticate,Unique,0005E340,BetaAndrasteI-aPlanetData,001E46F8,PCM_Beta-Andraste_Beta-Andraste-I-a_Predator01,2026-08-10T21:01:47,1.0.0,Starfield.esm
Beta Marae,Beta Marae I,Amino Acids,Swarming Eggback,Fauna,N,,Wetlands; Tropical Forest,Carnivore,ESM: mod_CCT_Special_Domesticate,Unique,0005E10C,BetaMaraeIPlanetData,001AE4E7,PCM_Beta-Marae_Beta-Marae-I_Predator02,2026-08-10T21:01:47,1.0.0,Starfield.esm
Beta Marae,Beta Marae I,Aromatic,Herding Vectorback Herbivore,Fauna,Y,Fiber,Wetlands; Tropical Forest,Xylophage,ESM: mod_CCT_Special_Domesticate,Unique,0005E10C,BetaMaraeIPlanetData,001AE4E5,PCM_Beta-Marae_Beta-Marae-I_Prey01,2026-08-10T21:01:47,1.0.0,Starfield.esm
Beta Marae,Beta Marae I,Biosuppressant,Swarming Brightcage,Fauna,N,,Deciduous Forest; Coniferous Forest,Carnivore,ESM: mod_CCT_Special_Domesticate,Unique,0005E10C,BetaMaraeIPlanetData,001AE4E6,PCM_Beta-Marae_Beta-Marae-I_Predator03,2026-08-10T21:01:47,1.0.0,Starfield.esm
Beta Marae,Beta Marae I,Cosmetic,Coralheart Scavenger,Fauna,N,,Wetlands; Tropical Forest,Omnivore,ESM: mod_CCT_Special_Domesticate,Unique,0005E10C,BetaMaraeIPlanetData,001AE4E0,PCM_Beta-Marae_Beta-Marae-I_Critter01,2026-08-10T21:01:47,1.0.0,Starfield.esm
Beta Marae,Beta Marae I,Cosmetic,Burnt Pokeleaf,Flora,Y,,Rocky Desert; Mountains; Plateau,,Legacy Organic Resources sheet,Unique,0005E10C,BetaMaraeIPlanetData,001854F8,FloraBiomeDesertRocky10,2026-08-10T21:01:47,1.0.0,Starfield.esm
Beta Marae,Beta Marae I,Fiber,Spitting Pokeweed,Flora,N,,Deciduous Forest; Coniferous Forest,,Legacy Organic Resources sheet,Disambiguated by ESM name,0005E10C,BetaMaraeIPlanetData,001854BC,FloraBiomeForestDeciduous09,2026-08-10T21:01:47,1.0.0,Starfield.esm
Beta Marae,Beta Marae I,Fiber,Titan Coleus,Flora,N,,Rocky Desert; Mountains; Plateau,,Legacy Organic Resources sheet,Disambiguated by ESM name,0005E10C,BetaMaraeIPlanetData,0018548F,FloraBiomeCanyons05,2026-08-10T21:01:47,1.0.0,Starfield.esm
Beta Marae,Beta Marae I,Hallucinogen,Hunting Boneshell,Fauna,N,,Wetlands; Tropical Forest,Carnivore,ESM: mod_CCT_Special_Domesticate,Unique,0005E10C,BetaMaraeIPlanetData,001AE4E8,PCM_Beta-Marae_Beta-Marae-I_Predator01,2026-08-10T21:01:47,1.0.0,Starfield.esm
Beta Marae,Beta Marae I,Lubricant,Herding Beetlecrab Grazer,Fauna,Y,Fiber,Deciduous Forest; Coniferous Forest,Ruminant,ESM: mod_CCT_Special_Domesticate,Unique,0005E10C,BetaMaraeIPlanetData,001AE4E2,PCM_Beta-Marae_Beta-Marae-I_Prey04,2026-08-10T21:01:47,1.0.0,Starfield.esm
Beta Marae,Beta Marae I,Membrane,Herding Mothwing Scavenger,Fauna,N,,Wetlands; Deciduous Forest; Coniferous Forest; Rocky Desert; Mountains; Plateau; Tropical Forest,Omnivore,ESM: mod_CCT_Special_Domesticate,Unique,0005E10C,BetaMaraeIPlanetData,00273718,PCM_Beta-Marae_Beta-Marae-I_Prey06_Flyer,2026-08-10T21:01:47,1.0.0,Starfield.esm
Beta Marae,Beta Marae I,Metabolic Agent,Herding Rockground Scavenger,Fauna,Y,Fiber,Deciduous Forest; Coniferous Forest,Omnivore,ESM: mod_CCT_Special_Domesticate,Unique,0005E10C,BetaMaraeIPlanetData,001AE4E1,PCM_Beta-Marae_Beta-Marae-I_Prey05,2026-08-10T21:01:47,1.0.0,Starfield.esm
Beta Marae,Beta Marae I,Metabolic Agent,Firecracker Vine,Flora,N,,Wetlands; Tropical Forest,,Legacy Organic Resources sheet,Unique,0005E10C,BetaMaraeIPlanetData,002F8096,FloraBiomeForestTropical10,2026-08-10T21:01:47,1.0.0,Starfield.esm
Beta Marae,Beta Marae I,Nutrient,Flocking Leafstrider Filterer,Fauna,Y,Fiber,Wetlands; Tropical Forest,Filter-Feeder,ESM: mod_CCT_Special_Domesticate,Unique,0005E10C,BetaMaraeIPlanetData,001AE4E4,PCM_Beta-Marae_Beta-Marae-I_Prey02,2026-08-10T21:01:47,1.0.0,Starfield.esm
Beta Marae,Beta Marae I,Nutrient,Starburst Silkweed,Flora,Y,,Deciduous Forest; Coniferous Forest,,Legacy Organic Resources sheet,Unique,0005E10C,BetaMaraeIPlanetData,0018547E,FloraBiomeForestConiferous09,2026-08-10T21:01:47,1.0.0,Starfield.esm
Beta Marae,Beta Marae I,Pigment,Grabber Grazer,Fauna,N,,Deciduous Forest; Coniferous Forest,Ruminant,ESM: mod_CCT_Special_Domesticate,Unique,0005E10C,BetaMaraeIPlanetData,001AE4DF,PCM_Beta-Marae_Beta-Marae-I_Critter02,2026-08-10T21:01:47,1.0.0,Starfield.esm
Beta Marae,Beta Marae I,Sealant,Autumn Junglebloom,Flora,N,,Wetlands; Deciduous Forest; Tropical Forest,,Legacy Organic Resources sheet,Unique,0005E10C,BetaMaraeIPlanetData,002F8092,FloraBiomeForestTropical08,2026-08-10T21:01:47,1.0.0,Starfield.esm
Beta Marae,Beta Marae I,Sedative,Herding Roundshell Scavenger,Fauna,Y,Fiber,Wetlands; Tropical Forest,Omnivore,ESM: mod_CCT_Special_Domesticate,Unique,0005E10C,BetaMaraeIPlanetData,001AE4E3,PCM_Beta-Marae_Beta-Marae-I_Prey03,2026-08-10T21:01:47,1.0.0,Starfield.esm
Beta Marae,Beta Marae I,Structural,Aurora Palm,Flora,N,,Coniferous Forest; Rocky Desert; Mountains; Plateau,,Legacy Organic Resources sheet,Unique,0005E10C,BetaMaraeIPlanetData,002F80BB,FloraBiomeMountains10,2026-08-10T21:01:47,1.0.0,Starfield.esm
Beta Marae,Beta Marae I,Toxin,Bog Bloom,Flora,Y,,Wetlands; Tropical Forest,,Legacy Organic Resources sheet,Unique,0005E10C,BetaMaraeIPlanetData,0018546D,FloraBiomeWetlands06,2026-08-10T21:01:47,1.0.0,Starfield.esm
Beta Ternion,Beta Ternion I,Metabolic Agent,Stunted Pine,Flora,Y,,Sandy Desert; Mountains,,Legacy Organic Resources sheet,Unique,0005DF04,BetaTernionIPlanetData,001854D9,FloraBiomeMountains01,2026-08-10T21:01:47,1.0.0,Starfield.esm
Beta Ternion,Beta Ternion I,Nutrient,Hunting Crab,Fauna,N,,Sandy Desert; Mountains,Carnivore,ESM: mod_CCT_Special_Domesticate,Unique,0005DF04,BetaTernionIPlanetData,001E70F1,PCM_BetaTernion_BetaTernionI_PredatorA,2026-08-10T21:01:47,1.0.0,Starfield.esm
Beta Ternion,Beta Ternion I,Stimulant,Herding Leafback Grazer,Fauna,N,,Sandy Desert; Mountains,Broadly Herbivorous,ESM: mod_CCT_Special_Domesticate,Unique,0005DF04,BetaTernionIPlanetData,001E70F0,PCM_BetaTernion_BetaTernionI_PreyA,2026-08-10T21:01:47,1.0.0,Starfield.esm
Beta Ternion,Beta Ternion I,Stimulant,Bristle Barrel,Flora,Y,,Sandy Desert; Mountains,,Legacy Organic Resources sheet,Unique,0005DF04,BetaTernionIPlanetData,00185503,FloraBiomeDesertSandy09,2026-08-10T21:01:47,1.0.0,Starfield.esm
Beta Ternion,Beta Ternion I,Structural,Wanderer's Husk,Flora,Y,,Sandy Desert,,Legacy Organic Resources sheet,Unique,0005DF04,BetaTernionIPlanetData,00185507,FloraBiomeDesertSandy05,2026-08-10T21:01:47,1.0.0,Starfield.esm
Beta Ternion,Beta Ternion I,Toxin Agent,PCM_BetaTernion_BetaTernionI_CritterA,Fauna,N,,Frozen Volcanic; Sandy Desert; Mountains,Filter-Feeder,ESM: mod_CCT_Special_Domesticate,No legacy match,0005DF04,BetaTernionIPlanetData,001E70EF,PCM_BetaTernion_BetaTernionI_CritterA,2026-08-10T21:01:47,1.0.0,Starfield.esm
Beta Ternion,Beta Ternion II,Adhesive,Hunting Landshark,Fauna,N,,Deciduous Forest,Carnivore,ESM: mod_CCT_Special_Domesticate,Unique,0005DF06,BetaTernionIIPlanetData,001E6686,PCM_BetaTernion_BetaTernionII_PredatorA,2026-08-10T21:01:47,1.0.0,Starfield.esm
Beta Ternion,Beta Ternion II,Amino Acids,Flocking Geckon Scavenger,Fauna,N,,Volcanic; Mountains; Savanna; Sandy Desert; Hills,Omnivore,ESM: mod_CCT_Special_Domesticate,Unique,0005DF06,BetaTernionIIPlanetData,001E6682,PCM_BetaTernion_BetaTernionII_PreyC,2026-08-10T21:01:47,1.0.0,Starfield.esm
Beta Ternion,Beta Ternion II,Analgesic,Brainsprout Grazer,Fauna,N,,Deciduous Forest,Broadly Herbivorous,ESM: mod_CCT_Special_Domesticate,Unique,0005DF06,BetaTernionIIPlanetData,001E6685,PCM_BetaTernion_BetaTernionII_PreyA,2026-08-10T21:01:47,1.0.0,Starfield.esm
Beta Ternion,Beta Ternion II,Biosuppressant,Hunting Stonewalker Scavenger,Fauna,N,,Volcanic; Mountains; Savanna; Sandy Desert; Hills,Omnivore,ESM: mod_CCT_Special_Domesticate,Unique,0005DF06,BetaTernionIIPlanetData,001E6687,PCM_BetaTernion_BetaTernionII_PredatorC,2026-08-10T21:01:47,1.0.0,Starfield.esm
Beta Ternion,Beta Ternion II,Fiber,Crimson Gibbet,Flora,N,,Hills,,Legacy Organic Resources sheet,Unique,0005DF06,BetaTernionIIPlanetData,002F80A4,FloraBiomeHills07,2026-08-10T21:01:47,1.0.0,Starfield.esm
Beta Ternion,Beta Ternion II,Hallucinogen,Tundra Vine,Flora,Y,,Savanna; Sandy Desert; Hills,,Legacy Organic Resources sheet,Unique,0005DF06,BetaTernionIIPlanetData,001854CC,FloraBiomeHills04,2026-08-10T21:01:47,1.0.0,Starfield.esm
Beta Ternion,Beta Ternion II,Membrane,Tongueface Herbivore,Fauna,N,,Deciduous Forest,Frugivore,ESM: mod_CCT_Special_Domesticate,Unique,0005DF06,BetaTernionIIPlanetData,001E6683,PCM_BetaTernion_BetaTernionII_PreyB,2026-08-10T21:01:47,1.0.0,Starfield.esm
Beta Ternion,Beta Ternion II,Metabolic Agent,Sage Shrub,Flora,Y,,Savanna; Sandy Desert,,Legacy Organic Resources sheet,Unique,0005DF06,BetaTernionIIPlanetData,001854F4,FloraBiomeSavanna04,2026-08-10T21:01:47,1.0.0,Starfield.esm
Beta Ternion,Beta Ternion II,Nutrient,Fallen Star Palm,Flora,N,,Deciduous Forest; Savanna; Sandy Desert,,Legacy Organic Resources sheet,Unique,0005DF06,BetaTernionIIPlanetData,002F80D1,FloraBiomeSavanna09,2026-08-10T21:01:47,1.0.0,Starfield.esm
Beta Ternion,Beta Ternion II,Pigment,Glider Scavenger,Fauna,Y,Fiber,Volcanic; Mountains; Frozen Plains; Deciduous Forest; Savanna; Sandy Desert; Hills,Omnivore,ESM: mod_CCT_Special_Domesticate,Unique,0005DF06,BetaTernionIIPlanetData,001ED081,PCM_BetaTernion_BetaTernionII_CritterC_Flyer,2026-08-10T21:01:47,1.0.0,Starfield.esm
Beta Ternion,Beta Ternion II,Sealant,Wiggler Scavenger,Fauna,Y,Fiber,Volcanic; Mountains; Frozen Plains; Deciduous Forest; Savanna; Sandy Desert; Hills,Omnivore,ESM: mod_CCT_Special_Domesticate,Unique,0005DF06,BetaTernionIIPlanetData,001E6681,PCM_BetaTernion_BetaTernionII_CritterA,2026-08-10T21:01:47,1.0.0,Starfield.esm
Beta Ternion,Beta Ternion II,Spice,Star Bloom Root,Flora,Y,,Volcanic; Mountains; Deciduous Forest; Hills,,Legacy Organic Resources sheet,Unique,0005DF06,BetaTernionIIPlanetData,001854D5,FloraBiomeMountains05,2026-08-10T21:01:47,1.0.0,Starfield.esm
Beta Ternion,Beta Ternion II,Stimulant,Cliff Laurel,Flora,Y,,Volcanic; Mountains; Deciduous Forest,,Legacy Organic Resources sheet,Unique,0005DF06,BetaTernionIIPlanetData,001854D8,FloraBiomeMountains02,2026-08-10T21:01:47,1.0.0,Starfield.esm
Beta Ternion,Beta Ternion II,Structural,Beetle Scavenger,Fauna,N,,Volcanic; Mountains; Savanna; Sandy Desert; Hills,Omnivore,ESM: mod_CCT_Special_Domesticate,Unique,0005DF06,BetaTernionIIPlanetData,001E6680,PCM_BetaTernion_BetaTernionII_CritterB,2026-08-10T21:01:47,1.0.0,Starfield.esm
Beta Ternion,Beta Ternion II,Toxin Agent,PCM_BetaTernion_BetaTernionII_PredatorB,Fauna,N,,Deciduous Forest,Carnivore,ESM: mod_CCT_Special_Domesticate,No legacy match,0005DF06,BetaTernionIIPlanetData,001E6684,PCM_BetaTernion_BetaTernionII_PredatorB,2026-08-10T21:01:47,1.0.0,Starfield.esm
Beta Ternion,Beta Ternion III,Adhesive,Abyss Pine Seedling,Flora,Y,,Coniferous Forest; Mountains,,Legacy Organic Resources sheet,Unique,0005DF07,BetaTernionIIIPlanetData,00185488,FloraBiomeForestConiferous02,2026-08-10T21:01:47,1.0.0,Starfield.esm
Beta Ternion,Beta Ternion III,Fiber,Worm Geophage,Fauna,N,,Frozen Plains; Mountains,Geophage,ESM: mod_CCT_Special_Domesticate,Unique,0005DF07,BetaTernionIIIPlanetData,001E4F5D,PCM_BetaTernion_BetaTernionIII_CritterB,2026-08-10T21:01:47,1.0.0,Starfield.esm
Beta Ternion,Beta Ternion III,Metabolic Agent,Spaceroach Filterer,Fauna,N,,Coniferous Forest,Filter-Feeder,ESM: mod_CCT_Special_Domesticate,Unique,0005DF07,BetaTernionIIIPlanetData,001E4F5E,PCM_BetaTernion_BetaTernionIII_CritterA,2026-08-10T21:01:47,1.0.0,Starfield.esm
Beta Ternion,Beta Ternion III,Nutrient,Enduring Bugleweed,Flora,Y,,Coniferous Forest; Mountains,,Legacy Organic Resources sheet,Unique,0005DF07,BetaTernionIIIPlanetData,001854D7,FloraBiomeMountains03,2026-08-10T21:01:47,1.0.0,Starfield.esm
Beta Ternion,Beta Ternion III,Ornamental,Hunting Cricket,Fauna,N,,Coniferous Forest,Carnivore,ESM: mod_CCT_Special_Domesticate,Unique,0005DF07,BetaTernionIIIPlanetData,001E4F60,PCM_BetaTernion_BetaTernionIII_PredatorA,2026-08-10T21:01:47,1.0.0,Starfield.esm
Beta Ternion,Beta Ternion III,Structural,Forest Wisp,Flora,Y,,Coniferous Forest; Mountains,,Legacy Organic Resources sheet,Unique,0005DF07,BetaTernionIIIPlanetData,00185484,FloraBiomeForestConiferous06,2026-08-10T21:01:47,1.0.0,Starfield.esm
Beta Ternion,Beta Ternion III,Toxin Agent,PCM_BetaTernion_BetaTernionIII_PreyA,Fauna,N,,Coniferous Forest,Broadly Herbivorous,ESM: mod_CCT_Special_Domesticate,No legacy match,0005DF07,BetaTernionIIIPlanetData,001E4F5F,PCM_BetaTernion_BetaTernionIII_PreyA,2026-08-10T21:01:47,1.0.0,Starfield.esm
Bohr,Bohr II,Adhesive,Enduring Bugleweed,Flora,Y,,Frozen Crevasses; Mountains,,Legacy Organic Resources sheet,Unique,0003F598,BohrIIPlanetData,001854D7,FloraBiomeMountains03,2026-08-10T21:01:47,1.0.0,Starfield.esm
Bohr,Bohr II,Aromatic,PCM_Bohr_BohrII_PredatorA,Fauna,N,,Frozen Crevasses; Deciduous Forest,Carnivore,ESM: mod_CCT_Special_Domesticate,Ambiguous (2),0003F598,BohrIIPlanetData,001E46C2,PCM_Bohr_BohrII_PredatorA,2026-08-10T21:01:47,1.0.0,Starfield.esm
Bohr,Bohr II,Aromatic,PCM_Bohr_BohrII_PreyA,Fauna,N,,Deciduous Forest,Broadly Herbivorous,ESM: mod_CCT_Special_Domesticate,Ambiguous (2),0003F598,BohrIIPlanetData,001E46C6,PCM_Bohr_BohrII_PreyA,2026-08-10T21:01:47,1.0.0,Starfield.esm
Bohr,Bohr II,Cosmetic,Leafy Morningstar,Flora,Y,,Deciduous Forest,,Legacy Organic Resources sheet,Unique,0003F598,BohrIIPlanetData,001854C3,FloraBiomeForestDeciduous02,2026-08-10T21:01:47,1.0.0,Starfield.esm
Bohr,Bohr II,Fiber,Jagged Heart leaf,Flora,Y,,Deciduous Forest; Mountains,,Legacy Organic Resources sheet,Unique,0003F598,BohrIIPlanetData,001854C0,FloraBiomeForestDeciduous05,2026-08-10T21:01:47,1.0.0,Starfield.esm
Bohr,Bohr II,Membrane,Coralheart Filterer,Fauna,N,,Frozen Crevasses; Mountains,Filter-Feeder,ESM: mod_CCT_Special_Domesticate,Unique,0003F598,BohrIIPlanetData,001E46C3,PCM_Bohr_BohrII_CritterB,2026-08-10T21:01:47,1.0.0,Starfield.esm
Bohr,Bohr II,Metabolic Agent,Thorn Scavenger,Fauna,N,,Deciduous Forest,Omnivore,ESM: mod_CCT_Special_Domesticate,Unique,0003F598,BohrIIPlanetData,001E46C4,PCM_Bohr_BohrII_CritterA,2026-08-10T21:01:47,1.0.0,Starfield.esm
Bohr,Bohr II,Nutrient,Frost Reed,Flora,Y,,Frozen Crevasses,,Legacy Organic Resources sheet,Unique,0003F598,BohrIIPlanetData,0018547A,FloraBiomeFrozen03,2026-08-10T21:01:47,1.0.0,Starfield.esm
Bohr,Bohr II,Pigment,Parrothawk Filterer,Fauna,N,,Deciduous Forest; Mountains,Filter-Feeder,ESM: mod_CCT_Special_Domesticate,Unique,0003F598,BohrIIPlanetData,001ED082,PCM_Bohr_BohrII_CritterC_Flyer,2026-08-10T21:01:47,1.0.0,Starfield.esm
Bohr,Bohr II,Polymer,Crocalypse Grazer,Fauna,N,,Deciduous Forest,Broadly Herbivorous,ESM: mod_CCT_Special_Domesticate,Unique,0003F598,BohrIIPlanetData,001E46C5,PCM_Bohr_BohrII_PreyB,2026-08-10T21:01:47,1.0.0,Starfield.esm
Bohr,Bohr II,Sealant,Stinging Ice Stalk,Flora,N,,Frozen Crevasses; Mountains,,Legacy Organic Resources sheet,Unique,0003F598,BohrIIPlanetData,002F809E,FloraBiomeFrozen09,2026-08-10T21:01:47,1.0.0,Starfield.esm
Bohr,Bohr II,Structural,Crag Root,Flora,N,,Deciduous Forest; Mountains,,Legacy Organic Resources sheet,Unique,0003F598,BohrIIPlanetData,002F80BC,FloraBiomeMountains09,2026-08-10T21:01:47,1.0.0,Starfield.esm
Bohr,Bohr II,Toxin,Nebula weed,Flora,Y,,Deciduous Forest,,Legacy Organic Resources sheet,Unique,0003F598,BohrIIPlanetData,001854BD,FloraBiomeForestDeciduous08,2026-08-10T21:01:47,1.0.0,Starfield.esm
Bolivar,Bolivar I,Fiber,Red Latticebulb,Flora,N,,Savanna; Hills; Deciduous Forest,,Legacy Organic Resources sheet,Unique,0005E547,BolivarIPlanetData,002F80A6,FloraBiomeHills08,2026-08-10T21:01:47,1.0.0,Starfield.esm
Bolivar,Bolivar I,Hallucinogen,Hunting Brainsquid,Fauna,N,,Savanna; Hills; Wetlands; Deciduous Forest; Tropical Forest,Carnivore,ESM: mod_CCT_Special_Domesticate,Unique,0005E547,BolivarIPlanetData,001E468C,PCM_Bolivar_BolivarI_PredatorA,2026-08-10T21:01:47,1.0.0,Starfield.esm
Bolivar,Bolivar I,Metabolic Agent,Tubule Filterer,Fauna,N,,Savanna; Hills; Wetlands; Deciduous Forest; Frozen Plains; Tropical Forest,Filter-Feeder,ESM: mod_CCT_Special_Domesticate,Unique,0005E547,BolivarIPlanetData,001E468A,PCM_Bolivar_BolivarI_CritterA,2026-08-10T21:01:47,1.0.0,Starfield.esm
Bolivar,Bolivar I,Nutrient,Desiccated Yarberry,Flora,Y,,Wetlands; Tropical Forest,,Legacy Organic Resources sheet,Unique,0005E547,BolivarIPlanetData,002F80AF,FloraBiomeVolcanicWorn07,2026-08-10T21:01:47,1.0.0,Starfield.esm
Bolivar,Bolivar I,Sealant,Explorer's Coleus,Flora,Y,,Hills; Wetlands; Deciduous Forest; Tropical Forest,,Legacy Organic Resources sheet,Unique,0005E547,BolivarIPlanetData,001854BF,FloraBiomeForestDeciduous06,2026-08-10T21:01:47,1.0.0,Starfield.esm
Bolivar,Bolivar I,Structural,Lattice leaf,Flora,Y,,Savanna; Wetlands; Deciduous Forest; Tropical Forest,,Legacy Organic Resources sheet,Unique,0005E547,BolivarIPlanetData,001854B7,FloraBiomeForestTropical05,2026-08-10T21:01:47,1.0.0,Starfield.esm
Bolivar,Bolivar I,Toxin Agent,PCM_Bolivar_BolivarI_PreyA,Fauna,N,,Savanna; Hills; Wetlands; Deciduous Forest; Tropical Forest,Omnivore,ESM: mod_CCT_Special_Domesticate,No legacy match,0005E547,BolivarIPlanetData,001E468B,PCM_Bolivar_BolivarI_PreyA,2026-08-10T21:01:47,1.0.0,Starfield.esm
Bradbury,Bradbury III,Adhesive,Pack Cagebrain,Fauna,N,,Savanna; Swamp; Hills; Mountains; Wetlands,Carnivore,ESM: mod_CCT_Special_Domesticate,Unique,0005E201,BradburyIIIPlanetData,001E2AC5,PCM_Bradbury_Bradbury-III_Predator01,2026-08-10T21:01:47,1.0.0,Starfield.esm
Bradbury,Bradbury III,Antimicrobial,Swamp Pedestal,Flora,Y,,Wetlands,,Legacy Organic Resources sheet,Unique,0005E201,BradburyIIIPlanetData,00185472,FloraBiomeWetlands01,2026-08-10T21:01:47,1.0.0,Starfield.esm
Bradbury,Bradbury III,Cosmetic,Herding Trihorn Grazer,Fauna,N,,Savanna; Swamp; Hills; Mountains; Wetlands,Broadly Herbivorous,ESM: mod_CCT_Special_Domesticate,Unique,0005E201,BradburyIIIPlanetData,001E2AC3,PCM_Bradbury_Bradbury-III_Prey01,2026-08-10T21:01:47,1.0.0,Starfield.esm
Bradbury,Bradbury III,Metabolic Agent,Hunting Coralcrab,Fauna,N,,Swamp; Wetlands,Carnivore,ESM: mod_CCT_Special_Domesticate,Unique,0005E201,BradburyIIIPlanetData,001E2AC4,PCM_Bradbury_Bradbury-III_Predator02,2026-08-10T21:01:47,1.0.0,Starfield.esm
Bradbury,Bradbury III,Structural,PCM_Bradbury_Bradbury-III_Critter01_Floater,Fauna,N,,Savanna; Swamp; Hills; Frozen Plains; Sandy Desert; Mountains; Wetlands,Omnivore,ESM: mod_CCT_Special_Domesticate,Ambiguous (2),0005E201,BradburyIIIPlanetData,001ED083,PCM_Bradbury_Bradbury-III_Critter01_Floater,2026-08-10T21:01:47,1.0.0,Starfield.esm
Bradbury,Bradbury III,Structural,PCM_Bradbury_Bradbury-III_Prey02,Fauna,N,,Swamp; Wetlands,Omnivore,ESM: mod_CCT_Special_Domesticate,Ambiguous (2),0005E201,BradburyIIIPlanetData,001E2AC2,PCM_Bradbury_Bradbury-III_Prey02,2026-08-10T21:01:47,1.0.0,Starfield.esm
Bradbury,Bradbury III,Structural,Cage Brain,Flora,N,,Savanna; Swamp; Hills; Mountains; Wetlands,,Legacy Organic Resources sheet,Disambiguated by ESM name,0005E201,BradburyIIIPlanetData,002E0887,FloraBiomeCageBrain01,2026-08-10T21:01:47,1.0.0,Starfield.esm
Bradbury,Bradbury III,Structural,Hecate's Fireleaf,Flora,N,,Sandy Desert,,Legacy Organic Resources sheet,Disambiguated by ESM name,0005E201,BradburyIIIPlanetData,00185508,FloraBiomeDesertSandy04,2026-08-10T21:01:47,1.0.0,Starfield.esm
Bradbury,Bradbury III,Toxin,Nebula Vine,Flora,N,,Hills; Mountains,,Legacy Organic Resources sheet,Unique,0005E201,BradburyIIIPlanetData,002F80B7,FloraBiomeMountains07,2026-08-10T21:01:47,1.0.0,Starfield.esm
Bradbury,Bradbury IV,Antimicrobial,Herding Rockhound Geophage,Fauna,N,,Volcanic,Geophage,ESM: mod_CCT_Special_Domesticate,Unique,0005E202,BradburyIVPlanetData,001E2809,PCM_Bradbury_Bradbury-IV_Prey01,2026-08-10T21:01:47,1.0.0,Starfield.esm
Bradbury,Bradbury IV,Hallucinogen,Swarming Boneback,Fauna,N,,Volcanic,Carnivore,ESM: mod_CCT_Special_Domesticate,Unique,0005E202,BradburyIVPlanetData,001E280A,PCM_Bradbury_Bradbury-IV_Predator01,2026-08-10T21:01:47,1.0.0,Starfield.esm
Bradbury,Bradbury IV,Hallucinogen,Leaning Fireleaf,Flora,N,,Volcanic,,Legacy Organic Resources sheet,Unique,0005E202,BradburyIVPlanetData,002F80C1,FloraBiomeVolcanicRough07,2026-08-10T21:01:47,1.0.0,Starfield.esm
Bradbury,Bradbury IV,Nutrient,Sub-Zero Silkweed,Flora,N,,Volcanic; Frozen Plains,,Legacy Organic Resources sheet,Unique,0005E202,BradburyIVPlanetData,0018547C,FloraBiomeFrozen01,2026-08-10T21:01:47,1.0.0,Starfield.esm
Bradbury,Bradbury IV,Ornamental,Coralheart Filterer,Fauna,N,,Volcanic; Frozen Plains,Filter-Feeder,ESM: mod_CCT_Special_Domesticate,Unique,0005E202,BradburyIVPlanetData,001E2807,PCM_Bradbury_Bradbury-IV_Critter01,2026-08-10T21:01:47,1.0.0,Starfield.esm
Bradbury,Bradbury IV,Sealant,Herding Stonewalker Geophage,Fauna,N,,Volcanic,Geophage,ESM: mod_CCT_Special_Domesticate,Unique,0005E202,BradburyIVPlanetData,001E2808,PCM_Bradbury_Bradbury-IV_Prey02,2026-08-10T21:01:47,1.0.0,Starfield.esm
Bradbury,Bradbury IV,Toxin,Crater Weed,Flora,Y,,Volcanic,,Legacy Organic Resources sheet,Unique,0005E202,BradburyIVPlanetData,002F80C3,FloraBiomeVolcanicRough08,2026-08-10T21:01:47,1.0.0,Starfield.esm
Charybdis,Charybdis II,Adhesive,Pack Vulture,Fauna,Y,Nutrient,Savanna,Carnivore,ESM: mod_CCT_Special_Domesticate,Unique,0005E008,CharybdisIIPlanetData,0002E343,PCM_Charybdis_CharybdisII_PredatorA,2026-08-10T21:01:47,1.0.0,Starfield.esm
Charybdis,Charybdis II,Amino Acids,Pack Silverfish,Fauna,Y,Nutrient,Deciduous Forest; Coniferous Forest,Carnivore,ESM: mod_CCT_Special_Domesticate,Unique,0005E008,CharybdisIIPlanetData,0002E347,PCM_Charybdis_CharybdisII_PredatorB,2026-08-10T21:01:47,1.0.0,Starfield.esm
Charybdis,Charybdis II,Cosmetic,Swamp Bottle Root,Flora,Y,,Swamp; Wetlands,,Legacy Organic Resources sheet,Unique,0005E008,CharybdisIIPlanetData,0018546A,FloraBiomeWetlands09,2026-08-10T21:01:47,1.0.0,Starfield.esm
Charybdis,Charybdis II,Fiber,Abyss Pine Seedling,Flora,Y,,Deciduous Forest; Coniferous Forest; Savanna,,Legacy Organic Resources sheet,Unique,0005E008,CharybdisIIPlanetData,00185488,FloraBiomeForestConiferous02,2026-08-10T21:01:47,1.0.0,Starfield.esm
Charybdis,Charybdis II,Hypercatalyst,Pack Mothwing,Fauna,N,,Swamp; Deciduous Forest; Coniferous Forest; Savanna; Wetlands,Carnivore,ESM: mod_CCT_Special_Domesticate,Unique,0005E008,CharybdisIIPlanetData,0002E349,PCM_Charybdis_CharybdisII_PredatorD,2026-08-10T21:01:47,1.0.0,Starfield.esm
Charybdis,Charybdis II,Membrane,Triworm Scavenger,Fauna,Y,Fiber,Frozen Hills; Deciduous Forest; Coniferous Forest,Omnivore,ESM: mod_CCT_Special_Domesticate,Unique,0005E008,CharybdisIIPlanetData,0002E345,PCM_Charybdis_CharybdisII_CritterB,2026-08-10T21:01:47,1.0.0,Starfield.esm
Charybdis,Charybdis II,Metabolic Agent,Canary Reed,Flora,N,,Swamp; Coniferous Forest; Savanna,,Legacy Organic Resources sheet,Unique,0005E008,CharybdisIIPlanetData,001854F5,FloraBiomeSavanna03,2026-08-10T21:01:47,1.0.0,Starfield.esm
Charybdis,Charybdis II,Nutrient,PCM_Charybdis_CharybdisII_CritterA,Fauna,Y,Fiber,Savanna,Broadly Herbivorous,ESM: mod_CCT_Special_Domesticate,Ambiguous (2),0005E008,CharybdisIIPlanetData,0002E342,PCM_Charybdis_CharybdisII_CritterA,2026-08-10T21:01:47,1.0.0,Starfield.esm
Charybdis,Charybdis II,Nutrient,PCM_Charybdis_CharybdisII_PreyA,Fauna,N,,Savanna,Broadly Herbivorous,ESM: mod_CCT_Special_Domesticate,Ambiguous (2),0005E008,CharybdisIIPlanetData,0002E344,PCM_Charybdis_CharybdisII_PreyA,2026-08-10T21:01:47,1.0.0,Starfield.esm
Charybdis,Charybdis II,Nutrient,Nebula weed,Flora,Y,,Swamp; Deciduous Forest; Coniferous Forest; Savanna,,Legacy Organic Resources sheet,Unique,0005E008,CharybdisIIPlanetData,001854BD,FloraBiomeForestDeciduous08,2026-08-10T21:01:47,1.0.0,Starfield.esm
Charybdis,Charybdis II,Ornamental,Pack Eggtail Stalker,Fauna,Y,Nutrient,Swamp; Wetlands,Carnivore,ESM: mod_CCT_Special_Domesticate,Unique,0005E008,CharybdisIIPlanetData,0002E348,PCM_Charybdis_CharybdisII_PredatorC,2026-08-10T21:01:47,1.0.0,Starfield.esm
Charybdis,Charybdis II,Ornamental,Savage Woundwort,Flora,Y,,Swamp; Deciduous Forest,,Legacy Organic Resources sheet,Unique,0005E008,CharybdisIIPlanetData,00185497,FloraBiomeArchipelago07,2026-08-10T21:01:47,1.0.0,Starfield.esm
Charybdis,Charybdis II,Pigment,Herding Glider Scavenger,Fauna,Y,Fiber,Swamp; Deciduous Forest; Coniferous Forest; Savanna; Wetlands,Omnivore,ESM: mod_CCT_Special_Domesticate,Unique,0005E008,CharybdisIIPlanetData,0002E34C,PCM_Charybdis_CharybdisII_PreyD,2026-08-10T21:01:47,1.0.0,Starfield.esm
Charybdis,Charybdis II,Sealant,Flocking Cranehopper Grazer,Fauna,Y,Fiber,Deciduous Forest; Coniferous Forest,Broadly Herbivorous,ESM: mod_CCT_Special_Domesticate,Unique,0005E008,CharybdisIIPlanetData,0002E34A,PCM_Charybdis_CharybdisII_PreyB,2026-08-10T21:01:47,1.0.0,Starfield.esm
Charybdis,Charybdis II,Sealant,Split Leaf Watercress,Flora,Y,,Wetlands,,Legacy Organic Resources sheet,Unique,0005E008,CharybdisIIPlanetData,0018546E,FloraBiomeWetlands05,2026-08-10T21:01:47,1.0.0,Starfield.esm
Charybdis,Charybdis II,Spice,Flamethorn Grazer,Fauna,N,,Swamp; Wetlands,Broadly Herbivorous,ESM: mod_CCT_Special_Domesticate,Unique,0005E008,CharybdisIIPlanetData,0002E346,PCM_Charybdis_CharybdisII_CritterC,2026-08-10T21:01:47,1.0.0,Starfield.esm
Charybdis,Charybdis II,Structural,Flocking Hippodon Scavenger,Fauna,N,,Swamp; Wetlands,Omnivore,ESM: mod_CCT_Special_Domesticate,Unique,0005E008,CharybdisIIPlanetData,0002E34B,PCM_Charybdis_CharybdisII_PreyC,2026-08-10T21:01:47,1.0.0,Starfield.esm
Charybdis,Charybdis II,Structural,Flame Vine,Flora,Y,,Swamp; Deciduous Forest; Coniferous Forest; Wetlands,,Legacy Organic Resources sheet,Unique,0005E008,CharybdisIIPlanetData,0018549C,FloraBiomeArchipelago02,2026-08-10T21:01:47,1.0.0,Starfield.esm
Charybdis,Charybdis II,Toxin,Sage Shrub,Flora,Y,,Savanna,,Legacy Organic Resources sheet,Unique,0005E008,CharybdisIIPlanetData,001854F4,FloraBiomeSavanna04,2026-08-10T21:01:47,1.0.0,Starfield.esm
Charybdis,Charybdis III,Cosmetic,Grub Grazer,Fauna,N,,Frozen Dunes; Wetlands,Broadly Herbivorous,ESM: mod_CCT_Special_Domesticate,Unique,0005E009,CharybdisIIIPlanetData,001EC782,PCM_Charybdis_CharybdisIII_PreyB,2026-08-10T21:01:47,1.0.0,Starfield.esm
Charybdis,Charybdis III,Fiber,Spitting Goatweed,Flora,Y,,Wetlands,,Legacy Organic Resources sheet,Unique,0005E009,CharybdisIIIPlanetData,002F80D0,FloraBiomeSavanna08,2026-08-10T21:01:47,1.0.0,Starfield.esm
Charybdis,Charybdis III,Hallucinogen,Pack Cephalopod,Fauna,N,,Wetlands,Carnivore,ESM: mod_CCT_Special_Domesticate,Unique,0005E009,CharybdisIIIPlanetData,001EC785,PCM_Charybdis_CharybdisIII_PredatorA,2026-08-10T21:01:47,1.0.0,Starfield.esm
Charybdis,Charybdis III,Lubricant,Flocking Scorpion Scavenger,Fauna,N,,Wetlands,Omnivore,ESM: mod_CCT_Special_Domesticate,Unique,0005E009,CharybdisIIIPlanetData,001EC783,PCM_Charybdis_CharybdisIII_PreyA,2026-08-10T21:01:47,1.0.0,Starfield.esm
Charybdis,Charybdis III,Membrane,Herding Dragonfly Grazer,Fauna,N,,Ocean,Broadly Herbivorous,ESM: mod_CCT_Special_Domesticate,Unique,0005E009,CharybdisIIIPlanetData,0002B0D3,PCM_Charybdis_CharybdisIII_PreyC_Swimmer,2026-08-10T21:01:47,1.0.0,Starfield.esm
Charybdis,Charybdis III,Nutrient,Ghost Grazer,Fauna,N,,Frozen Dunes; Wetlands,Broadly Herbivorous,ESM: mod_CCT_Special_Domesticate,Unique,0005E009,CharybdisIIIPlanetData,001ED084,PCM_Charybdis_CharybdisIII_CritterB_Flyer,2026-08-10T21:01:47,1.0.0,Starfield.esm
Charybdis,Charybdis III,Ornamental,Hunting Skullface,Fauna,N,,Ocean,Carnivore,ESM: mod_CCT_Special_Domesticate,Unique,0005E009,CharybdisIIIPlanetData,001EC786,PCM_Charybdis_CharybdisIII_PredatorC_Swimmer,2026-08-10T21:01:47,1.0.0,Starfield.esm
Charybdis,Charybdis III,Sealant,Sub-Zero Silkweed,Flora,N,,Frozen Dunes; Wetlands,,Legacy Organic Resources sheet,Unique,0005E009,CharybdisIIIPlanetData,0018547C,FloraBiomeFrozen01,2026-08-10T21:01:47,1.0.0,Starfield.esm
Charybdis,Charybdis III,Solvent,Swarming Glider,Fauna,N,,Frozen Dunes; Wetlands,Carnivore,ESM: mod_CCT_Special_Domesticate,Unique,0005E009,CharybdisIIIPlanetData,001EC784,PCM_Charybdis_CharybdisIII_PredatorB,2026-08-10T21:01:47,1.0.0,Starfield.esm
Charybdis,Charybdis III,Spice,Spaceroach Grazer,Fauna,N,,Wetlands,Broadly Herbivorous,ESM: mod_CCT_Special_Domesticate,Unique,0005E009,CharybdisIIIPlanetData,001EC787,PCM_Charybdis_CharybdisIII_CritterA,2026-08-10T21:01:47,1.0.0,Starfield.esm
Charybdis,Charybdis III,Structural,Satellite Ghostvine,Flora,N,,Wetlands,,Legacy Organic Resources sheet,Unique,0005E009,CharybdisIIIPlanetData,002F80CD,FloraBiomeSavanna07,2026-08-10T21:01:47,1.0.0,Starfield.esm
Charybdis,Charybdis IV,Nutrient,Prickly Awaj,Flora,Y,,Rocky Desert,,Legacy Organic Resources sheet,Unique,0005E00A,CharybdisIVPlanetData,00185500,FloraBiomeDesertRocky02,2026-08-10T21:01:47,1.0.0,Starfield.esm
Charybdis,Charybdis IV,Structural,Eurymedon Bulb,Flora,Y,,Plateau,,Legacy Organic Resources sheet,Unique,0005E00A,CharybdisIVPlanetData,0018548B,FloraBiomeCanyons09,2026-08-10T21:01:47,1.0.0,Starfield.esm
Cheyenne,Akila,Antimicrobial,Ashta,Fauna,N,,Frozen Plains; Coniferous Forest; Savanna,Carnivore,ESM: mod_CCT_Special_Domesticate,Disambiguated by ESM name,0005E2B6,AkilaPlanetData,0023CB02,PCM_Cheyenne_Akila_Ashta,2026-08-10T21:01:47,1.0.0,Starfield.esm
Cheyenne,Akila,Antimicrobial,Baleen Rotifer,Fauna,N,,Frozen Plains; Savanna,Filter-Feeder,ESM: mod_CCT_Special_Domesticate,Disambiguated by ESM name,0005E2B6,AkilaPlanetData,0023CAFD,PCM_Cheyenne_Akila_BaleenRotifer,2026-08-10T21:01:47,1.0.0,Starfield.esm
Cheyenne,Akila,Aromatic,Crawling Eurypterid,Fauna,N,,Frozen Plains; Coniferous Forest,Omnivore,ESM: mod_CCT_Special_Domesticate,Unique,0005E2B6,AkilaPlanetData,0023CAF1,PCM_Cheyenne_Akila_CrawlingEurypterid,2026-08-10T21:01:47,1.0.0,Starfield.esm
Cheyenne,Akila,Cosmetic,Flying Leech,Fauna,N,,Frozen Plains,Carnivore,ESM: mod_CCT_Special_Domesticate,Unique,0005E2B6,AkilaPlanetData,0023CAE3,PCM_Cheyenne_Akila_FlyingLeech,2026-08-10T21:01:47,1.0.0,Starfield.esm
Cheyenne,Akila,Fiber,Savanna Sweetbush,Flora,N,,Coniferous Forest; Savanna,,Legacy Organic Resources sheet,Unique,0005E2B6,AkilaPlanetData,001854F7,FloraBiomeSavanna01,2026-08-10T21:01:47,1.0.0,Starfield.esm
Cheyenne,Akila,Hallucinogen,Mossgnath,Fauna,N,,Savanna,Ruminant,ESM: mod_CCT_Special_Domesticate,Unique,0005E2B6,AkilaPlanetData,0023CAE8,PCM_Cheyenne_Akila_Mossgnath,2026-08-10T21:01:47,1.0.0,Starfield.esm
Cheyenne,Akila,Hallucinogen,Golden Creeper,Flora,Y,,Frozen Plains; Coniferous Forest; Savanna,,Legacy Organic Resources sheet,Unique,0005E2B6,AkilaPlanetData,00185487,FloraBiomeForestConiferous03,2026-08-10T21:01:47,1.0.0,Starfield.esm
Cheyenne,Akila,Nutrient,Elk Crangon,Fauna,Y,Fiber,Frozen Plains; Savanna,Ruminant,ESM: mod_CCT_Special_Domesticate,Unique,0005E2B6,AkilaPlanetData,0023CB03,PCM_Cheyenne_Akila_ElkCrangon,2026-08-10T21:01:47,1.0.0,Starfield.esm
Cheyenne,Akila,Nutrient,Canary Reed,Flora,N,,Coniferous Forest; Savanna,,Legacy Organic Resources sheet,Disambiguated by ESM name,0005E2B6,AkilaPlanetData,001854F5,FloraBiomeSavanna03,2026-08-10T21:01:47,1.0.0,Starfield.esm
Cheyenne,Akila,Nutrient,Cold Cave Nettle,Flora,Y,,Frozen Plains,,Legacy Organic Resources sheet,Disambiguated by ESM name,0005E2B6,AkilaPlanetData,002F80A0,FloraBiomeFrozen10,2026-08-10T21:01:47,1.0.0,Starfield.esm
Cheyenne,Akila,Sealant,Buzzrunner,Fauna,N,,Coniferous Forest,Carnivore,ESM: mod_CCT_Special_Domesticate,Unique,0005E2B6,AkilaPlanetData,0023CAE2,PCM_Cheyenne_Akila_Buzzrunner,2026-08-10T21:01:47,1.0.0,Starfield.esm
Cheyenne,Akila,Solvent,Rainbow Agnathan,Fauna,N,,Ocean,Carnivore,ESM: mod_CCT_Special_Domesticate,Unique,0005E2B6,AkilaPlanetData,0023CAF9,PCM_Cheyenne_Akila_RainbowAgnathan,2026-08-10T21:01:47,1.0.0,Starfield.esm
Cheyenne,Akila,Structural,Dropsalm,Fauna,N,,Coniferous Forest,Carnivore,ESM: mod_CCT_Special_Domesticate,Unique,0005E2B6,AkilaPlanetData,0023CAE5,PCM_Cheyenne_Akila_Dropsalm,2026-08-10T21:01:47,1.0.0,Starfield.esm
Cheyenne,Akila,Toxin,Chillhook,Flora,Y,,Frozen Plains; Coniferous Forest,,Legacy Organic Resources sheet,Unique,0005E2B6,AkilaPlanetData,002F8098,FloraBiomeFrozen06,2026-08-10T21:01:47,1.0.0,Starfield.esm
Cheyenne,Akila,Toxin Agent,Grazing Ensifer,Fauna,Y,Fiber,Coniferous Forest; Savanna,Broadly Herbivorous,ESM: mod_CCT_Special_Domesticate,No legacy match,0005E2B6,AkilaPlanetData,0023CAE6,PCM_Cheyenne_Akila_GrazingEnsifer,2026-08-10T21:01:47,1.0.0,Starfield.esm
Cheyenne,Codos,Analgesic,Sage Shrub,Flora,Y,,Swamp; Savanna,,Legacy Organic Resources sheet,Disambiguated by ESM name,0005E2B9,CodosPlanetData,001854F4,FloraBiomeSavanna04,2026-08-10T21:01:47,1.0.0,Starfield.esm
Cheyenne,Codos,Analgesic,Spiral Bloom,Flora,Y,,Mountains,,Legacy Organic Resources sheet,Disambiguated by ESM name,0005E2B9,CodosPlanetData,001854D6,FloraBiomeMountains04,2026-08-10T21:01:47,1.0.0,Starfield.esm
Cheyenne,Codos,Cosmetic,Beetle Geophage,Fauna,N,,Mountains; Frozen Mountains; Swamp; Savanna,Geophage,ESM: mod_CCT_Special_Domesticate,Unique,0005E2B9,CodosPlanetData,001EC761,PCM_Cheyenne_Codos_CritterA,2026-08-10T21:01:47,1.0.0,Starfield.esm
Cheyenne,Codos,Fiber,Sandy Goldenglow,Flora,N,,Mountains; Swamp,,Legacy Organic Resources sheet,Unique,0005E2B9,CodosPlanetData,0018550A,FloraBiomeDesertSandy02,2026-08-10T21:01:47,1.0.0,Starfield.esm
Cheyenne,Codos,Membrane,Hunting Boneshell,Fauna,N,,Mountains; Savanna,Carnivore,ESM: mod_CCT_Special_Domesticate,Unique,0005E2B9,CodosPlanetData,001EC763,PCM_Cheyenne_Codos_PredatorA,2026-08-10T21:01:47,1.0.0,Starfield.esm
Cheyenne,Codos,Nutrient,Herding Cagebrain Grazer,Fauna,N,,Swamp,Broadly Herbivorous,ESM: mod_CCT_Special_Domesticate,Unique,0005E2B9,CodosPlanetData,003D23F0,PCM_Cheyenne_Codos_PreyB,2026-08-10T21:01:47,1.0.0,Starfield.esm
Cheyenne,Codos,Sealant,Flocking Hornface Grazer,Fauna,N,,Mountains; Savanna,Broadly Herbivorous,ESM: mod_CCT_Special_Domesticate,Unique,0005E2B9,CodosPlanetData,001EC762,PCM_Cheyenne_Codos_PreyA,2026-08-10T21:01:47,1.0.0,Starfield.esm
Cheyenne,Codos,Solvent,Wanderer's Husk,Flora,Y,,Mountains; Swamp,,Legacy Organic Resources sheet,Unique,0005E2B9,CodosPlanetData,00185507,FloraBiomeDesertSandy05,2026-08-10T21:01:47,1.0.0,Starfield.esm
Cheyenne,Montara Luna,Amino Acids,Pack Octomaggot,Fauna,N,,Swamp; Hills; Savanna,Carnivore,ESM: mod_CCT_Special_Domesticate,Unique,0005E2C4,MontaraLunaPlanetData,00197D44,PCM_Cheyenne_Montara-Luna_Predator01,2026-08-10T21:01:47,1.0.0,Starfield.esm
Cheyenne,Montara Luna,Amino Acids,Savage Woundwort,Flora,Y,,Swamp,,Legacy Organic Resources sheet,Unique,0005E2C4,MontaraLunaPlanetData,00185497,FloraBiomeArchipelago07,2026-08-10T21:01:47,1.0.0,Starfield.esm
Cheyenne,Montara Luna,Antimicrobial,Swarming Sunflower,Fauna,N,,Swamp; Hills; Savanna,Carnivore,ESM: mod_CCT_Special_Domesticate,Unique,0005E2C4,MontaraLunaPlanetData,00197D43,PCM_Cheyenne_Montara-Luna_Predator02,2026-08-10T21:01:47,1.0.0,Starfield.esm
Cheyenne,Montara Luna,Cosmetic,Sweet Canis Vine,Flora,Y,,Swamp; Coniferous Forest; Hills,,Legacy Organic Resources sheet,Unique,0005E2C4,MontaraLunaPlanetData,00185483,FloraBiomeForestConiferous07,2026-08-10T21:01:47,1.0.0,Starfield.esm
Cheyenne,Montara Luna,Fiber,Centiskull Grazer,Fauna,N,,Swamp; Frozen Plains; Coniferous Forest; Hills; Savanna,Ruminant,ESM: mod_CCT_Special_Domesticate,Unique,0005E2C4,MontaraLunaPlanetData,00197D3F,PCM_Cheyenne_Montara-Luna_Critter01,2026-08-10T21:01:47,1.0.0,Starfield.esm
Cheyenne,Montara Luna,Membrane,Flocking Dodo Grazer,Fauna,Y,Fiber,Swamp; Hills; Savanna,Broadly Herbivorous,ESM: mod_CCT_Special_Domesticate,Unique,0005E2C4,MontaraLunaPlanetData,00197D40,PCM_Cheyenne_Montara-Luna_Prey03,2026-08-10T21:01:47,1.0.0,Starfield.esm
Cheyenne,Montara Luna,Metabolic Agent,Savanna Sweetbush,Flora,N,,Swamp; Hills; Savanna,,Legacy Organic Resources sheet,Unique,0005E2C4,MontaraLunaPlanetData,001854F7,FloraBiomeSavanna01,2026-08-10T21:01:47,1.0.0,Starfield.esm
Cheyenne,Montara Luna,Nutrient,Schooling Featherfin Filterer,Fauna,N,,Ocean; Swamp,Filter-Feeder,ESM: mod_CCT_Special_Domesticate,Unique,0005E2C4,MontaraLunaPlanetData,00131CD6,PCM_Cheyenne_Montara-Luna_Prey04_Swimmer,2026-08-10T21:01:47,1.0.0,Starfield.esm
Cheyenne,Montara Luna,Nutrient,Twilight Cradleleaf,Flora,Y,,Swamp; Hills; Savanna,,Legacy Organic Resources sheet,Unique,0005E2C4,MontaraLunaPlanetData,002F80D4,FloraBiomeSavanna10,2026-08-10T21:01:47,1.0.0,Starfield.esm
Cheyenne,Montara Luna,Pigment,Herding Cockatrice Herbivore,Fauna,Y,Fiber,Swamp; Coniferous Forest; Hills; Savanna,Frugivore,ESM: mod_CCT_Special_Domesticate,Unique,0005E2C4,MontaraLunaPlanetData,00197D41,PCM_Cheyenne_Montara-Luna_Prey02,2026-08-10T21:01:47,1.0.0,Starfield.esm
Cheyenne,Montara Luna,Sealant,Golden Creeper,Flora,Y,,Frozen Plains; Coniferous Forest,,Legacy Organic Resources sheet,Unique,0005E2C4,MontaraLunaPlanetData,00185487,FloraBiomeForestConiferous03,2026-08-10T21:01:47,1.0.0,Starfield.esm
Cheyenne,Montara Luna,Spice,Flocking Horsamander Grazer,Fauna,Y,Fiber,Swamp; Hills; Savanna,Ruminant,ESM: mod_CCT_Special_Domesticate,Unique,0005E2C4,MontaraLunaPlanetData,00197D42,PCM_Cheyenne_Montara-Luna_Prey01,2026-08-10T21:01:47,1.0.0,Starfield.esm
Cheyenne,Montara Luna,Structural,Blooming Slopefeather,Flora,Y,,Hills; Savanna,,Legacy Organic Resources sheet,Unique,0005E2C4,MontaraLunaPlanetData,001854CD,FloraBiomeHills03,2026-08-10T21:01:47,1.0.0,Starfield.esm
Cheyenne,Montara Luna,Toxin,Crag Root,Flora,Y,,Swamp,,Legacy Organic Resources sheet,Unique,0005E2C4,MontaraLunaPlanetData,0018549B,FloraBiomeArchipelago03,2026-08-10T21:01:47,1.0.0,Starfield.esm
Copernicus,Copernicus II,Amino Acids,Triworm Scavenger,Fauna,Y,Fiber,Mountains; Frozen Plains; Hills,Omnivore,ESM: mod_CCT_Special_Domesticate,Unique,0005E256,CopernicusIIPlanetData,001E7E6F,PCM_Copernicus_CopernicusII_PreyA,2026-08-10T21:01:47,1.0.0,Starfield.esm
Copernicus,Copernicus II,Analgesic,Hunting Angler,Fauna,N,,Swamp; Wetlands,Carnivore,ESM: mod_CCT_Special_Domesticate,Unique,0005E256,CopernicusIIPlanetData,001E7E70,PCM_Copernicus_CopernicusII_PredatorB,2026-08-10T21:01:47,1.0.0,Starfield.esm
Copernicus,Copernicus II,Cosmetic,Grabber Scavenger,Fauna,N,,Swamp; Wetlands,Omnivore,ESM: mod_CCT_Special_Domesticate,Unique,0005E256,CopernicusIIPlanetData,001E7E6C,PCM_Copernicus_CopernicusII_CritterB,2026-08-10T21:01:47,1.0.0,Starfield.esm
Copernicus,Copernicus II,Metabolic Agent,Herding Windbag Grazer,Fauna,N,,Swamp; Wetlands,Ruminant,ESM: mod_CCT_Special_Domesticate,Unique,0005E256,CopernicusIIPlanetData,001E7E6E,PCM_Copernicus_CopernicusII_PreyB,2026-08-10T21:01:47,1.0.0,Starfield.esm
Copernicus,Copernicus II,Nutrient,Shroombobber Filterer,Fauna,N,,Mountains; Frozen Plains; Hills,Filter-Feeder,ESM: mod_CCT_Special_Domesticate,Unique,0005E256,CopernicusIIPlanetData,001E7E6D,PCM_Copernicus_CopernicusII_CritterA,2026-08-10T21:01:47,1.0.0,Starfield.esm
Copernicus,Copernicus II,Nutrient,Warren Nettle,Flora,Y,,Mountains; Swamp; Hills,,Legacy Organic Resources sheet,Unique,0005E256,CopernicusIIPlanetData,002F80B3,FloraBiomeHills10,2026-08-10T21:01:47,1.0.0,Starfield.esm
Copernicus,Copernicus II,Pigment,Enduring Bugleweed,Flora,Y,,Mountains; Hills,,Legacy Organic Resources sheet,Unique,0005E256,CopernicusIIPlanetData,001854D7,FloraBiomeMountains03,2026-08-10T21:01:47,1.0.0,Starfield.esm
Copernicus,Copernicus II,Sealant,Herding Lionfish Grazer,Fauna,N,,Ocean; Swamp,Ruminant,ESM: mod_CCT_Special_Domesticate,Unique,0005E256,CopernicusIIPlanetData,001ED085,PCM_Copernicus_CopernicusII_PreyC_Swimmer,2026-08-10T21:01:47,1.0.0,Starfield.esm
Copernicus,Copernicus II,Sealant,Passenger Vine,Flora,Y,,Mountains; Swamp; Wetlands; Hills,,Legacy Organic Resources sheet,Unique,0005E256,CopernicusIIPlanetData,001854E2,FloraBiomeVolcanicWorn02,2026-08-10T21:01:47,1.0.0,Starfield.esm
Copernicus,Copernicus II,Solvent,Hunting Cricket Stalker,Fauna,N,,Mountains; Frozen Plains; Hills,Carnivore,ESM: mod_CCT_Special_Domesticate,Unique,0005E256,CopernicusIIPlanetData,001E7E71,PCM_Copernicus_CopernicusII_PredatorA,2026-08-10T21:01:47,1.0.0,Starfield.esm
Copernicus,Copernicus II,Structural,Cliffberry,Flora,Y,,Mountains; Hills,,Legacy Organic Resources sheet,Unique,0005E256,CopernicusIIPlanetData,002F80B8,FloraBiomeMountains08,2026-08-10T21:01:47,1.0.0,Starfield.esm
Copernicus,Copernicus II,Toxin,Sweeping Silkweed,Flora,N,,Swamp,,Legacy Organic Resources sheet,Unique,0005E256,CopernicusIIPlanetData,00185499,FloraBiomeArchipelago05,2026-08-10T21:01:47,1.0.0,Starfield.esm
Copernicus,Copernicus III,Amino Acids,Cliffberry,Flora,Y,,Mountains,,Legacy Organic Resources sheet,Unique,0005E257,CopernicusIIIPlanetData,002F80B8,FloraBiomeMountains08,2026-08-10T21:01:47,1.0.0,Starfield.esm
Copernicus,Copernicus III,Antimicrobial,Lockjaw Grazer,Fauna,N,,Volcanic; Mountains; Coniferous Forest,Broadly Herbivorous,ESM: mod_CCT_Special_Domesticate,Unique,0005E257,CopernicusIIIPlanetData,001E7BA7,PCM_Copernicus_CopernicusIII_PreyA,2026-08-10T21:01:47,1.0.0,Starfield.esm
Copernicus,Copernicus III,Antimicrobial,Spiny Ghost Cactus,Flora,Y,,Volcanic,,Legacy Organic Resources sheet,Unique,0005E257,CopernicusIIIPlanetData,001854EB,FloraBiomeVolcanicRough03,2026-08-10T21:01:47,1.0.0,Starfield.esm
Copernicus,Copernicus III,Nutrient,Aurora Palm,Flora,N,,Mountains; Coniferous Forest,,Legacy Organic Resources sheet,Unique,0005E257,CopernicusIIIPlanetData,002F80BB,FloraBiomeMountains10,2026-08-10T21:01:47,1.0.0,Starfield.esm
Copernicus,Copernicus III,Sealant,Starburst Silkweed,Flora,Y,,Mountains; Coniferous Forest,,Legacy Organic Resources sheet,Unique,0005E257,CopernicusIIIPlanetData,0018547E,FloraBiomeForestConiferous09,2026-08-10T21:01:47,1.0.0,Starfield.esm
Copernicus,Copernicus III,Structural,PCM_Copernicus_CopernicusIII_CritterA,Fauna,N,,Volcanic; Mountains; Frozen Plains; Coniferous Forest,Geophage,ESM: mod_CCT_Special_Domesticate,Ambiguous (2),0005E257,CopernicusIIIPlanetData,001E7BA6,PCM_Copernicus_CopernicusIII_CritterA,2026-08-10T21:01:47,1.0.0,Starfield.esm
Copernicus,Copernicus III,Structural,PCM_Copernicus_CopernicusIII_PredatorA,Fauna,N,,Volcanic; Mountains; Coniferous Forest,Carnivore,ESM: mod_CCT_Special_Domesticate,Ambiguous (2),0005E257,CopernicusIIIPlanetData,001E7BA8,PCM_Copernicus_CopernicusIII_PredatorA,2026-08-10T21:01:47,1.0.0,Starfield.esm
Copernicus,Copernicus IV,Fiber,PCM_Copernicus_CopernicusIV_CritterA,Fauna,N,,Hills; Frozen Volcanic; Swamp; Savanna,Geophage,ESM: mod_CCT_Special_Domesticate,Ambiguous (2),0005E259,CopernicusIVPlanetData,001E798C,PCM_Copernicus_CopernicusIV_CritterA,2026-08-10T21:01:47,1.0.0,Starfield.esm
Copernicus,Copernicus IV,Fiber,PCM_Copernicus_CopernicusIV_CritterB_Floater,Fauna,N,,Frozen Volcanic; Swamp; Savanna,Filter-Feeder,ESM: mod_CCT_Special_Domesticate,Ambiguous (2),0005E259,CopernicusIVPlanetData,001ED086,PCM_Copernicus_CopernicusIV_CritterB_Floater,2026-08-10T21:01:47,1.0.0,Starfield.esm
Copernicus,Copernicus IV,Membrane,PCM_Copernicus_CopernicusIV_PredatorA,Fauna,N,,Hills; Swamp; Savanna,Carnivore,ESM: mod_CCT_Special_Domesticate,Ambiguous (2),0005E259,CopernicusIVPlanetData,001E798E,PCM_Copernicus_CopernicusIV_PredatorA,2026-08-10T21:01:47,1.0.0,Starfield.esm
Copernicus,Copernicus IV,Membrane,PCM_Copernicus_CopernicusIV_PreyA,Fauna,N,,Hills; Swamp; Savanna,Geophage,ESM: mod_CCT_Special_Domesticate,Ambiguous (2),0005E259,CopernicusIVPlanetData,001E798D,PCM_Copernicus_CopernicusIV_PreyA,2026-08-10T21:01:47,1.0.0,Starfield.esm
Copernicus,Copernicus IV,Membrane,Bellona Bush,Flora,,,Swamp,,,Ambiguous (2),0005E259,CopernicusIVPlanetData,0018549A,FloraBiomeArchipelago04,2026-08-10T21:01:47,1.0.0,Starfield.esm
Copernicus,Copernicus IV,Membrane,Tundra Vine,Flora,Y,,Hills; Savanna,,Legacy Organic Resources sheet,Disambiguated by ESM name,0005E259,CopernicusIVPlanetData,001854CC,FloraBiomeHills04,2026-08-10T21:01:47,1.0.0,Starfield.esm
Copernicus,Copernicus IV,Nutrient,Broken Heart Vine,Flora,N,,Hills; Savanna,,Legacy Organic Resources sheet,Unique,0005E259,CopernicusIVPlanetData,001854F6,FloraBiomeSavanna02,2026-08-10T21:01:47,1.0.0,Starfield.esm
Copernicus,Copernicus IV,Sealant,Savage Woundwort,Flora,Y,,Swamp; Savanna,,Legacy Organic Resources sheet,Unique,0005E259,CopernicusIVPlanetData,00185497,FloraBiomeArchipelago07,2026-08-10T21:01:47,1.0.0,Starfield.esm
Copernicus,Copernicus IV,Structural,Augustus Creeper,Flora,Y,,Hills; Savanna,,Legacy Organic Resources sheet,Unique,0005E259,CopernicusIVPlanetData,001854CB,FloraBiomeHills05,2026-08-10T21:01:47,1.0.0,Starfield.esm
Copernicus Minor,Copernicus Minor I-A,Nutrient,Noid Scavenger,Fauna,N,,Frozen Hills,Omnivore,ESM: mod_CCT_Special_Domesticate,Unique,0005E252,CopernicusMinorI-aPlanetData,001E7421,PCM_CopernicusMinor_CopernicusMinor_I_a_CritterA,2026-08-10T21:01:47,1.0.0,Starfield.esm
Copernicus Minor,Copernicus Minor I-A,Spice,Hunting Caterpillar Scavenger,Fauna,N,,Frozen Hills,Omnivore,ESM: mod_CCT_Special_Domesticate,Unique,0005E252,CopernicusMinorI-aPlanetData,001E7423,PCM_CopernicusMinor_CopernicusMinor_I_a_PredatorA,2026-08-10T21:01:47,1.0.0,Starfield.esm
Copernicus Minor,Copernicus Minor I-A,Toxin Agent,PCM_CopernicusMinor_CopernicusMinor_I_a_PreyA,Fauna,N,,Frozen Hills,Geophage,ESM: mod_CCT_Special_Domesticate,No legacy match,0005E252,CopernicusMinorI-aPlanetData,001E7422,PCM_CopernicusMinor_CopernicusMinor_I_a_PreyA,2026-08-10T21:01:47,1.0.0,Starfield.esm
Decaran,Decaran I,Amino Acids,Ice Creeper,Flora,Y,,Mountains; Frozen Plains,,Legacy Organic Resources sheet,Unique,0005DF74,DecaranIPlanetData,002F809C,FloraBiomeFrozen08,2026-08-10T21:01:47,1.0.0,Starfield.esm
Decaran,Decaran I,Antimicrobial,Carasnail Grazer,Fauna,N,,Mountains; Frozen Plains,Broadly Herbivorous,ESM: mod_CCT_Special_Domesticate,Unique,0005DF74,DecaranIPlanetData,001E81A3,PCM_Decaran_Decaran-I_Critter01,2026-08-10T21:01:47,1.0.0,Starfield.esm
Decaran,Decaran I,Fiber,Boreas Root,Flora,N,,Frozen Plains,,Legacy Organic Resources sheet,Unique,0005DF74,DecaranIPlanetData,00185478,FloraBiomeFrozen05,2026-08-10T21:01:47,1.0.0,Starfield.esm
Decaran,Decaran I,Lubricant,Hunting Cockroach,Fauna,N,,Frozen Plains,Carnivore,ESM: mod_CCT_Special_Domesticate,Unique,0005DF74,DecaranIPlanetData,001E81A6,PCM_Decaran_Decaran-I_Predator01,2026-08-10T21:01:47,1.0.0,Starfield.esm
Decaran,Decaran I,Membrane,Herding Crabfly Grazer,Fauna,N,,Frozen Plains,Broadly Herbivorous,ESM: mod_CCT_Special_Domesticate,Unique,0005DF74,DecaranIPlanetData,001E81A5,PCM_Decaran_Decaran-I_Prey01,2026-08-10T21:01:47,1.0.0,Starfield.esm
Decaran,Decaran I,Metabolic Agent,Iceblood Vine,Flora,N,,Frozen Plains,,Legacy Organic Resources sheet,Unique,0005DF74,DecaranIPlanetData,002F809A,FloraBiomeFrozen07,2026-08-10T21:01:47,1.0.0,Starfield.esm
Decaran,Decaran I,Nutrient,Mountain Silkweed,Flora,N,,Mountains,,Legacy Organic Resources sheet,Unique,0005DF74,DecaranIPlanetData,002F80B5,FloraBiomeMountains06,2026-08-10T21:01:47,1.0.0,Starfield.esm
Decaran,Decaran I,Sealant,Cliff Laurel,Flora,Y,,Mountains,,Legacy Organic Resources sheet,Unique,0005DF74,DecaranIPlanetData,001854D8,FloraBiomeMountains02,2026-08-10T21:01:47,1.0.0,Starfield.esm
Decaran,Decaran I,Toxin Agent,PCM_Decaran_Decaran-I_Prey02,Fauna,N,,Frozen Plains,Omnivore,ESM: mod_CCT_Special_Domesticate,No legacy match,0005DF74,DecaranIPlanetData,001E81A4,PCM_Decaran_Decaran-I_Prey02,2026-08-10T21:01:47,1.0.0,Starfield.esm
Delta Pavonis,Magnar,Adhesive,Pack Exocrawler,Fauna,N,,Swamp; Mountains; Savanna; Hills,Carnivore,ESM: mod_CCT_Special_Domesticate,Unique,0005E045,MagnarPlanetData,001C718C,PCM_Delta-Pavonis_Magnar_Predator02,2026-08-10T21:01:47,1.0.0,Starfield.esm
Delta Pavonis,Magnar,Biosuppressant,Hunting Toadface,Fauna,N,,Swamp; Frozen Plains; Mountains; Savanna; Hills,Carnivore,ESM: mod_CCT_Special_Domesticate,Unique,0005E045,MagnarPlanetData,001C718D,PCM_Delta-Pavonis_Magnar_Predator01,2026-08-10T21:01:47,1.0.0,Starfield.esm
Delta Pavonis,Magnar,Cosmetic,Flocking Horsamander Scavenger,Fauna,Y,Fiber,Frozen Plains; Mountains; Savanna; Hills,Omnivore,ESM: mod_CCT_Special_Domesticate,Unique,0005E045,MagnarPlanetData,001C718B,PCM_Delta-Pavonis_Magnar_Prey01,2026-08-10T21:01:47,1.0.0,Starfield.esm
Delta Pavonis,Magnar,Fiber,Twilight Cradleleaf,Flora,Y,,Swamp; Mountains; Savanna; Hills,,Legacy Organic Resources sheet,Unique,0005E045,MagnarPlanetData,002F80D4,FloraBiomeSavanna10,2026-08-10T21:01:47,1.0.0,Starfield.esm
Delta Pavonis,Magnar,Membrane,Herding Bonemane Grazer,Fauna,Y,Fiber,Swamp; Savanna,Broadly Herbivorous,ESM: mod_CCT_Special_Domesticate,Unique,0005E045,MagnarPlanetData,001C718A,PCM_Delta-Pavonis_Magnar_Prey02,2026-08-10T21:01:47,1.0.0,Starfield.esm
Delta Pavonis,Magnar,Metabolic Agent,Beetle Scavenger,Fauna,Y,Fiber,Swamp; Frozen Plains; Mountains; Savanna; Hills,Omnivore,ESM: mod_CCT_Special_Domesticate,Unique,0005E045,MagnarPlanetData,001C7188,PCM_Delta-Pavonis_Magnar_Critter01,2026-08-10T21:01:47,1.0.0,Starfield.esm
Delta Pavonis,Magnar,Nutrient,Crag Root,Flora,Y,,Swamp,,Legacy Organic Resources sheet,Unique,0005E045,MagnarPlanetData,0018549B,FloraBiomeArchipelago03,2026-08-10T21:01:47,1.0.0,Starfield.esm
Delta Pavonis,Magnar,Ornamental,Star Bloom Root,Flora,Y,,Frozen Plains; Mountains; Savanna; Hills,,Legacy Organic Resources sheet,Unique,0005E045,MagnarPlanetData,001854D5,FloraBiomeMountains05,2026-08-10T21:01:47,1.0.0,Starfield.esm
Delta Pavonis,Magnar,Sealant,Weeping Fireleaf,Flora,Y,,Swamp,,Legacy Organic Resources sheet,Unique,0005E045,MagnarPlanetData,001854B1,FloraBiomeArchipelago01,2026-08-10T21:01:47,1.0.0,Starfield.esm
Delta Pavonis,Magnar,Toxin Agent,PCM_Delta-Pavonis_Magnar_Predator03,Fauna,N,,Ocean; Swamp; Savanna,Carnivore,ESM: mod_CCT_Special_Domesticate,No legacy match,0005E045,MagnarPlanetData,001C7189,PCM_Delta-Pavonis_Magnar_Predator03,2026-08-10T21:01:47,1.0.0,Starfield.esm
Delta Vulpes,Delta Vulpes V-C,Nutrient,Trident Geophage,Fauna,N,,Volcanic; Craters; Mountains,Geophage,ESM: mod_CCT_Special_Domesticate,Unique,0005E26E,DeltaVulpesV-cPlanetData,001E3F36,PCM_DeltaVulpes_DeltaVulpesVc_CritterA,2026-08-10T21:01:47,1.0.0,Starfield.esm
Delta Vulpes,Delta Vulpes V-C,Sealant,Hunting Shieldshell,Fauna,N,,Volcanic; Craters; Mountains,Carnivore,ESM: mod_CCT_Special_Domesticate,Unique,0005E26E,DeltaVulpesV-cPlanetData,001E3F38,PCM_DeltaVulpes_DeltaVulpesVc_PredatorA,2026-08-10T21:01:47,1.0.0,Starfield.esm
Delta Vulpes,Delta Vulpes V-C,Structural,Roundshell Geophage,Fauna,Y,Fiber,Volcanic; Craters; Mountains,Geophage,ESM: mod_CCT_Special_Domesticate,Unique,0005E26E,DeltaVulpesV-cPlanetData,001E3F37,PCM_DeltaVulpes_DeltaVulpesVc_PreyA,2026-08-10T21:01:47,1.0.0,Starfield.esm
Denebola,Denebola I-B,Aromatic,Herding Boneback Grazer,Fauna,N,,Mountains; Hills; Volcanic,Broadly Herbivorous,ESM: mod_CCT_Special_Domesticate,Unique,0005E46A,DenebolaI-bPlanetData,001E2996,PCM_Denebola_Denebola_I_b_PreyA,2026-08-10T21:01:47,1.0.0,Starfield.esm
Denebola,Denebola I-B,Fiber,Pearl Filterer,Fauna,N,,Mountains; Frozen Mountains; Hills; Volcanic,Filter-Feeder,ESM: mod_CCT_Special_Domesticate,Unique,0005E46A,DenebolaI-bPlanetData,001F7668,PCM_Denebola_Denebola_I_b_CritterB_Floater,2026-08-10T21:01:47,1.0.0,Starfield.esm
Denebola,Denebola I-B,Hypercatalyst,Pack Crab,Fauna,N,,Mountains; Hills; Volcanic,Carnivore,ESM: mod_CCT_Special_Domesticate,Unique,0005E46A,DenebolaI-bPlanetData,001E2997,PCM_Denebola_Denebola_I_b_PredatorA,2026-08-10T21:01:47,1.0.0,Starfield.esm
Denebola,Denebola I-B,Membrane,Grabber Filterer,Fauna,N,,Mountains; Hills; Volcanic,Filter-Feeder,ESM: mod_CCT_Special_Domesticate,Unique,0005E46A,DenebolaI-bPlanetData,001E2979,PCM_Denebola_Denebola_I_b_CritterA,2026-08-10T21:01:47,1.0.0,Starfield.esm
Denebola,Denebola I-B,Nutrient,Herding Fluke Filterer,Fauna,N,,Ocean,Filter-Feeder,ESM: mod_CCT_Special_Domesticate,Unique,0005E46A,DenebolaI-bPlanetData,001F7669,PCM_Denebola_Denebola_I_b_PreyB_Swimmer,2026-08-10T21:01:47,1.0.0,Starfield.esm
Denebola,Denebola I-B,Sealant,Blooming Slopefeather,Flora,Y,,Mountains; Hills,,Legacy Organic Resources sheet,Unique,0005E46A,DenebolaI-bPlanetData,001854CD,FloraBiomeHills03,2026-08-10T21:01:47,1.0.0,Starfield.esm
Denebola,Denebola I-B,Structural,Star Bloom Root,Flora,Y,,Mountains; Hills; Volcanic,,Legacy Organic Resources sheet,Unique,0005E46A,DenebolaI-bPlanetData,001854D5,FloraBiomeMountains05,2026-08-10T21:01:47,1.0.0,Starfield.esm
Denebola,Denebola I-B,Toxin,Crusher Leaf,Flora,Y,,Volcanic,,Legacy Organic Resources sheet,Unique,0005E46A,DenebolaI-bPlanetData,001854DA,FloraBiomeVolcanicWorn10,2026-08-10T21:01:47,1.0.0,Starfield.esm
Enlil,Enlil I-A,Sedative,Hunting Brainsprout,Fauna,N,,Volcanic; Mountains; Hills,Carnivore,ESM: mod_CCT_Special_Domesticate,Unique,0005DED6,EnlilI-aPlanetData,001E2949,PCM_Enlil_Enlil_I_a_PredatorA,2026-08-10T21:01:47,1.0.0,Starfield.esm
Enlil,Enlil I-A,Structural,Anteater Geophage,Fauna,N,,Volcanic; Mountains; Hills,Geophage,ESM: mod_CCT_Special_Domesticate,Unique,0005DED6,EnlilI-aPlanetData,001E2948,PCM_Enlil_Enlil_I_a_PreyA,2026-08-10T21:01:47,1.0.0,Starfield.esm
Enlil,Enlil I-A,Toxin Agent,PCM_Enlil_Enlil_I_a_CritterA,Fauna,N,,Volcanic; Mountains; Hills,Geophage,ESM: mod_CCT_Special_Domesticate,No legacy match,0005DED6,EnlilI-aPlanetData,001E292B,PCM_Enlil_Enlil_I_a_CritterA,2026-08-10T21:01:47,1.0.0,Starfield.esm
Enlil,Enlil II,Analgesic,Hunting Spiderwasp Stalker,Fauna,N,,Savanna,Carnivore,ESM: mod_CCT_Special_Domesticate,Unique,0005DED7,EnlilIIPlanetData,001E2616,PCM_Enlil_EnlilII_PredatorB,2026-08-10T21:01:47,1.0.0,Starfield.esm
Enlil,Enlil II,Biosuppressant,Pack Cagebrain,Fauna,N,,Tropical Forest; Mountains; Savanna,Carnivore,ESM: mod_CCT_Special_Domesticate,Unique,0005DED7,EnlilIIPlanetData,001E2617,PCM_Enlil_EnlilII_PredatorA,2026-08-10T21:01:47,1.0.0,Starfield.esm
Enlil,Enlil II,Cosmetic,Fleshleaf Filterer,Fauna,N,,Frozen Plains; Tropical Forest; Mountains; Savanna,Filter-Feeder,ESM: mod_CCT_Special_Domesticate,Unique,0005DED7,EnlilIIPlanetData,001E2614,PCM_Enlil_EnlilII_CritterB,2026-08-10T21:01:47,1.0.0,Starfield.esm
Enlil,Enlil II,Fiber,Nebula Vine,Flora,N,,Mountains,,Legacy Organic Resources sheet,Unique,0005DED7,EnlilIIPlanetData,002F80B7,FloraBiomeMountains07,2026-08-10T21:01:47,1.0.0,Starfield.esm
Enlil,Enlil II,Hallucinogen,Windbag Grazer,Fauna,N,,Savanna,Ruminant,ESM: mod_CCT_Special_Domesticate,Unique,0005DED7,EnlilIIPlanetData,001E2618,PCM_Enlil_EnlilII_PreyB,2026-08-10T21:01:47,1.0.0,Starfield.esm
Enlil,Enlil II,Metabolic Agent,Satellite Ghostvine,Flora,N,,Mountains; Savanna,,Legacy Organic Resources sheet,Unique,0005DED7,EnlilIIPlanetData,002F80CD,FloraBiomeSavanna07,2026-08-10T21:01:47,1.0.0,Starfield.esm
Enlil,Enlil II,Nutrient,Tropical Maw Palm,Flora,Y,,Tropical Forest,,Legacy Organic Resources sheet,Unique,0005DED7,EnlilIIPlanetData,002F8090,FloraBiomeForestTropical07,2026-08-10T21:01:47,1.0.0,Starfield.esm
Enlil,Enlil II,Sedative,Broken Heart Vine,Flora,N,,Tropical Forest; Savanna,,Legacy Organic Resources sheet,Unique,0005DED7,EnlilIIPlanetData,001854F6,FloraBiomeSavanna02,2026-08-10T21:01:47,1.0.0,Starfield.esm
Enlil,Enlil II,Spice,Crabfly Herbivore,Fauna,N,,Tropical Forest; Mountains; Savanna,Frugivore,ESM: mod_CCT_Special_Domesticate,Unique,0005DED7,EnlilIIPlanetData,001E2619,PCM_Enlil_EnlilII_PreyA,2026-08-10T21:01:47,1.0.0,Starfield.esm
Enlil,Enlil II,Structural,Cage Brain,Flora,N,,Tropical Forest; Mountains; Savanna,,Legacy Organic Resources sheet,Unique,0005DED7,EnlilIIPlanetData,002E0887,FloraBiomeCageBrain01,2026-08-10T21:01:47,1.0.0,Starfield.esm
Enlil,Enlil II,Toxin Agent,PCM_Enlil_EnlilII_CritterA,Fauna,N,,Tropical Forest; Mountains; Savanna,Filter-Feeder,ESM: mod_CCT_Special_Domesticate,No legacy match,0005DED7,EnlilIIPlanetData,001E2615,PCM_Enlil_EnlilII_CritterA,2026-08-10T21:01:47,1.0.0,Starfield.esm
Eridani,Eridani II,Fiber,Spaceroach Filterer,Fauna,N,,Rocky Desert; Frozen Hills; Mountains,Filter-Feeder,ESM: mod_CCT_Special_Domesticate,Unique,0005E50A,EridaniIIPlanetData,001E07BE,PCM_Eridani_Eridani-II_CritterA,2026-08-10T21:01:47,1.0.0,Starfield.esm
Eridani,Eridani II,Fiber,Bitter Goldenglow,Flora,N,,Rocky Desert; Mountains; Hills,,Legacy Organic Resources sheet,Unique,0005E50A,EridaniIIPlanetData,001854F9,FloraBiomeDesertRocky09,2026-08-10T21:01:47,1.0.0,Starfield.esm
Eridani,Eridani II,Membrane,Tropical Maw Palm,Flora,Y,,Tropical Forest,,Legacy Organic Resources sheet,Unique,0005E50A,EridaniIIPlanetData,002F8090,FloraBiomeForestTropical07,2026-08-10T21:01:47,1.0.0,Starfield.esm
Eridani,Eridani II,Metabolic Agent,Autumn Junglebloom,Flora,N,,Tropical Forest,,Legacy Organic Resources sheet,Unique,0005E50A,EridaniIIPlanetData,002F8092,FloraBiomeForestTropical08,2026-08-10T21:01:47,1.0.0,Starfield.esm
Eridani,Eridani II,Nutrient,PCM_Eridani_Eridani-II_CritterC_Flyer,Fauna,N,,Rocky Desert; Mountains; Hills,Omnivore,ESM: mod_CCT_Special_Domesticate,Ambiguous (2),0005E50A,EridaniIIPlanetData,001F766A,PCM_Eridani_Eridani-II_CritterC_Flyer,2026-08-10T21:01:47,1.0.0,Starfield.esm
Eridani,Eridani II,Nutrient,PCM_Eridani_Eridani-II_PredatorB,Fauna,N,,Tropical Forest; Hills,Carnivore,ESM: mod_CCT_Special_Domesticate,Ambiguous (2),0005E50A,EridaniIIPlanetData,001E07C1,PCM_Eridani_Eridani-II_PredatorB,2026-08-10T21:01:47,1.0.0,Starfield.esm
Eridani,Eridani II,Nutrient,Sweet Goldenglow,Flora,N,,Tropical Forest,,Legacy Organic Resources sheet,Unique,0005E50A,EridaniIIPlanetData,001854B9,FloraBiomeForestTropical03,2026-08-10T21:01:47,1.0.0,Starfield.esm
Eridani,Eridani II,Pigment,Jellyfin Filterer,Fauna,N,,Tropical Forest; Hills,Filter-Feeder,ESM: mod_CCT_Special_Domesticate,Unique,0005E50A,EridaniIIPlanetData,001E07BF,PCM_Eridani_Eridani-II_PreyB,2026-08-10T21:01:47,1.0.0,Starfield.esm
Eridani,Eridani II,Pigment,Augustus Creeper,Flora,Y,,Rocky Desert; Mountains; Hills,,Legacy Organic Resources sheet,Unique,0005E50A,EridaniIIPlanetData,001854CB,FloraBiomeHills05,2026-08-10T21:01:47,1.0.0,Starfield.esm
Eridani,Eridani II,Sealant,Hunting Bighorn,Fauna,N,,Rocky Desert; Mountains,Carnivore,ESM: mod_CCT_Special_Domesticate,Unique,0005E50A,EridaniIIPlanetData,001E07C2,PCM_Eridani_Eridani-II_PredatorA,2026-08-10T21:01:47,1.0.0,Starfield.esm
Eridani,Eridani II,Sealant,Red Latticebulb,Flora,N,,Mountains; Hills,,Legacy Organic Resources sheet,Unique,0005E50A,EridaniIIPlanetData,002F80A6,FloraBiomeHills08,2026-08-10T21:01:47,1.0.0,Starfield.esm
Eridani,Eridani II,Structural,Herding Vuvuzelisk Grazer,Fauna,N,,Rocky Desert; Mountains,Broadly Herbivorous,ESM: mod_CCT_Special_Domesticate,Unique,0005E50A,EridaniIIPlanetData,001E07C0,PCM_Eridani_Eridani-II_PreyA,2026-08-10T21:01:47,1.0.0,Starfield.esm
Eridani,Eridani II,Structural,Cliff Laurel,Flora,Y,,Rocky Desert; Mountains; Hills,,Legacy Organic Resources sheet,Unique,0005E50A,EridaniIIPlanetData,001854D8,FloraBiomeMountains02,2026-08-10T21:01:47,1.0.0,Starfield.esm
Eridani,Eridani II,Toxin Agent,PCM_Eridani_Eridani-II_CritterB,Fauna,N,,Tropical Forest; Hills,Omnivore,ESM: mod_CCT_Special_Domesticate,No legacy match,0005E50A,EridaniIIPlanetData,001E07BD,PCM_Eridani_Eridani-II_CritterB,2026-08-10T21:01:47,1.0.0,Starfield.esm
Eridani,Eridani III,Amino Acids,Pack Trapmaw,Fauna,N,,Frozen Dunes,Carnivore,ESM: mod_CCT_Special_Domesticate,Unique,0005E50B,EridaniIIIPlanetData,001EB5E0,PCM_Eridani_III_PackCharger,2026-08-10T21:01:47,1.0.0,Starfield.esm
Eridani,Eridani III,Aromatic,Scepter Filterer,Fauna,N,,Frozen Dunes; Sandy Desert,Filter-Feeder,ESM: mod_CCT_Special_Domesticate,Unique,0005E50B,EridaniIIIPlanetData,001EB5DE,PCM_Eridani_III_Skimmer,2026-08-10T21:01:47,1.0.0,Starfield.esm
Eridani,Eridani III,Cosmetic,Spiny Bell Cactus,Flora,Y,,Sandy Desert,,Legacy Organic Resources sheet,Unique,0005E50B,EridaniIIIPlanetData,0018550B,FloraBiomeDesertSandy01,2026-08-10T21:01:47,1.0.0,Starfield.esm
Eridani,Eridani III,Fiber,Sub-Zero Silkweed,Flora,N,,Frozen Dunes,,Legacy Organic Resources sheet,Unique,0005E50B,EridaniIIIPlanetData,0018547C,FloraBiomeFrozen01,2026-08-10T21:01:47,1.0.0,Starfield.esm
Eridani,Eridani III,Metabolic Agent,Boreas Root,Flora,N,,Frozen Dunes,,Legacy Organic Resources sheet,Unique,0005E50B,EridaniIIIPlanetData,00185478,FloraBiomeFrozen05,2026-08-10T21:01:47,1.0.0,Starfield.esm
Eridani,Eridani III,Nutrient,Trident Herbivore,Fauna,N,,Sandy Desert,Xylophage,ESM: mod_CCT_Special_Domesticate,Unique,0005E50B,EridaniIIIPlanetData,001EB5DF,PCM_Eridani_III_Crawler,2026-08-10T21:01:47,1.0.0,Starfield.esm
Eridani,Eridani III,Pigment,Flocking Brightcage Geophage,Fauna,N,,Frozen Dunes; Sandy Desert,Geophage,ESM: mod_CCT_Special_Domesticate,Unique,0005E50B,EridaniIIIPlanetData,001EB65D,PCM_Eridani_III_HerdLurker,2026-08-10T21:01:47,1.0.0,Starfield.esm
Eridani,Eridani III,Sealant,Sweet Fumewort,Flora,Y,,Sandy Desert,,Legacy Organic Resources sheet,Unique,0005E50B,EridaniIIIPlanetData,00185502,FloraBiomeDesertSandy10,2026-08-10T21:01:47,1.0.0,Starfield.esm
Eridani,Eridani III,Stimulant,Hunting Coralcrab,Fauna,N,,Frozen Dunes; Sandy Desert,Carnivore,ESM: mod_CCT_Special_Domesticate,Unique,0005E50B,EridaniIIIPlanetData,001EB631,PCM_Eridani_III_Hunter,2026-08-10T21:01:47,1.0.0,Starfield.esm
Eridani,Eridani III,Structural,Dunetangle,Flora,N,,Sandy Desert,,Legacy Organic Resources sheet,Unique,0005E50B,EridaniIIIPlanetData,00185506,FloraBiomeDesertSandy06,2026-08-10T21:01:47,1.0.0,Starfield.esm
Eridani,Eridani III,Toxin Agent,PCM_Eridani_III_StalkerLantern,Fauna,N,,Frozen Dunes; Sandy Desert,Carnivore,ESM: mod_CCT_Special_Domesticate,No legacy match,0005E50B,EridaniIIIPlanetData,001EB65C,PCM_Eridani_III_StalkerLantern,2026-08-10T21:01:47,1.0.0,Starfield.esm
Eridani,Eridani IV,Hallucinogen,Herding Roundshell Scavenger,Fauna,N,,Coniferous Forest,Omnivore,ESM: mod_CCT_Special_Domesticate,Unique,0005E50F,EridaniIVPlanetData,001E08F5,PCM_Eridani_Eridani-IV_PreyA,2026-08-10T21:01:47,1.0.0,Starfield.esm
Eridani,Eridani IV,Metabolic Agent,Beetle Scavenger,Fauna,N,,Frozen Mountains; Coniferous Forest,Omnivore,ESM: mod_CCT_Special_Domesticate,Unique,0005E50F,EridaniIVPlanetData,001E08F4,PCM_Eridani_Eridani-IV_CritterA,2026-08-10T21:01:47,1.0.0,Starfield.esm
Eridani,Eridani IV,Nutrient,Sweet Canis Vine,Flora,Y,,Frozen Mountains; Coniferous Forest,,Legacy Organic Resources sheet,Unique,0005E50F,EridaniIVPlanetData,00185483,FloraBiomeForestConiferous07,2026-08-10T21:01:47,1.0.0,Starfield.esm
Eridani,Eridani IV,Pigment,Hunting Crab,Fauna,N,,Coniferous Forest,Carnivore,ESM: mod_CCT_Special_Domesticate,Unique,0005E50F,EridaniIVPlanetData,001E08F6,PCM_Eridani_Eridani-IV_PredatorA,2026-08-10T21:01:47,1.0.0,Starfield.esm
Eridani,Eridani IV,Sealant,Golden Creeper,Flora,Y,,Coniferous Forest,,Legacy Organic Resources sheet,Unique,0005E50F,EridaniIVPlanetData,00185487,FloraBiomeForestConiferous03,2026-08-10T21:01:47,1.0.0,Starfield.esm
Eridani,Eridani IV,Toxin,Starburst Silkweed,Flora,Y,,Coniferous Forest,,Legacy Organic Resources sheet,Unique,0005E50F,EridaniIVPlanetData,0018547E,FloraBiomeForestConiferous09,2026-08-10T21:01:47,1.0.0,Starfield.esm
Eta Cassiopeia,Cassiopeia I,Analgesic,Lesser Silverfish,Fauna,N,,Deciduous Forest; Coniferous Forest; Tropical Forest,Carnivore,ESM: mod_CCT_Special_Domesticate,Disambiguated by ESM name,0005E4E6,CassiopeiaIPlanetData,00170A43,PCM_Eta-Cassiopeia_Cassiopeia-I_Predator02,2026-08-10T21:01:47,1.0.0,Starfield.esm
Eta Cassiopeia,Cassiopeia I,Analgesic,PCM_Eta-Cassiopeia_Cassiopeia-I_Predator01,Fauna,N,,Plateau,Carnivore,ESM: mod_CCT_Special_Domesticate,Ambiguous (2),0005E4E6,CassiopeiaIPlanetData,001791AE,PCM_Eta-Cassiopeia_Cassiopeia-I_Predator01,2026-08-10T21:01:47,1.0.0,Starfield.esm
Eta Cassiopeia,Cassiopeia I,Cosmetic,Blue Weeping Shrub,Flora,Y,,Deciduous Forest,,Legacy Organic Resources sheet,Disambiguated by ESM name,0005E4E6,CassiopeiaIPlanetData,001854C5,FloraBiomeForestDeciduous01,2026-08-10T21:01:47,1.0.0,Starfield.esm
Eta Cassiopeia,Cassiopeia I,Cosmetic,Starleaf,Flora,Y,,Plateau,,Legacy Organic Resources sheet,Disambiguated by ESM name,0005E4E6,CassiopeiaIPlanetData,0018548C,FloraBiomeCanyons08,2026-08-10T21:01:47,1.0.0,Starfield.esm
Eta Cassiopeia,Cassiopeia I,Fiber,PCM_Eta-Cassiopeia_Cassiopeia-I_Critter01,Fauna,N,,Plateau,Broadly Herbivorous,ESM: mod_CCT_Special_Domesticate,Ambiguous (3),0005E4E6,CassiopeiaIPlanetData,00179DC4,PCM_Eta-Cassiopeia_Cassiopeia-I_Critter01,2026-08-10T21:01:47,1.0.0,Starfield.esm
Eta Cassiopeia,Cassiopeia I,Fiber,PCM_Eta-Cassiopeia_Cassiopeia-I_Critter02,Fauna,N,,Deciduous Forest; Coniferous Forest; Tropical Forest,Broadly Herbivorous,ESM: mod_CCT_Special_Domesticate,Ambiguous (3),0005E4E6,CassiopeiaIPlanetData,001791AF,PCM_Eta-Cassiopeia_Cassiopeia-I_Critter02,2026-08-10T21:01:47,1.0.0,Starfield.esm
Eta Cassiopeia,Cassiopeia I,Fiber,PCM_Eta-Cassiopeia_Cassiopeia-I_Predator03,Fauna,N,,Deciduous Forest; Coniferous Forest; Tropical Forest,Carnivore,ESM: mod_CCT_Special_Domesticate,Ambiguous (3),0005E4E6,CassiopeiaIPlanetData,00170A2A,PCM_Eta-Cassiopeia_Cassiopeia-I_Predator03,2026-08-10T21:01:47,1.0.0,Starfield.esm
Eta Cassiopeia,Cassiopeia I,Sealant,Explorer's Coleus,Flora,Y,,Deciduous Forest,,Legacy Organic Resources sheet,Disambiguated by ESM name,0005E4E6,CassiopeiaIPlanetData,001854BF,FloraBiomeForestDeciduous06,2026-08-10T21:01:47,1.0.0,Starfield.esm
Eta Cassiopeia,Cassiopeia I,Sealant,Starburst Silkweed,Flora,Y,,Coniferous Forest,,Legacy Organic Resources sheet,Disambiguated by ESM name,0005E4E6,CassiopeiaIPlanetData,0018547E,FloraBiomeForestConiferous09,2026-08-10T21:01:47,1.0.0,Starfield.esm
Eta Cassiopeia,Cassiopeia I,Structural,Coralbug Scavenger,Fauna,N,,Deciduous Forest; Coniferous Forest; Tropical Forest,Omnivore,ESM: mod_CCT_Special_Domesticate,Unique,0005E4E6,CassiopeiaIPlanetData,00170A2B,PCM_Eta-Cassiopeia_Cassiopeia-I_Prey01,2026-08-10T21:01:47,1.0.0,Starfield.esm
Eta Cassiopeia,Cassiopeia I,Structural,Apollo Fireleaf,Flora,N,,Deciduous Forest; Coniferous Forest; Tropical Forest; Plateau,,Legacy Organic Resources sheet,Unique,0005E4E6,CassiopeiaIPlanetData,001854BA,FloraBiomeForestTropical02,2026-08-10T21:01:47,1.0.0,Starfield.esm
Eta Cassiopeia,Cassiopeia IV-A,Amino Acids,Stunted Pine,Flora,Y,,Mountains,,Legacy Organic Resources sheet,Unique,0005E4ED,CassiopeiaIV-aPlanetData,001854D9,FloraBiomeMountains01,2026-08-10T21:01:47,1.0.0,Starfield.esm
Eta Cassiopeia,Cassiopeia IV-A,Fiber,Jackknife Geophage,Fauna,N,,Rocky Desert; Plateau; Mountains; Volcanic,Geophage,ESM: mod_CCT_Special_Domesticate,Unique,0005E4ED,CassiopeiaIV-aPlanetData,001DF884,PCM_Eta-Cassiopeia_Eta-Cassiopeia-IV-a_Critter01,2026-08-10T21:01:47,1.0.0,Starfield.esm
Eta Cassiopeia,Cassiopeia IV-A,Membrane,Moon Root,Flora,Y,,Rocky Desert; Volcanic,,Legacy Organic Resources sheet,Unique,0005E4ED,CassiopeiaIV-aPlanetData,001854E0,FloraBiomeVolcanicWorn04,2026-08-10T21:01:47,1.0.0,Starfield.esm
Eta Cassiopeia,Cassiopeia IV-A,Metabolic Agent,Herding Olgreg,Fauna,N,,Rocky Desert; Plateau; Mountains; Volcanic,Carnivore,ESM: mod_CCT_Special_Domesticate,Unique,0005E4ED,CassiopeiaIV-aPlanetData,001DF885,PCM_Eta-Cassiopeia_Eta-Cassiopeia-IV-a_Prey02,2026-08-10T21:01:47,1.0.0,Starfield.esm
Eta Cassiopeia,Cassiopeia IV-A,Nutrient,Golden Sand Root,Flora,Y,,Rocky Desert,,Legacy Organic Resources sheet,Disambiguated by ESM name,0005E4ED,CassiopeiaIV-aPlanetData,001854FE,FloraBiomeDesertRocky04,2026-08-10T21:01:47,1.0.0,Starfield.esm
Eta Cassiopeia,Cassiopeia IV-A,Nutrient,Red Stinging Nettle,Flora,Y,,Plateau; Mountains,,Legacy Organic Resources sheet,Disambiguated by ESM name,0005E4ED,CassiopeiaIV-aPlanetData,0018548D,FloraBiomeCanyons07,2026-08-10T21:01:47,1.0.0,Starfield.esm
Eta Cassiopeia,Cassiopeia IV-A,Pigment,Hunting Raptor,Fauna,N,,Rocky Desert; Plateau; Mountains; Volcanic,Carnivore,ESM: mod_CCT_Special_Domesticate,Unique,0005E4ED,CassiopeiaIV-aPlanetData,001DF887,PCM_Eta-Cassiopeia_Eta-Cassiopeia-IV-a_Predator01,2026-08-10T21:01:47,1.0.0,Starfield.esm
Eta Cassiopeia,Cassiopeia IV-A,Sealant,Herding Vuvuzelisk Geophage,Fauna,N,,Rocky Desert; Plateau; Mountains; Volcanic,Geophage,ESM: mod_CCT_Special_Domesticate,Unique,0005E4ED,CassiopeiaIV-aPlanetData,001DF886,PCM_Eta-Cassiopeia_Eta-Cassiopeia-IV-a_Prey01,2026-08-10T21:01:47,1.0.0,Starfield.esm
Eta Cassiopeia,Cassiopeia IV-A,Structural,Ash Flower,Flora,Y,,Mountains; Volcanic,,Legacy Organic Resources sheet,Unique,0005E4ED,CassiopeiaIV-aPlanetData,001854DF,FloraBiomeVolcanicWorn05,2026-08-10T21:01:47,1.0.0,Starfield.esm
Eta Cassiopeia,Cassiopeia IV-A,Toxin,Arc Root,Flora,Y,,Plateau; Mountains,,Legacy Organic Resources sheet,Unique,0005E4ED,CassiopeiaIV-aPlanetData,00185490,FloraBiomeCanyons04,2026-08-10T21:01:47,1.0.0,Starfield.esm
Fermi,Fermi III,Amino Acids,Shardhopper Herbivore,Fauna,N,,Deciduous Forest,Frugivore,ESM: mod_CCT_Special_Domesticate,Unique,0005DE2D,FermiIIIPlanetData,001E06E5,PCM_Fermi_Fermi-III_PreyA,2026-08-10T21:01:47,1.0.0,Starfield.esm
Fermi,Fermi III,Cosmetic,Spiral Creeper,Flora,Y,,Deciduous Forest; Mountains,,Legacy Organic Resources sheet,Unique,0005DE2D,FermiIIIPlanetData,001854C1,FloraBiomeForestDeciduous04,2026-08-10T21:01:47,1.0.0,Starfield.esm
Fermi,Fermi III,Fiber,Spirit Laurel,Flora,Y,,Deciduous Forest; Sandy Desert; Mountains,,Legacy Organic Resources sheet,Unique,0005DE2D,FermiIIIPlanetData,001854BE,FloraBiomeForestDeciduous07,2026-08-10T21:01:47,1.0.0,Starfield.esm
Fermi,Fermi III,Hypercatalyst,Hunting Exorunner,Fauna,N,,Deciduous Forest,Carnivore,ESM: mod_CCT_Special_Domesticate,Unique,0005DE2D,FermiIIIPlanetData,001E07AB,PCM_Fermi_Fermi-III_PredatorA,2026-08-10T21:01:47,1.0.0,Starfield.esm
Fermi,Fermi III,Membrane,Vampire Geophage,Fauna,N,,Deciduous Forest; Sandy Desert,Geophage,ESM: mod_CCT_Special_Domesticate,Unique,0005DE2D,FermiIIIPlanetData,001F766C,PCM_Fermi_Fermi-III_CritterC_Flyer,2026-08-10T21:01:47,1.0.0,Starfield.esm
Fermi,Fermi III,Metabolic Agent,Swarming Cockroach,Fauna,N,,Sandy Desert; Mountains,Carnivore,ESM: mod_CCT_Special_Domesticate,Unique,0005DE2D,FermiIIIPlanetData,001E07A6,PCM_Fermi_Fermi-III_PredatorB,2026-08-10T21:01:47,1.0.0,Starfield.esm
Fermi,Fermi III,Nutrient,Stunted Pine,Flora,Y,,Deciduous Forest; Sandy Desert; Mountains,,Legacy Organic Resources sheet,Unique,0005DE2D,FermiIIIPlanetData,001854D9,FloraBiomeMountains01,2026-08-10T21:01:47,1.0.0,Starfield.esm
Fermi,Fermi III,Sealant,Fingerface Geophage,Fauna,N,,Frozen Mountains; Sandy Desert; Mountains,Geophage,ESM: mod_CCT_Special_Domesticate,Unique,0005DE2D,FermiIIIPlanetData,001E064C,PCM_Fermi_Fermi-III_CritterB,2026-08-10T21:01:47,1.0.0,Starfield.esm
Fermi,Fermi III,Sealant,Wanderer's Husk,Flora,Y,,Sandy Desert; Mountains,,Legacy Organic Resources sheet,Unique,0005DE2D,FermiIIIPlanetData,00185507,FloraBiomeDesertSandy05,2026-08-10T21:01:47,1.0.0,Starfield.esm
Fermi,Fermi III,Spice,Crag Root,Flora,N,,Deciduous Forest; Mountains,,Legacy Organic Resources sheet,Unique,0005DE2D,FermiIIIPlanetData,002F80BC,FloraBiomeMountains09,2026-08-10T21:01:47,1.0.0,Starfield.esm
Fermi,Fermi III,Structural,Herding Clawback Scavenger,Fauna,N,,Sandy Desert; Mountains,Omnivore,ESM: mod_CCT_Special_Domesticate,Unique,0005DE2D,FermiIIIPlanetData,001E069F,PCM_Fermi_Fermi-III_PreyB,2026-08-10T21:01:47,1.0.0,Starfield.esm
Fermi,Fermi III,Structural,Sweet Fumewort,Flora,Y,,Sandy Desert; Mountains,,Legacy Organic Resources sheet,Unique,0005DE2D,FermiIIIPlanetData,00185502,FloraBiomeDesertSandy10,2026-08-10T21:01:47,1.0.0,Starfield.esm
Fermi,Fermi III,Toxin Agent,PCM_Fermi_Fermi-III_CritterA,Fauna,N,,Deciduous Forest,Omnivore,ESM: mod_CCT_Special_Domesticate,No legacy match,0005DE2D,FermiIIIPlanetData,001E064F,PCM_Fermi_Fermi-III_CritterA,2026-08-10T21:01:47,1.0.0,Starfield.esm
Fermi,Fermi III,Toxin Agent,PCM_Fermi_Fermi-III_PreyC_Swimmer,Fauna,N,,Ocean,Omnivore,ESM: mod_CCT_Special_Domesticate,No legacy match,0005DE2D,FermiIIIPlanetData,001F766B,PCM_Fermi_Fermi-III_PreyC_Swimmer,2026-08-10T21:01:47,1.0.0,Starfield.esm
Fermi,Fermi VII-A,Stimulant,Pack Sunfish,Fauna,N,,Plateau; Hills; Sandy Desert,Carnivore,ESM: mod_CCT_Special_Domesticate,Unique,0005DE3A,FermiVII-aPlanetData,001DF843,PCM_Fermi_Fermi-VII-a_PredatorA,2026-08-10T21:01:47,1.0.0,Starfield.esm
Fermi,Fermi VII-A,Toxin Agent,PCM_Fermi_Fermi-VII-a_CritterA,Fauna,N,,Plateau; Hills; Sandy Desert,Filter-Feeder,ESM: mod_CCT_Special_Domesticate,No legacy match,0005DE3A,FermiVII-aPlanetData,001DF841,PCM_Fermi_Fermi-VII-a_CritterA,2026-08-10T21:01:47,1.0.0,Starfield.esm
Fermi,Fermi VII-A,Unique,PCM_Fermi_Fermi-VII-a_PreyA,Fauna,Y,Fiber,Plateau; Hills; Sandy Desert,Filter-Feeder,ESM: mod_CCT_Special_Domesticate,No legacy match,0005DE3A,FermiVII-aPlanetData,001DF842,PCM_Fermi_Fermi-VII-a_PreyA,2026-08-10T21:01:47,1.0.0,Starfield.esm
Feynman,Feynman I,Cosmetic,Crag Sprinter,Fauna,N,,Volcanic; Mountains; Plateau; Hills; Sandy Desert,Carnivore,ESM: mod_CCT_Special_Domesticate,Unique,0005E0DA,FeynmanIPlanetData,001DF4F8,PCM_Feynman_Feynman-I_PredatorA_Crag_Sprinter,2026-08-10T21:01:47,1.0.0,Starfield.esm
Feynman,Feynman I,Structural,Stonewalker Geophage,Fauna,N,,Volcanic; Mountains; Plateau; Hills; Sandy Desert,Geophage,ESM: mod_CCT_Special_Domesticate,Unique,0005E0DA,FeynmanIPlanetData,001DF4F7,PCM_Feynman_Feynman-I_PreyA,2026-08-10T21:01:47,1.0.0,Starfield.esm
Feynman,Feynman I,Toxin Agent,PCM_Feynman_Feynman-I_CritterA,Fauna,N,,Volcanic; Mountains; Plateau; Hills; Sandy Desert,Filter-Feeder,ESM: mod_CCT_Special_Domesticate,No legacy match,0005E0DA,FeynmanIPlanetData,001DF4F6,PCM_Feynman_Feynman-I_CritterA,2026-08-10T21:01:47,1.0.0,Starfield.esm
Feynman,Feynman III,Aromatic,PCM_Feynman_Feynman-III_PredatorA,Fauna,N,,Deciduous Forest; Tropical Forest,Carnivore,ESM: mod_CCT_Special_Domesticate,Ambiguous (2),0005E0DC,FeynmanIIIPlanetData,001DDAED,PCM_Feynman_Feynman-III_PredatorA,2026-08-10T21:01:47,1.0.0,Starfield.esm
Feynman,Feynman III,Aromatic,PCM_Feynman_Feynman-III_PreyA,Fauna,N,,Deciduous Forest; Tropical Forest,Frugivore,ESM: mod_CCT_Special_Domesticate,Ambiguous (2),0005E0DC,FeynmanIIIPlanetData,001DDAEB,PCM_Feynman_Feynman-III_PreyA,2026-08-10T21:01:47,1.0.0,Starfield.esm
Feynman,Feynman III,Biosuppressant,Hunting Coralbug,Fauna,N,,Volcanic; Sandy Desert; Mountains,Carnivore,ESM: mod_CCT_Special_Domesticate,Unique,0005E0DC,FeynmanIIIPlanetData,001DDAEC,PCM_Feynman_Feynman-III_PredatorB,2026-08-10T21:01:47,1.0.0,Starfield.esm
Feynman,Feynman III,Fiber,Tropical Maw Palm,Flora,Y,,Tropical Forest,,Legacy Organic Resources sheet,Unique,0005E0DC,FeynmanIIIPlanetData,002F8090,FloraBiomeForestTropical07,2026-08-10T21:01:47,1.0.0,Starfield.esm
Feynman,Feynman III,Metabolic Agent,Beetle Scavenger,Fauna,N,,Volcanic; Sandy Desert; Mountains,Omnivore,ESM: mod_CCT_Special_Domesticate,Unique,0005E0DC,FeynmanIIIPlanetData,001DDAE8,PCM_Feynman_Feynman-III_CritterB,2026-08-10T21:01:47,1.0.0,Starfield.esm
Feynman,Feynman III,Nutrient,Beetlecrab Grazer,Fauna,N,,Volcanic; Sandy Desert; Mountains,Broadly Herbivorous,ESM: mod_CCT_Special_Domesticate,Unique,0005E0DC,FeynmanIIIPlanetData,001DDAEA,PCM_Feynman_Feynman-III_PreyB,2026-08-10T21:01:47,1.0.0,Starfield.esm
Feynman,Feynman III,Nutrient,Spiral Creeper,Flora,Y,,Deciduous Forest; Tropical Forest; Mountains,,Legacy Organic Resources sheet,Unique,0005E0DC,FeynmanIIIPlanetData,001854C1,FloraBiomeForestDeciduous04,2026-08-10T21:01:47,1.0.0,Starfield.esm
Feynman,Feynman III,Pigment,Spikeworm Filterer,Fauna,N,,Deciduous Forest; Tropical Forest,Filter-Feeder,ESM: mod_CCT_Special_Domesticate,Unique,0005E0DC,FeynmanIIIPlanetData,001DDAE9,PCM_Feynman_Feynman-III_CritterA,2026-08-10T21:01:47,1.0.0,Starfield.esm
Feynman,Feynman III,Sealant,Star Bloom Root,Flora,Y,,Volcanic; Sandy Desert; Deciduous Forest; Mountains,,Legacy Organic Resources sheet,Unique,0005E0DC,FeynmanIIIPlanetData,001854D5,FloraBiomeMountains05,2026-08-10T21:01:47,1.0.0,Starfield.esm
Feynman,Feynman III,Structural,Apollo Fireleaf,Flora,N,,Deciduous Forest; Tropical Forest,,Legacy Organic Resources sheet,Unique,0005E0DC,FeynmanIIIPlanetData,001854BA,FloraBiomeForestTropical02,2026-08-10T21:01:47,1.0.0,Starfield.esm
Feynman,Feynman III,Toxin,Sweet Fumewort,Flora,Y,,Volcanic; Sandy Desert; Mountains,,Legacy Organic Resources sheet,Unique,0005E0DC,FeynmanIIIPlanetData,00185502,FloraBiomeDesertSandy10,2026-08-10T21:01:47,1.0.0,Starfield.esm
Feynman,Feynman III,Toxin Agent,PCM_Feynman_Feynman-III_CritterC_Floater,Fauna,N,,Volcanic; Sandy Desert; Frozen Plains; Deciduous Forest; Tropical Forest; Mountains,Filter-Feeder,ESM: mod_CCT_Special_Domesticate,No legacy match,0005E0DC,FeynmanIIIPlanetData,001F766D,PCM_Feynman_Feynman-III_CritterC_Floater,2026-08-10T21:01:47,1.0.0,Starfield.esm
Feynman,Feynman IV,Cosmetic,Hunting Brainsquid,Fauna,N,,Frozen Volcanic; Craters; Savanna; Mountains,Carnivore,ESM: mod_CCT_Special_Domesticate,Unique,0005E0DD,FeynmanIVPlanetData,001DCAF0,PCM_Feynman_Feynman-IV_PredatorA,2026-08-10T21:01:47,1.0.0,Starfield.esm
Feynman,Feynman IV,Fiber,Blistered Hornbulb,Flora,Y,,Craters; Savanna; Mountains,,Legacy Organic Resources sheet,Unique,0005E0DD,FeynmanIVPlanetData,001854A0,FloraBiomeCratered07,2026-08-10T21:01:47,1.0.0,Starfield.esm
Feynman,Feynman IV,Metabolic Agent,Spiral Bloom,Flora,Y,,Frozen Volcanic; Craters; Savanna; Mountains,,Legacy Organic Resources sheet,Unique,0005E0DD,FeynmanIVPlanetData,001854D6,FloraBiomeMountains04,2026-08-10T21:01:47,1.0.0,Starfield.esm
Feynman,Feynman IV,Nutrient,Centiskull Scavenger,Fauna,N,,Frozen Volcanic; Craters; Savanna; Mountains,Omnivore,ESM: mod_CCT_Special_Domesticate,Unique,0005E0DD,FeynmanIVPlanetData,001DCAEE,PCM_Feynman_Feynman-IV_CritterA,2026-08-10T21:01:47,1.0.0,Starfield.esm
Feynman,Feynman IV,Sealant,Tufted Snow Willow,Flora,Y,,Frozen Volcanic; Mountains,,Legacy Organic Resources sheet,Unique,0005E0DD,FeynmanIVPlanetData,00185479,FloraBiomeFrozen04,2026-08-10T21:01:47,1.0.0,Starfield.esm
Feynman,Feynman IV,Sedative,Herding Brainsprout Grazer,Fauna,N,,Frozen Volcanic; Craters; Savanna; Mountains,Broadly Herbivorous,ESM: mod_CCT_Special_Domesticate,Unique,0005E0DD,FeynmanIVPlanetData,001DCAEF,PCM_Feynman_Feynman-IV_PreyA,2026-08-10T21:01:47,1.0.0,Starfield.esm
Feynman,Feynman IV,Toxin,Bitter Bramble,Flora,Y,,Craters; Savanna; Mountains,,Legacy Organic Resources sheet,Unique,0005E0DD,FeynmanIVPlanetData,001854A2,FloraBiomeCratered05,2026-08-10T21:01:47,1.0.0,Starfield.esm
Foucault,Foucault II,Lubricant,Maggotmaw Geophage,Fauna,N,,Rocky Desert; Sandy Desert,Geophage,ESM: mod_CCT_Special_Domesticate,Unique,0005E2F1,FoucaultIIPlanetData,001DCAEC,PCM_Foucault_Foucault-II_PreyA,2026-08-10T21:01:47,1.0.0,Starfield.esm
Foucault,Foucault II,Nutrient,Hunting Cockroach,Fauna,N,,Rocky Desert; Sandy Desert,Carnivore,ESM: mod_CCT_Special_Domesticate,Unique,0005E2F1,FoucaultIIPlanetData,001DCAED,PCM_Foucault_Foucault-II_PredatorA,2026-08-10T21:01:47,1.0.0,Starfield.esm
Foucault,Foucault II,Toxin Agent,PCM_Foucault_Foucault-II_CritterA,Fauna,N,,Rocky Desert; Sandy Desert,Geophage,ESM: mod_CCT_Special_Domesticate,No legacy match,0005E2F1,FoucaultIIPlanetData,001DCAEB,PCM_Foucault_Foucault-II_CritterA,2026-08-10T21:01:47,1.0.0,Starfield.esm
Freya,Freya III,Analgesic,Herding Dodo Scavenger,Fauna,N,,Deciduous Forest; Tropical Forest; Mountains,Omnivore,ESM: mod_CCT_Special_Domesticate,Unique,0005E2DD,FreyaIIIPlanetData,0019BD96,PCM_Freya_Freya-III_Prey01,2026-08-10T21:01:47,1.0.0,Starfield.esm
Freya,Freya III,Fiber,Herding Sunflower Filterer,Fauna,N,,Deciduous Forest; Mountains,Filter-Feeder,ESM: mod_CCT_Special_Domesticate,Unique,0005E2DD,FreyaIIIPlanetData,0019BD94,PCM_Freya_Freya-III_Prey03,2026-08-10T21:01:47,1.0.0,Starfield.esm
Freya,Freya III,Membrane,Blue Weeping Shrub,Flora,Y,,Deciduous Forest; Tropical Forest; Mountains,,Legacy Organic Resources sheet,Unique,0005E2DD,FreyaIIIPlanetData,001854C5,FloraBiomeForestDeciduous01,2026-08-10T21:01:47,1.0.0,Starfield.esm
Freya,Freya III,Metabolic Agent,Metropus Scavenger,Fauna,N,,Frozen Mountains; Wetlands; Deciduous Forest; Tropical Forest; Mountains,Omnivore,ESM: mod_CCT_Special_Domesticate,Unique,0005E2DD,FreyaIIIPlanetData,0019BD93,PCM_Freya_Freya-III_Critter01,2026-08-10T21:01:47,1.0.0,Starfield.esm
Freya,Freya III,Nutrient,Flocking Crab Herbivore,Fauna,N,,Wetlands; Tropical Forest,Frugivore,ESM: mod_CCT_Special_Domesticate,Unique,0005E2DD,FreyaIIIPlanetData,0019BD95,PCM_Freya_Freya-III_Prey02,2026-08-10T21:01:47,1.0.0,Starfield.esm
Freya,Freya III,Ornamental,Boreas Root,Flora,N,,Frozen Mountains; Mountains,,Legacy Organic Resources sheet,Unique,0005E2DD,FreyaIIIPlanetData,00185478,FloraBiomeFrozen05,2026-08-10T21:01:47,1.0.0,Starfield.esm
Freya,Freya III,Polymer,Morningstar Filterer,Fauna,N,,Ocean,Filter-Feeder,ESM: mod_CCT_Special_Domesticate,Unique,0005E2DD,FreyaIIIPlanetData,0003C4C0,PCM_Freya_Freya-III_Prey04_Swimmer,2026-08-10T21:01:47,1.0.0,Starfield.esm
Freya,Freya III,Sealant,LC116_LvlCataxiMelee,Fauna,N,,Wetlands; Deciduous Forest; Tropical Forest; Mountains,Carnivore,ESM: mod_CCT_Special_Domesticate,Ambiguous (2),0005E2DD,FreyaIIIPlanetData,0018712A,LC116_LvlCataxiMelee,2026-08-10T21:01:47,1.0.0,Starfield.esm
Freya,Freya III,Sealant,LC116_LvlCataxiRanged,Fauna,N,,Wetlands; Deciduous Forest; Tropical Forest; Mountains,Carnivore,ESM: mod_CCT_Special_Domesticate,Ambiguous (2),0005E2DD,FreyaIIIPlanetData,00187129,LC116_LvlCataxiRanged,2026-08-10T21:01:47,1.0.0,Starfield.esm
Freya,Freya III,Sealant,Star Bloom Root,Flora,Y,,Deciduous Forest; Mountains,,Legacy Organic Resources sheet,Unique,0005E2DD,FreyaIIIPlanetData,001854D5,FloraBiomeMountains05,2026-08-10T21:01:47,1.0.0,Starfield.esm
Freya,Freya III,Sedative,Fire Rose,Flora,Y,,Wetlands; Deciduous Forest; Tropical Forest,,Legacy Organic Resources sheet,Unique,0005E2DD,FreyaIIIPlanetData,002F808C,FloraBiomeForestTropical06,2026-08-10T21:01:47,1.0.0,Starfield.esm
Freya,Freya III,Spice,Spitting Pokeweed,Flora,N,,Wetlands; Deciduous Forest; Tropical Forest; Mountains,,Legacy Organic Resources sheet,Unique,0005E2DD,FreyaIIIPlanetData,001854BC,FloraBiomeForestDeciduous09,2026-08-10T21:01:47,1.0.0,Starfield.esm
Freya,Freya III,Toxin,Mire Root,Flora,N,,Wetlands; Tropical Forest,,Legacy Organic Resources sheet,Unique,0005E2DD,FreyaIIIPlanetData,00185469,FloraBiomeWetlands10,2026-08-10T21:01:47,1.0.0,Starfield.esm
Freya,Freya IX-B,Adhesive,Herding Crabfly Geophage,Fauna,N,,Mountains; Rocky Desert; Hills,Geophage,ESM: mod_CCT_Special_Domesticate,Unique,0005E2EB,FreyaIX-bPlanetData,001D9528,PCM_Freya_Freya-IX-b_PreyA,2026-08-10T21:01:47,1.0.0,Starfield.esm
Freya,Freya IX-B,Structural,Hunting Glowhands Stalker,Fauna,N,,Mountains; Rocky Desert; Hills,Carnivore,ESM: mod_CCT_Special_Domesticate,Unique,0005E2EB,FreyaIX-bPlanetData,001D9529,PCM_Freya_Freya-IX-b_PredatorA,2026-08-10T21:01:47,1.0.0,Starfield.esm
Freya,Freya IX-B,Toxin Agent,PCM_Freya_Freya-IX-b_CritterA,Fauna,N,,Mountains; Rocky Desert; Hills,Geophage,ESM: mod_CCT_Special_Domesticate,No legacy match,0005E2EB,FreyaIX-bPlanetData,001D9527,PCM_Freya_Freya-IX-b_CritterA,2026-08-10T21:01:47,1.0.0,Starfield.esm
Gamma Vulpes,Gamma Vulpes I,Adhesive,Herding Lionfish Filterer,Fauna,N,,Ocean,Filter-Feeder,ESM: mod_CCT_Special_Domesticate,Unique,0005E278,GammaVulpesIPlanetData,001F7670,PCM_Gamma-Vulpes_Gamma-Vulpes-I_PreyD_Swimmer,2026-08-10T21:01:47,1.0.0,Starfield.esm
Gamma Vulpes,Gamma Vulpes I,Fiber,Dunetangle,Flora,N,,Sandy Desert,,Legacy Organic Resources sheet,Unique,0005E278,GammaVulpesIPlanetData,00185506,FloraBiomeDesertSandy06,2026-08-10T21:01:47,1.0.0,Starfield.esm
Gamma Vulpes,Gamma Vulpes I,Hallucinogen,Roundshell Grazer,Fauna,N,,Sandy Desert,Broadly Herbivorous,ESM: mod_CCT_Special_Domesticate,Unique,0005E278,GammaVulpesIPlanetData,001D947B,PCM_Gamma-Vulpes_Gamma-Vulpes-I_PreyB,2026-08-10T21:01:47,1.0.0,Starfield.esm
Gamma Vulpes,Gamma Vulpes I,Metabolic Agent,Tongueface Grazer,Fauna,N,,Sandy Desert,Broadly Herbivorous,ESM: mod_CCT_Special_Domesticate,Unique,0005E278,GammaVulpesIPlanetData,001D947C,PCM_Gamma-Vulpes_Gamma-Vulpes-I_PreyA,2026-08-10T21:01:47,1.0.0,Starfield.esm
Gamma Vulpes,Gamma Vulpes I,Metabolic Agent,Sweet Fumewort,Flora,Y,,Sandy Desert,,Legacy Organic Resources sheet,Unique,0005E278,GammaVulpesIPlanetData,00185502,FloraBiomeDesertSandy10,2026-08-10T21:01:47,1.0.0,Starfield.esm
Gamma Vulpes,Gamma Vulpes I,Nutrient,Chillhook,Flora,Y,,Frozen Plains,,Legacy Organic Resources sheet,Disambiguated by ESM name,0005E278,GammaVulpesIPlanetData,002F8098,FloraBiomeFrozen06,2026-08-10T21:01:47,1.0.0,Starfield.esm
Gamma Vulpes,Gamma Vulpes I,Nutrient,Sandy Goldenglow,Flora,N,,Sandy Desert,,Legacy Organic Resources sheet,Disambiguated by ESM name,0005E278,GammaVulpesIPlanetData,0018550A,FloraBiomeDesertSandy02,2026-08-10T21:01:47,1.0.0,Starfield.esm
Gamma Vulpes,Gamma Vulpes I,Polymer,Pack Rockhound,Fauna,Y,Nutrient,Sandy Desert,Carnivore,ESM: mod_CCT_Special_Domesticate,Unique,0005E278,GammaVulpesIPlanetData,001D947D,PCM_Gamma-Vulpes_Gamma-Vulpes-I_PredatorB,2026-08-10T21:01:47,1.0.0,Starfield.esm
Gamma Vulpes,Gamma Vulpes I,Sealant,PCM_Gamma-Vulpes_Gamma-Vulpes-I_CritterB,Fauna,N,,Frozen Plains; Sandy Desert,Broadly Herbivorous,ESM: mod_CCT_Special_Domesticate,Ambiguous (2),0005E278,GammaVulpesIPlanetData,001D9478,PCM_Gamma-Vulpes_Gamma-Vulpes-I_CritterB,2026-08-10T21:01:47,1.0.0,Starfield.esm
Gamma Vulpes,Gamma Vulpes I,Sealant,PCM_Gamma-Vulpes_Gamma-Vulpes-I_PreyC,Fauna,N,,Sandy Desert,Frugivore,ESM: mod_CCT_Special_Domesticate,Ambiguous (2),0005E278,GammaVulpesIPlanetData,001D947A,PCM_Gamma-Vulpes_Gamma-Vulpes-I_PreyC,2026-08-10T21:01:47,1.0.0,Starfield.esm
Gamma Vulpes,Gamma Vulpes I,Sealant,Stinging Flutterleaf,Flora,N,,Sandy Desert,,Legacy Organic Resources sheet,Unique,0005E278,GammaVulpesIPlanetData,00185505,FloraBiomeDesertSandy07,2026-08-10T21:01:47,1.0.0,Starfield.esm
Gamma Vulpes,Gamma Vulpes I,Spice,Hunting Hammersaur,Fauna,N,,Sandy Desert,Carnivore,ESM: mod_CCT_Special_Domesticate,Unique,0005E278,GammaVulpesIPlanetData,001D947E,PCM_Gamma-Vulpes_Gamma-Vulpes-I_PredatorA,2026-08-10T21:01:47,1.0.0,Starfield.esm
Gamma Vulpes,Gamma Vulpes I,Structural,Wanderer's Husk,Flora,Y,,Frozen Plains; Sandy Desert,,Legacy Organic Resources sheet,Unique,0005E278,GammaVulpesIPlanetData,00185507,FloraBiomeDesertSandy05,2026-08-10T21:01:47,1.0.0,Starfield.esm
Gamma Vulpes,Gamma Vulpes I,Toxin,Hecate's Fireleaf,Flora,N,,Sandy Desert,,Legacy Organic Resources sheet,Disambiguated by ESM name,0005E278,GammaVulpesIPlanetData,00185508,FloraBiomeDesertSandy04,2026-08-10T21:01:47,1.0.0,Starfield.esm
Gamma Vulpes,Gamma Vulpes I,Toxin,Iceblood Vine,Flora,N,,Frozen Plains,,Legacy Organic Resources sheet,Disambiguated by ESM name,0005E278,GammaVulpesIPlanetData,002F809A,FloraBiomeFrozen07,2026-08-10T21:01:47,1.0.0,Starfield.esm
Gamma Vulpes,Gamma Vulpes I,Toxin Agent,PCM_Gamma-Vulpes_Gamma-Vulpes-I_CritterA,Fauna,N,,Sandy Desert,Filter-Feeder,ESM: mod_CCT_Special_Domesticate,No legacy match,0005E278,GammaVulpesIPlanetData,001D9479,PCM_Gamma-Vulpes_Gamma-Vulpes-I_CritterA,2026-08-10T21:01:47,1.0.0,Starfield.esm
Gamma Vulpes,Gamma Vulpes II-A,Aromatic,Seahorse Grazer,Fauna,N,,Deciduous Forest; Wetlands,Broadly Herbivorous,ESM: mod_CCT_Special_Domesticate,Unique,0005E27B,GammaVulpesII-aPlanetData,001D871F,PCM_Gamma-Vulpes_Gamma-Vulpes-II-a_PreyB,2026-08-10T21:01:47,1.0.0,Starfield.esm
Gamma Vulpes,Gamma Vulpes II-A,Cosmetic,Spirit Laurel,Flora,Y,,Deciduous Forest; Mountains; Wetlands,,Legacy Organic Resources sheet,Unique,0005E27B,GammaVulpesII-aPlanetData,001854BE,FloraBiomeForestDeciduous07,2026-08-10T21:01:47,1.0.0,Starfield.esm
Gamma Vulpes,Gamma Vulpes II-A,Fiber,Nebula Vine,Flora,N,,Volcanic; Mountains,,Legacy Organic Resources sheet,Unique,0005E27B,GammaVulpesII-aPlanetData,002F80B7,FloraBiomeMountains07,2026-08-10T21:01:47,1.0.0,Starfield.esm
Gamma Vulpes,Gamma Vulpes II-A,Membrane,Schooling Kronosaurus Grazer,Fauna,N,,Ocean,Broadly Herbivorous,ESM: mod_CCT_Special_Domesticate,Unique,0005E27B,GammaVulpesII-aPlanetData,001F7671,PCM_Gamma-Vulpes_Gamma-Vulpes-II-a_PreyC_Swimmer,2026-08-10T21:01:47,1.0.0,Starfield.esm
Gamma Vulpes,Gamma Vulpes II-A,Metabolic Agent,Grabber Filterer,Fauna,N,,Volcanic; Mountains,Filter-Feeder,ESM: mod_CCT_Special_Domesticate,Unique,0005E27B,GammaVulpesII-aPlanetData,001D871E,PCM_Gamma-Vulpes_Gamma-Vulpes-II-a_CritterA,2026-08-10T21:01:47,1.0.0,Starfield.esm
Gamma Vulpes,Gamma Vulpes II-A,Nutrient,Toadface Grazer,Fauna,N,,Volcanic; Mountains,Broadly Herbivorous,ESM: mod_CCT_Special_Domesticate,Unique,0005E27B,GammaVulpesII-aPlanetData,001D8720,PCM_Gamma-Vulpes_Gamma-Vulpes-II-a_PreyA,2026-08-10T21:01:47,1.0.0,Starfield.esm
Gamma Vulpes,Gamma Vulpes II-A,Nutrient,Ash Sweeper,Flora,N,,Volcanic; Mountains,,Legacy Organic Resources sheet,Disambiguated by ESM name,0005E27B,GammaVulpesII-aPlanetData,001854EC,FloraBiomeVolcanicRough02,2026-08-10T21:01:47,1.0.0,Starfield.esm
Gamma Vulpes,Gamma Vulpes II-A,Nutrient,Hardy Woundwort,Flora,Y,,Deciduous Forest; Wetlands,,Legacy Organic Resources sheet,Disambiguated by ESM name,0005E27B,GammaVulpesII-aPlanetData,0018546B,FloraBiomeWetlands08,2026-08-10T21:01:47,1.0.0,Starfield.esm
Gamma Vulpes,Gamma Vulpes II-A,Pigment,Hunting Nailtail,Fauna,N,,Volcanic; Mountains,Carnivore,ESM: mod_CCT_Special_Domesticate,Unique,0005E27B,GammaVulpesII-aPlanetData,001D8722,PCM_Gamma-Vulpes_Gamma-Vulpes-II-a_PredatorA,2026-08-10T21:01:47,1.0.0,Starfield.esm
Gamma Vulpes,Gamma Vulpes II-A,Sealant,Milliwhale Scavenger,Fauna,Y,Fiber,Deciduous Forest; Wetlands,Omnivore,ESM: mod_CCT_Special_Domesticate,Unique,0005E27B,GammaVulpesII-aPlanetData,001D871D,PCM_Gamma-Vulpes_Gamma-Vulpes-II-a_CritterB,2026-08-10T21:01:47,1.0.0,Starfield.esm
Gamma Vulpes,Gamma Vulpes II-A,Structural,Hunting Dragon,Fauna,N,,Deciduous Forest; Wetlands,Carnivore,ESM: mod_CCT_Special_Domesticate,Unique,0005E27B,GammaVulpesII-aPlanetData,001D8721,PCM_Gamma-Vulpes_Gamma-Vulpes-II-a_PredatorB,2026-08-10T21:01:47,1.0.0,Starfield.esm
Gamma Vulpes,Gamma Vulpes II-A,Structural,Explorer's Coleus,Flora,Y,,Deciduous Forest; Wetlands,,Legacy Organic Resources sheet,Unique,0005E27B,GammaVulpesII-aPlanetData,001854BF,FloraBiomeForestDeciduous06,2026-08-10T21:01:47,1.0.0,Starfield.esm
Gamma Vulpes,Gamma Vulpes II-A,Toxin,Swamp Bottle Root,Flora,Y,,Deciduous Forest; Wetlands,,Legacy Organic Resources sheet,Unique,0005E27B,GammaVulpesII-aPlanetData,0018546A,FloraBiomeWetlands09,2026-08-10T21:01:47,1.0.0,Starfield.esm
Groombridge,Groombridge I,Sealant,Hecate's Fireleaf,Flora,N,,Sandy Desert,,Legacy Organic Resources sheet,Unique,0005E435,GroombridgeIPlanetData,00185508,FloraBiomeDesertSandy04,2026-08-10T21:01:47,1.0.0,Starfield.esm
Groombridge,Groombridge I,Sedative,Sandclaw,Flora,N,,Sandy Desert,,Legacy Organic Resources sheet,Unique,0005E435,GroombridgeIPlanetData,00185509,FloraBiomeDesertSandy03,2026-08-10T21:01:47,1.0.0,Starfield.esm
Groombridge,Groombridge VIII-A,Antimicrobial,Leafy Morningstar,Flora,Y,,Coniferous Forest; Deciduous Forest; Tropical Forest; Savanna,,Legacy Organic Resources sheet,Unique,0005E44B,GroombridgeVIII-aPlanetData,001854C3,FloraBiomeForestDeciduous02,2026-08-10T21:01:47,1.0.0,Starfield.esm
Groombridge,Groombridge VIII-A,Aromatic,Herding Longneck Herbivore,Fauna,N,,Tropical Forest; Savanna,Xylophage,ESM: mod_CCT_Special_Domesticate,Unique,0005E44B,GroombridgeVIII-aPlanetData,001DE40F,PCM_Groombridge_Groombridge-VIII-a_Prey01,2026-08-10T21:01:47,1.0.0,Starfield.esm
Groombridge,Groombridge VIII-A,Aromatic,Blue Weeping Shrub,Flora,Y,,Coniferous Forest; Deciduous Forest; Tropical Forest; Savanna,,Legacy Organic Resources sheet,Unique,0005E44B,GroombridgeVIII-aPlanetData,001854C5,FloraBiomeForestDeciduous01,2026-08-10T21:01:47,1.0.0,Starfield.esm
Groombridge,Groombridge VIII-A,Fiber,Sage Shrub,Flora,Y,,Mountains; Savanna,,Legacy Organic Resources sheet,Unique,0005E44B,GroombridgeVIII-aPlanetData,001854F4,FloraBiomeSavanna04,2026-08-10T21:01:47,1.0.0,Starfield.esm
Groombridge,Groombridge VIII-A,Metabolic Agent,Beetle Grazer,Fauna,N,,Coniferous Forest; Deciduous Forest; Tropical Forest,Ruminant,ESM: mod_CCT_Special_Domesticate,Unique,0005E44B,GroombridgeVIII-aPlanetData,001DE40D,PCM_Groombridge_Groombridge-VIII-a_Critter01,2026-08-10T21:01:47,1.0.0,Starfield.esm
Groombridge,Groombridge VIII-A,Nutrient,Cassoway Grazer,Fauna,N,,Coniferous Forest; Deciduous Forest; Tropical Forest; Mountains; Savanna,Broadly Herbivorous,ESM: mod_CCT_Special_Domesticate,Unique,0005E44B,GroombridgeVIII-aPlanetData,003CB235,PCM_Groombridge_Groombridge-VIII-a_Critter02_Flyer,2026-08-10T21:01:47,1.0.0,Starfield.esm
Groombridge,Groombridge VIII-A,Nutrient,Aurora Palm,Flora,N,,Coniferous Forest; Deciduous Forest; Mountains,,Legacy Organic Resources sheet,Unique,0005E44B,GroombridgeVIII-aPlanetData,002F80BB,FloraBiomeMountains10,2026-08-10T21:01:47,1.0.0,Starfield.esm
Groombridge,Groombridge VIII-A,Ornamental,Flocking Shroomhead Grazer,Fauna,N,,Coniferous Forest; Deciduous Forest; Tropical Forest; Mountains,Broadly Herbivorous,ESM: mod_CCT_Special_Domesticate,Unique,0005E44B,GroombridgeVIII-aPlanetData,001DE40E,PCM_Groombridge_Groombridge-VIII-a_Prey02,2026-08-10T21:01:47,1.0.0,Starfield.esm
Groombridge,Groombridge VIII-A,Ornamental,Firecracker Vine,Flora,N,,Deciduous Forest; Tropical Forest,,Legacy Organic Resources sheet,Disambiguated by ESM name,0005E44B,GroombridgeVIII-aPlanetData,002F8096,FloraBiomeForestTropical10,2026-08-10T21:01:47,1.0.0,Starfield.esm
Groombridge,Groombridge VIII-A,Ornamental,Forest Wisp,Flora,Y,,Coniferous Forest; Deciduous Forest; Mountains,,Legacy Organic Resources sheet,Disambiguated by ESM name,0005E44B,GroombridgeVIII-aPlanetData,00185484,FloraBiomeForestConiferous06,2026-08-10T21:01:47,1.0.0,Starfield.esm
Groombridge,Groombridge VIII-A,Pigment,Pack Tentabeard,Fauna,N,,Tropical Forest; Savanna,Carnivore,ESM: mod_CCT_Special_Domesticate,Unique,0005E44B,GroombridgeVIII-aPlanetData,001DE411,PCM_Groombridge_Groombridge-VIII-a_Predator01,2026-08-10T21:01:47,1.0.0,Starfield.esm
Groombridge,Groombridge VIII-A,Sealant,Glossy Stickweed,Flora,Y,,Coniferous Forest; Deciduous Forest; Mountains,,Legacy Organic Resources sheet,Disambiguated by ESM name,0005E44B,GroombridgeVIII-aPlanetData,0018547F,FloraBiomeForestConiferous08,2026-08-10T21:01:47,1.0.0,Starfield.esm
Groombridge,Groombridge VIII-A,Sealant,Spirit Laurel,Flora,Y,,Deciduous Forest,,Legacy Organic Resources sheet,Disambiguated by ESM name,0005E44B,GroombridgeVIII-aPlanetData,001854BE,FloraBiomeForestDeciduous07,2026-08-10T21:01:47,1.0.0,Starfield.esm
Groombridge,Groombridge VIII-A,Sealant,Tropical Maw Palm,Flora,Y,,Tropical Forest,,Legacy Organic Resources sheet,Disambiguated by ESM name,0005E44B,GroombridgeVIII-aPlanetData,002F8090,FloraBiomeForestTropical07,2026-08-10T21:01:47,1.0.0,Starfield.esm
Groombridge,Groombridge VIII-A,Stimulant,Hunting Brightcage,Fauna,N,,Coniferous Forest; Deciduous Forest; Tropical Forest; Mountains,Carnivore,ESM: mod_CCT_Special_Domesticate,Unique,0005E44B,GroombridgeVIII-aPlanetData,001DE410,PCM_Groombridge_Groombridge-VIII-a_Predator02,2026-08-10T21:01:47,1.0.0,Starfield.esm
Groombridge,Groombridge VIII-A,Toxin,Nova Bloom,Flora,Y,,Mountains; Savanna,,Legacy Organic Resources sheet,Unique,0005E44B,GroombridgeVIII-aPlanetData,001854F3,FloraBiomeSavanna05,2026-08-10T21:01:47,1.0.0,Starfield.esm
Guniibuu,Guniibuu II,Antimicrobial,Thorn Grazer,Fauna,N,,Mountains; Swamp; Savanna,Ruminant,ESM: mod_CCT_Special_Domesticate,Unique,0005E1A5,GuniibuuIIPlanetData,001DC4A9,PCM_Guniibuu_Guniibuu-II_Critter01,2026-08-10T21:01:47,1.0.0,Starfield.esm
Guniibuu,Guniibuu II,Antimicrobial,Frigid Palm,Flora,Y,,Mountains; Frozen Plains,,Legacy Organic Resources sheet,Unique,0005E1A5,GuniibuuIIPlanetData,0018547B,FloraBiomeFrozen02,2026-08-10T21:01:47,1.0.0,Starfield.esm
Guniibuu,Guniibuu II,Aromatic,Herding Clickbeetle Grazer,Fauna,N,,Mountains; Savanna,Ruminant,ESM: mod_CCT_Special_Domesticate,Unique,0005E1A5,GuniibuuIIPlanetData,001DC4AC,PCM_Guniibuu_Guniibuu-II_Prey01,2026-08-10T21:01:47,1.0.0,Starfield.esm
Guniibuu,Guniibuu II,Cosmetic,Pack Exocrawler,Fauna,N,,Mountains; Savanna,Carnivore,ESM: mod_CCT_Special_Domesticate,Unique,0005E1A5,GuniibuuIIPlanetData,001DC4AE,PCM_Guniibuu_Guniibuu-II_Predator01,2026-08-10T21:01:47,1.0.0,Starfield.esm
Guniibuu,Guniibuu II,Fiber,Spike Spit Trap,Flora,N,,Mountains; Swamp,,Legacy Organic Resources sheet,Unique,0005E1A5,GuniibuuIIPlanetData,00185494,FloraBiomeArchipelago10,2026-08-10T21:01:47,1.0.0,Starfield.esm
Guniibuu,Guniibuu II,Membrane,Hunting Angler Stalker,Fauna,N,,Swamp,Carnivore,ESM: mod_CCT_Special_Domesticate,Unique,0005E1A5,GuniibuuIIPlanetData,001DC4AD,PCM_Guniibuu_Guniibuu-II_Predator02,2026-08-10T21:01:47,1.0.0,Starfield.esm
Guniibuu,Guniibuu II,Metabolic Agent,Crag Root,Flora,N,,Mountains; Swamp; Savanna,,Legacy Organic Resources sheet,Unique,0005E1A5,GuniibuuIIPlanetData,002F80BC,FloraBiomeMountains09,2026-08-10T21:01:47,1.0.0,Starfield.esm
Guniibuu,Guniibuu II,Nutrient,PCM_Guniibuu_Guniibuu-II_Critter02,Fauna,N,,Frozen Plains,Broadly Herbivorous,ESM: mod_CCT_Special_Domesticate,Ambiguous (2),0005E1A5,GuniibuuIIPlanetData,001DC4A8,PCM_Guniibuu_Guniibuu-II_Critter02,2026-08-10T21:01:47,1.0.0,Starfield.esm
Guniibuu,Guniibuu II,Nutrient,PCM_Guniibuu_Guniibuu-II_Prey04_Swimmer,Fauna,N,,Ocean; Swamp,Omnivore,ESM: mod_CCT_Special_Domesticate,Ambiguous (2),0005E1A5,GuniibuuIIPlanetData,002025D6,PCM_Guniibuu_Guniibuu-II_Prey04_Swimmer,2026-08-10T21:01:47,1.0.0,Starfield.esm
Guniibuu,Guniibuu II,Nutrient,Satellite Ghostvine,Flora,N,,Savanna,,Legacy Organic Resources sheet,Unique,0005E1A5,GuniibuuIIPlanetData,002F80CD,FloraBiomeSavanna07,2026-08-10T21:01:47,1.0.0,Starfield.esm
Guniibuu,Guniibuu II,Ornamental,Crag Root,Flora,Y,,Swamp,,Legacy Organic Resources sheet,Unique,0005E1A5,GuniibuuIIPlanetData,0018549B,FloraBiomeArchipelago03,2026-08-10T21:01:47,1.0.0,Starfield.esm
Guniibuu,Guniibuu II,Sealant,Stunted Pine,Flora,Y,,Mountains; Swamp; Savanna,,Legacy Organic Resources sheet,Unique,0005E1A5,GuniibuuIIPlanetData,001854D9,FloraBiomeMountains01,2026-08-10T21:01:47,1.0.0,Starfield.esm
Guniibuu,Guniibuu II,Sedative,Flocking Earback Herbivore,Fauna,N,,Swamp,Frugivore,ESM: mod_CCT_Special_Domesticate,Unique,0005E1A5,GuniibuuIIPlanetData,001DC4AA,PCM_Guniibuu_Guniibuu-II_Prey03,2026-08-10T21:01:47,1.0.0,Starfield.esm
Guniibuu,Guniibuu II,Spice,Weeping Fireleaf,Flora,Y,,Swamp; Savanna,,Legacy Organic Resources sheet,Unique,0005E1A5,GuniibuuIIPlanetData,001854B1,FloraBiomeArchipelago01,2026-08-10T21:01:47,1.0.0,Starfield.esm
Guniibuu,Guniibuu II,Toxin,Canary Reed,Flora,N,,Savanna,,Legacy Organic Resources sheet,Unique,0005E1A5,GuniibuuIIPlanetData,001854F5,FloraBiomeSavanna03,2026-08-10T21:01:47,1.0.0,Starfield.esm
Guniibuu,Guniibuu II,Toxin Agent,PCM_Guniibuu_Guniibuu-II_Prey02,Fauna,N,,Mountains; Swamp; Savanna,Broadly Herbivorous,ESM: mod_CCT_Special_Domesticate,No legacy match,0005E1A5,GuniibuuIIPlanetData,001DC4AB,PCM_Guniibuu_Guniibuu-II_Prey02,2026-08-10T21:01:47,1.0.0,Starfield.esm
Guniibuu,Guniibuu VI-b,Antimicrobial,Leaning Fireleaf,Flora,N,,Volcanic; Hills,,Legacy Organic Resources sheet,Unique,0005E1BA,GuniibuuVI-bPlanetData,002F80C1,FloraBiomeVolcanicRough07,2026-08-10T21:01:47,1.0.0,Starfield.esm
Guniibuu,Guniibuu VI-b,Membrane,Hunting Vectorback,Fauna,N,,Volcanic; Hills,Carnivore,ESM: mod_CCT_Special_Domesticate,Unique,0005E1BA,GuniibuuVI-bPlanetData,001DBCE6,PCM_Guniibuu_Guniibuu-VI-b_Predator01,2026-08-10T21:01:47,1.0.0,Starfield.esm
Guniibuu,Guniibuu VI-b,Membrane,Kingshead Bugloss,Flora,Y,,Volcanic; Hills,,Legacy Organic Resources sheet,Unique,0005E1BA,GuniibuuVI-bPlanetData,002F80C8,FloraBiomeVolcanicRough09,2026-08-10T21:01:47,1.0.0,Starfield.esm
Guniibuu,Guniibuu VI-b,Nutrient,PCM_Guniibuu_Guniibuu-VI-b_Critter01,Fauna,Y,Fiber,Volcanic; Hills,Filter-Feeder,ESM: mod_CCT_Special_Domesticate,Ambiguous (2),0005E1BA,GuniibuuVI-bPlanetData,001DBCE3,PCM_Guniibuu_Guniibuu-VI-b_Critter01,2026-08-10T21:01:47,1.0.0,Starfield.esm
Guniibuu,Guniibuu VI-b,Nutrient,PCM_Guniibuu_Guniibuu-VI-b_Prey02_Swimmer,Fauna,N,,Ocean,Omnivore,ESM: mod_CCT_Special_Domesticate,Ambiguous (2),0005E1BA,GuniibuuVI-bPlanetData,001DBCE4,PCM_Guniibuu_Guniibuu-VI-b_Prey02_Swimmer,2026-08-10T21:01:47,1.0.0,Starfield.esm
Guniibuu,Guniibuu VI-b,Ornamental,Ash Sweeper,Flora,N,,Volcanic; Hills,,Legacy Organic Resources sheet,Unique,0005E1BA,GuniibuuVI-bPlanetData,001854EC,FloraBiomeVolcanicRough02,2026-08-10T21:01:47,1.0.0,Starfield.esm
Guniibuu,Guniibuu VI-b,Structural,Herding Tongueface Geophage,Fauna,N,,Volcanic; Hills,Geophage,ESM: mod_CCT_Special_Domesticate,Unique,0005E1BA,GuniibuuVI-bPlanetData,001DBCE5,PCM_Guniibuu_Guniibuu-VI-b_Prey01,2026-08-10T21:01:47,1.0.0,Starfield.esm
Hawking,Hawking I,Analgesic,Hunting Hammersaur,Fauna,N,,Deciduous Forest; Mountains,Carnivore,ESM: mod_CCT_Special_Domesticate,Unique,0005DE1D,HawkingIPlanetData,001AD193,PCM_Hawking_Hawking-I_Predator01,2026-08-10T21:01:47,1.0.0,Starfield.esm
Hawking,Hawking I,Fiber,Spaceroach Herbivore,Fauna,N,,Volcanic; Coniferous Forest,Xylophage,ESM: mod_CCT_Special_Domesticate,Unique,0005DE1D,HawkingIPlanetData,001AD18C,PCM_Hawking_Hawking-I_Critter02,2026-08-10T21:01:47,1.0.0,Starfield.esm
Hawking,Hawking I,Fiber,Leafy Morningstar,Flora,Y,,Coniferous Forest; Deciduous Forest; Mountains,,Legacy Organic Resources sheet,Unique,0005DE1D,HawkingIPlanetData,001854C3,FloraBiomeForestDeciduous02,2026-08-10T21:01:47,1.0.0,Starfield.esm
Hawking,Hawking I,Metabolic Agent,Flocking Grub Herbivore,Fauna,Y,Fiber,Deciduous Forest; Mountains,Frugivore,ESM: mod_CCT_Special_Domesticate,Unique,0005DE1D,HawkingIPlanetData,001AD190,PCM_Hawking_Hawking-I_Prey01,2026-08-10T21:01:47,1.0.0,Starfield.esm
Hawking,Hawking I,Metabolic Agent,Haven Vine,Flora,N,,Volcanic; Frozen Dunes,,Legacy Organic Resources sheet,Unique,0005DE1D,HawkingIPlanetData,001854EA,FloraBiomeVolcanicRough04,2026-08-10T21:01:47,1.0.0,Starfield.esm
Hawking,Hawking I,Nutrient,Herding Mayfly Scavenger (ocenan),Fauna,N,,Ocean,Omnivore,ESM: mod_CCT_Special_Domesticate,Unique,0005DE1D,HawkingIPlanetData,002025D3,PCM_Hawking_Hawking-I_Prey04_Swimmer,2026-08-10T21:01:47,1.0.0,Starfield.esm
Hawking,Hawking I,Nutrient,Terra Root,Flora,Y,,Coniferous Forest; Deciduous Forest; Mountains,,Legacy Organic Resources sheet,Unique,0005DE1D,HawkingIPlanetData,0018547D,FloraBiomeForestConiferous10,2026-08-10T21:01:47,1.0.0,Starfield.esm
Hawking,Hawking I,Pigment,Pack Thornmantis,Fauna,N,,Coniferous Forest; Deciduous Forest; Mountains,Carnivore,ESM: mod_CCT_Special_Domesticate,Unique,0005DE1D,HawkingIPlanetData,001AD192,PCM_Hawking_Hawking-I_Predator02,2026-08-10T21:01:47,1.0.0,Starfield.esm
Hawking,Hawking I,Sealant,Spiral Bloom,Flora,Y,,Volcanic; Coniferous Forest; Deciduous Forest; Mountains,,Legacy Organic Resources sheet,Unique,0005DE1D,HawkingIPlanetData,001854D6,FloraBiomeMountains04,2026-08-10T21:01:47,1.0.0,Starfield.esm
Hawking,Hawking I,Solvent,Pack Crab,Fauna,N,,Frozen Dunes; Coniferous Forest,Carnivore,ESM: mod_CCT_Special_Domesticate,Unique,0005DE1D,HawkingIPlanetData,001AD191,PCM_Hawking_Hawking-I_Predator03,2026-08-10T21:01:47,1.0.0,Starfield.esm
Hawking,Hawking I,Spice,Hunting Sloth Geophage,Fauna,Y,Fiber,Coniferous Forest; Deciduous Forest; Mountains,Geophage,ESM: mod_CCT_Special_Domesticate,Unique,0005DE1D,HawkingIPlanetData,001AD18F,PCM_Hawking_Hawking-I_Prey02,2026-08-10T21:01:47,1.0.0,Starfield.esm
Hawking,Hawking I,Structural,PCM_Hawking_Hawking-I_Critter01,Fauna,N,,Deciduous Forest; Mountains,Omnivore,ESM: mod_CCT_Special_Domesticate,Ambiguous (2),0005DE1D,HawkingIPlanetData,001AD18D,PCM_Hawking_Hawking-I_Critter01,2026-08-10T21:01:47,1.0.0,Starfield.esm
Hawking,Hawking I,Structural,PCM_Hawking_Hawking-I_Prey03,Fauna,Y,Fiber,Frozen Dunes; Coniferous Forest,Xylophage,ESM: mod_CCT_Special_Domesticate,Ambiguous (2),0005DE1D,HawkingIPlanetData,001AD18E,PCM_Hawking_Hawking-I_Prey03,2026-08-10T21:01:47,1.0.0,Starfield.esm
Hawking,Hawking I,Structural,Atlas Weed,Flora,Y,,Deciduous Forest,,Legacy Organic Resources sheet,Disambiguated by ESM name,0005DE1D,HawkingIPlanetData,001854C2,FloraBiomeForestDeciduous03,2026-08-10T21:01:47,1.0.0,Starfield.esm
Hawking,Hawking I,Structural,Broadleaf Rose,Flora,Y,,Coniferous Forest,,Legacy Organic Resources sheet,Disambiguated by ESM name,0005DE1D,HawkingIPlanetData,00185489,FloraBiomeForestConiferous01,2026-08-10T21:01:47,1.0.0,Starfield.esm
Hawking,Hawking I,Toxin,Star Bloom Root,Flora,Y,,Volcanic; Coniferous Forest; Deciduous Forest; Mountains,,Legacy Organic Resources sheet,Unique,0005DE1D,HawkingIPlanetData,001854D5,FloraBiomeMountains05,2026-08-10T21:01:47,1.0.0,Starfield.esm
Heinlein,Heinlein IV-B,Cosmetic,Herding Cutterhead Grazer,Fauna,N,,Sandy Desert; Volcanic; Mountains; Hills,Broadly Herbivorous,ESM: mod_CCT_Special_Domesticate,Unique,0005DF13,HeinleinIV-bPlanetData,001D871B,PCM_Heinlein_Heinlein-IV-b_PreyA,2026-08-10T21:01:47,1.0.0,Starfield.esm
Heinlein,Heinlein IV-B,Fiber,Aries Vine,Flora,Y,,Volcanic; Mountains; Hills,,Legacy Organic Resources sheet,Disambiguated by ESM name,0005DF13,HeinleinIV-bPlanetData,001854E1,FloraBiomeVolcanicWorn03,2026-08-10T21:01:47,1.0.0,Starfield.esm
Heinlein,Heinlein IV-B,Fiber,Crag Root,Flora,N,,Volcanic; Mountains; Hills,,Legacy Organic Resources sheet,Disambiguated by ESM name,0005DF13,HeinleinIV-bPlanetData,002F80BC,FloraBiomeMountains09,2026-08-10T21:01:47,1.0.0,Starfield.esm
Heinlein,Heinlein IV-B,Sealant,Sandy Goldenglow,Flora,N,,Sandy Desert,,Legacy Organic Resources sheet,Unique,0005DF13,HeinleinIV-bPlanetData,0018550A,FloraBiomeDesertSandy02,2026-08-10T21:01:47,1.0.0,Starfield.esm
Heinlein,Heinlein IV-B,Sedative,Swarming Octomaggot,Fauna,N,,Sandy Desert; Volcanic; Mountains; Hills,Carnivore,ESM: mod_CCT_Special_Domesticate,Unique,0005DF13,HeinleinIV-bPlanetData,001D871C,PCM_Heinlein_Heinlein-IV-b_Predator01,2026-08-10T21:01:47,1.0.0,Starfield.esm
Heinlein,Heinlein IV-B,Structural,Dunetangle,Flora,N,,Sandy Desert,,Legacy Organic Resources sheet,Unique,0005DF13,HeinleinIV-bPlanetData,00185506,FloraBiomeDesertSandy06,2026-08-10T21:01:47,1.0.0,Starfield.esm
Heinlein,Heinlein IV-B,Toxin Agent,PCM_Heinlein_Heinlein-IV-b_CritterA,Fauna,N,,Sandy Desert; Volcanic; Mountains; Hills,Filter-Feeder,ESM: mod_CCT_Special_Domesticate,No legacy match,0005DF13,HeinleinIV-bPlanetData,001D871A,PCM_Heinlein_Heinlein-IV-b_CritterA,2026-08-10T21:01:47,1.0.0,Starfield.esm
Heinlein,Heinlein VI-A,Nutrient,PCM_Heinlein_Heinlein-VI-a_Critter02_Flyer,Fauna,N,,Deciduous Forest; Tropical Forest; Hills; Rocky Desert,Broadly Herbivorous,ESM: mod_CCT_Special_Domesticate,Ambiguous (2),0005DF20,HeinleinVI-aPlanetData,003CB236,PCM_Heinlein_Heinlein-VI-a_Critter02_Flyer,2026-08-10T21:01:47,1.0.0,Starfield.esm
Heinlein,Heinlein VI-A,Nutrient,PCM_Heinlein_Heinlein-VI-a_Predator01,Fauna,N,,Deciduous Forest; Tropical Forest; Hills; Rocky Desert,Carnivore,ESM: mod_CCT_Special_Domesticate,Ambiguous (2),0005DF20,HeinleinVI-aPlanetData,001D8425,PCM_Heinlein_Heinlein-VI-a_Predator01,2026-08-10T21:01:47,1.0.0,Starfield.esm
Heinlein,Heinlein VI-A,Nutrient,Phoenix Briar,Flora,Y,,Deciduous Forest; Tropical Forest; Hills; Rocky Desert,,Legacy Organic Resources sheet,Unique,0005DF20,HeinleinVI-aPlanetData,001854A4,FloraBiomeCratered03,2026-08-10T21:01:47,1.0.0,Starfield.esm
Heinlein,Heinlein VI-A,Structural,PCM_Heinlein_Heinlein-VI-a_Prey01,Fauna,N,,Deciduous Forest; Tropical Forest; Hills; Rocky Desert,Filter-Feeder,ESM: mod_CCT_Special_Domesticate,Ambiguous (2),0005DF20,HeinleinVI-aPlanetData,001D8424,PCM_Heinlein_Heinlein-VI-a_Prey01,2026-08-10T21:01:47,1.0.0,Starfield.esm
Heinlein,Heinlein VI-A,Structural,PCM_Heinlein_Heinlein-VI-a_Prey02_Swimmer,Fauna,N,,Ocean,Filter-Feeder,ESM: mod_CCT_Special_Domesticate,Ambiguous (2),0005DF20,HeinleinVI-aPlanetData,002025D5,PCM_Heinlein_Heinlein-VI-a_Prey02_Swimmer,2026-08-10T21:01:47,1.0.0,Starfield.esm
Heinlein,Heinlein VI-A,Toxin Agent,PCM_Heinlein_Heinlein-VI-a_Critter01,Fauna,N,,Deciduous Forest; Tropical Forest; Hills; Rocky Desert,Filter-Feeder,ESM: mod_CCT_Special_Domesticate,No legacy match,0005DF20,HeinleinVI-aPlanetData,001D8423,PCM_Heinlein_Heinlein-VI-a_Critter01,2026-08-10T21:01:47,1.0.0,Starfield.esm
Heisenberg,Heisenberg II,Antimicrobial,Hunting Exocrawler,Fauna,N,,Hills; Mountains; Rocky Desert,Carnivore,ESM: mod_CCT_Special_Domesticate,Unique,0005E1C6,HeisenbergIIPlanetData,001D7BF0,PCM_Heisenberg_Heisenberg-II_PredatorA,2026-08-10T21:01:47,1.0.0,Starfield.esm
Heisenberg,Heisenberg II,Aromatic,Herding Windbag Grazer,Fauna,N,,Hills; Mountains; Rocky Desert,Broadly Herbivorous,ESM: mod_CCT_Special_Domesticate,Unique,0005E1C6,HeisenbergIIPlanetData,001D7BEE,PCM_Heisenberg_Heisenberg-II_PreyA,2026-08-10T21:01:47,1.0.0,Starfield.esm
Heisenberg,Heisenberg II,Aromatic,Crag Root,Flora,N,,Hills; Mountains; Rocky Desert,,Legacy Organic Resources sheet,Unique,0005E1C6,HeisenbergIIPlanetData,002F80BC,FloraBiomeMountains09,2026-08-10T21:01:47,1.0.0,Starfield.esm
Heisenberg,Heisenberg II,Fiber,Nebula Vine,Flora,N,,Hills; Mountains; Rocky Desert,,Legacy Organic Resources sheet,Unique,0005E1C6,HeisenbergIIPlanetData,002F80B7,FloraBiomeMountains07,2026-08-10T21:01:47,1.0.0,Starfield.esm
Heisenberg,Heisenberg II,Metabolic Agent,Drone Grazer,Fauna,N,,Frozen Hills; Hills; Mountains; Rocky Desert,Broadly Herbivorous,ESM: mod_CCT_Special_Domesticate,Unique,0005E1C6,HeisenbergIIPlanetData,001D7BEB,PCM_Heisenberg_Heisenberg-II_CritterB,2026-08-10T21:01:47,1.0.0,Starfield.esm
Heisenberg,Heisenberg II,Nutrient,Herding Flapwheel Grazer,Fauna,N,,Ocean,Broadly Herbivorous,ESM: mod_CCT_Special_Domesticate,Unique,0005E1C6,HeisenbergIIPlanetData,002025D8,PCM_Heisenberg_Heisenberg-II_PreyC_Swimmer,2026-08-10T21:01:47,1.0.0,Starfield.esm
Heisenberg,Heisenberg II,Nutrient,Bitter Goldenglow,Flora,N,,Hills; Mountains; Rocky Desert,,Legacy Organic Resources sheet,Unique,0005E1C6,HeisenbergIIPlanetData,001854F9,FloraBiomeDesertRocky09,2026-08-10T21:01:47,1.0.0,Starfield.esm
Heisenberg,Heisenberg II,Pigment,Leafbug Grazer,Fauna,N,,Hills; Mountains; Rocky Desert,Broadly Herbivorous,ESM: mod_CCT_Special_Domesticate,Unique,0005E1C6,HeisenbergIIPlanetData,001D7BED,PCM_Heisenberg_Heisenberg-II_PreyB,2026-08-10T21:01:47,1.0.0,Starfield.esm
Heisenberg,Heisenberg II,Polymer,Hunting Scarab,Fauna,N,,Hills; Mountains; Rocky Desert,Carnivore,ESM: mod_CCT_Special_Domesticate,Unique,0005E1C6,HeisenbergIIPlanetData,001D7BEF,PCM_Heisenberg_Heisenberg-II_PredatorB,2026-08-10T21:01:47,1.0.0,Starfield.esm
Heisenberg,Heisenberg II,Sealant,Scarlet Hillfrond,Flora,N,,Hills; Mountains; Rocky Desert,,Legacy Organic Resources sheet,Unique,0005E1C6,HeisenbergIIPlanetData,002F80B1,FloraBiomeHills09,2026-08-10T21:01:47,1.0.0,Starfield.esm
Heisenberg,Heisenberg II,Structural,Warren Nettle,Flora,Y,,Hills; Mountains; Rocky Desert,,Legacy Organic Resources sheet,Unique,0005E1C6,HeisenbergIIPlanetData,002F80B3,FloraBiomeHills10,2026-08-10T21:01:47,1.0.0,Starfield.esm
Heisenberg,Heisenberg II,Toxin Agent,PCM_Heisenberg_Heisenberg-II_CritterA,Fauna,N,,Hills; Mountains; Rocky Desert,Filter-Feeder,ESM: mod_CCT_Special_Domesticate,No legacy match,0005E1C6,HeisenbergIIPlanetData,001D7BEC,PCM_Heisenberg_Heisenberg-II_CritterA,2026-08-10T21:01:47,1.0.0,Starfield.esm
Heisenberg,Heisenberg V-A,Fiber,Nebula Vine,Flora,N,,Mountains,,Legacy Organic Resources sheet,Disambiguated by ESM name,0005E1CA,HeisenbergV-aPlanetData,002F80B7,FloraBiomeMountains07,2026-08-10T21:01:47,1.0.0,Starfield.esm
Heisenberg,Heisenberg V-A,Fiber,Red Latticebulb,Flora,N,,Hills,,Legacy Organic Resources sheet,Disambiguated by ESM name,0005E1CA,HeisenbergV-aPlanetData,002F80A6,FloraBiomeHills08,2026-08-10T21:01:47,1.0.0,Starfield.esm
Heisenberg,Heisenberg V-A,Fiber,Terra Root,Flora,Y,,Coniferous Forest,,Legacy Organic Resources sheet,Disambiguated by ESM name,0005E1CA,HeisenbergV-aPlanetData,0018547D,FloraBiomeForestConiferous10,2026-08-10T21:01:47,1.0.0,Starfield.esm
Heisenberg,Heisenberg V-A,Nutrient,Starpod Silkweed,Flora,N,,Savanna,,Legacy Organic Resources sheet,Unique,0005E1CA,HeisenbergV-aPlanetData,002F80CC,FloraBiomeSavanna06,2026-08-10T21:01:47,1.0.0,Starfield.esm
Heisenberg,Heisenberg V-A,Structural,Golden Creeper,Flora,Y,,Coniferous Forest,,Legacy Organic Resources sheet,Disambiguated by ESM name,0005E1CA,HeisenbergV-aPlanetData,00185487,FloraBiomeForestConiferous03,2026-08-10T21:01:47,1.0.0,Starfield.esm
Heisenberg,Heisenberg V-A,Structural,Savage Woundwort,Flora,Y,,Swamp,,Legacy Organic Resources sheet,Disambiguated by ESM name,0005E1CA,HeisenbergV-aPlanetData,00185497,FloraBiomeArchipelago07,2026-08-10T21:01:47,1.0.0,Starfield.esm
Heisenberg,Heisenberg V-A,Structural,Scarlet Hillfrond,Flora,N,,Hills,,Legacy Organic Resources sheet,Disambiguated by ESM name,0005E1CA,HeisenbergV-aPlanetData,002F80B1,FloraBiomeHills09,2026-08-10T21:01:47,1.0.0,Starfield.esm
Heisenberg,Heisenberg V-A,Structural,Stunted Pine,Flora,Y,,Mountains,,Legacy Organic Resources sheet,Disambiguated by ESM name,0005E1CA,HeisenbergV-aPlanetData,001854D9,FloraBiomeMountains01,2026-08-10T21:01:47,1.0.0,Starfield.esm
Huygens,Huygens III,Cosmetic,Shellephant Grazer,Fauna,N,,Deciduous Forest; Mountains; Tropical Forest,Broadly Herbivorous,ESM: mod_CCT_Special_Domesticate,Unique,0005DE0D,HuygensIIIPlanetData,001DBAE8,PCM_Huygens_Huygens-III_PreyA,2026-08-10T21:01:47,1.0.0,Starfield.esm
Huygens,Huygens III,Hallucinogen,Hunting Vectorback,Fauna,Y,Nutrient,Deciduous Forest; Tropical Forest,Carnivore,ESM: mod_CCT_Special_Domesticate,Unique,0005DE0D,HuygensIIIPlanetData,001DBAEA,PCM_Huygens_Huygens-III_PredatorB,2026-08-10T21:01:47,1.0.0,Starfield.esm
Huygens,Huygens III,Hallucinogen,Nebula weed,Flora,Y,,Deciduous Forest; Mountains; Savanna; Tropical Forest,,Legacy Organic Resources sheet,Unique,0005DE0D,HuygensIIIPlanetData,001854BD,FloraBiomeForestDeciduous08,2026-08-10T21:01:47,1.0.0,Starfield.esm
Huygens,Huygens III,Lubricant,Hunting Shieldshell,Fauna,N,,Swamp; Wetlands; Savanna,Carnivore,ESM: mod_CCT_Special_Domesticate,Unique,0005DE0D,HuygensIIIPlanetData,001DBAE9,PCM_Huygens_Huygens-III_PredatorC,2026-08-10T21:01:47,1.0.0,Starfield.esm
Huygens,Huygens III,Membrane,Cyclozard Grazer,Fauna,N,,Swamp; Wetlands; Savanna,Broadly Herbivorous,ESM: mod_CCT_Special_Domesticate,Unique,0005DE0D,HuygensIIIPlanetData,001DBAE6,PCM_Huygens_Huygens-III_PreyC,2026-08-10T21:01:47,1.0.0,Starfield.esm
Huygens,Huygens III,Metabolic Agent,Milliwhale Scavenger,Fauna,Y,Fiber,Swamp; Wetlands; Savanna,Omnivore,ESM: mod_CCT_Special_Domesticate,Unique,0005DE0D,HuygensIIIPlanetData,001DBAE5,PCM_Huygens_Huygens-III_CritterA,2026-08-10T21:01:47,1.0.0,Starfield.esm
Huygens,Huygens III,Nutrient,PCM_Huygens_Huygens-III_PreyB,Fauna,N,,Deciduous Forest; Tropical Forest,Broadly Herbivorous,ESM: mod_CCT_Special_Domesticate,Ambiguous (2),0005DE0D,HuygensIIIPlanetData,001DBAE7,PCM_Huygens_Huygens-III_PreyB,2026-08-10T21:01:47,1.0.0,Starfield.esm
Huygens,Huygens III,Nutrient,PCM_Huygens_Huygens-III_PreyD_Swimmer,Fauna,N,,Ocean; Swamp,Omnivore,ESM: mod_CCT_Special_Domesticate,Ambiguous (2),0005DE0D,HuygensIIIPlanetData,001F766E,PCM_Huygens_Huygens-III_PreyD_Swimmer,2026-08-10T21:01:47,1.0.0,Starfield.esm
Huygens,Huygens III,Nutrient,Spitting Goatweed,Flora,Y,,Mountains; Swamp; Savanna,,Legacy Organic Resources sheet,Unique,0005DE0D,HuygensIIIPlanetData,002F80D0,FloraBiomeSavanna08,2026-08-10T21:01:47,1.0.0,Starfield.esm
Huygens,Huygens III,Pigment,Puffball Filterer,Fauna,N,,Deciduous Forest; Frozen Crevasses; Mountains; Swamp; Wetlands; Savanna; Tropical Forest,Filter-Feeder,ESM: mod_CCT_Special_Domesticate,Unique,0005DE0D,HuygensIIIPlanetData,001F766F,PCM_Huygens_Huygens-III_CritterC_Floater,2026-08-10T21:01:47,1.0.0,Starfield.esm
Huygens,Huygens III,Sealant,Thorn Filterer,Fauna,Y,Fiber,Deciduous Forest; Mountains,Filter-Feeder,ESM: mod_CCT_Special_Domesticate,Unique,0005DE0D,HuygensIIIPlanetData,001DBAE4,PCM_Huygens_Huygens-III_CritterB,2026-08-10T21:01:47,1.0.0,Starfield.esm
Huygens,Huygens III,Sealant,Mire Root,Flora,N,,Deciduous Forest; Swamp; Wetlands; Tropical Forest,,Legacy Organic Resources sheet,Unique,0005DE0D,HuygensIIIPlanetData,00185469,FloraBiomeWetlands10,2026-08-10T21:01:47,1.0.0,Starfield.esm
Huygens,Huygens III,Spice,Pack Trapmaw,Fauna,N,,Deciduous Forest; Mountains; Tropical Forest,Carnivore,ESM: mod_CCT_Special_Domesticate,Unique,0005DE0D,HuygensIIIPlanetData,001DBAEB,PCM_Huygens_Huygens-III_PredatorA,2026-08-10T21:01:47,1.0.0,Starfield.esm
Huygens,Huygens III,Structural,Crag Root,Flora,N,,Deciduous Forest; Mountains; Savanna,,Legacy Organic Resources sheet,Unique,0005DE0D,HuygensIIIPlanetData,002F80BC,FloraBiomeMountains09,2026-08-10T21:01:47,1.0.0,Starfield.esm
Huygens,Huygens III,Toxin,Festering Junglecreep,Flora,Y,,Deciduous Forest; Swamp; Wetlands; Tropical Forest,,Legacy Organic Resources sheet,Unique,0005DE0D,HuygensIIIPlanetData,001854B8,FloraBiomeForestTropical04,2026-08-10T21:01:47,1.0.0,Starfield.esm
Huygens,Huygens IV,Cosmetic,Swarming Beetlecrab,Fauna,N,,Hills,Carnivore,ESM: mod_CCT_Special_Domesticate,Unique,0005DE0E,HuygensIVPlanetData,001D6B80,PCM_Huygens_Huygens-IV_PredatorA,2026-08-10T21:01:47,1.0.0,Starfield.esm
Huygens,Huygens IV,Fiber,Augustus Creeper,Flora,Y,,Hills,,Legacy Organic Resources sheet,Unique,0005DE0E,HuygensIVPlanetData,001854CB,FloraBiomeHills05,2026-08-10T21:01:47,1.0.0,Starfield.esm
Huygens,Huygens IV,Nutrient,Schooling Finback Scavenger,Fauna,N,,Ocean,Omnivore,ESM: mod_CCT_Special_Domesticate,Unique,0005DE0E,HuygensIVPlanetData,001D6B7E,PCM_Huygens_Huygens-IV_PreyB,2026-08-10T21:01:47,1.0.0,Starfield.esm
Huygens,Huygens IV,Nutrient,Red Latticebulb,Flora,N,,Hills,,Legacy Organic Resources sheet,Unique,0005DE0E,HuygensIVPlanetData,002F80A6,FloraBiomeHills08,2026-08-10T21:01:47,1.0.0,Starfield.esm
Huygens,Huygens IV,Sedative,Herding Roundshell Grazer,Fauna,N,,Hills,Broadly Herbivorous,ESM: mod_CCT_Special_Domesticate,Unique,0005DE0E,HuygensIVPlanetData,001D6B7F,PCM_Huygens_Huygens-IV_PreyA,2026-08-10T21:01:47,1.0.0,Starfield.esm
Huygens,Huygens IV,Sedative,Aruna Goldenglow,Flora,N,,Hills,,Legacy Organic Resources sheet,Unique,0005DE0E,HuygensIVPlanetData,001854CE,FloraBiomeHills02,2026-08-10T21:01:47,1.0.0,Starfield.esm
Huygens,Huygens IV,Toxin Agent,PCM_Huygens_Huygens-IV_CritterA,Fauna,Y,Fiber,Frozen Plains; Hills,Filter-Feeder,ESM: mod_CCT_Special_Domesticate,No legacy match,0005DE0E,HuygensIVPlanetData,001D6B7D,PCM_Huygens_Huygens-IV_CritterA,2026-08-10T21:01:47,1.0.0,Starfield.esm
Huygens,Huygens VII-B,Fiber,Bristle Barrel,Flora,Y,,Sandy Desert,,Legacy Organic Resources sheet,Unique,0005DE15,HuygensVII-bPlanetData,00185503,FloraBiomeDesertSandy09,2026-08-10T21:01:47,1.0.0,Starfield.esm
Huygens,Huygens VII-B,Metabolic Agent,Wanderer's Husk,Flora,Y,,Sandy Desert,,Legacy Organic Resources sheet,Unique,0005DE15,HuygensVII-bPlanetData,00185507,FloraBiomeDesertSandy05,2026-08-10T21:01:47,1.0.0,Starfield.esm
Huygens,Huygens VII-B,Nutrient,Jellyfin Filterer,Fauna,N,,Sandy Desert,Filter-Feeder,ESM: mod_CCT_Special_Domesticate,Unique,0005DE15,HuygensVII-bPlanetData,001D6B6D,PCM_Huygens_Huygens-VII-b_CritterA,2026-08-10T21:01:47,1.0.0,Starfield.esm
Huygens,Huygens VII-B,Sealant,Herding Tapeworm Scavenger,Fauna,N,,Sandy Desert,Omnivore,ESM: mod_CCT_Special_Domesticate,Unique,0005DE15,HuygensVII-bPlanetData,001D6B6E,PCM_Huygens_Huygens-VII-b_PreyA,2026-08-10T21:01:47,1.0.0,Starfield.esm
Huygens,Huygens VII-B,Stimulant,PCM_Huygens_Huygens-VII-b_PredatorA,Fauna,N,,Sandy Desert,Carnivore,ESM: mod_CCT_Special_Domesticate,Ambiguous (2),0005DE15,HuygensVII-bPlanetData,001D6B6F,PCM_Huygens_Huygens-VII-b_PredatorA,2026-08-10T21:01:47,1.0.0,Starfield.esm
Huygens,Huygens VII-B,Stimulant,PCM_Huygens_Huygens-VII-b_PreyB_Swimmer,Fauna,N,,Ocean,Filter-Feeder,ESM: mod_CCT_Special_Domesticate,Ambiguous (2),0005DE15,HuygensVII-bPlanetData,002025D7,PCM_Huygens_Huygens-VII-b_PreyB_Swimmer,2026-08-10T21:01:47,1.0.0,Starfield.esm
Huygens,Huygens VII-B,Structural,Sandclaw,Flora,N,,Sandy Desert,,Legacy Organic Resources sheet,Unique,0005DE15,HuygensVII-bPlanetData,00185509,FloraBiomeDesertSandy03,2026-08-10T21:01:47,1.0.0,Starfield.esm
Hyla,Hyla I,Fiber,Stunted Pine,Flora,Y,,Mountains,,Legacy Organic Resources sheet,Unique,0005E31B,HylaIPlanetData,001854D9,FloraBiomeMountains01,2026-08-10T21:01:47,1.0.0,Starfield.esm
Hyla,Hyla I,Nutrient,Sweetwater Cactus,Flora,Y,,Rocky Desert,,Legacy Organic Resources sheet,Disambiguated by ESM name,0005E31B,HylaIPlanetData,001854FD,FloraBiomeDesertRocky05,2026-08-10T21:01:47,1.0.0,Starfield.esm
Hyla,Hyla I,Nutrient,Tundra Vine,Flora,Y,,Hills,,Legacy Organic Resources sheet,Disambiguated by ESM name,0005E31B,HylaIPlanetData,001854CC,FloraBiomeHills04,2026-08-10T21:01:47,1.0.0,Starfield.esm
Hyla,Hyla I,Sealant,Augustus Creeper,Flora,Y,,Hills,,Legacy Organic Resources sheet,Unique,0005E31B,HylaIPlanetData,001854CB,FloraBiomeHills05,2026-08-10T21:01:47,1.0.0,Starfield.esm
Hyla,Hyla I,Structural,Crag Root,Flora,N,,Mountains,,Legacy Organic Resources sheet,Unique,0005E31B,HylaIPlanetData,002F80BC,FloraBiomeMountains09,2026-08-10T21:01:47,1.0.0,Starfield.esm
Hyla,Hyla II,Aromatic,Hunting Ikuradon,Fauna,N,,Swamp; Mountains,Carnivore,ESM: mod_CCT_Special_Domesticate,Unique,0005E31D,HylaIIPlanetData,001D5AA3,PCM_Hyla_Hyla-II_Predator01,2026-08-10T21:01:47,1.0.0,Starfield.esm
Hyla,Hyla II,Aromatic,Spiral Bloom,Flora,Y,,Mountains,,Legacy Organic Resources sheet,Unique,0005E31D,HylaIIPlanetData,001854D6,FloraBiomeMountains04,2026-08-10T21:01:47,1.0.0,Starfield.esm
Hyla,Hyla II,Biosuppressant,Flocking Brainblimp Filterer,Fauna,N,,Swamp,Filter-Feeder,ESM: mod_CCT_Special_Domesticate,Unique,0005E31D,HylaIIPlanetData,001D5A9E,PCM_Hyla_Hyla-II_Prey02,2026-08-10T21:01:47,1.0.0,Starfield.esm
Hyla,Hyla II,Cosmetic,Hunting Lockjaw,Fauna,N,,Mountains,Carnivore,ESM: mod_CCT_Special_Domesticate,Unique,0005E31D,HylaIIPlanetData,001D5AA1,PCM_Hyla_Hyla-II_Predator02,2026-08-10T21:01:47,1.0.0,Starfield.esm
Hyla,Hyla II,Fiber,Herding Tongueface Grazer,Fauna,N,,Swamp; Mountains,Ruminant,ESM: mod_CCT_Special_Domesticate,Unique,0005E31D,HylaIIPlanetData,001D5A9F,PCM_Hyla_Hyla-II_Prey01,2026-08-10T21:01:47,1.0.0,Starfield.esm
Hyla,Hyla II,Fiber,Aruna Goldenglow,Flora,Y,,Swamp,,Legacy Organic Resources sheet,Unique,0005E31D,HylaIIPlanetData,00185496,FloraBiomeArchipelago08,2026-08-10T21:01:47,1.0.0,Starfield.esm
Hyla,Hyla II,Metabolic Agent,Schooling Unishark Scavenger,Fauna,N,,Ocean; Swamp,Omnivore,ESM: mod_CCT_Special_Domesticate,Unique,0005E31D,HylaIIPlanetData,001D5A9C,PCM_Hyla_Hyla-II_Prey04_Swimmer,2026-08-10T21:01:47,1.0.0,Starfield.esm
Hyla,Hyla II,Metabolic Agent,Iceblood Vine,Flora,N,,Mountains; Frozen Plains,,Legacy Organic Resources sheet,Unique,0005E31D,HylaIIPlanetData,002F809A,FloraBiomeFrozen07,2026-08-10T21:01:47,1.0.0,Starfield.esm
Hyla,Hyla II,Nutrient,Mountain Silkweed,Flora,N,,Swamp; Mountains,,Legacy Organic Resources sheet,Unique,0005E31D,HylaIIPlanetData,002F80B5,FloraBiomeMountains06,2026-08-10T21:01:47,1.0.0,Starfield.esm
Hyla,Hyla II,Sealant,Trilobite Filterer,Fauna,N,,Mountains; Frozen Plains,Filter-Feeder,ESM: mod_CCT_Special_Domesticate,Unique,0005E31D,HylaIIPlanetData,001D5A9A,PCM_Hyla_Hyla-II_Critter02,2026-08-10T21:01:47,1.0.0,Starfield.esm
Hyla,Hyla II,Sealant,Caelus Pokeweed,Flora,Y,,Swamp,,Legacy Organic Resources sheet,Unique,0005E31D,HylaIIPlanetData,00185495,FloraBiomeArchipelago09,2026-08-10T21:01:47,1.0.0,Starfield.esm
Hyla,Hyla II,Spice,Ice Creeper,Flora,Y,,Mountains; Frozen Plains,,Legacy Organic Resources sheet,Unique,0005E31D,HylaIIPlanetData,002F809C,FloraBiomeFrozen08,2026-08-10T21:01:47,1.0.0,Starfield.esm
Hyla,Hyla II,Structural,Trihorn Grazer,Fauna,N,,Mountains,Broadly Herbivorous,ESM: mod_CCT_Special_Domesticate,Unique,0005E31D,HylaIIPlanetData,001D5A9D,PCM_Hyla_Hyla-II_Prey03,2026-08-10T21:01:47,1.0.0,Starfield.esm
Hyla,Hyla II,Structural,Nebula Vine,Flora,N,,Swamp; Mountains,,Legacy Organic Resources sheet,Unique,0005E31D,HylaIIPlanetData,002F80B7,FloraBiomeMountains07,2026-08-10T21:01:47,1.0.0,Starfield.esm
Hyla,Hyla II,Toxin,Sweeping Silkweed,Flora,N,,Swamp,,Legacy Organic Resources sheet,Unique,0005E31D,HylaIIPlanetData,00185499,FloraBiomeArchipelago05,2026-08-10T21:01:47,1.0.0,Starfield.esm
Hyla,Hyla II,Toxin Agent,PCM_Hyla_Hyla-II_Critter01,Fauna,N,,Swamp,Omnivore,ESM: mod_CCT_Special_Domesticate,No legacy match,0005E31D,HylaIIPlanetData,001D5A9B,PCM_Hyla_Hyla-II_Critter01,2026-08-10T21:01:47,1.0.0,Starfield.esm
Indum,Indum II,Analgesic,Toadface Grazer,Fauna,N,,Coniferous Forest; Sandy Desert; Swamp,Broadly Herbivorous,ESM: mod_CCT_Special_Domesticate,Unique,0005E192,IndumIIPlanetData,001D07E7,PCM_Indum_Indum-II_Prey01,2026-08-10T21:01:47,1.0.0,Starfield.esm
Indum,Indum II,Nutrient,PCM_Indum_Indum-II_Predator01,Fauna,N,,Coniferous Forest; Sandy Desert; Swamp,Carnivore,ESM: mod_CCT_Special_Domesticate,Ambiguous (2),0005E192,IndumIIPlanetData,001D07E8,PCM_Indum_Indum-II_Predator01,2026-08-10T21:01:47,1.0.0,Starfield.esm
Indum,Indum II,Nutrient,PCM_Indum_Indum-II_Prey02_Swimmer,Fauna,N,,Ocean; Swamp,Broadly Herbivorous,ESM: mod_CCT_Special_Domesticate,Ambiguous (2),0005E192,IndumIIPlanetData,002025D9,PCM_Indum_Indum-II_Prey02_Swimmer,2026-08-10T21:01:47,1.0.0,Starfield.esm
Indum,Indum II,Nutrient,Velvet Bloom,Flora,N,,Coniferous Forest; Sandy Desert; Swamp,,Legacy Organic Resources sheet,Unique,0005E192,IndumIIPlanetData,00185498,FloraBiomeArchipelago06,2026-08-10T21:01:47,1.0.0,Starfield.esm
Indum,Indum II,Sealant,Sweet Canis Vine,Flora,Y,,Coniferous Forest,,Legacy Organic Resources sheet,Unique,0005E192,IndumIIPlanetData,00185483,FloraBiomeForestConiferous07,2026-08-10T21:01:47,1.0.0,Starfield.esm
Indum,Indum II,Structural,Caelus Pokeweed,Flora,Y,,Sandy Desert; Swamp,,Legacy Organic Resources sheet,Unique,0005E192,IndumIIPlanetData,00185495,FloraBiomeArchipelago09,2026-08-10T21:01:47,1.0.0,Starfield.esm
Indum,Indum II,Toxin Agent,PCM_Indum_Indum-II_Critter01,Fauna,N,,Frozen Volcanic; Coniferous Forest; Sandy Desert; Swamp,Filter-Feeder,ESM: mod_CCT_Special_Domesticate,No legacy match,0005E192,IndumIIPlanetData,001D07E6,PCM_Indum_Indum-II_Critter01,2026-08-10T21:01:47,1.0.0,Starfield.esm
Ixyll,Ixyll II,Aromatic,Herding Crab Grazer,Fauna,N,,Mountains; Frozen Plains; Deciduous Forest; Volcanic; Hills,Broadly Herbivorous,ESM: mod_CCT_Special_Domesticate,Unique,0005E3C8,IxyllIIPlanetData,001D0783,PCM_Ixyll_Ixyll-II_Prey02,2026-08-10T21:01:47,1.0.0,Starfield.esm
Ixyll,Ixyll II,Fiber,Crag Root,Flora,N,,Mountains; Frozen Plains; Hills,,Legacy Organic Resources sheet,Unique,0005E3C8,IxyllIIPlanetData,002F80BC,FloraBiomeMountains09,2026-08-10T21:01:47,1.0.0,Starfield.esm
Ixyll,Ixyll II,Hypercatalyst,Pack Glowhands (easy: quest Dead Stop),Fauna,N,,Savanna; Mountains; Wetlands; Frozen Plains; Deciduous Forest; Volcanic; Hills,Carnivore,ESM: mod_CCT_Special_Domesticate,Unique,0005E3C8,IxyllIIPlanetData,000DD261,PCM_Ixyll_Ixyll-II_Predator02,2026-08-10T21:01:47,1.0.0,Starfield.esm
Ixyll,Ixyll II,Membrane,Beetlecrab Grazer,Fauna,N,,Savanna; Wetlands; Deciduous Forest,Broadly Herbivorous,ESM: mod_CCT_Special_Domesticate,Unique,0005E3C8,IxyllIIPlanetData,001D0784,PCM_Ixyll_Ixyll-II_Prey01,2026-08-10T21:01:47,1.0.0,Starfield.esm
Ixyll,Ixyll II,Metabolic Agent,Thorn Scavenger,Fauna,N,,Mountains; Frozen Plains; Deciduous Forest; Volcanic; Hills,Omnivore,ESM: mod_CCT_Special_Domesticate,Unique,0005E3C8,IxyllIIPlanetData,001D0780,PCM_Ixyll_Ixyll-II_Critter02,2026-08-10T21:01:47,1.0.0,Starfield.esm
Ixyll,Ixyll II,Nutrient,Schooling Sawhead Grazer,Fauna,N,,Ocean,Broadly Herbivorous,ESM: mod_CCT_Special_Domesticate,Unique,0005E3C8,IxyllIIPlanetData,000EF9A9,PCM_Ixyll_Ixyll-II_Prey04,2026-08-10T21:01:47,1.0.0,Starfield.esm
Ixyll,Ixyll II,Nutrient,Blooming Slopefeather,Flora,Y,,Savanna; Frozen Plains; Volcanic; Hills,,Legacy Organic Resources sheet,Disambiguated by ESM name,0005E3C8,IxyllIIPlanetData,001854CD,FloraBiomeHills03,2026-08-10T21:01:47,1.0.0,Starfield.esm
Ixyll,Ixyll II,Nutrient,Spitting Pokeweed,Flora,N,,Wetlands; Deciduous Forest,,Legacy Organic Resources sheet,Disambiguated by ESM name,0005E3C8,IxyllIIPlanetData,001854BC,FloraBiomeForestDeciduous09,2026-08-10T21:01:47,1.0.0,Starfield.esm
Ixyll,Ixyll II,Ornamental,Hunting Nightmare,Fauna,N,,Savanna; Mountains; Wetlands; Frozen Plains; Deciduous Forest; Volcanic; Hills,Carnivore,ESM: mod_CCT_Special_Domesticate,Unique,0005E3C8,IxyllIIPlanetData,001D0785,PCM_Ixyll_Ixyll-II_Predator01,2026-08-10T21:01:47,1.0.0,Starfield.esm
Ixyll,Ixyll II,Ornamental,Crimson Gibbet,Flora,N,,Savanna; Mountains; Wetlands; Deciduous Forest; Volcanic; Hills,,Legacy Organic Resources sheet,Unique,0005E3C8,IxyllIIPlanetData,002F80A4,FloraBiomeHills07,2026-08-10T21:01:47,1.0.0,Starfield.esm
Ixyll,Ixyll II,Sealant,Spitting Goatweed,Flora,Y,,Savanna; Wetlands; Volcanic; Hills,,Legacy Organic Resources sheet,Disambiguated by ESM name,0005E3C8,IxyllIIPlanetData,002F80D0,FloraBiomeSavanna08,2026-08-10T21:01:47,1.0.0,Starfield.esm
Ixyll,Ixyll II,Sealant,Sweet Yellow Creeper,Flora,Y,,Wetlands; Deciduous Forest,,Legacy Organic Resources sheet,Disambiguated by ESM name,0005E3C8,IxyllIIPlanetData,002F808E,FloraBiomeForestDeciduous10,2026-08-10T21:01:47,1.0.0,Starfield.esm
Ixyll,Ixyll II,Spice,Hunting Boneglider,Fauna,N,,Ocean,Carnivore,ESM: mod_CCT_Special_Domesticate,Unique,0005E3C8,IxyllIIPlanetData,000EF9A8,PCM_Ixyll_Ixyll-II_Predator03,2026-08-10T21:01:47,1.0.0,Starfield.esm
Ixyll,Ixyll II,Structural,Spaceroach Filterer,Fauna,N,,Savanna; Wetlands; Deciduous Forest,Filter-Feeder,ESM: mod_CCT_Special_Domesticate,Unique,0005E3C8,IxyllIIPlanetData,001D0781,PCM_Ixyll_Ixyll-II_Critter01,2026-08-10T21:01:47,1.0.0,Starfield.esm
Ixyll,Ixyll II,Structural,Spirit Laurel,Flora,Y,,Wetlands; Deciduous Forest,,Legacy Organic Resources sheet,Unique,0005E3C8,IxyllIIPlanetData,001854BE,FloraBiomeForestDeciduous07,2026-08-10T21:01:47,1.0.0,Starfield.esm
Ixyll,Ixyll II,Toxin,Spiral Bloom,Flora,Y,,Mountains; Deciduous Forest; Volcanic,,Legacy Organic Resources sheet,Unique,0005E3C8,IxyllIIPlanetData,001854D6,FloraBiomeMountains04,2026-08-10T21:01:47,1.0.0,Starfield.esm
Ixyll,Ixyll II,Toxin Agent,PCM_Ixyll_Ixyll-II_Prey03,Fauna,N,,Savanna; Wetlands; Frozen Plains; Deciduous Forest; Volcanic; Hills,Filter-Feeder,ESM: mod_CCT_Special_Domesticate,No legacy match,0005E3C8,IxyllIIPlanetData,001D0782,PCM_Ixyll_Ixyll-II_Prey03,2026-08-10T21:01:47,1.0.0,Starfield.esm
Ixyll,Ixyll III-B,Analgesic,Herding Horsamander Grazer,Fauna,N,,Swamp; Wetlands,Ruminant,ESM: mod_CCT_Special_Domesticate,Unique,0005E3CB,IxyllIII-bPlanetData,001D0767,PCM_Ixyll_Ixyll-III-b_Prey01,2026-08-10T21:01:47,1.0.0,Starfield.esm
Ixyll,Ixyll III-B,Analgesic,Blue Weeping Shrub,Flora,Y,,Mountains; Swamp; Deciduous Forest; Wetlands,,Legacy Organic Resources sheet,Unique,0005E3CB,IxyllIII-bPlanetData,001854C5,FloraBiomeForestDeciduous01,2026-08-10T21:01:47,1.0.0,Starfield.esm
Ixyll,Ixyll III-B,Cosmetic,Crag Root,Flora,N,,Mountains; Swamp; Deciduous Forest,,Legacy Organic Resources sheet,Unique,0005E3CB,IxyllIII-bPlanetData,002F80BC,FloraBiomeMountains09,2026-08-10T21:01:47,1.0.0,Starfield.esm
Ixyll,Ixyll III-B,Fiber,Herding Boneback Grazer,Fauna,N,,Savanna; Mountains; Deciduous Forest,Broadly Herbivorous,ESM: mod_CCT_Special_Domesticate,Unique,0005E3CB,IxyllIII-bPlanetData,001D0762,PCM_Ixyll_Ixyll-III-b_Prey02,2026-08-10T21:01:47,1.0.0,Starfield.esm
Ixyll,Ixyll III-B,Membrane,Hunting Coralbug,Fauna,N,,Savanna; Mountains; Deciduous Forest,Carnivore,ESM: mod_CCT_Special_Domesticate,Unique,0005E3CB,IxyllIII-bPlanetData,001D076C,PCM_Ixyll_Ixyll-III-b_Predator02,2026-08-10T21:01:47,1.0.0,Starfield.esm
Ixyll,Ixyll III-B,Metabolic Agent,Gossamer Filterer,Fauna,N,,Frozen Crevasses; Savanna; Mountains; Deciduous Forest,Filter-Feeder,ESM: mod_CCT_Special_Domesticate,Unique,0005E3CB,IxyllIII-bPlanetData,001D074F,PCM_Ixyll_Ixyll-III-b_Critter02,2026-08-10T21:01:47,1.0.0,Starfield.esm
Ixyll,Ixyll III-B,Nutrient,Spirit Laurel,Flora,Y,,Deciduous Forest,,Legacy Organic Resources sheet,Unique,0005E3CB,IxyllIII-bPlanetData,001854BE,FloraBiomeForestDeciduous07,2026-08-10T21:01:47,1.0.0,Starfield.esm
Ixyll,Ixyll III-B,Pigment,Satellite Ghostvine,Flora,N,,Savanna; Wetlands,,Legacy Organic Resources sheet,Unique,0005E3CB,IxyllIII-bPlanetData,002F80CD,FloraBiomeSavanna07,2026-08-10T21:01:47,1.0.0,Starfield.esm
Ixyll,Ixyll III-B,Sealant,Canary Reed,Flora,N,,Savanna; Wetlands,,Legacy Organic Resources sheet,Disambiguated by ESM name,0005E3CB,IxyllIII-bPlanetData,001854F5,FloraBiomeSavanna03,2026-08-10T21:01:47,1.0.0,Starfield.esm
Ixyll,Ixyll III-B,Sealant,Spike Spit Trap,Flora,N,,Savanna; Swamp,,Legacy Organic Resources sheet,Disambiguated by ESM name,0005E3CB,IxyllIII-bPlanetData,00185494,FloraBiomeArchipelago10,2026-08-10T21:01:47,1.0.0,Starfield.esm
Ixyll,Ixyll III-B,Stimulant,Hunting Nailtail,Fauna,N,,Swamp; Wetlands,Carnivore,ESM: mod_CCT_Special_Domesticate,Unique,0005E3CB,IxyllIII-bPlanetData,001D0770,PCM_Ixyll_Ixyll-III-b_Predator01,2026-08-10T21:01:47,1.0.0,Starfield.esm
Ixyll,Ixyll III-B,Structural,Schooling Sharkwhale Scavenger,Fauna,N,,Ocean; Swamp,Omnivore,ESM: mod_CCT_Special_Domesticate,Unique,0005E3CB,IxyllIII-bPlanetData,002025DA,PCM_Ixyll_Ixyll-III-b_Prey03_Swimmer,2026-08-10T21:01:47,1.0.0,Starfield.esm
Ixyll,Ixyll III-B,Structural,Swamp Bottle Root,Flora,Y,,Savanna; Swamp; Deciduous Forest; Wetlands,,Legacy Organic Resources sheet,Unique,0005E3CB,IxyllIII-bPlanetData,0018546A,FloraBiomeWetlands09,2026-08-10T21:01:47,1.0.0,Starfield.esm
Ixyll,Ixyll III-B,Toxin,Jagged Heart leaf,Flora,Y,,Deciduous Forest,,Legacy Organic Resources sheet,Unique,0005E3CB,IxyllIII-bPlanetData,001854C0,FloraBiomeForestDeciduous05,2026-08-10T21:01:47,1.0.0,Starfield.esm
Ixyll,Ixyll III-B,Toxin Agent,PCM_Ixyll_Ixyll-III-b_Critter01,Fauna,N,,Swamp; Wetlands,Omnivore,ESM: mod_CCT_Special_Domesticate,No legacy match,0005E3CB,IxyllIII-bPlanetData,001D0758,PCM_Ixyll_Ixyll-III-b_Critter01,2026-08-10T21:01:47,1.0.0,Starfield.esm
Jaffa,Jaffa II,Membrane,Herding Wobbleback Herbivore,Fauna,N,,Wetlands; Deciduous Forest; Tropical Forest,Frugivore,ESM: mod_CCT_Special_Domesticate,Unique,0005E20A,JaffaIIPlanetData,001D0735,PCM_Jaffa_Jaffa-II_Prey01,2026-08-10T21:01:47,1.0.0,Starfield.esm
Jaffa,Jaffa II,Metabolic Agent,Saturnine Filterer,Fauna,N,,Wetlands; Deciduous Forest; Tropical Forest,Filter-Feeder,ESM: mod_CCT_Special_Domesticate,Unique,0005E20A,JaffaIIPlanetData,002025DB,PCM_Jaffa_Jaffa-II_Critter02_Flyer,2026-08-10T21:01:47,1.0.0,Starfield.esm
Jaffa,Jaffa II,Metabolic Agent,Mire Root,Flora,N,,Wetlands; Deciduous Forest; Tropical Forest,,Legacy Organic Resources sheet,Unique,0005E20A,JaffaIIPlanetData,00185469,FloraBiomeWetlands10,2026-08-10T21:01:47,1.0.0,Starfield.esm
Jaffa,Jaffa II,Nutrient,Moth Vine,Flora,N,,Deciduous Forest; Tropical Forest,,Legacy Organic Resources sheet,Unique,0005E20A,JaffaIIPlanetData,002F8094,FloraBiomeForestTropical09,2026-08-10T21:01:47,1.0.0,Starfield.esm
Jaffa,Jaffa II,Sealant,Hunting Coralcrab,Fauna,N,,Wetlands; Deciduous Forest; Tropical Forest,Carnivore,ESM: mod_CCT_Special_Domesticate,Unique,0005E20A,JaffaIIPlanetData,001D0738,PCM_Jaffa_Jaffa-II_Predator01,2026-08-10T21:01:47,1.0.0,Starfield.esm
Jaffa,Jaffa II,Structural,Spirit Laurel,Flora,Y,,Wetlands; Deciduous Forest; Tropical Forest,,Legacy Organic Resources sheet,Unique,0005E20A,JaffaIIPlanetData,001854BE,FloraBiomeForestDeciduous07,2026-08-10T21:01:47,1.0.0,Starfield.esm
Jaffa,Jaffa II,Toxin Agent,PCM_Jaffa_Jaffa-II_Critter01,Fauna,N,,Frozen Plains; Wetlands; Deciduous Forest; Tropical Forest,Filter-Feeder,ESM: mod_CCT_Special_Domesticate,No legacy match,0005E20A,JaffaIIPlanetData,001D0734,PCM_Jaffa_Jaffa-II_Critter01,2026-08-10T21:01:47,1.0.0,Starfield.esm
Jaffa,Jaffa III,Fiber,Grabber Filterer,Fauna,N,,Volcanic; Coniferous Forest; Frozen Plains,Filter-Feeder,ESM: mod_CCT_Special_Domesticate,Unique,0005E20C,JaffaIIIPlanetData,001D070B,PCM_Jaffa_Jaffa-III_Critter01,2026-08-10T21:01:47,1.0.0,Starfield.esm
Jaffa,Jaffa III,Hallucinogen,Flocking Cockroach Scavenger,Fauna,N,,Volcanic; Coniferous Forest,Omnivore,ESM: mod_CCT_Special_Domesticate,Unique,0005E20C,JaffaIIIPlanetData,001D0714,PCM_Jaffa_Jaffa-III_Prey01,2026-08-10T21:01:47,1.0.0,Starfield.esm
Jaffa,Jaffa III,Hypercatalyst,Hunting Foxbat,Fauna,N,,Volcanic; Coniferous Forest,Carnivore,ESM: mod_CCT_Special_Domesticate,Unique,0005E20C,JaffaIIIPlanetData,001D0732,PCM_Jaffa_Jaffa-III_Predator01,2026-08-10T21:01:47,1.0.0,Starfield.esm
Jaffa,Jaffa III,Metabolic Agent,Terra Root,Flora,Y,,Volcanic; Coniferous Forest,,Legacy Organic Resources sheet,Unique,0005E20C,JaffaIIIPlanetData,0018547D,FloraBiomeForestConiferous10,2026-08-10T21:01:47,1.0.0,Starfield.esm
Jaffa,Jaffa III,Nutrient,Christina Bloom,Flora,Y,,Volcanic; Coniferous Forest,,Legacy Organic Resources sheet,Unique,0005E20C,JaffaIIIPlanetData,00185485,FloraBiomeForestConiferous05,2026-08-10T21:01:47,1.0.0,Starfield.esm
Jaffa,Jaffa III,Pigment,Pack Paddlefish,Fauna,N,,Ocean,Carnivore,ESM: mod_CCT_Special_Domesticate,Unique,0005E20C,JaffaIIIPlanetData,001D0719,PCM_Jaffa_Jaffa-III_Predator02,2026-08-10T21:01:47,1.0.0,Starfield.esm
Jaffa,Jaffa III,Sealant,Kingshead Bugloss,Flora,Y,,Volcanic; Coniferous Forest,,Legacy Organic Resources sheet,Unique,0005E20C,JaffaIIIPlanetData,002F80C8,FloraBiomeVolcanicRough09,2026-08-10T21:01:47,1.0.0,Starfield.esm
Jaffa,Jaffa III,Structural,Shoaling Finback Scavenger,Fauna,N,,Ocean,Omnivore,ESM: mod_CCT_Special_Domesticate,Unique,0005E20C,JaffaIIIPlanetData,001D070C,PCM_Jaffa_Jaffa-III_Prey02,2026-08-10T21:01:47,1.0.0,Starfield.esm
Jaffa,Jaffa III,Toxin,Haven Vine,Flora,N,,Volcanic; Coniferous Forest,,Legacy Organic Resources sheet,Unique,0005E20C,JaffaIIIPlanetData,001854EA,FloraBiomeVolcanicRough04,2026-08-10T21:01:47,1.0.0,Starfield.esm
Jaffa,Jaffa IV,Membrane,Greater Jaffa Lizard,Fauna,N,,Mountains; Frozen Plains; Plateau; Rocky Desert,Carnivore,ESM: mod_CCT_Special_Domesticate,Unique,0005E20D,JaffaIVPlanetData,001D9DB3,PCM_Jaffa_Jaffa-IV_Predator01,2026-08-10T21:01:47,1.0.0,Starfield.esm
Jaffa,Jaffa IV,Sedative,Lesser Jaffa Lizard,Fauna,N,,Mountains; Frozen Plains; Plateau; Rocky Desert,Carnivore,ESM: mod_CCT_Special_Domesticate,Unique,0005E20D,JaffaIVPlanetData,001D9DB2,PCM_Jaffa_Jaffa-IV_Predator02,2026-08-10T21:01:47,1.0.0,Starfield.esm
Kang,Kang III,Antimicrobial,Pack Boneback,Fauna,N,,Rocky Desert; Mountains,Carnivore,ESM: mod_CCT_Special_Domesticate,Unique,0005DE8B,KangIIIPlanetData,001D952B,PCM_Kang_Kang-III_Predator03,2026-08-10T21:01:47,1.0.0,Starfield.esm
Kang,Kang III,Fiber,Flocking Windbag Filterer,Fauna,N,,Rocky Desert; Mountains,Filter-Feeder,ESM: mod_CCT_Special_Domesticate,Unique,0005DE8B,KangIIIPlanetData,001D952A,PCM_Kang_Kang-III_Prey01,2026-08-10T21:01:47,1.0.0,Starfield.esm
Kang,Kang III,Fiber,Gasping Fireleaf,Flora,N,,Rocky Desert,,Legacy Organic Resources sheet,Unique,0005DE8B,KangIIIPlanetData,001854FB,FloraBiomeDesertRocky07,2026-08-10T21:01:47,1.0.0,Starfield.esm
Kang,Kang III,Nutrient,Glider Filterer,Fauna,N,,Rocky Desert; Mountains,Filter-Feeder,ESM: mod_CCT_Special_Domesticate,Unique,0005DE8B,KangIIIPlanetData,002025E1,PCM_Kang_Kang-III_Critter01_Flyer,2026-08-10T21:01:47,1.0.0,Starfield.esm
Kang,Kang III,Ornamental,Aurora Palm,Flora,N,,Rocky Desert; Mountains,,Legacy Organic Resources sheet,Disambiguated by ESM name,0005DE8B,KangIIIPlanetData,002F80BB,FloraBiomeMountains10,2026-08-10T21:01:47,1.0.0,Starfield.esm
Kang,Kang III,Ornamental,Barrenbulb,Flora,Y,,Rocky Desert,,Legacy Organic Resources sheet,Disambiguated by ESM name,0005DE8B,KangIIIPlanetData,001854FF,FloraBiomeDesertRocky03,2026-08-10T21:01:47,1.0.0,Starfield.esm
Kang,Kang III,Sealant,Pack Maggotmaw,Fauna,N,,Rocky Desert; Mountains,Carnivore,ESM: mod_CCT_Special_Domesticate,Unique,0005DE8B,KangIIIPlanetData,001D952C,PCM_Kang_Kang-III_Predator02,2026-08-10T21:01:47,1.0.0,Starfield.esm
Kang,Kang III,Spice,Hunting Scarab,Fauna,N,,Rocky Desert; Mountains,Carnivore,ESM: mod_CCT_Special_Domesticate,Unique,0005DE8B,KangIIIPlanetData,001D952D,PCM_Kang_Kang-III_Predator01,2026-08-10T21:01:47,1.0.0,Starfield.esm
Kang,Kang III,Toxin,Golden Sand Root,Flora,Y,,Rocky Desert,,Legacy Organic Resources sheet,Unique,0005DE8B,KangIIIPlanetData,001854FE,FloraBiomeDesertRocky04,2026-08-10T21:01:47,1.0.0,Starfield.esm
Kang,Kang VIII-C,Sealant,Snuffler Geophage,Fauna,N,,Mountains; Plateau; Frozen Hills; Hills,Geophage,ESM: mod_CCT_Special_Domesticate,Unique,0005DE9A,KangVIII-cPlanetData,001D7BC0,PCM_Kang_Kang-VIII-c_Critter01,2026-08-10T21:01:47,1.0.0,Starfield.esm
Katydid,Katydid I-A,Cosmetic,Herding Cutterhead Herbivore,Fauna,N,,Deciduous Forest; Volcanic; Wetlands; Tropical Forest; Mountains,Xylophage,ESM: mod_CCT_Special_Domesticate,Unique,0005DE7A,KatydidI-aPlanetData,001D7BC2,PCM_Katydid_Katydid-I-a_Prey02,2026-08-10T21:01:47,1.0.0,Starfield.esm
Katydid,Katydid I-A,Metabolic Agent,Herding Lacraia Grazer,Fauna,N,,Deciduous Forest; Volcanic; Wetlands; Tropical Forest; Mountains,Broadly Herbivorous,ESM: mod_CCT_Special_Domesticate,Unique,0005DE7A,KatydidI-aPlanetData,001D7BC3,PCM_Katydid_Katydid-I-a_Prey01,2026-08-10T21:01:47,1.0.0,Starfield.esm
Katydid,Katydid I-A,Nutrient,Jagged Heart leaf,Flora,Y,,Deciduous Forest; Volcanic; Mountains,,Legacy Organic Resources sheet,Unique,0005DE7A,KatydidI-aPlanetData,001854C0,FloraBiomeForestDeciduous05,2026-08-10T21:01:47,1.0.0,Starfield.esm
Katydid,Katydid I-A,Ornamental,Split Leaf Watercress,Flora,Y,,Wetlands; Tropical Forest,,Legacy Organic Resources sheet,Unique,0005DE7A,KatydidI-aPlanetData,0018546E,FloraBiomeWetlands05,2026-08-10T21:01:47,1.0.0,Starfield.esm
Katydid,Katydid I-A,Pigment,Pack Cricket,Fauna,N,,Deciduous Forest; Volcanic; Wetlands; Tropical Forest; Mountains,Carnivore,ESM: mod_CCT_Special_Domesticate,Unique,0005DE7A,KatydidI-aPlanetData,001D7BC4,PCM_Katydid_Katydid-I-a_Predator01,2026-08-10T21:01:47,1.0.0,Starfield.esm
Katydid,Katydid I-A,Sealant,Spiny Ghost Cactus,Flora,Y,,Deciduous Forest; Volcanic; Mountains,,Legacy Organic Resources sheet,Unique,0005DE7A,KatydidI-aPlanetData,001854EB,FloraBiomeVolcanicRough03,2026-08-10T21:01:47,1.0.0,Starfield.esm
Katydid,Katydid I-A,Structural,Festering Junglecreep,Flora,Y,,Wetlands; Tropical Forest,,Legacy Organic Resources sheet,Unique,0005DE7A,KatydidI-aPlanetData,001854B8,FloraBiomeForestTropical04,2026-08-10T21:01:47,1.0.0,Starfield.esm
Katydid,Katydid I-A,Toxin Agent,PCM_Katydid_Katydid-I-a_Critter01,Fauna,N,,Deciduous Forest; Volcanic; Wetlands; Tropical Forest; Mountains,Frugivore,ESM: mod_CCT_Special_Domesticate,No legacy match,0005DE7A,KatydidI-aPlanetData,001D7BC1,PCM_Katydid_Katydid-I-a_Critter01,2026-08-10T21:01:47,1.0.0,Starfield.esm
Khayyam,Khayyam II,Analgesic,Flocking Eggtail Filterer,Fauna,N,,Frozen Mountains,Filter-Feeder,ESM: mod_CCT_Special_Domesticate,Unique,0005DFDF,KhayyamIIPlanetData,001D5F36,PCM_Khayyam_Khayyam-II_Prey03,2026-08-10T21:01:47,1.0.0,Starfield.esm
Khayyam,Khayyam II,Antimicrobial,Ash Sweeper,Flora,N,,Volcanic; Coniferous Forest; Deciduous Forest,,Legacy Organic Resources sheet,Unique,0005DFDF,KhayyamIIPlanetData,001854EC,FloraBiomeVolcanicRough02,2026-08-10T21:01:47,1.0.0,Starfield.esm
Khayyam,Khayyam II,Fiber,Coralbucket Filterer,Fauna,N,,Volcanic; Frozen Mountains; Coniferous Forest; Deciduous Forest,Filter-Feeder,ESM: mod_CCT_Special_Domesticate,Unique,0005DFDF,KhayyamIIPlanetData,00157E3C,PCM_Khayyam_Khayyam-II_Critter01_Floater,2026-08-10T21:01:47,1.0.0,Starfield.esm
Khayyam,Khayyam II,Hallucinogen,Hunting Stonewalker,Fauna,N,,Volcanic,Carnivore,ESM: mod_CCT_Special_Domesticate,Unique,0005DFDF,KhayyamIIPlanetData,001D5A30,PCM_Khayyam_Khayyam-II_Predator03,2026-08-10T21:01:47,1.0.0,Starfield.esm
Khayyam,Khayyam II,Metabolic Agent,Boreas Root,Flora,N,,Volcanic; Frozen Mountains; Coniferous Forest; Deciduous Forest,,Legacy Organic Resources sheet,Unique,0005DFDF,KhayyamIIPlanetData,00185478,FloraBiomeFrozen05,2026-08-10T21:01:47,1.0.0,Starfield.esm
Khayyam,Khayyam II,Nutrient,Flocking Cyclozard Scavenger,Fauna,N,,Frozen Mountains,Omnivore,ESM: mod_CCT_Special_Domesticate,Unique,0005DFDF,KhayyamIIPlanetData,001D5F37,PCM_Khayyam_Khayyam-II_Prey02,2026-08-10T21:01:47,1.0.0,Starfield.esm
Khayyam,Khayyam II,Ornamental,Pack Glowhands,Fauna,N,,Frozen Mountains,Carnivore,ESM: mod_CCT_Special_Domesticate,Unique,0005DFDF,KhayyamIIPlanetData,001D5F39,PCM_Khayyam_Khayyam-II_Predator02,2026-08-10T21:01:47,1.0.0,Starfield.esm
Khayyam,Khayyam II,Ornamental,Leaning Fireleaf,Flora,N,,Volcanic; Coniferous Forest; Deciduous Forest,,Legacy Organic Resources sheet,Unique,0005DFDF,KhayyamIIPlanetData,002F80C1,FloraBiomeVolcanicRough07,2026-08-10T21:01:47,1.0.0,Starfield.esm
Khayyam,Khayyam II,Polymer,Swarming Eggback,Fauna,N,,Coniferous Forest; Deciduous Forest,Carnivore,ESM: mod_CCT_Special_Domesticate,Unique,0005DFDF,KhayyamIIPlanetData,001D5F3A,PCM_Khayyam_Khayyam-II_Predator01,2026-08-10T21:01:47,1.0.0,Starfield.esm
Khayyam,Khayyam II,Sealant,Forest Wisp,Flora,Y,,Coniferous Forest; Deciduous Forest,,Legacy Organic Resources sheet,Unique,0005DFDF,KhayyamIIPlanetData,00185484,FloraBiomeForestConiferous06,2026-08-10T21:01:47,1.0.0,Starfield.esm
Khayyam,Khayyam II,Spice,Ankylosaurus Herbivore,Fauna,N,,Coniferous Forest; Deciduous Forest,Xylophage,ESM: mod_CCT_Special_Domesticate,Unique,0005DFDF,KhayyamIIPlanetData,001D5F38,PCM_Khayyam_Khayyam-II_Prey01,2026-08-10T21:01:47,1.0.0,Starfield.esm
Khayyam,Khayyam II,Structural,Flocking Rockhound Geophage,Fauna,N,,Volcanic,Geophage,ESM: mod_CCT_Special_Domesticate,Unique,0005DFDF,KhayyamIIPlanetData,001D5A2F,PCM_Khayyam_Khayyam-II_Prey04,2026-08-10T21:01:47,1.0.0,Starfield.esm
Khayyam,Khayyam II,Toxin,Broadleaf Rose,Flora,Y,,Coniferous Forest; Deciduous Forest,,Legacy Organic Resources sheet,Unique,0005DFDF,KhayyamIIPlanetData,00185489,FloraBiomeForestConiferous01,2026-08-10T21:01:47,1.0.0,Starfield.esm
Khayyam,Khayyam II,Toxin Agent,PCM_Khayyam_Khayyam-II_Prey05_Swimmer,Fauna,N,,Ocean,Omnivore,ESM: mod_CCT_Special_Domesticate,No legacy match,0005DFDF,KhayyamIIPlanetData,00157E3B,PCM_Khayyam_Khayyam-II_Prey05_Swimmer,2026-08-10T21:01:47,1.0.0,Starfield.esm
Kryx,Neebas,Nutrient,Trilobite Geophage,Fauna,N,,Mountains; Hills; Sandy Desert,Geophage,ESM: mod_CCT_Special_Domesticate,Unique,0005E237,NeebasPlanetData,001CBC8A,PCM_Kryx_Neebas_Critter01,2026-08-10T21:01:47,1.0.0,Starfield.esm
Kryx,Neebas,Sealant,Pack Shardhopper,Fauna,N,,Mountains; Hills; Sandy Desert,Carnivore,ESM: mod_CCT_Special_Domesticate,Unique,0005E237,NeebasPlanetData,001CBC8C,PCM_Kryx_Neebas_Predator01,2026-08-10T21:01:47,1.0.0,Starfield.esm
Kryx,Neebas,Structural,PCM_Kryx_Neebas_Critter02_Floater,Fauna,N,,Mountains; Frozen Hills; Rocky Desert; Hills; Sandy Desert,Geophage,ESM: mod_CCT_Special_Domesticate,Ambiguous (2),0005E237,NeebasPlanetData,00187114,PCM_Kryx_Neebas_Critter02_Floater,2026-08-10T21:01:47,1.0.0,Starfield.esm
Kryx,Neebas,Structural,PCM_Kryx_Neebas_Prey01,Fauna,Y,Fiber,Mountains; Hills; Sandy Desert,Geophage,ESM: mod_CCT_Special_Domesticate,Ambiguous (2),0005E237,NeebasPlanetData,001CBC8B,PCM_Kryx_Neebas_Prey01,2026-08-10T21:01:47,1.0.0,Starfield.esm
Kryx,Suvorov,Adhesive,Grylloba,Fauna,N,,Frozen Crevasses,Carnivore,ESM: mod_CCT_Special_Domesticate,Unique,0005E235,SuvorovPlanetData,0018711A,LC030_Lvl_GryllobaMelee,2026-08-10T21:01:47,1.0.0,Starfield.esm
Kryx,Suvorov,Metabolic Agent,Grylloba Hunter,Fauna,N,,Frozen Crevasses,Carnivore,ESM: mod_CCT_Special_Domesticate,Unique,0005E235,SuvorovPlanetData,0008D0D8,LC030_Lvl_GryllobaRanged,2026-08-10T21:01:47,1.0.0,Starfield.esm
Kryx,Suvorov,Nutrient,Flocking Clawback Filterer,Fauna,N,,Frozen Crevasses,Filter-Feeder,ESM: mod_CCT_Special_Domesticate,Unique,0005E235,SuvorovPlanetData,001941ED,PCM_Kryx_Suvorov_Prey01,2026-08-10T21:01:47,1.0.0,Starfield.esm
Kryx,Suvorov,Toxin,Stinging Ice Stalk,Flora,N,,Frozen Crevasses,,Legacy Organic Resources sheet,Unique,0005E235,SuvorovPlanetData,002F809E,FloraBiomeFrozen09,2026-08-10T21:01:47,1.0.0,Starfield.esm
Kumasi,Kumasi I,Adhesive,Flocking Cephalopod Scavenger,Fauna,N,,Volcanic,Omnivore,ESM: mod_CCT_Special_Domesticate,Unique,0005E496,KumasiIPlanetData,00157E42,PCM_Kumasi_Kumasi-I_Prey03,2026-08-10T21:01:47,1.0.0,Starfield.esm
Kumasi,Kumasi I,Antimicrobial,Pack Twistfin,Fauna,N,,Volcanic,Carnivore,ESM: mod_CCT_Special_Domesticate,Unique,0005E496,KumasiIPlanetData,00157E3F,PCM_Kumasi_Kumasi-I_Predator03,2026-08-10T21:01:47,1.0.0,Starfield.esm
Kumasi,Kumasi I,Fiber,Atlas Weed,Flora,Y,,Tropical Forest; Deciduous Forest,,Legacy Organic Resources sheet,Unique,0005E496,KumasiIPlanetData,001854C2,FloraBiomeForestDeciduous03,2026-08-10T21:01:47,1.0.0,Starfield.esm
Kumasi,Kumasi I,Membrane,Flocking Shellephant Grazer,Fauna,N,,Deciduous Forest,Xylophage,ESM: mod_CCT_Special_Domesticate,Unique,0005E496,KumasiIPlanetData,00157E41,PCM_Kumasi_Kumasi-I_Prey02,2026-08-10T21:01:47,1.0.0,Starfield.esm
Kumasi,Kumasi I,Metabolic Agent,Carasnail Scavenger,Fauna,N,,Frozen Volcanic; Wetlands; Tropical Forest; Volcanic; Deciduous Forest,Omnivore,ESM: mod_CCT_Special_Domesticate,Unique,0005E496,KumasiIPlanetData,000065E2,PCM_Kumasi_Kumasi-I_Critter01,2026-08-10T21:01:47,1.0.0,Starfield.esm
Kumasi,Kumasi I,Nutrient,Herding Glowback Scavenger,Fauna,N,,Frozen Volcanic; Wetlands; Tropical Forest; Volcanic; Deciduous Forest,Omnivore,ESM: mod_CCT_Special_Domesticate,Unique,0005E496,KumasiIPlanetData,000065E6,PCM_Kumasi_Kumasi-I_Critter_02_Flyer,2026-08-10T21:01:47,1.0.0,Starfield.esm
Kumasi,Kumasi I,Pigment,Schooling Exowhale Filterer,Fauna,N,,Ocean,Filter-Feeder,ESM: mod_CCT_Special_Domesticate,Unique,0005E496,KumasiIPlanetData,00157E43,PCM_Kumasi_Kumasi-I_Prey04_Swimmer,2026-08-10T21:01:47,1.0.0,Starfield.esm
Kumasi,Kumasi I,Sealant,Desiccated Yarberry,Flora,Y,,Wetlands,,Legacy Organic Resources sheet,Unique,0005E496,KumasiIPlanetData,002F80AF,FloraBiomeVolcanicWorn07,2026-08-10T21:01:47,1.0.0,Starfield.esm
Kumasi,Kumasi I,Sedative,Hunting Brainsprout,Fauna,N,,Deciduous Forest,Carnivore,ESM: mod_CCT_Special_Domesticate,Unique,0005E496,KumasiIPlanetData,00157E3E,PCM_Kumasi_Kumasi-I_Predator02,2026-08-10T21:01:47,1.0.0,Starfield.esm
Kumasi,Kumasi I,Stimulant,Pack Twintail,Fauna,N,,Wetlands; Tropical Forest,Carnivore,ESM: mod_CCT_Special_Domesticate,Unique,0005E496,KumasiIPlanetData,00157E3D,PCM_Kumasi_Kumasi-I_Predator01,2026-08-10T21:01:47,1.0.0,Starfield.esm
Kumasi,Kumasi I,Structural,Dappled Ash Bloom,Flora,Y,,Volcanic,,Legacy Organic Resources sheet,Unique,0005E496,KumasiIPlanetData,002F80C5,FloraBiomeVolcanicWorn09,2026-08-10T21:01:47,1.0.0,Starfield.esm
Kumasi,Kumasi I,Toxin,Autumn Junglebloom,Flora,N,,Wetlands; Tropical Forest; Deciduous Forest,,Legacy Organic Resources sheet,Unique,0005E496,KumasiIPlanetData,002F8092,FloraBiomeForestTropical08,2026-08-10T21:01:47,1.0.0,Starfield.esm
Kumasi,Kumasi I,Toxin Agent,PCM_Kumasi_Kumasi-I_Prey01,Fauna,N,,Wetlands; Tropical Forest,Broadly Herbivorous,ESM: mod_CCT_Special_Domesticate,No legacy match,0005E496,KumasiIPlanetData,00157E40,PCM_Kumasi_Kumasi-I_Prey01,2026-08-10T21:01:47,1.0.0,Starfield.esm
Kumasi,Kumasi II,Amino Acids,Hunting Cagebrain,Fauna,N,,Hills; Mountains,Carnivore,ESM: mod_CCT_Special_Domesticate,Unique,0005E498,KumasiIIPlanetData,001AA112,PCM_Kumasi_Kumasi-II_Predator02,2026-08-10T21:01:47,1.0.0,Starfield.esm
Kumasi,Kumasi II,Biosuppressant,Pack Coralcrawler,Fauna,N,,Frozen Plains,Carnivore,ESM: mod_CCT_Special_Domesticate,Unique,0005E498,KumasiIIPlanetData,001AA113,PCM_Kumasi_Kumasi-II_Predator01,2026-08-10T21:01:47,1.0.0,Starfield.esm
Kumasi,Kumasi II,Cosmetic,Herding Sailgator Herbivore,Fauna,N,,Frozen Plains,Xylophage,ESM: mod_CCT_Special_Domesticate,Unique,0005E498,KumasiIIPlanetData,001AA110,PCM_Kumasi_Kumasi-II_Prey01,2026-08-10T21:01:47,1.0.0,Starfield.esm
Kumasi,Kumasi II,Fiber,Jackknife Geophage,Fauna,N,,Rocky Desert,Geophage,ESM: mod_CCT_Special_Domesticate,Unique,0005E498,KumasiIIPlanetData,001AD03E,PCM_Kumasi_Kumasi-II_Critter01,2026-08-10T21:01:47,1.0.0,Starfield.esm
Kumasi,Kumasi II,Fiber,Tremor Root,Flora,N,,Rocky Desert,,Legacy Organic Resources sheet,Unique,0005E498,KumasiIIPlanetData,00185501,FloraBiomeDesertRocky01,2026-08-10T21:01:47,1.0.0,Starfield.esm
Kumasi,Kumasi II,Membrane,Schooling Arapaima Filterer,Fauna,N,,Ocean,Filter-Feeder,ESM: mod_CCT_Special_Domesticate,Unique,0005E498,KumasiIIPlanetData,00157E45,PCM_Kumasi_Kumasi-II_Prey04_Swimmer,2026-08-10T21:01:47,1.0.0,Starfield.esm
Kumasi,Kumasi II,Metabolic Agent,Grabber Herbivore,Fauna,N,,Frozen Plains,Xylophage,ESM: mod_CCT_Special_Domesticate,Unique,0005E498,KumasiIIPlanetData,001AD03D,PCM_Kumasi_Kumasi-II_Critter02,2026-08-10T21:01:47,1.0.0,Starfield.esm
Kumasi,Kumasi II,Metabolic Agent,Sub-Zero Silkweed,Flora,N,,Frozen Plains; Mountains,,Legacy Organic Resources sheet,Unique,0005E498,KumasiIIPlanetData,0018547C,FloraBiomeFrozen01,2026-08-10T21:01:47,1.0.0,Starfield.esm
Kumasi,Kumasi II,Nutrient,Flocking Scorpion Geophage,Fauna,Y,Fiber,Hills; Mountains,Geophage,ESM: mod_CCT_Special_Domesticate,Unique,0005E498,KumasiIIPlanetData,001AA10F,PCM_Kumasi_Kumasi-II_Prey02,2026-08-10T21:01:47,1.0.0,Starfield.esm
Kumasi,Kumasi II,Nutrient,Bowing Shadeleaf,Flora,Y,,Rocky Desert; Hills; Mountains,,Legacy Organic Resources sheet,Unique,0005E498,KumasiIIPlanetData,002F80A1,FloraBiomeHills06,2026-08-10T21:01:47,1.0.0,Starfield.esm
Kumasi,Kumasi II,Pigment,Hunting Brainsquid,Fauna,N,,Rocky Desert,Carnivore,ESM: mod_CCT_Special_Domesticate,Unique,0005E498,KumasiIIPlanetData,001AA111,PCM_Kumasi_Kumasi-II_Predator03,2026-08-10T21:01:47,1.0.0,Starfield.esm
Kumasi,Kumasi II,Sealant,Mayfly Herbivore,Fauna,N,,Rocky Desert; Frozen Plains; Hills; Mountains,Xylophage,ESM: mod_CCT_Special_Domesticate,Unique,0005E498,KumasiIIPlanetData,00157E44,PCM_Kumasi_Kumasi-II_Critter03_Flyer,2026-08-10T21:01:47,1.0.0,Starfield.esm
Kumasi,Kumasi II,Sealant,Frigid Palm,Flora,Y,,Frozen Plains; Mountains,,Legacy Organic Resources sheet,Unique,0005E498,KumasiIIPlanetData,0018547B,FloraBiomeFrozen02,2026-08-10T21:01:47,1.0.0,Starfield.esm
Kumasi,Kumasi II,Spice,Golden Sand Root,Flora,Y,,Rocky Desert,,Legacy Organic Resources sheet,Unique,0005E498,KumasiIIPlanetData,001854FE,FloraBiomeDesertRocky04,2026-08-10T21:01:47,1.0.0,Starfield.esm
Kumasi,Kumasi II,Structural,Herding Trihorn Geophage,Fauna,N,,Rocky Desert,Geophage,ESM: mod_CCT_Special_Domesticate,Unique,0005E498,KumasiIIPlanetData,001AA10E,PCM_Kumasi_Kumasi-II_Prey03,2026-08-10T21:01:47,1.0.0,Starfield.esm
Kumasi,Kumasi II,Structural,Enduring Bugleweed,Flora,Y,,Rocky Desert; Frozen Plains; Hills; Mountains,,Legacy Organic Resources sheet,Unique,0005E498,KumasiIIPlanetData,001854D7,FloraBiomeMountains03,2026-08-10T21:01:47,1.0.0,Starfield.esm
Kumasi,Kumasi II,Toxin,Cage Brain,Flora,N,,Hills,,Legacy Organic Resources sheet,Disambiguated by ESM name,0005E498,KumasiIIPlanetData,002E0887,FloraBiomeCageBrain01,2026-08-10T21:01:47,1.0.0,Starfield.esm
Kumasi,Kumasi II,Toxin,Crag Root,Flora,N,,Rocky Desert; Frozen Plains; Hills; Mountains,,Legacy Organic Resources sheet,Disambiguated by ESM name,0005E498,KumasiIIPlanetData,002F80BC,FloraBiomeMountains09,2026-08-10T21:01:47,1.0.0,Starfield.esm
Kumasi,Kumasi III,Antimicrobial,Herding Clickbeetle Grazer,Fauna,N,,Hills; Savanna,Ruminant,ESM: mod_CCT_Special_Domesticate,Unique,0005E49A,KumasiIIIPlanetData,001D5138,PCM_Kumasi_Kumasi-III_Prey02,2026-08-10T21:01:47,1.0.0,Starfield.esm
Kumasi,Kumasi III,Fiber,Nova Bloom,Flora,Y,,Hills; Coniferous Forest; Deciduous Forest; Savanna,,Legacy Organic Resources sheet,Unique,0005E49A,KumasiIIIPlanetData,001854F3,FloraBiomeSavanna05,2026-08-10T21:01:47,1.0.0,Starfield.esm
Kumasi,Kumasi III,Metabolic Agent,Forest Wisp,Flora,Y,,Hills; Coniferous Forest; Deciduous Forest,,Legacy Organic Resources sheet,Unique,0005E49A,KumasiIIIPlanetData,00185484,FloraBiomeForestConiferous06,2026-08-10T21:01:47,1.0.0,Starfield.esm
Kumasi,Kumasi III,Sealant,Flamethorn Herbivore,Fauna,N,,Coniferous Forest; Deciduous Forest,Frugivore,ESM: mod_CCT_Special_Domesticate,Unique,0005E49A,KumasiIIIPlanetData,001D5137,PCM_Kumasi_Kumasi-III_Critter01,2026-08-10T21:01:47,1.0.0,Starfield.esm
Kumasi,Kumasi III,Solvent,Hunting Toadface Stalker,Fauna,N,,Hills; Savanna,Carnivore,ESM: mod_CCT_Special_Domesticate,Unique,0005E49A,KumasiIIIPlanetData,001D513A,PCM_Kumasi_Kumasi-III_Predator01,2026-08-10T21:01:47,1.0.0,Starfield.esm
Kumasi,Kumasi III,Spice,Flocking Boneshell Grazer,Fauna,N,,Hills; Savanna,Ruminant,ESM: mod_CCT_Special_Domesticate,Unique,0005E49A,KumasiIIIPlanetData,001D5139,PCM_Kumasi_Kumasi-III_Prey01,2026-08-10T21:01:47,1.0.0,Starfield.esm
Kumasi,Kumasi III,Toxin,Spirit Laurel,Flora,Y,,Coniferous Forest; Deciduous Forest,,Legacy Organic Resources sheet,Unique,0005E49A,KumasiIIIPlanetData,001854BE,FloraBiomeForestDeciduous07,2026-08-10T21:01:47,1.0.0,Starfield.esm
Lantana,Lantana III,Analgesic,Apex Brainsprout,Fauna,N,,Mountains; Coniferous Forest; Deciduous Forest; Hills,Carnivore,ESM: mod_CCT_Special_Domesticate,Unique,0005E452,LantanaIIIPlanetData,001D50E6,PCM_Lantana_Lantana-III_Predator01,2026-08-10T21:01:47,1.0.0,Starfield.esm
Lantana,Lantana III,Cosmetic,Herding Brainsquid Scavenger,Fauna,N,,Mountains; Coniferous Forest; Tropical Forest; Deciduous Forest; Hills,Omnivore,ESM: mod_CCT_Special_Domesticate,Unique,0005E452,LantanaIIIPlanetData,001D50E3,PCM_Lantana_Lantana-III_Prey02,2026-08-10T21:01:47,1.0.0,Starfield.esm
Lantana,Lantana III,Fiber,Atlas Weed,Flora,Y,,Tropical Forest; Deciduous Forest,,Legacy Organic Resources sheet,Unique,0005E452,LantanaIIIPlanetData,001854C2,FloraBiomeForestDeciduous03,2026-08-10T21:01:47,1.0.0,Starfield.esm
Lantana,Lantana III,Metabolic Agent,Laga Plant,Flora,Y,,Mountains; Coniferous Forest; Deciduous Forest; Hills,,Legacy Organic Resources sheet,Unique,0005E452,LantanaIIIPlanetData,00185486,FloraBiomeForestConiferous04,2026-08-10T21:01:47,1.0.0,Starfield.esm
Lantana,Lantana III,Nutrient,Golden Creeper,Flora,Y,,Mountains; Coniferous Forest; Hills,,Legacy Organic Resources sheet,Unique,0005E452,LantanaIIIPlanetData,00185487,FloraBiomeForestConiferous03,2026-08-10T21:01:47,1.0.0,Starfield.esm
Lantana,Lantana III,Ornamental,Herding Clawback Scavenger,Fauna,N,,Tropical Forest; Deciduous Forest,Omnivore,ESM: mod_CCT_Special_Domesticate,Unique,0005E452,LantanaIIIPlanetData,001D50E4,PCM_Lantana_Lantana-III_Prey01,2026-08-10T21:01:47,1.0.0,Starfield.esm
Lantana,Lantana III,Polymer,Hunting Cagebrain,Fauna,N,,Tropical Forest; Deciduous Forest,Carnivore,ESM: mod_CCT_Special_Domesticate,Unique,0005E452,LantanaIIIPlanetData,001D50E5,PCM_Lantana_Lantana-III_Predator02,2026-08-10T21:01:47,1.0.0,Starfield.esm
Lantana,Lantana III,Sealant,Puffball Filterer,Fauna,N,,Frozen Crevasses; Mountains; Coniferous Forest; Tropical Forest; Deciduous Forest; Hills,Filter-Feeder,ESM: mod_CCT_Special_Domesticate,Unique,0005E452,LantanaIIIPlanetData,001D50E1,PCM_Lantana_Lantana-III_Critter01,2026-08-10T21:01:47,1.0.0,Starfield.esm
Lantana,Lantana III,Spice,Swarming Cockroach,Fauna,N,,Mountains; Coniferous Forest; Tropical Forest; Deciduous Forest; Hills,Carnivore,ESM: mod_CCT_Special_Domesticate,Unique,0005E452,LantanaIIIPlanetData,001D50E2,PCM_Lantana_Lantana-III_Predator03,2026-08-10T21:01:47,1.0.0,Starfield.esm
Lantana,Lantana III,Structural,Cage Brain,Flora,N,,Tropical Forest; Deciduous Forest,,Legacy Organic Resources sheet,Unique,0005E452,LantanaIIIPlanetData,002E0887,FloraBiomeCageBrain01,2026-08-10T21:01:47,1.0.0,Starfield.esm
Lantana,Lantana III,Toxin,Sweet Canis Vine,Flora,Y,,Frozen Crevasses; Mountains; Coniferous Forest; Hills,,Legacy Organic Resources sheet,Unique,0005E452,LantanaIIIPlanetData,00185483,FloraBiomeForestConiferous07,2026-08-10T21:01:47,1.0.0,Starfield.esm
Lantana,Lantana IV,Nutrient,Ice Creeper,Flora,Y,,Deciduous Forest; Frozen Plains,,Legacy Organic Resources sheet,Unique,0005E454,LantanaIVPlanetData,002F809C,FloraBiomeFrozen08,2026-08-10T21:01:47,1.0.0,Starfield.esm
Lantana,Lantana IV,Ornamental,Flocking Shardhopper Geophage,Fauna,N,,Frozen Plains,Geophage,ESM: mod_CCT_Special_Domesticate,Unique,0005E454,LantanaIVPlanetData,001D3D1E,PCM_Lantana_Lantana-IV_Prey01,2026-08-10T21:01:47,1.0.0,Starfield.esm
Lantana,Lantana IV,Sealant,Cold Cave Nettle,Flora,Y,,Deciduous Forest; Frozen Plains,,Legacy Organic Resources sheet,Unique,0005E454,LantanaIVPlanetData,002F80A0,FloraBiomeFrozen10,2026-08-10T21:01:47,1.0.0,Starfield.esm
Lantana,Lantana IV,Structural,Hunting Ikuradon,Fauna,N,,Frozen Plains,Carnivore,ESM: mod_CCT_Special_Domesticate,Unique,0005E454,LantanaIVPlanetData,001D3D1F,PCM_Lantana_Lantana-IV_Predator01,2026-08-10T21:01:47,1.0.0,Starfield.esm
Lantana,Lantana IV,Toxin,Jagged Heart leaf,Flora,Y,,Deciduous Forest; Frozen Plains,,Legacy Organic Resources sheet,Unique,0005E454,LantanaIVPlanetData,001854C0,FloraBiomeForestDeciduous05,2026-08-10T21:01:47,1.0.0,Starfield.esm
Lantana,Lantana IV,Toxin Agent,PCM_Lantana_Lantana-IV_Critter01,Fauna,N,,Deciduous Forest; Frozen Plains,Broadly Herbivorous,ESM: mod_CCT_Special_Domesticate,No legacy match,0005E454,LantanaIVPlanetData,001D3D1D,PCM_Lantana_Lantana-IV_Critter01,2026-08-10T21:01:47,1.0.0,Starfield.esm
Lantana,Lantana VIII-B,Fiber,Sleeping Giant Thorn,Flora,Y,,Rocky Desert; Sandy Desert,,Legacy Organic Resources sheet,Disambiguated by ESM name,0005E45F,LantanaVIII-bPlanetData,001854FC,FloraBiomeDesertRocky06,2026-08-10T21:01:47,1.0.0,Starfield.esm
Lantana,Lantana VIII-B,Fiber,Wanderer's Husk,Flora,Y,,Rocky Desert; Sandy Desert,,Legacy Organic Resources sheet,Disambiguated by ESM name,0005E45F,LantanaVIII-bPlanetData,00185507,FloraBiomeDesertSandy05,2026-08-10T21:01:47,1.0.0,Starfield.esm
Lantana,Lantana VIII-B,Nutrient,Aniline Blackweed,Flora,N,,Craters,,Legacy Organic Resources sheet,Disambiguated by ESM name,0005E45F,LantanaVIII-bPlanetData,0018549E,FloraBiomeCratered09,2026-08-10T21:01:47,1.0.0,Starfield.esm
Lantana,Lantana VIII-B,Nutrient,Blooming Slopefeather,Flora,Y,,Hills,,Legacy Organic Resources sheet,Disambiguated by ESM name,0005E45F,LantanaVIII-bPlanetData,001854CD,FloraBiomeHills03,2026-08-10T21:01:47,1.0.0,Starfield.esm
Lantana,Lantana VIII-B,Ornamental,Flocking Orchid Geophage,Fauna,N,,Mountains; Rocky Desert; Sandy Desert; Craters; Hills,Geophage,ESM: mod_CCT_Special_Domesticate,Unique,0005E45F,LantanaVIII-bPlanetData,001D3020,PCM_Lantana_Lantana-VIII-b_Prey01,2026-08-10T21:01:47,1.0.0,Starfield.esm
Lantana,Lantana VIII-B,Structural,Siren,Fauna,N,,Mountains; Rocky Desert; Frozen Plains; Sandy Desert; Craters; Hills,Carnivore,ESM: mod_CCT_Special_Domesticate,Unique,0005E45F,LantanaVIII-bPlanetData,0020B7A6,LvlSiren,2026-08-10T21:01:47,1.0.0,Starfield.esm
Lantana,Lantana VIII-B,Toxin Agent,PCM_Lantana_Lantana-VIII-b_Critter01,Fauna,N,,Mountains; Rocky Desert; Frozen Plains; Sandy Desert; Craters; Hills,Filter-Feeder,ESM: mod_CCT_Special_Domesticate,No legacy match,0005E45F,LantanaVIII-bPlanetData,001D301F,PCM_Lantana_Lantana-VIII-b_Critter01,2026-08-10T21:01:47,1.0.0,Starfield.esm
Leonis,Leonis III,Antimicrobial,PCM_Leonis_Leonis-III_Critter01,Fauna,N,,Volcanic,Broadly Herbivorous,ESM: mod_CCT_Special_Domesticate,Ambiguous (2),0005DEA4,LeonisIIIPlanetData,001D2FA1,PCM_Leonis_Leonis-III_Critter01,2026-08-10T21:01:47,1.0.0,Starfield.esm
Leonis,Leonis III,Antimicrobial,PCM_Leonis_Leonis-III_Prey01,Fauna,N,,Volcanic,Omnivore,ESM: mod_CCT_Special_Domesticate,Ambiguous (2),0005DEA4,LeonisIIIPlanetData,001D2FA4,PCM_Leonis_Leonis-III_Prey01,2026-08-10T21:01:47,1.0.0,Starfield.esm
Leonis,Leonis III,Aromatic,Passenger Vine,Flora,Y,,Volcanic,,Legacy Organic Resources sheet,Unique,0005DEA4,LeonisIIIPlanetData,001854E2,FloraBiomeVolcanicWorn02,2026-08-10T21:01:47,1.0.0,Starfield.esm
Leonis,Leonis III,Fiber,Duster Shrub,Flora,N,,Volcanic,,Legacy Organic Resources sheet,Unique,0005DEA4,LeonisIIIPlanetData,002F80AD,FloraBiomeVolcanicWorn06,2026-08-10T21:01:47,1.0.0,Starfield.esm
Leonis,Leonis III,Hallucinogen,Schooling Paddlefish Filterer,Fauna,N,,Ocean,Filter-Feeder,ESM: mod_CCT_Special_Domesticate,Unique,0005DEA4,LeonisIIIPlanetData,001D2FA2,PCM_Leonis_Leonis-III_Prey03,2026-08-10T21:01:47,1.0.0,Starfield.esm
Leonis,Leonis III,Lubricant,Hunting Arapaima,Fauna,N,,Ocean,Carnivore,ESM: mod_CCT_Special_Domesticate,Unique,0005DEA4,LeonisIIIPlanetData,001D2FA5,PCM_Leonis_Leonis-III_Predator02,2026-08-10T21:01:47,1.0.0,Starfield.esm
Leonis,Leonis III,Metabolic Agent,Milliwhale Filterer,Fauna,N,,Volcanic,Filter-Feeder,ESM: mod_CCT_Special_Domesticate,Unique,0005DEA4,LeonisIIIPlanetData,001D2FA0,PCM_Leonis_Leonis-III_Critter02,2026-08-10T21:01:47,1.0.0,Starfield.esm
Leonis,Leonis III,Nutrient,Creeping Twin Shrub,Flora,N,,Volcanic,,Legacy Organic Resources sheet,Unique,0005DEA4,LeonisIIIPlanetData,00386BE5,FloraBiomeVolcanicRough06,2026-08-10T21:01:47,1.0.0,Starfield.esm
Leonis,Leonis III,Ornamental,Aries Vine,Flora,Y,,Volcanic,,Legacy Organic Resources sheet,Unique,0005DEA4,LeonisIIIPlanetData,001854E1,FloraBiomeVolcanicWorn03,2026-08-10T21:01:47,1.0.0,Starfield.esm
Leonis,Leonis III,Pigment,Schooling Unishark Scavenger,Fauna,N,,Ocean,Omnivore,ESM: mod_CCT_Special_Domesticate,Unique,0005DEA4,LeonisIIIPlanetData,001D2FA3,PCM_Leonis_Leonis-III_Prey02,2026-08-10T21:01:47,1.0.0,Starfield.esm
Leonis,Leonis III,Sealant,Pack Scarab,Fauna,N,,Volcanic,Carnivore,ESM: mod_CCT_Special_Domesticate,Unique,0005DEA4,LeonisIIIPlanetData,001D2FA6,PCM_Leonis_Leonis-III_Predator01,2026-08-10T21:01:47,1.0.0,Starfield.esm
Leonis,Leonis III,Toxin,Dappled Ash Bloom,Flora,Y,,Volcanic,,Legacy Organic Resources sheet,Unique,0005DEA4,LeonisIIIPlanetData,002F80C5,FloraBiomeVolcanicWorn09,2026-08-10T21:01:47,1.0.0,Starfield.esm
Leonis,Leonis IV,Antimicrobial,Trilobite Grazer,Fauna,N,,Mountains; Frozen Plains; Savanna; Hills,Broadly Herbivorous,ESM: mod_CCT_Special_Domesticate,Unique,0005DEA5,LeonisIVPlanetData,001CF572,PCM_Leonis_Leonis-IV_Critter01,2026-08-10T21:01:47,1.0.0,Starfield.esm
Leonis,Leonis IV,Fiber,Starpod Silkweed,Flora,N,,Savanna; Hills,,Legacy Organic Resources sheet,Unique,0005DEA5,LeonisIVPlanetData,002F80CC,FloraBiomeSavanna06,2026-08-10T21:01:47,1.0.0,Starfield.esm
Leonis,Leonis IV,Metabolic Agent,Flocking Lockjaw Grazer,Fauna,N,,Mountains; Savanna; Hills,Ruminant,ESM: mod_CCT_Special_Domesticate,Unique,0005DEA5,LeonisIVPlanetData,001CF573,PCM_Leonis_Leonis-IV_Prey01,2026-08-10T21:01:47,1.0.0,Starfield.esm
Leonis,Leonis IV,Nutrient,Star Bloom Root,Flora,Y,,Mountains; Hills,,Legacy Organic Resources sheet,Unique,0005DEA5,LeonisIVPlanetData,001854D5,FloraBiomeMountains05,2026-08-10T21:01:47,1.0.0,Starfield.esm
Leonis,Leonis IV,Pigment,Spiral Bloom,Flora,Y,,Mountains; Hills,,Legacy Organic Resources sheet,Unique,0005DEA5,LeonisIVPlanetData,001854D6,FloraBiomeMountains04,2026-08-10T21:01:47,1.0.0,Starfield.esm
Leonis,Leonis IV,Structural,Pack Crocalypse,Fauna,N,,Mountains; Savanna; Hills,Carnivore,ESM: mod_CCT_Special_Domesticate,Unique,0005DEA5,LeonisIVPlanetData,001CF575,PCM_Leonis_Leonis-IV_Predator01,2026-08-10T21:01:47,1.0.0,Starfield.esm
Leonis,Leonis IV,Toxin Agent,PCM_Leonis_Leonis-IV_Predator02,Fauna,N,,Mountains; Savanna; Hills,Carnivore,ESM: mod_CCT_Special_Domesticate,No legacy match,0005DEA5,LeonisIVPlanetData,001CF574,PCM_Leonis_Leonis-IV_Predator02,2026-08-10T21:01:47,1.0.0,Starfield.esm
Leonis,Leonis V,Aromatic,Herding Stoneback Scavenger,Fauna,N,,Mountains; Wetlands; Savanna,Omnivore,ESM: mod_CCT_Special_Domesticate,Unique,0005DEA6,LeonisVPlanetData,001CF18D,PCM_Leonis_Leonis-V_Prey02,2026-08-10T21:01:47,1.0.0,Starfield.esm
Leonis,Leonis V,Fiber,Red Latticebulb,Flora,N,,Sandy Desert; Savanna; Hills,,Legacy Organic Resources sheet,Unique,0005DEA6,LeonisVPlanetData,002F80A6,FloraBiomeHills08,2026-08-10T21:01:47,1.0.0,Starfield.esm
Leonis,Leonis V,Hypercatalyst,Pack Crocodaunt,Fauna,N,,Mountains; Wetlands; Savanna,Carnivore,ESM: mod_CCT_Special_Domesticate,Unique,0005DEA6,LeonisVPlanetData,001CF18F,PCM_Leonis_Leonis-V_Predator01,2026-08-10T21:01:47,1.0.0,Starfield.esm
Leonis,Leonis V,Metabolic Agent,Snail Geophage,Fauna,N,,Mountains; Frozen Dunes; Sandy Desert; Hills,Geophage,ESM: mod_CCT_Special_Domesticate,Unique,0005DEA6,LeonisVPlanetData,001CF18C,PCM_Leonis_Leonis-V_Critter01,2026-08-10T21:01:47,1.0.0,Starfield.esm
Leonis,Leonis V,Nutrient,Moon Root,Flora,Y,,Mountains; Wetlands,,Legacy Organic Resources sheet,Unique,0005DEA6,LeonisVPlanetData,001854E0,FloraBiomeVolcanicWorn04,2026-08-10T21:01:47,1.0.0,Starfield.esm
Leonis,Leonis V,Ornamental,Flocking Horsamander Grazer,Fauna,N,,Mountains; Wetlands; Savanna,Broadly Herbivorous,ESM: mod_CCT_Special_Domesticate,Unique,0005DEA6,LeonisVPlanetData,001CF18E,PCM_Leonis_Leonis-V_Prey01,2026-08-10T21:01:47,1.0.0,Starfield.esm
Leonis,Leonis V,Ornamental,Sage Shrub,Flora,Y,,Savanna; Hills,,Legacy Organic Resources sheet,Unique,0005DEA6,LeonisVPlanetData,001854F4,FloraBiomeSavanna04,2026-08-10T21:01:47,1.0.0,Starfield.esm
Leonis,Leonis V,Sealant,Spitting Goatweed,Flora,Y,,Savanna; Hills,,Legacy Organic Resources sheet,Unique,0005DEA6,LeonisVPlanetData,002F80D0,FloraBiomeSavanna08,2026-08-10T21:01:47,1.0.0,Starfield.esm
Leonis,Leonis V,Structural,Spiral Bloom,Flora,Y,,Mountains; Wetlands,,Legacy Organic Resources sheet,Unique,0005DEA6,LeonisVPlanetData,001854D6,FloraBiomeMountains04,2026-08-10T21:01:47,1.0.0,Starfield.esm
Leonis,Leonis VIII-A,Lubricant,Trident Geophage,Fauna,N,,Volcanic; Plateau; Frozen Hills; Rocky Desert; Sandy Desert,Geophage,ESM: mod_CCT_Special_Domesticate,Unique,0005DEAD,LeonisVIII-aPlanetData,00287159,PCM_Leonis_Leonis-VIII-a_Critter01,2026-08-10T21:01:47,1.0.0,Starfield.esm
Leviathan,Leviathan IV,Antimicrobial,Coralheart Filterer,Fauna,N,,Mountains; Swamp; Wetlands,Filter-Feeder,ESM: mod_CCT_Special_Domesticate,Unique,0005E096,LeviathanIVPlanetData,001CBCAE,PCM_Leviathan_Leviathan-IV_Critter01,2026-08-10T21:01:47,1.0.0,Starfield.esm
Leviathan,Leviathan IV,Fiber,Schooling Finback Filterer,Fauna,N,,Ocean; Swamp,Filter-Feeder,ESM: mod_CCT_Special_Domesticate,Unique,0005E096,LeviathanIVPlanetData,001CBCB0,PCM_Leviathan_Leviathan-IV_Prey01_Swimmer,2026-08-10T21:01:47,1.0.0,Starfield.esm
Leviathan,Leviathan IV,Metabolic Agent,Pack Windbag,Fauna,N,,Swamp; Wetlands,Carnivore,ESM: mod_CCT_Special_Domesticate,Unique,0005E096,LeviathanIVPlanetData,001CBCB1,PCM_Leviathan_Leviathan-IV_Predator01,2026-08-10T21:01:47,1.0.0,Starfield.esm
Leviathan,Leviathan IV,Nutrient,Milliwhale Filterer,Fauna,N,,Frozen Hills; Wetlands,Filter-Feeder,ESM: mod_CCT_Special_Domesticate,Unique,0005E096,LeviathanIVPlanetData,001CBCAD,PCM_Leviathan_Leviathan-IV_Critter02,2026-08-10T21:01:47,1.0.0,Starfield.esm
Leviathan,Leviathan IV,Sealant,Weeping Fireleaf,Flora,Y,,Swamp,,Legacy Organic Resources sheet,Unique,0005E096,LeviathanIVPlanetData,001854B1,FloraBiomeArchipelago01,2026-08-10T21:01:47,1.0.0,Starfield.esm
Leviathan,Leviathan IV,Spice,Flocking Leafback Herbivore,Fauna,Y,Fiber,Swamp; Wetlands,Frugivore,ESM: mod_CCT_Special_Domesticate,Unique,0005E096,LeviathanIVPlanetData,001CBCAF,PCM_Leviathan_Leviathan-IV_Prey02,2026-08-10T21:01:47,1.0.0,Starfield.esm
Leviathan,Leviathan IV,Structural,Bellona Bush,Flora,Y,,Swamp,,Legacy Organic Resources sheet,Disambiguated by ESM name,0005E096,LeviathanIVPlanetData,0018549A,FloraBiomeArchipelago04,2026-08-10T21:01:47,1.0.0,Starfield.esm
Leviathan,Leviathan IV,Structural,Stunted Pine,Flora,Y,,Mountains,,Legacy Organic Resources sheet,Disambiguated by ESM name,0005E096,LeviathanIVPlanetData,001854D9,FloraBiomeMountains01,2026-08-10T21:01:47,1.0.0,Starfield.esm
Leviathan,Leviathan IV,Toxin,Hunter's Stalk,Flora,Y,,Mountains; Swamp; Wetlands,,Legacy Organic Resources sheet,Unique,0005E096,LeviathanIVPlanetData,0018546C,FloraBiomeWetlands07,2026-08-10T21:01:47,1.0.0,Starfield.esm
Linnaeus,Linnaeus II,Fiber,Cold Cave Nettle,Flora,Y,,Mountains; Frozen Mountains,,Legacy Organic Resources sheet,Unique,0005E079,LinnaeusIIPlanetData,002F80A0,FloraBiomeFrozen10,2026-08-10T21:01:47,1.0.0,Starfield.esm
Linnaeus,Linnaeus II,High-Tensile Spidroin,Frigid Palm,Flora,Y,,Mountains; Frozen Mountains,,Legacy Organic Resources sheet,Unique,0005E079,LinnaeusIIPlanetData,0018547B,FloraBiomeFrozen02,2026-08-10T21:01:47,1.0.0,Starfield.esm
Linnaeus,Linnaeus II,Nutrient,Trident Filterer,Fauna,N,,Mountains; Frozen Mountains,Filter-Feeder,ESM: mod_CCT_Special_Domesticate,Unique,0005E079,LinnaeusIIPlanetData,001CCAEA,PCM_Linnaeus_Linnaeus-II_Critter01,2026-08-10T21:01:47,1.0.0,Starfield.esm
Linnaeus,Linnaeus II,Ornamental,Shoaling Finback Filterer,Fauna,N,,Ocean,Filter-Feeder,ESM: mod_CCT_Special_Domesticate,Unique,0005E079,LinnaeusIIPlanetData,001CCAEB,PCM_Linnaeus_Linnaeus-II_Prey02,2026-08-10T21:01:47,1.0.0,Starfield.esm
Linnaeus,Linnaeus II,Pigment,Mountain Silkweed,Flora,N,,Mountains,,Legacy Organic Resources sheet,Unique,0005E079,LinnaeusIIPlanetData,002F80B5,FloraBiomeMountains06,2026-08-10T21:01:47,1.0.0,Starfield.esm
Linnaeus,Linnaeus II,Sealant,Herding Canard Filterer,Fauna,Y,Fiber,Ocean,Filter-Feeder,ESM: mod_CCT_Special_Domesticate,Unique,0005E079,LinnaeusIIPlanetData,001CCAEC,PCM_Linnaeus_Linnaeus-II_Prey01,2026-08-10T21:01:47,1.0.0,Starfield.esm
Lunara,Vesta,Analgesic,Hunting Bonefrill Stalker,Fauna,N,,Savanna; Deciduous Forest,Carnivore,ESM: mod_CCT_Special_Domesticate,Unique,0005E568,VestaPlanetData,001B0049,PCM_Lunara_Vesta_Predator01,2026-08-10T21:01:47,1.0.0,Starfield.esm
Lunara,Vesta,Fiber,Aurora Palm,Flora,N,,Volcanic; Mountains; Plateau,,Legacy Organic Resources sheet,Unique,0005E568,VestaPlanetData,002F80BB,FloraBiomeMountains10,2026-08-10T21:01:47,1.0.0,Starfield.esm
Lunara,Vesta,Membrane,Exocrawler Scavenger,Fauna,Y,Fiber,Savanna; Deciduous Forest,Omnivore,ESM: mod_CCT_Special_Domesticate,Unique,0005E568,VestaPlanetData,001B0047,PCM_Lunara_Vesta_Prey01,2026-08-10T21:01:47,1.0.0,Starfield.esm
Lunara,Vesta,Metabolic Agent,PCM_Lunara_Vesta_Critter01,Fauna,Y,Fiber,Savanna; Deciduous Forest,Ruminant,ESM: mod_CCT_Special_Domesticate,Ambiguous (2),0005E568,VestaPlanetData,001B0045,PCM_Lunara_Vesta_Critter01,2026-08-10T21:01:47,1.0.0,Starfield.esm
Lunara,Vesta,Metabolic Agent,PCM_Lunara_Vesta_Prey02,Fauna,Y,Fiber,Volcanic; Mountains; Plateau,Broadly Herbivorous,ESM: mod_CCT_Special_Domesticate,Ambiguous (2),0005E568,VestaPlanetData,001B0046,PCM_Lunara_Vesta_Prey02,2026-08-10T21:01:47,1.0.0,Starfield.esm
Lunara,Vesta,Nutrient,Spitting Pokeweed,Flora,N,,Savanna; Deciduous Forest,,Legacy Organic Resources sheet,Unique,0005E568,VestaPlanetData,001854BC,FloraBiomeForestDeciduous09,2026-08-10T21:01:47,1.0.0,Starfield.esm
Lunara,Vesta,Ornamental,Pack Ankylosaurus,Fauna,N,,Volcanic; Mountains; Plateau,Carnivore,ESM: mod_CCT_Special_Domesticate,Unique,0005E568,VestaPlanetData,001B0048,PCM_Lunara_Vesta_Predator02,2026-08-10T21:01:47,1.0.0,Starfield.esm
Lunara,Vesta,Sealant,Gossamer Filterer,Fauna,N,,Volcanic; Savanna; Mountains; Frozen Plains; Plateau; Deciduous Forest,Filter-Feeder,ESM: mod_CCT_Special_Domesticate,Unique,0005E568,VestaPlanetData,00221DC9,PCM_Lunara_Vesta_Critter03_Floater,2026-08-10T21:01:47,1.0.0,Starfield.esm
Lunara,Vesta,Structural,Broken Heart Vine,Flora,N,,Savanna; Deciduous Forest,,Legacy Organic Resources sheet,Unique,0005E568,VestaPlanetData,001854F6,FloraBiomeSavanna02,2026-08-10T21:01:47,1.0.0,Starfield.esm
Lunara,Vesta,Toxin,Arc Root,Flora,Y,,Volcanic; Mountains; Plateau,,Legacy Organic Resources sheet,Unique,0005E568,VestaPlanetData,00185490,FloraBiomeCanyons04,2026-08-10T21:01:47,1.0.0,Starfield.esm
Lunara,Vesta,Toxin Agent,PCM_Lunara_Vesta_Critter02,Fauna,Y,Fiber,Volcanic; Mountains; Plateau,Filter-Feeder,ESM: mod_CCT_Special_Domesticate,No legacy match,0005E568,VestaPlanetData,001B0044,PCM_Lunara_Vesta_Critter02,2026-08-10T21:01:47,1.0.0,Starfield.esm
Maal,Maal IV,Antimicrobial,Mustard Bugweed,Flora,Y,,Mountains; Sandy Desert,,Legacy Organic Resources sheet,Unique,0005DE67,MaalIVPlanetData,00185504,FloraBiomeDesertSandy08,2026-08-10T21:01:47,1.0.0,Starfield.esm
Maal,Maal IV,Metabolic Agent,Flocking Exorunner Geophage,Fauna,Y,Fiber,Sandy Desert; Volcanic,Geophage,ESM: mod_CCT_Special_Domesticate,Unique,0005DE67,MaalIVPlanetData,001C80FD,PCM_Maal_Maal-IV_Prey02,2026-08-10T21:01:47,1.0.0,Starfield.esm
Maal,Maal IV,Ornamental,Blood Palm,Flora,N,,Mountains; Volcanic,,Legacy Organic Resources sheet,Unique,0005DE67,MaalIVPlanetData,002F80BF,FloraBiomeVolcanicWorn08,2026-08-10T21:01:47,1.0.0,Starfield.esm
Maal,Maal IV,Sealant,Grabber Grazer,Fauna,Y,Fiber,Wetlands,Broadly Herbivorous,ESM: mod_CCT_Special_Domesticate,Unique,0005DE67,MaalIVPlanetData,001C80FC,PCM_Maal_Maal-IV_Critter01,2026-08-10T21:01:47,1.0.0,Starfield.esm
Maal,Maal IV,Spice,Hunting Scorpion,Fauna,N,,Mountains; Sandy Desert; Volcanic,Carnivore,ESM: mod_CCT_Special_Domesticate,Unique,0005DE67,MaalIVPlanetData,001C80FF,PCM_Maal_Maal-IV_Predator01,2026-08-10T21:01:47,1.0.0,Starfield.esm
Maal,Maal IV,Spice,Hunter's Stalk,Flora,Y,,Wetlands,,Legacy Organic Resources sheet,Unique,0005DE67,MaalIVPlanetData,0018546C,FloraBiomeWetlands07,2026-08-10T21:01:47,1.0.0,Starfield.esm
Maal,Maal IV,Structural,Herding Bonefrill Geophage,Fauna,Y,Fiber,Mountains; Volcanic,Geophage,ESM: mod_CCT_Special_Domesticate,Unique,0005DE67,MaalIVPlanetData,001C80FE,PCM_Maal_Maal-IV_Prey01,2026-08-10T21:01:47,1.0.0,Starfield.esm
Maal,Maal IX-B,Biosuppressant,Hunting Nautiloos Scavenger,Fauna,N,,Rocky Desert; Sandy Desert,Omnivore,ESM: mod_CCT_Special_Domesticate,Unique,0005DE74,MaalIX-bPlanetData,001C801E,PCM_Maal_Maal-IX-b_Predator01,2026-08-10T21:01:47,1.0.0,Starfield.esm
Maal,Maal IX-B,Structural,Artichoke Geophage,Fauna,Y,Fiber,Rocky Desert; Sandy Desert,Geophage,ESM: mod_CCT_Special_Domesticate,Unique,0005DE74,MaalIX-bPlanetData,001C801D,PCM_Maal_Maal-IX-b_Critter01,2026-08-10T21:01:47,1.0.0,Starfield.esm
Maal,Maal V,Aromatic,Hunting Vectorback Grazer,Fauna,Y,Fiber,Swamp; Coniferous Forest; Deciduous Forest; Tropical Forest,Broadly Herbivorous,ESM: mod_CCT_Special_Domesticate,Unique,0005DE68,MaalVPlanetData,001C7404,PCM_Maal_Maal-V_Prey01,2026-08-10T21:01:47,1.0.0,Starfield.esm
Maal,Maal V,Fiber,Terra Root,Flora,Y,,Coniferous Forest; Deciduous Forest,,Legacy Organic Resources sheet,Unique,0005DE68,MaalVPlanetData,0018547D,FloraBiomeForestConiferous10,2026-08-10T21:01:47,1.0.0,Starfield.esm
Maal,Maal V,Hypercatalyst,Hunting Sailgator,Fauna,N,,Swamp; Coniferous Forest; Deciduous Forest; Tropical Forest,Carnivore,ESM: mod_CCT_Special_Domesticate,Unique,0005DE68,MaalVPlanetData,001C7406,PCM_Maal_Maal-V_Predator01,2026-08-10T21:01:47,1.0.0,Starfield.esm
Maal,Maal V,Metabolic Agent,Trilobite Filterer,Fauna,Y,Fiber,Mountains; Swamp; Frozen Plains; Coniferous Forest; Deciduous Forest; Tropical Forest,Filter-Feeder,ESM: mod_CCT_Special_Domesticate,Unique,0005DE68,MaalVPlanetData,001C7402,PCM_Maal_Maal-V_Critter01,2026-08-10T21:01:47,1.0.0,Starfield.esm
Maal,Maal V,Ornamental,Spiral Bloom,Flora,Y,,Mountains; Frozen Plains,,Legacy Organic Resources sheet,Unique,0005DE68,MaalVPlanetData,001854D6,FloraBiomeMountains04,2026-08-10T21:01:47,1.0.0,Starfield.esm
Maal,Maal V,Pigment,Pack Unishark,Fauna,N,,Ocean; Swamp,Carnivore,ESM: mod_CCT_Special_Domesticate,Unique,0005DE68,MaalVPlanetData,001C7405,PCM_Maal_Maal-V_Predator02,2026-08-10T21:01:47,1.0.0,Starfield.esm
Maal,Maal V,Sealant,Schooling Sawhead Scavenger,Fauna,N,,Ocean; Swamp,Omnivore,ESM: mod_CCT_Special_Domesticate,Unique,0005DE68,MaalVPlanetData,001C7403,PCM_Maal_Maal-V_Prey02,2026-08-10T21:01:47,1.0.0,Starfield.esm
Maal,Maal V,Sealant,Lattice leaf,Flora,Y,,Swamp; Tropical Forest,,Legacy Organic Resources sheet,Unique,0005DE68,MaalVPlanetData,001854B7,FloraBiomeForestTropical05,2026-08-10T21:01:47,1.0.0,Starfield.esm
Maheo,Maheo I,Fiber,Apollo Fireleaf,Flora,N,,Swamp; Tropical Forest; Hills,,Legacy Organic Resources sheet,Unique,0005E2A3,MaheoIPlanetData,001854BA,FloraBiomeForestTropical02,2026-08-10T21:01:47,1.0.0,Starfield.esm
Maheo,Maheo I,Nutrient,Crimson Gibbet,Flora,,,Hills,,,Ambiguous (2),0005E2A3,MaheoIPlanetData,002F80A4,FloraBiomeHills07,2026-08-10T21:01:47,1.0.0,Starfield.esm
Maheo,Maheo I,Nutrient,Weeping Fireleaf,Flora,Y,,Swamp; Tropical Forest,,Legacy Organic Resources sheet,Disambiguated by ESM name,0005E2A3,MaheoIPlanetData,001854B1,FloraBiomeArchipelago01,2026-08-10T21:01:47,1.0.0,Starfield.esm
Marduk,Marduk III,Cosmetic,Jealous Heart Vine,Flora,N,,Volcanic,,Legacy Organic Resources sheet,Unique,0005E3FD,MardukIIIPlanetData,002F80CA,FloraBiomeVolcanicRough10,2026-08-10T21:01:47,1.0.0,Starfield.esm
Marduk,Marduk III,Structural,Aurora Palm,Flora,N,,Mountains,,Legacy Organic Resources sheet,Disambiguated by ESM name,0005E3FD,MardukIIIPlanetData,002F80BB,FloraBiomeMountains10,2026-08-10T21:01:47,1.0.0,Starfield.esm
Marduk,Marduk III,Structural,Bitter Goldenglow,Flora,N,,Rocky Desert,,Legacy Organic Resources sheet,Disambiguated by ESM name,0005E3FD,MardukIIIPlanetData,001854F9,FloraBiomeDesertRocky09,2026-08-10T21:01:47,1.0.0,Starfield.esm
Marduk,Marduk III,Structural,Sweet Fumewort,Flora,Y,,Sandy Desert,,Legacy Organic Resources sheet,Disambiguated by ESM name,0005E3FD,MardukIIIPlanetData,00185502,FloraBiomeDesertSandy10,2026-08-10T21:01:47,1.0.0,Starfield.esm
Marduk,Marduk IV,Adhesive,Swarming Scorpion,Fauna,Y,Nutrient,Volcanic,Carnivore,ESM: mod_CCT_Special_Domesticate,Unique,0005E3FF,MardukIVPlanetData,001A9C84,PCM_Marduk_Marduk-IV_Predator03,2026-08-10T21:01:47,1.0.0,Starfield.esm
Marduk,Marduk IV,Antimicrobial,Creeping Twin Shrub,Flora,N,,Volcanic,,Legacy Organic Resources sheet,Unique,0005E3FF,MardukIVPlanetData,00386BE5,FloraBiomeVolcanicRough06,2026-08-10T21:01:47,1.0.0,Starfield.esm
Marduk,Marduk IV,Biosuppressant,Swarming Horsamander,Fauna,Y,Nutrient,Coniferous Forest,Carnivore,ESM: mod_CCT_Special_Domesticate,Unique,0005E3FF,MardukIVPlanetData,001A9C85,PCM_Marduk_Marduk-IV_Predator02,2026-08-10T21:01:47,1.0.0,Starfield.esm
Marduk,Marduk IV,Cosmetic,Beetle Scavenger,Fauna,N,,Frozen Crevasses; Coniferous Forest,Omnivore,ESM: mod_CCT_Special_Domesticate,Unique,0005E3FF,MardukIVPlanetData,001A9C80,PCM_Marduk_Marduk-IV_Critter01,2026-08-10T21:01:47,1.0.0,Starfield.esm
Marduk,Marduk IV,Fiber,Sweet Canis Vine,Flora,Y,,Frozen Crevasses; Coniferous Forest,,Legacy Organic Resources sheet,Unique,0005E3FF,MardukIVPlanetData,00185483,FloraBiomeForestConiferous07,2026-08-10T21:01:47,1.0.0,Starfield.esm
Marduk,Marduk IV,Membrane,PCM_Marduk_Marduk-IV_Predator01,Fauna,N,,Coniferous Forest,Carnivore,ESM: mod_CCT_Special_Domesticate,Ambiguous (2),0005E3FF,MardukIVPlanetData,001A9C86,PCM_Marduk_Marduk-IV_Predator01,2026-08-10T21:01:47,1.0.0,Starfield.esm
Marduk,Marduk IV,Membrane,PCM_Marduk_Marduk-IV_Prey03,Fauna,N,,Volcanic,Filter-Feeder,ESM: mod_CCT_Special_Domesticate,Ambiguous (2),0005E3FF,MardukIVPlanetData,001A9C81,PCM_Marduk_Marduk-IV_Prey03,2026-08-10T21:01:47,1.0.0,Starfield.esm
Marduk,Marduk IV,Metabolic Agent,Crater Weed,Flora,Y,,Volcanic,,Legacy Organic Resources sheet,Disambiguated by ESM name,0005E3FF,MardukIVPlanetData,002F80C3,FloraBiomeVolcanicRough08,2026-08-10T21:01:47,1.0.0,Starfield.esm
Marduk,Marduk IV,Metabolic Agent,Terra Root,Flora,Y,,Frozen Crevasses; Coniferous Forest,,Legacy Organic Resources sheet,Disambiguated by ESM name,0005E3FF,MardukIVPlanetData,0018547D,FloraBiomeForestConiferous10,2026-08-10T21:01:47,1.0.0,Starfield.esm
Marduk,Marduk IV,Nutrient,Shoaling Sawhead Filterer,Fauna,N,,Ocean,Filter-Feeder,ESM: mod_CCT_Special_Domesticate,Unique,0005E3FF,MardukIVPlanetData,00131CD2,PCM_Marduk_Marduk-IV_Prey04_Swimmer,2026-08-10T21:01:47,1.0.0,Starfield.esm
Marduk,Marduk IV,Nutrient,Crimson Courtstalk,Flora,Y,,Volcanic,,Legacy Organic Resources sheet,Unique,0005E3FF,MardukIVPlanetData,001854E9,FloraBiomeVolcanicRough05,2026-08-10T21:01:47,1.0.0,Starfield.esm
Marduk,Marduk IV,Pigment,Pack Sharkwhale,Fauna,N,,Ocean,Carnivore,ESM: mod_CCT_Special_Domesticate,Unique,0005E3FF,MardukIVPlanetData,00131CD1,PCM_Marduk_Marduk-IV_Predator04_Swimmer,2026-08-10T21:01:47,1.0.0,Starfield.esm
Marduk,Marduk IV,Sealant,Trilobite Filterer,Fauna,N,,Volcanic,Filter-Feeder,ESM: mod_CCT_Special_Domesticate,Unique,0005E3FF,MardukIVPlanetData,001A9C7F,PCM_Marduk_Marduk-IV_Critter02,2026-08-10T21:01:47,1.0.0,Starfield.esm
Marduk,Marduk IV,Sealant,Leaning Fireleaf,Flora,N,,Volcanic; Frozen Crevasses,,Legacy Organic Resources sheet,Unique,0005E3FF,MardukIVPlanetData,002F80C1,FloraBiomeVolcanicRough07,2026-08-10T21:01:47,1.0.0,Starfield.esm
Marduk,Marduk IV,Sedative,Flocking Clickbeetle Herbivore,Fauna,N,,Coniferous Forest,Xylophage,ESM: mod_CCT_Special_Domesticate,Unique,0005E3FF,MardukIVPlanetData,001A9C82,PCM_Marduk_Marduk-IV_Prey02,2026-08-10T21:01:47,1.0.0,Starfield.esm
Marduk,Marduk IV,Spice,Herding Twigwalker Grazer,Fauna,N,,Coniferous Forest,Ruminant,ESM: mod_CCT_Special_Domesticate,Unique,0005E3FF,MardukIVPlanetData,001A9C83,PCM_Marduk_Marduk-IV_Prey01,2026-08-10T21:01:47,1.0.0,Starfield.esm
Marduk,Marduk IV,Structural,Starburst Silkweed,Flora,Y,,Coniferous Forest,,Legacy Organic Resources sheet,Unique,0005E3FF,MardukIVPlanetData,0018547E,FloraBiomeForestConiferous09,2026-08-10T21:01:47,1.0.0,Starfield.esm
Marduk,Marduk IV,Toxin,Glossy Stickweed,Flora,Y,,Coniferous Forest,,Legacy Organic Resources sheet,Unique,0005E3FF,MardukIVPlanetData,0018547F,FloraBiomeForestConiferous08,2026-08-10T21:01:47,1.0.0,Starfield.esm
Masada,Masada III,Amino Acids,Herding Mantodea Scavenger,Fauna,N,,Mountains; Savanna; Hills,Omnivore,ESM: mod_CCT_Special_Domesticate,Unique,0005E1DC,MasadaIIIPlanetData,001B20BA,PCM_Masada_Masada-III_Prey01,2026-08-10T21:01:47,1.0.0,Starfield.esm
Masada,Masada III,Amino Acids,Chillhook,Flora,Y,,Volcanic; Mountains,,Legacy Organic Resources sheet,Unique,0005E1DC,MasadaIIIPlanetData,002F8098,FloraBiomeFrozen06,2026-08-10T21:01:47,1.0.0,Starfield.esm
Masada,Masada III,Antimicrobial,Bowing Shadeleaf,Flora,Y,,Mountains; Savanna; Hills,,Legacy Organic Resources sheet,Unique,0005E1DC,MasadaIIIPlanetData,002F80A1,FloraBiomeHills06,2026-08-10T21:01:47,1.0.0,Starfield.esm
Masada,Masada III,Cosmetic,PCM_Masada_Masada-III_Prey04_Swimmer,Fauna,N,,Ocean,Filter-Feeder,ESM: mod_CCT_Special_Domesticate,No legacy match,0005E1DC,MasadaIIIPlanetData,0006B55D,PCM_Masada_Masada-III_Prey04_Swimmer,2026-08-10T21:01:47,1.0.0,Starfield.esm
Masada,Masada III,Fiber,Flamethorn Geophage,Fauna,N,,Volcanic; Mountains; Wetlands; Savanna; Hills,Geophage,ESM: mod_CCT_Special_Domesticate,Unique,0005E1DC,MasadaIIIPlanetData,001B20B6,PCM_Masada_Masada-III_Critter01,2026-08-10T21:01:47,1.0.0,Starfield.esm
Masada,Masada III,Hypercatalyst,Spitting Goatweed,Flora,Y,,Volcanic; Wetlands; Savanna; Hills,,Legacy Organic Resources sheet,Unique,0005E1DC,MasadaIIIPlanetData,002F80D0,FloraBiomeSavanna08,2026-08-10T21:01:47,1.0.0,Starfield.esm
Masada,Masada III,Membrane,Swarming Shardhopper,Fauna,Y,Nutrient,Mountains; Savanna; Hills,Carnivore,ESM: mod_CCT_Special_Domesticate,Unique,0005E1DC,MasadaIIIPlanetData,001B218C,PCM_Masada_Masada-III_Predator01,2026-08-10T21:01:47,1.0.0,Starfield.esm
Masada,Masada III,Metabolic Agent,Scarlet Hillfrond,Flora,N,,Volcanic; Mountains; Hills,,Legacy Organic Resources sheet,Unique,0005E1DC,MasadaIIIPlanetData,002F80B1,FloraBiomeHills09,2026-08-10T21:01:47,1.0.0,Starfield.esm
Masada,Masada III,Nutrient,Sage Shrub,Flora,Y,,Wetlands; Savanna,,Legacy Organic Resources sheet,Unique,0005E1DC,MasadaIIIPlanetData,001854F4,FloraBiomeSavanna04,2026-08-10T21:01:47,1.0.0,Starfield.esm
Masada,Masada III,Sealant,Haven Vine,Flora,N,,Volcanic; Mountains; Hills,,Legacy Organic Resources sheet,Unique,0005E1DC,MasadaIIIPlanetData,001854EA,FloraBiomeVolcanicRough04,2026-08-10T21:01:47,1.0.0,Starfield.esm
Masada,Masada III,Solvent,Pack Landshark,Fauna,N,,Volcanic; Wetlands; Savanna,Carnivore,ESM: mod_CCT_Special_Domesticate,Unique,0005E1DC,MasadaIIIPlanetData,001B218B,PCM_Masada_Masada-III_Predator02,2026-08-10T21:01:47,1.0.0,Starfield.esm
Masada,Masada III,Spice,Herding Noid Herbivore,Fauna,N,,Savanna; Hills,Xylophage,ESM: mod_CCT_Special_Domesticate,Unique,0005E1DC,MasadaIIIPlanetData,001B20B8,PCM_Masada_Masada-III_Prey02,2026-08-10T21:01:47,1.0.0,Starfield.esm
Masada,Masada III,Structural,Mountain Silkweed,Flora,N,,Mountains; Hills,,Legacy Organic Resources sheet,Disambiguated by ESM name,0005E1DC,MasadaIIIPlanetData,002F80B5,FloraBiomeMountains06,2026-08-10T21:01:47,1.0.0,Starfield.esm
Masada,Masada III,Structural,Swamp Weed,Flora,Y,,Wetlands; Savanna,,Legacy Organic Resources sheet,Disambiguated by ESM name,0005E1DC,MasadaIIIPlanetData,00185471,FloraBiomeWetlands02,2026-08-10T21:01:47,1.0.0,Starfield.esm
Masada,Masada III,Toxin Agent,PCM_Masada_Masada-III_Prey03,Fauna,Y,Fiber,Volcanic; Wetlands; Savanna,Ruminant,ESM: mod_CCT_Special_Domesticate,No legacy match,0005E1DC,MasadaIIIPlanetData,001B20B7,PCM_Masada_Masada-III_Prey03,2026-08-10T21:01:47,1.0.0,Starfield.esm
McClure,McClure II,Fiber,Forest Wisp,Flora,Y,,Coniferous Forest,,Legacy Organic Resources sheet,Unique,0005E1F5,McClureIIPlanetData,00185484,FloraBiomeForestConiferous06,2026-08-10T21:01:47,1.0.0,Starfield.esm
McClure,McClure II,Membrane,Herding Vuvuzelisk Scavenger,Fauna,Y,Fiber,Coniferous Forest,Omnivore,ESM: mod_CCT_Special_Domesticate,Unique,0005E1F5,McClureIIPlanetData,001C6942,PCM_McClure_McClure-II_Prey01,2026-08-10T21:01:47,1.0.0,Starfield.esm
McClure,McClure II,Metabolic Agent,Sub-Zero Silkweed,Flora,N,,Frozen Plains,,Legacy Organic Resources sheet,Unique,0005E1F5,McClureIIPlanetData,0018547C,FloraBiomeFrozen01,2026-08-10T21:01:47,1.0.0,Starfield.esm
McClure,McClure II,Nutrient,Shoaling Unishark Scavenger,Fauna,N,,Ocean,Omnivore,ESM: mod_CCT_Special_Domesticate,Unique,0005E1F5,McClureIIPlanetData,001C6941,PCM_McClure_McClure-II_Prey02,2026-08-10T21:01:47,1.0.0,Starfield.esm
McClure,McClure II,Pigment,Broadleaf Rose,Flora,Y,,Coniferous Forest; Frozen Plains,,Legacy Organic Resources sheet,Unique,0005E1F5,McClureIIPlanetData,00185489,FloraBiomeForestConiferous01,2026-08-10T21:01:47,1.0.0,Starfield.esm
McClure,McClure II,Sealant,Christina Bloom,Flora,Y,,Coniferous Forest; Frozen Plains,,Legacy Organic Resources sheet,Unique,0005E1F5,McClureIIPlanetData,00185485,FloraBiomeForestConiferous05,2026-08-10T21:01:47,1.0.0,Starfield.esm
McClure,McClure II,Solvent,Hunting Sailgator,Fauna,N,,Coniferous Forest,Carnivore,ESM: mod_CCT_Special_Domesticate,Unique,0005E1F5,McClureIIPlanetData,001C6943,PCM_McClure_McClure-II_Predator01,2026-08-10T21:01:47,1.0.0,Starfield.esm
McClure,McClure II,Structural,Glossy Stickweed,Flora,Y,,Coniferous Forest,,Legacy Organic Resources sheet,Unique,0005E1F5,McClureIIPlanetData,0018547F,FloraBiomeForestConiferous08,2026-08-10T21:01:47,1.0.0,Starfield.esm
McClure,McClure II,Toxin Agent,PCM_McClure_McClure-II_Critter01,Fauna,Y,Fiber,Coniferous Forest; Frozen Plains,Filter-Feeder,ESM: mod_CCT_Special_Domesticate,No legacy match,0005E1F5,McClureIIPlanetData,001C6940,PCM_McClure_McClure-II_Critter01,2026-08-10T21:01:47,1.0.0,Starfield.esm
Moloch,Moloch II,Adhesive,Leafstrider Grazer,Fauna,N,,Mountains,Broadly Herbivorous,ESM: mod_CCT_Special_Domesticate,Unique,0005E34D,MolochIIPlanetData,001C48EF,PCM_Moloch_Moloch-II_Prey01,2026-08-10T21:01:47,1.0.0,Starfield.esm
Moloch,Moloch II,Analgesic,Hunting Coralbug Stalker,Fauna,N,,Mountains,Carnivore,ESM: mod_CCT_Special_Domesticate,Unique,0005E34D,MolochIIPlanetData,001C48F2,PCM_Moloch_Moloch-II_Predator01,2026-08-10T21:01:47,1.0.0,Starfield.esm
Moloch,Moloch II,Antimicrobial,Grabber Grazer,Fauna,N,,Mountains,Omnivore,ESM: mod_CCT_Special_Domesticate,Unique,0005E34D,MolochIIPlanetData,001C48EC,PCM_Moloch_Moloch-II_Critter01,2026-08-10T21:01:47,1.0.0,Starfield.esm
Moloch,Moloch II,Cosmetic,Milliwhale Filterer,Fauna,N,,Swamp,Filter-Feeder,ESM: mod_CCT_Special_Domesticate,Unique,0005E34D,MolochIIPlanetData,001C48EA,PCM_Moloch_Moloch-II_Critter03,2026-08-10T21:01:47,1.0.0,Starfield.esm
Moloch,Moloch II,Fiber,Horsamander Grazer,Fauna,N,,Swamp,Broadly Herbivorous,ESM: mod_CCT_Special_Domesticate,Unique,0005E34D,MolochIIPlanetData,001C48ED,PCM_Moloch_Moloch-II_Prey03,2026-08-10T21:01:47,1.0.0,Starfield.esm
Moloch,Moloch II,Hallucinogen,Hunting Glider,Fauna,N,,Swamp,Carnivore,ESM: mod_CCT_Special_Domesticate,Unique,0005E34D,MolochIIPlanetData,001C48F0,PCM_Moloch_Moloch-II_Predator03,2026-08-10T21:01:47,1.0.0,Starfield.esm
Moloch,Moloch II,Membrane,Pack Cockroach,Fauna,N,,Coniferous Forest; Deciduous Forest,Carnivore,ESM: mod_CCT_Special_Domesticate,Unique,0005E34D,MolochIIPlanetData,001C48F1,PCM_Moloch_Moloch-II_Predator02,2026-08-10T21:01:47,1.0.0,Starfield.esm
Moloch,Moloch II,Metabolic Agent,Spike Spit Trap,Flora,N,,Swamp; Savanna; Mountains,,Legacy Organic Resources sheet,Unique,0005E34D,MolochIIPlanetData,00185494,FloraBiomeArchipelago10,2026-08-10T21:01:47,1.0.0,Starfield.esm
Moloch,Moloch II,Nutrient,Starpod Silkweed,Flora,N,,Swamp; Savanna,,Legacy Organic Resources sheet,Disambiguated by ESM name,0005E34D,MolochIIPlanetData,002F80CC,FloraBiomeSavanna06,2026-08-10T21:01:47,1.0.0,Starfield.esm
Moloch,Moloch II,Nutrient,Terra Root,Flora,Y,,Frozen Plains; Coniferous Forest; Deciduous Forest; Mountains,,Legacy Organic Resources sheet,Disambiguated by ESM name,0005E34D,MolochIIPlanetData,0018547D,FloraBiomeForestConiferous10,2026-08-10T21:01:47,1.0.0,Starfield.esm
Moloch,Moloch II,Sealant,Herding Tapeworm Grazer,Fauna,N,,Ocean; Swamp,Broadly Herbivorous,ESM: mod_CCT_Special_Domesticate,Unique,0005E34D,MolochIIPlanetData,00131CD5,PCM_Moloch_Moloch-II_Prey04_Swimmer,2026-08-10T21:01:47,1.0.0,Starfield.esm
Moloch,Moloch II,Spice,Flocking Tongueface Herbivore,Fauna,N,,Coniferous Forest; Deciduous Forest,Xylophage,ESM: mod_CCT_Special_Domesticate,Unique,0005E34D,MolochIIPlanetData,001C48EE,PCM_Moloch_Moloch-II_Prey02,2026-08-10T21:01:47,1.0.0,Starfield.esm
Moloch,Moloch II,Structural,Abyss Pine Seedling,Flora,Y,,Coniferous Forest; Deciduous Forest; Mountains,,Legacy Organic Resources sheet,Disambiguated by ESM name,0005E34D,MolochIIPlanetData,00185488,FloraBiomeForestConiferous02,2026-08-10T21:01:47,1.0.0,Starfield.esm
Moloch,Moloch II,Structural,Satellite Ghostvine,Flora,N,,Swamp; Savanna,,Legacy Organic Resources sheet,Disambiguated by ESM name,0005E34D,MolochIIPlanetData,002F80CD,FloraBiomeSavanna07,2026-08-10T21:01:47,1.0.0,Starfield.esm
Moloch,Moloch II,Toxin,Glossy Stickweed,Flora,Y,,Coniferous Forest; Deciduous Forest,,Legacy Organic Resources sheet,Unique,0005E34D,MolochIIPlanetData,0018547F,FloraBiomeForestConiferous08,2026-08-10T21:01:47,1.0.0,Starfield.esm
Moloch,Moloch II,Toxin Agent,PCM_Moloch_Moloch-II_Critter02_Floater,Fauna,N,,Swamp; Frozen Plains; Coniferous Forest; Deciduous Forest; Savanna; Mountains,Filter-Feeder,ESM: mod_CCT_Special_Domesticate,No legacy match,0005E34D,MolochIIPlanetData,001C48EB,PCM_Moloch_Moloch-II_Critter02_Floater,2026-08-10T21:01:47,1.0.0,Starfield.esm
Muphrid,Muphrid IV,Aromatic,Flocking Bonefrill Grazer,Fauna,N,,Hills; Deciduous Forest; Mountains,Broadly Herbivorous,ESM: mod_CCT_Special_Domesticate,Unique,0005E364,MuphridIVPlanetData,001D0708,PCM_Muphrid_Muphrid-IV_Prey01,2026-08-10T21:01:47,1.0.0,Starfield.esm
Muphrid,Muphrid IV,Fiber,Sweet Yellow Creeper,Flora,Y,,Hills; Deciduous Forest; Mountains,,Legacy Organic Resources sheet,Unique,0005E364,MuphridIVPlanetData,002F808E,FloraBiomeForestDeciduous10,2026-08-10T21:01:47,1.0.0,Starfield.esm
Muphrid,Muphrid IV,Lubricant,Hunting Shieldshell,Fauna,N,,Hills; Deciduous Forest; Mountains,Carnivore,ESM: mod_CCT_Special_Domesticate,Unique,0005E364,MuphridIVPlanetData,001D070A,PCM_Muphrid_Muphrid-IV_Predator01,2026-08-10T21:01:47,1.0.0,Starfield.esm
Muphrid,Muphrid IV,Membrane,Shoaling Lurefish Scavenger,Fauna,N,,Ocean; Swamp,Omnivore,ESM: mod_CCT_Special_Domesticate,Unique,0005E364,MuphridIVPlanetData,001D06EE,PCM_Muphrid_Muphrid-IV_Prey03_Swimmer,2026-08-10T21:01:47,1.0.0,Starfield.esm
Muphrid,Muphrid IV,Metabolic Agent,Noid Filterer,Fauna,N,,Frozen Dunes; Hills; Deciduous Forest; Mountains,Filter-Feeder,ESM: mod_CCT_Special_Domesticate,Unique,0005E364,MuphridIVPlanetData,001D065F,PCM_Muphrid_Muphrid-IV_Critter01,2026-08-10T21:01:47,1.0.0,Starfield.esm
Muphrid,Muphrid IV,Nutrient,Explorer's Coleus,Flora,Y,,Frozen Dunes; Hills; Deciduous Forest; Mountains,,Legacy Organic Resources sheet,Unique,0005E364,MuphridIVPlanetData,001854BF,FloraBiomeForestDeciduous06,2026-08-10T21:01:47,1.0.0,Starfield.esm
Muphrid,Muphrid IV,Polymer,Clawback Herbivore,Fauna,N,,Swamp,Frugivore,ESM: mod_CCT_Special_Domesticate,Unique,0005E364,MuphridIVPlanetData,001D06EF,PCM_Muphrid_Muphrid-IV_Prey02,2026-08-10T21:01:47,1.0.0,Starfield.esm
Muphrid,Muphrid IV,Sealant,Pack Scarab,Fauna,N,,Swamp,Carnivore,ESM: mod_CCT_Special_Domesticate,Unique,0005E364,MuphridIVPlanetData,001D0709,PCM_Muphrid_Muphrid-IV_Predator02,2026-08-10T21:01:47,1.0.0,Starfield.esm
Muphrid,Muphrid IV,Structural,Spiral Creeper,Flora,Y,,Swamp; Hills; Deciduous Forest; Mountains,,Legacy Organic Resources sheet,Unique,0005E364,MuphridIVPlanetData,001854C1,FloraBiomeForestDeciduous04,2026-08-10T21:01:47,1.0.0,Starfield.esm
Muphrid,Muphrid IV,Toxin Agent,PCM_Muphrid_Muphrid-IV_Critter02,Fauna,N,,Swamp,Geophage,ESM: mod_CCT_Special_Domesticate,No legacy match,0005E364,MuphridIVPlanetData,001D065E,PCM_Muphrid_Muphrid-IV_Critter02,2026-08-10T21:01:47,1.0.0,Starfield.esm
Muphrid,Muphrid V-B,Analgesic,Herding Crab Grazer,Fauna,N,,Coniferous Forest; Savanna; Volcanic,Broadly Herbivorous,ESM: mod_CCT_Special_Domesticate,Unique,0005E369,MuphridV-bPlanetData,001D0650,PCM_Muphrid_Muphrid-V-B_Prey01,2026-08-10T21:01:47,1.0.0,Starfield.esm
Muphrid,Muphrid V-B,Fiber,Schooling Kronosaurus Scavenger,Fauna,N,,Ocean,Omnivore,ESM: mod_CCT_Special_Domesticate,Unique,0005E369,MuphridV-bPlanetData,001D064F,PCM_Muphrid_Muphrid-V-B_Prey02_Swimmer,2026-08-10T21:01:47,1.0.0,Starfield.esm
Muphrid,Muphrid V-B,Metabolic Agent,Canary Reed,Flora,N,,Savanna; Volcanic,,Legacy Organic Resources sheet,Unique,0005E369,MuphridV-bPlanetData,001854F5,FloraBiomeSavanna03,2026-08-10T21:01:47,1.0.0,Starfield.esm
Muphrid,Muphrid V-B,Nutrient,Twingrub Scavenger,Fauna,N,,Coniferous Forest; Savanna; Volcanic,Omnivore,ESM: mod_CCT_Special_Domesticate,Unique,0005E369,MuphridV-bPlanetData,001D064E,PCM_Muphrid_Muphrid-V-B_Critter01,2026-08-10T21:01:47,1.0.0,Starfield.esm
Muphrid,Muphrid V-B,Ornamental,Hunting Hornface,Fauna,N,,Coniferous Forest; Savanna; Volcanic,Carnivore,ESM: mod_CCT_Special_Domesticate,Unique,0005E369,MuphridV-bPlanetData,001D065D,PCM_Muphrid_Muphrid-V-B_Predator01,2026-08-10T21:01:47,1.0.0,Starfield.esm
Muphrid,Muphrid V-B,Sealant,Forest Wisp,Flora,Y,,Frozen Hills; Coniferous Forest,,Legacy Organic Resources sheet,Unique,0005E369,MuphridV-bPlanetData,00185484,FloraBiomeForestConiferous06,2026-08-10T21:01:47,1.0.0,Starfield.esm
Muphrid,Muphrid V-B,Structural,Golden Creeper,Flora,Y,,Frozen Hills; Coniferous Forest,,Legacy Organic Resources sheet,Disambiguated by ESM name,0005E369,MuphridV-bPlanetData,00185487,FloraBiomeForestConiferous03,2026-08-10T21:01:47,1.0.0,Starfield.esm
Muphrid,Muphrid V-B,Structural,Starpod Silkweed,Flora,N,,Savanna; Volcanic,,Legacy Organic Resources sheet,Disambiguated by ESM name,0005E369,MuphridV-bPlanetData,002F80CC,FloraBiomeSavanna06,2026-08-10T21:01:47,1.0.0,Starfield.esm
Muphrid,Muphrid V-B,Toxin,Spiny Ghost Cactus,Flora,Y,,Coniferous Forest; Savanna; Volcanic,,Legacy Organic Resources sheet,Unique,0005E369,MuphridV-bPlanetData,001854EB,FloraBiomeVolcanicRough03,2026-08-10T21:01:47,1.0.0,Starfield.esm
Narion,Kreet,Antimicrobial,Kreet Grazer,Fauna,Y,Fiber,Mountains; Volcanic,Geophage,ESM: mod_CCT_Special_Domesticate,Disambiguated by ESM name,0003F59F,KreetPlanetData,001F3E88,PCM_Narion_Kreet_GrazerPreyA,2026-08-10T21:01:47,1.0.0,Starfield.esm
Narion,Kreet,Fiber,Kreet Stalker,Fauna,N,,Mountains; Volcanic,Carnivore,ESM: mod_CCT_Special_Domesticate,No legacy match,0003F59F,KreetPlanetData,001F3E89,PCM_Narion_Kreet_StalkerPredatorA,2026-08-10T21:01:47,1.0.0,Starfield.esm
Narion,Kreet,Fiber,Dust Root,Flora,N,,Volcanic,,Legacy Organic Resources sheet,Disambiguated by ESM name,0003F59F,KreetPlanetData,001854ED,FloraBiomeVolcanicRough01,2026-08-10T21:01:47,1.0.0,Starfield.esm
Narion,Kreet,Fiber,Nebula Vine,Flora,N,,Mountains,,Legacy Organic Resources sheet,Disambiguated by ESM name,0003F59F,KreetPlanetData,002F80B7,FloraBiomeMountains07,2026-08-10T21:01:47,1.0.0,Starfield.esm
Narion,Kreet,Nutrient,Trilobite,Fauna,N,,Frozen Volcanic; Mountains; Volcanic,Geophage,ESM: mod_CCT_Special_Domesticate,Unique,0003F59F,KreetPlanetData,001EB7E2,PCM_Narion_Kreet_Critter,2026-08-10T21:01:47,1.0.0,Starfield.esm
Narion,Kreet,Nutrient,Frost Reed,Flora,Y,,Frozen Volcanic,,Legacy Organic Resources sheet,Unique,0003F59F,KreetPlanetData,0018547A,FloraBiomeFrozen03,2026-08-10T21:01:47,1.0.0,Starfield.esm
Narion,Niira,Metabolic Agent,Swarming Stalker Scorpion,Fauna,N,,Hills; Wetlands,Carnivore,ESM: mod_CCT_Special_Domesticate,Unique,0005E555,NiiraPlanetData,00196519,PCM_Narion_Niira_Predator01,2026-08-10T21:01:47,1.0.0,Starfield.esm
Narion,Niira,Nutrient,Flocking Cutterhead Grazer,Fauna,Y,Fiber,Hills; Wetlands,Broadly Herbivorous,ESM: mod_CCT_Special_Domesticate,Unique,0005E555,NiiraPlanetData,00196517,PCM_Narion_Niira_Prey01,2026-08-10T21:01:47,1.0.0,Starfield.esm
Narion,Niira,Sealant,Red Stinging Nettle,Flora,Y,,Hills; Wetlands,,Legacy Organic Resources sheet,Unique,0005E555,NiiraPlanetData,0018548D,FloraBiomeCanyons07,2026-08-10T21:01:47,1.0.0,Starfield.esm
Narion,Niira,Spice,Flocking Glowhands Grazer,Fauna,N,,Frozen Plains; Hills; Wetlands,Broadly Herbivorous,ESM: mod_CCT_Special_Domesticate,Unique,0005E555,NiiraPlanetData,00196516,PCM_Narion_Niira_Prey02,2026-08-10T21:01:47,1.0.0,Starfield.esm
Narion,Niira,Structural,Siren,Fauna,N,,Frozen Plains; Hills; Wetlands,Carnivore,ESM: mod_CCT_Special_Domesticate,Unique,0005E555,NiiraPlanetData,0020B7A6,LvlSiren,2026-08-10T21:01:47,1.0.0,Starfield.esm
Narion,Niira,Toxin,Starpod Silkweed,Flora,N,,Hills; Wetlands,,Legacy Organic Resources sheet,Unique,0005E555,NiiraPlanetData,002F80CC,FloraBiomeSavanna06,2026-08-10T21:01:47,1.0.0,Starfield.esm
Narion,Sumati,Cosmetic,Schooling Kronosaurus Grazer,Fauna,N,,Ocean,Broadly Herbivorous,ESM: mod_CCT_Special_Domesticate,Unique,0005E556,SumatiPlanetData,0015BE25,PCM_Narion_Sumati_Prey02,2026-08-10T21:01:47,1.0.0,Starfield.esm
Narion,Sumati,Hypercatalyst,Herding Boneback Scavenger,Fauna,N,,Deciduous Forest; Coniferous Forest; Mountains,Omnivore,ESM: mod_CCT_Special_Domesticate,Unique,0005E556,SumatiPlanetData,001BAC23,PCM_Narion_Sumati_Prey01,2026-08-10T21:01:47,1.0.0,Starfield.esm
Narion,Sumati,Hypercatalyst,Blue Weeping Shrub,Flora,Y,,Deciduous Forest; Coniferous Forest; Mountains,,Legacy Organic Resources sheet,Unique,0005E556,SumatiPlanetData,001854C5,FloraBiomeForestDeciduous01,2026-08-10T21:01:47,1.0.0,Starfield.esm
Narion,Sumati,Nutrient,Coralheart Filterer,Fauna,N,,Frozen Plains; Deciduous Forest; Coniferous Forest; Mountains,Filter-Feeder,ESM: mod_CCT_Special_Domesticate,Unique,0005E556,SumatiPlanetData,001BAC22,PCM_Narion_Sumati_Critter01,2026-08-10T21:01:47,1.0.0,Starfield.esm
Narion,Sumati,Nutrient,Cliffberry,Flora,Y,,Frozen Plains; Deciduous Forest; Coniferous Forest; Mountains,,Legacy Organic Resources sheet,Unique,0005E556,SumatiPlanetData,002F80B8,FloraBiomeMountains08,2026-08-10T21:01:47,1.0.0,Starfield.esm
Narion,Sumati,Sealant,Abyss Pine Seedling,Flora,Y,,Deciduous Forest; Coniferous Forest; Mountains,,Legacy Organic Resources sheet,Unique,0005E556,SumatiPlanetData,00185488,FloraBiomeForestConiferous02,2026-08-10T21:01:47,1.0.0,Starfield.esm
Narion,Sumati,Toxin Agent,PCM_Narion_Sumati_Predator01,Fauna,N,,Deciduous Forest; Coniferous Forest; Mountains,Carnivore,ESM: mod_CCT_Special_Domesticate,No legacy match,0005E556,SumatiPlanetData,001BAC24,PCM_Narion_Sumati_Predator01,2026-08-10T21:01:47,1.0.0,Starfield.esm
Nemeria,Nemeria I,Fiber,Sweet Goldenglow,Flora,N,,Tropical Forest,,Legacy Organic Resources sheet,Unique,0005E135,NemeriaIPlanetData,001854B9,FloraBiomeForestTropical03,2026-08-10T21:01:47,1.0.0,Starfield.esm
Nemeria,Nemeria I,Nutrient,Spirit Laurel,Flora,Y,,Deciduous Forest,,Legacy Organic Resources sheet,Unique,0005E135,NemeriaIPlanetData,001854BE,FloraBiomeForestDeciduous07,2026-08-10T21:01:47,1.0.0,Starfield.esm
Nemeria,Nemeria I,Sealant,Star Bloom Root,Flora,Y,,Mountains,,Legacy Organic Resources sheet,Unique,0005E135,NemeriaIPlanetData,001854D5,FloraBiomeMountains05,2026-08-10T21:01:47,1.0.0,Starfield.esm
Nemeria,Nemeria I,Structural,Atlas Weed,Flora,Y,,Deciduous Forest,,Legacy Organic Resources sheet,Disambiguated by ESM name,0005E135,NemeriaIPlanetData,001854C2,FloraBiomeForestDeciduous03,2026-08-10T21:01:47,1.0.0,Starfield.esm
Nemeria,Nemeria I,Structural,Moth Vine,Flora,N,,Tropical Forest,,Legacy Organic Resources sheet,Disambiguated by ESM name,0005E135,NemeriaIPlanetData,002F8094,FloraBiomeForestTropical09,2026-08-10T21:01:47,1.0.0,Starfield.esm
Nemeria,Nemeria II,Adhesive,Hunting Crocalypse,Fauna,N,,Volcanic; Mountains; Hills,Carnivore,ESM: mod_CCT_Special_Domesticate,Unique,0005E136,NemeriaIIPlanetData,001CB793,PCM_Nemeria_Nemeria-II_Predator01,2026-08-10T21:01:47,1.0.0,Starfield.esm
Nemeria,Nemeria II,Fiber,Spiny Ghost Cactus,Flora,Y,,Volcanic; Mountains; Hills; Coniferous Forest; Deciduous Forest,,Legacy Organic Resources sheet,Unique,0005E136,NemeriaIIPlanetData,001854EB,FloraBiomeVolcanicRough03,2026-08-10T21:01:47,1.0.0,Starfield.esm
Nemeria,Nemeria II,Metabolic Agent,Herding Rockhound Grazer,Fauna,N,,Volcanic; Mountains; Hills,Broadly Herbivorous,ESM: mod_CCT_Special_Domesticate,Unique,0005E136,NemeriaIIPlanetData,001CB792,PCM_Nemeria_Nemeria-II_Prey01,2026-08-10T21:01:47,1.0.0,Starfield.esm
Nemeria,Nemeria II,Nutrient,Crimson Courtstalk,Flora,Y,,Volcanic; Mountains; Hills; Coniferous Forest; Deciduous Forest,,Legacy Organic Resources sheet,Unique,0005E136,NemeriaIIPlanetData,001854E9,FloraBiomeVolcanicRough05,2026-08-10T21:01:47,1.0.0,Starfield.esm
Nemeria,Nemeria II,Polymer,Leafbug Scavenger,Fauna,N,,Coniferous Forest; Deciduous Forest,Omnivore,ESM: mod_CCT_Special_Domesticate,Unique,0005E136,NemeriaIIPlanetData,001CB791,PCM_Nemeria_Nemeria-II_Prey02,2026-08-10T21:01:47,1.0.0,Starfield.esm
Nemeria,Nemeria II,Structural,Terra Root,Flora,Y,,Mountains; Hills; Coniferous Forest; Deciduous Forest,,Legacy Organic Resources sheet,Unique,0005E136,NemeriaIIPlanetData,0018547D,FloraBiomeForestConiferous10,2026-08-10T21:01:47,1.0.0,Starfield.esm
Nemeria,Nemeria II,Toxin Agent,PCM_Nemeria_Nemeria-II_Critter01,Fauna,N,,Volcanic; Mountains; Frozen Mountains; Hills; Coniferous Forest; Deciduous Forest,Filter-Feeder,ESM: mod_CCT_Special_Domesticate,No legacy match,0005E136,NemeriaIIPlanetData,001CB790,PCM_Nemeria_Nemeria-II_Critter01,2026-08-10T21:01:47,1.0.0,Starfield.esm
Nemeria,Nemeria IV-A,Antimicrobial,Flocking Brainblimp Filterer,Fauna,N,,Mountains; Coniferous Forest; Deciduous Forest; Savanna; Plateau,Filter-Feeder,ESM: mod_CCT_Special_Domesticate,Unique,0005E13C,NemeriaIV-aPlanetData,001C7E06,PCM_Nemeria_Nemeria-IV-a_Prey01,2026-08-10T21:01:47,1.0.0,Starfield.esm
Nemeria,Nemeria IV-A,Fiber,Satellite Ghostvine,Flora,N,,Deciduous Forest; Savanna; Plateau,,Legacy Organic Resources sheet,Unique,0005E13C,NemeriaIV-aPlanetData,002F80CD,FloraBiomeSavanna07,2026-08-10T21:01:47,1.0.0,Starfield.esm
Nemeria,Nemeria IV-A,Metabolic Agent,Stinging Ice Stalk,Flora,N,,Mountains; Frozen Plains; Coniferous Forest,,Legacy Organic Resources sheet,Unique,0005E13C,NemeriaIV-aPlanetData,002F809E,FloraBiomeFrozen09,2026-08-10T21:01:47,1.0.0,Starfield.esm
Nemeria,Nemeria IV-A,Nutrient,Blue Weeping Shrub,Flora,Y,,Swamp; Coniferous Forest; Deciduous Forest; Savanna,,Legacy Organic Resources sheet,Unique,0005E13C,NemeriaIV-aPlanetData,001854C5,FloraBiomeForestDeciduous01,2026-08-10T21:01:47,1.0.0,Starfield.esm
Nemeria,Nemeria IV-A,Ornamental,Jellyfin Filterer,Fauna,N,,Mountains; Coniferous Forest; Deciduous Forest; Savanna; Plateau,Omnivore,ESM: mod_CCT_Special_Domesticate,Unique,0005E13C,NemeriaIV-aPlanetData,001C7E05,PCM_Nemeria_Nemeria-IV-a_Critter01,2026-08-10T21:01:47,1.0.0,Starfield.esm
Nemeria,Nemeria IV-A,Sealant,Sweet Yellow Creeper,Flora,Y,,Mountains; Swamp; Coniferous Forest; Deciduous Forest; Savanna,,Legacy Organic Resources sheet,Unique,0005E13C,NemeriaIV-aPlanetData,002F808E,FloraBiomeForestDeciduous10,2026-08-10T21:01:47,1.0.0,Starfield.esm
Nemeria,Nemeria IV-A,Sedative,Pack Whaleshark,Fauna,N,,Mountains; Coniferous Forest; Deciduous Forest; Savanna; Plateau,Carnivore,ESM: mod_CCT_Special_Domesticate,Unique,0005E13C,NemeriaIV-aPlanetData,001C7E07,PCM_Nemeria_Nemeria-IV-a_Predator01,2026-08-10T21:01:47,1.0.0,Starfield.esm
Nemeria,Nemeria IV-A,Structural,Spitting Pokeweed,Flora,N,,Swamp; Coniferous Forest; Deciduous Forest; Savanna; Plateau,,Legacy Organic Resources sheet,Unique,0005E13C,NemeriaIV-aPlanetData,001854BC,FloraBiomeForestDeciduous09,2026-08-10T21:01:47,1.0.0,Starfield.esm
Nemeria,Nemeria IV-A,Toxin,Mountain Silkweed,Flora,N,,Mountains; Frozen Plains; Coniferous Forest; Plateau,,Legacy Organic Resources sheet,Unique,0005E13C,NemeriaIV-aPlanetData,002F80B5,FloraBiomeMountains06,2026-08-10T21:01:47,1.0.0,Starfield.esm
Newton,Newton II,Adhesive,Hunting Sunflower,Fauna,N,,Mountains; Rocky Desert,Carnivore,ESM: mod_CCT_Special_Domesticate,Unique,0005E06C,NewtonIIPlanetData,001C694D,PCM_Newton_Newton-II_Predator01,2026-08-10T21:01:47,1.0.0,Starfield.esm
Newton,Newton II,Antimicrobial,Pack Windbag,Fauna,N,,Mountains; Rocky Desert,Carnivore,ESM: mod_CCT_Special_Domesticate,Unique,0005E06C,NewtonIIPlanetData,001C694C,PCM_Newton_Newton-II_Predator02,2026-08-10T21:01:47,1.0.0,Starfield.esm
Newton,Newton II,Fiber,Cliff Laurel,Flora,Y,,Mountains; Rocky Desert,,Legacy Organic Resources sheet,Unique,0005E06C,NewtonIIPlanetData,001854D8,FloraBiomeMountains02,2026-08-10T21:01:47,1.0.0,Starfield.esm
Newton,Newton II,Hallucinogen,Herding Boneback Grazer,Fauna,N,,Mountains; Rocky Desert,Ruminant,ESM: mod_CCT_Special_Domesticate,Unique,0005E06C,NewtonIIPlanetData,001C694A,PCM_Newton_Newton-II_Prey02,2026-08-10T21:01:47,1.0.0,Starfield.esm
Newton,Newton II,Hypercatalyst,Cagebrain Scavenger,Fauna,N,,Swamp,Omnivore,ESM: mod_CCT_Special_Domesticate,Unique,0005E06C,NewtonIIPlanetData,001C6949,PCM_Newton_Newton-II_Prey03,2026-08-10T21:01:47,1.0.0,Starfield.esm
Newton,Newton II,Membrane,Hunting Paddlefish,Fauna,N,,Ocean; Swamp,Carnivore,ESM: mod_CCT_Special_Domesticate,Unique,0005E06C,NewtonIIPlanetData,0037CEF4,PCM_Newton_Newton-II_Predator03_Swimmer,2026-08-10T21:01:47,1.0.0,Starfield.esm
Newton,Newton II,Metabolic Agent,Cage Brain,Flora,N,,Swamp,,Legacy Organic Resources sheet,Unique,0005E06C,NewtonIIPlanetData,002E0887,FloraBiomeCageBrain01,2026-08-10T21:01:47,1.0.0,Starfield.esm
Newton,Newton II,Nutrient,Flocking Cutterhead Geophage,Fauna,N,,Mountains; Rocky Desert,Geophage,ESM: mod_CCT_Special_Domesticate,Unique,0005E06C,NewtonIIPlanetData,001C694B,PCM_Newton_Newton-II_Prey01,2026-08-10T21:01:47,1.0.0,Starfield.esm
Newton,Newton II,Nutrient,Enduring Bugleweed,Flora,Y,,Mountains; Rocky Desert,,Legacy Organic Resources sheet,Unique,0005E06C,NewtonIIPlanetData,001854D7,FloraBiomeMountains03,2026-08-10T21:01:47,1.0.0,Starfield.esm
Newton,Newton II,Pigment,Cliffberry,Flora,Y,,Mountains; Rocky Desert,,Legacy Organic Resources sheet,Unique,0005E06C,NewtonIIPlanetData,002F80B8,FloraBiomeMountains08,2026-08-10T21:01:47,1.0.0,Starfield.esm
Newton,Newton II,Sealant,Caterpillar Filterer,Fauna,N,,Mountains; Swamp; Rocky Desert,Filter-Feeder,ESM: mod_CCT_Special_Domesticate,Unique,0005E06C,NewtonIIPlanetData,001C6947,PCM_Newton_Newton-II_Critter02,2026-08-10T21:01:47,1.0.0,Starfield.esm
Newton,Newton II,Structural,Crag Root,Flora,Y,,Mountains; Swamp,,Legacy Organic Resources sheet,Unique,0005E06C,NewtonIIPlanetData,0018549B,FloraBiomeArchipelago03,2026-08-10T21:01:47,1.0.0,Starfield.esm
Newton,Newton II,Toxin Agent,PCM_Newton_Newton-II_Critter01,Fauna,N,,Mountains; Rocky Desert,Geophage,ESM: mod_CCT_Special_Domesticate,No legacy match,0005E06C,NewtonIIPlanetData,001C6948,PCM_Newton_Newton-II_Critter01,2026-08-10T21:01:47,1.0.0,Starfield.esm
Newton,Newton III,Nutrient,Herding Blistercrab Filterer,Fauna,N,,Coniferous Forest; Deciduous Forest; Tropical Forest; Mountains; Volcanic,Filter-Feeder,ESM: mod_CCT_Special_Domesticate,Unique,0005E06F,NewtonIIIPlanetData,001C6945,PCM_Newton_Newton-III_Prey01,2026-08-10T21:01:47,1.0.0,Starfield.esm
Newton,Newton III,Nutrient,Cliff Laurel,Flora,Y,,Coniferous Forest; Deciduous Forest; Tropical Forest; Mountains,,Legacy Organic Resources sheet,Unique,0005E06F,NewtonIIIPlanetData,001854D8,FloraBiomeMountains02,2026-08-10T21:01:47,1.0.0,Starfield.esm
Newton,Newton III,Sealant,Coralheart Filterer,Fauna,N,,Frozen Crevasses; Coniferous Forest; Deciduous Forest; Tropical Forest; Mountains; Volcanic,Filter-Feeder,ESM: mod_CCT_Special_Domesticate,Unique,0005E06F,NewtonIIIPlanetData,001C6944,PCM_Newton_Newton-III_Critter01,2026-08-10T21:01:47,1.0.0,Starfield.esm
Newton,Newton III,Spice,Hunting Shieldshell,Fauna,N,,Coniferous Forest; Deciduous Forest; Tropical Forest; Mountains; Volcanic,Carnivore,ESM: mod_CCT_Special_Domesticate,Unique,0005E06F,NewtonIIIPlanetData,001C6946,PCM_Newton_Newton-III_Predator01,2026-08-10T21:01:47,1.0.0,Starfield.esm
Newton,Newton III,Structural,Glossy Stickweed,Flora,Y,,Coniferous Forest; Deciduous Forest; Tropical Forest,,Legacy Organic Resources sheet,Unique,0005E06F,NewtonIIIPlanetData,0018547F,FloraBiomeForestConiferous08,2026-08-10T21:01:47,1.0.0,Starfield.esm
Newton,Newton III,Toxin,Crater Weed,Flora,Y,,Volcanic,,Legacy Organic Resources sheet,Unique,0005E06F,NewtonIIIPlanetData,002F80C3,FloraBiomeVolcanicRough08,2026-08-10T21:01:47,1.0.0,Starfield.esm
Nirah,Ka’zaal,Aromatic,Hunting Lockjaw Herbivore,Fauna,Y,Fiber,Wetlands,Frugivore,ESM: mod_CCT_Special_Domesticate,Unique,0005E59B,KazaalPlanetData,0019B1FB,PCM_Nirah_Kazaal_Prey02,2026-08-10T21:01:47,1.0.0,Starfield.esm
Nirah,Ka’zaal,Fiber,Swamp Weed,Flora,Y,,Hills; Wetlands,,Legacy Organic Resources sheet,Unique,0005E59B,KazaalPlanetData,00185471,FloraBiomeWetlands02,2026-08-10T21:01:47,1.0.0,Starfield.esm
Nirah,Ka’zaal,Membrane,Herding Boneglider Filterer,Fauna,N,,Hills; Frozen Mountains; Wetlands,Filter-Feeder,ESM: mod_CCT_Special_Domesticate,Unique,0005E59B,KazaalPlanetData,002025DC,PCM_Nirah_Kazaal_Prey03_Flyer,2026-08-10T21:01:47,1.0.0,Starfield.esm
Nirah,Ka’zaal,Metabolic Agent,Rotting Stinkroot,Flora,Y,,Hills; Wetlands,,Legacy Organic Resources sheet,Unique,0005E59B,KazaalPlanetData,00185470,FloraBiomeWetlands03,2026-08-10T21:01:47,1.0.0,Starfield.esm
Nirah,Ka’zaal,Nutrient,Red Latticebulb,Flora,N,,Hills; Wetlands,,Legacy Organic Resources sheet,Unique,0005E59B,KazaalPlanetData,002F80A6,FloraBiomeHills08,2026-08-10T21:01:47,1.0.0,Starfield.esm
Nirah,Ka’zaal,Pigment,Flocking Scepter Geophage,Fauna,Y,Fiber,Hills,Geophage,ESM: mod_CCT_Special_Domesticate,Unique,0005E59B,KazaalPlanetData,0019B1FC,PCM_Nirah_Kazaal_Prey01,2026-08-10T21:01:47,1.0.0,Starfield.esm
Nirah,Ka’zaal,Sealant,Hunting Arachnomantis Stalker,Fauna,N,,Hills,Carnivore,ESM: mod_CCT_Special_Domesticate,Unique,0005E59B,KazaalPlanetData,0019B1FE,PCM_Nirah_Kazaal_Predator01,2026-08-10T21:01:47,1.0.0,Starfield.esm
Nirah,Ka’zaal,Solvent,Hunting Silverfish,Fauna,N,,Wetlands,Carnivore,ESM: mod_CCT_Special_Domesticate,Unique,0005E59B,KazaalPlanetData,0019B1FD,PCM_Nirah_Kazaal_Predator02,2026-08-10T21:01:47,1.0.0,Starfield.esm
Nirah,Ka’zaal,Structural,Gnaw Stalk,Flora,N,,Hills; Wetlands,,Legacy Organic Resources sheet,Unique,0005E59B,KazaalPlanetData,0018546F,FloraBiomeWetlands04,2026-08-10T21:01:47,1.0.0,Starfield.esm
Nirah,Ka’zaal,Toxin,Aruna Goldenglow,Flora,N,,Hills; Wetlands,,Legacy Organic Resources sheet,Unique,0005E59B,KazaalPlanetData,001854CE,FloraBiomeHills02,2026-08-10T21:01:47,1.0.0,Starfield.esm
Nirah,Ka’zaal,Toxin Agent,PCM_Nirah_Kazaal_Critter01,Fauna,N,,Hills,Geophage,ESM: mod_CCT_Special_Domesticate,No legacy match,0005E59B,KazaalPlanetData,0019B1FA,PCM_Nirah_Kazaal_Critter01,2026-08-10T21:01:47,1.0.0,Starfield.esm
Nirvana,Nirvana II,Amino Acids,Hunting Loxodont,Fauna,N,,Frozen Plains,Carnivore,ESM: mod_CCT_Special_Domesticate,Unique,0005E42D,NirvanaIIPlanetData,001933E5,PCM_Nirvana_Nirvana-II_Predator02,2026-08-10T21:01:47,1.0.0,Starfield.esm
Nirvana,Nirvana II,Aromatic,Pack Kronosaurus,Fauna,N,,Ocean,Carnivore,ESM: mod_CCT_Special_Domesticate,Unique,0005E42D,NirvanaIIPlanetData,00131CD8,PCM_Nirvana_Nirvana-II_Predator03_Swimmer,2026-08-10T21:01:47,1.0.0,Starfield.esm
Nirvana,Nirvana II,Cosmetic,Herding Beetlecrab Scavenger,Fauna,Y,Fiber,Frozen Plains,Omnivore,ESM: mod_CCT_Special_Domesticate,Unique,0005E42D,NirvanaIIPlanetData,001933E3,PCM_Nirvana_Nirvana-II_Prey02,2026-08-10T21:01:47,1.0.0,Starfield.esm
Nirvana,Nirvana II,Fiber,Cliffberry,Flora,Y,,Volcanic; Mountains,,Legacy Organic Resources sheet,Unique,0005E42D,NirvanaIIPlanetData,002F80B8,FloraBiomeMountains08,2026-08-10T21:01:47,1.0.0,Starfield.esm
Nirvana,Nirvana II,Metabolic Agent,Grabber Grazer,Fauna,N,,Frozen Plains,Broadly Herbivorous,ESM: mod_CCT_Special_Domesticate,Unique,0005E42D,NirvanaIIPlanetData,001933E1,PCM_Nirvana_Nirvana-II_Critter02,2026-08-10T21:01:47,1.0.0,Starfield.esm
Nirvana,Nirvana II,Nutrient,Hunting Bonefrill Geophage,Fauna,N,,Volcanic; Mountains,Geophage,ESM: mod_CCT_Special_Domesticate,Unique,0005E42D,NirvanaIIPlanetData,001933E4,PCM_Nirvana_Nirvana-II_Prey01,2026-08-10T21:01:47,1.0.0,Starfield.esm
Nirvana,Nirvana II,Nutrient,Crater Weed,Flora,Y,,Volcanic; Mountains,,Legacy Organic Resources sheet,Unique,0005E42D,NirvanaIIPlanetData,002F80C3,FloraBiomeVolcanicRough08,2026-08-10T21:01:47,1.0.0,Starfield.esm
Nirvana,Nirvana II,Sealant,Triworm Scavenger,Fauna,N,,Volcanic; Mountains,Omnivore,ESM: mod_CCT_Special_Domesticate,Unique,0005E42D,NirvanaIIPlanetData,001933E2,PCM_Nirvana_Nirvana-II_Critter01,2026-08-10T21:01:47,1.0.0,Starfield.esm
Nirvana,Nirvana II,Spice,Schooling Paddlefish Scavenger,Fauna,N,,Ocean,Omnivore,ESM: mod_CCT_Special_Domesticate,Unique,0005E42D,NirvanaIIPlanetData,00131CD9,PCM_Nirvana_Nirvana-II_Prey03_Swimmer,2026-08-10T21:01:47,1.0.0,Starfield.esm
Nirvana,Nirvana II,Stimulant,Hunting Cephalopod,Fauna,N,,Volcanic; Mountains,Carnivore,ESM: mod_CCT_Special_Domesticate,Unique,0005E42D,NirvanaIIPlanetData,001933E6,PCM_Nirvana_Nirvana-II_Predator01,2026-08-10T21:01:47,1.0.0,Starfield.esm
Nirvana,Nirvana II,Structural,Star Bloom Root,Flora,Y,,Volcanic; Mountains,,Legacy Organic Resources sheet,Unique,0005E42D,NirvanaIIPlanetData,001854D5,FloraBiomeMountains05,2026-08-10T21:01:47,1.0.0,Starfield.esm
Nirvana,Nirvana II,Toxin,Crimson Courtstalk,Flora,Y,,Volcanic; Mountains,,Legacy Organic Resources sheet,Unique,0005E42D,NirvanaIIPlanetData,001854E9,FloraBiomeVolcanicRough05,2026-08-10T21:01:47,1.0.0,Starfield.esm
Oborum Prime,Oborum I,Antimicrobial,Flocking Beetlecrab Herbivore,Fauna,Y,Fiber,Coniferous Forest,Xylophage,ESM: mod_CCT_Special_Domesticate,Unique,0005E182,OborumIPlanetData,001C50E5,PCM_Oborum-Prime_Oborum-I_Prey01,2026-08-10T21:01:47,1.0.0,Starfield.esm
Oborum Prime,Oborum I,Fiber,Broadleaf Rose,Flora,Y,,Frozen Plains; Coniferous Forest; Deciduous Forest,,Legacy Organic Resources sheet,Unique,0005E182,OborumIPlanetData,00185489,FloraBiomeForestConiferous01,2026-08-10T21:01:47,1.0.0,Starfield.esm
Oborum Prime,Oborum I,Hypercatalyst,Pack Longhorn,Fauna,N,,Coniferous Forest; Deciduous Forest,Carnivore,ESM: mod_CCT_Special_Domesticate,Unique,0005E182,OborumIPlanetData,001C50E6,PCM_Oborum-Prime_Oborum-I_Predator01,2026-08-10T21:01:47,1.0.0,Starfield.esm
Oborum Prime,Oborum I,Membrane,PCM_Oborum-Prime_Oborum-I_Critter03_Floater,Fauna,N,,Frozen Plains; Coniferous Forest; Deciduous Forest,Filter-Feeder,ESM: mod_CCT_Special_Domesticate,Ambiguous (2),0005E182,OborumIPlanetData,00131CDA,PCM_Oborum-Prime_Oborum-I_Critter03_Floater,2026-08-10T21:01:47,1.0.0,Starfield.esm
Oborum Prime,Oborum I,Membrane,PCM_Oborum-Prime_Oborum-I_Prey03,Fauna,Y,Fiber,Frozen Plains,Filter-Feeder,ESM: mod_CCT_Special_Domesticate,Ambiguous (2),0005E182,OborumIPlanetData,001C48CD,PCM_Oborum-Prime_Oborum-I_Prey03,2026-08-10T21:01:47,1.0.0,Starfield.esm
Oborum Prime,Oborum I,Membrane,Atlas Weed,Flora,Y,,Coniferous Forest; Deciduous Forest,,Legacy Organic Resources sheet,Unique,0005E182,OborumIPlanetData,001854C2,FloraBiomeForestDeciduous03,2026-08-10T21:01:47,1.0.0,Starfield.esm
Oborum Prime,Oborum I,Metabolic Agent,Stinging Ice Stalk,Flora,N,,Frozen Plains; Coniferous Forest,,Legacy Organic Resources sheet,Unique,0005E182,OborumIPlanetData,002F809E,FloraBiomeFrozen09,2026-08-10T21:01:47,1.0.0,Starfield.esm
Oborum Prime,Oborum I,Nutrient,Glossy Stickweed,Flora,Y,,Frozen Plains; Coniferous Forest; Deciduous Forest,,Legacy Organic Resources sheet,Unique,0005E182,OborumIPlanetData,0018547F,FloraBiomeForestConiferous08,2026-08-10T21:01:47,1.0.0,Starfield.esm
Oborum Prime,Oborum I,Ornamental,Coralheart Grazer,Fauna,Y,Fiber,Frozen Plains,Broadly Herbivorous,ESM: mod_CCT_Special_Domesticate,Unique,0005E182,OborumIPlanetData,001C50E2,PCM_Oborum-Prime_Oborum-I_Critter02,2026-08-10T21:01:47,1.0.0,Starfield.esm
Oborum Prime,Oborum I,Pigment,Herding Hornface Herbivore,Fauna,Y,Fiber,Deciduous Forest,Frugivore,ESM: mod_CCT_Special_Domesticate,Unique,0005E182,OborumIPlanetData,001C50E4,PCM_Oborum-Prime_Oborum-I_Prey02,2026-08-10T21:01:47,1.0.0,Starfield.esm
Oborum Prime,Oborum I,Sealant,PCM_Oborum-Prime_Oborum-I_Critter01,Fauna,Y,Fiber,Coniferous Forest; Deciduous Forest,Omnivore,ESM: mod_CCT_Special_Domesticate,Ambiguous (2),0005E182,OborumIPlanetData,001C50E3,PCM_Oborum-Prime_Oborum-I_Critter01,2026-08-10T21:01:47,1.0.0,Starfield.esm
Oborum Prime,Oborum I,Sealant,PCM_Oborum-Prime_Oborum-I_Prey04_Swimmer,Fauna,N,,Ocean,Filter-Feeder,ESM: mod_CCT_Special_Domesticate,Ambiguous (2),0005E182,OborumIPlanetData,00131CDB,PCM_Oborum-Prime_Oborum-I_Prey04_Swimmer,2026-08-10T21:01:47,1.0.0,Starfield.esm
Oborum Prime,Oborum I,Structural,Laga Plant,Flora,Y,,Coniferous Forest; Deciduous Forest,,Legacy Organic Resources sheet,Unique,0005E182,OborumIPlanetData,00185486,FloraBiomeForestConiferous04,2026-08-10T21:01:47,1.0.0,Starfield.esm
Oborum Prime,Oborum I,Toxin Agent,PCM_Oborum-Prime_Oborum-I_Predator02,Fauna,N,,Frozen Plains,Carnivore,ESM: mod_CCT_Special_Domesticate,No legacy match,0005E182,OborumIPlanetData,001C48CE,PCM_Oborum-Prime_Oborum-I_Predator02,2026-08-10T21:01:47,1.0.0,Starfield.esm
Olympus,Nesoi,Adhesive,Hunting Triantler,Fauna,N,,Savanna,Carnivore,ESM: mod_CCT_Special_Domesticate,Unique,0005E294,NesoiPlanetData,001C7E04,PCM_Olympus_Nesoi_Predator01,2026-08-10T21:01:47,1.0.0,Starfield.esm
Olympus,Nesoi,Antimicrobial,Herding Hippodon Scavenger,Fauna,N,,Mountains; Sandy Desert,Omnivore,ESM: mod_CCT_Special_Domesticate,Unique,0005E294,NesoiPlanetData,001C7E00,PCM_Olympus_Nesoi_Prey02,2026-08-10T21:01:47,1.0.0,Starfield.esm
Olympus,Nesoi,Fiber,Milliwhale Filterer,Fauna,N,,Frozen Volcanic; Savanna; Mountains; Sandy Desert; Deciduous Forest,Filter-Feeder,ESM: mod_CCT_Special_Domesticate,Unique,0005E294,NesoiPlanetData,001C7DFE,PCM_Olympus_Nesoi_Critter01,2026-08-10T21:01:47,1.0.0,Starfield.esm
Olympus,Nesoi,Membrane,Hunting Twistfin,Fauna,N,,Mountains; Sandy Desert,Carnivore,ESM: mod_CCT_Special_Domesticate,Unique,0005E294,NesoiPlanetData,001C7E03,PCM_Olympus_Nesoi_Predator02,2026-08-10T21:01:47,1.0.0,Starfield.esm
Olympus,Nesoi,Metabolic Agent,Spiral Creeper,Flora,Y,,Deciduous Forest,,Legacy Organic Resources sheet,Unique,0005E294,NesoiPlanetData,001854C1,FloraBiomeForestDeciduous04,2026-08-10T21:01:47,1.0.0,Starfield.esm
Olympus,Nesoi,Nutrient,Spitting Pokeweed,Flora,N,,Savanna; Deciduous Forest,,Legacy Organic Resources sheet,Unique,0005E294,NesoiPlanetData,001854BC,FloraBiomeForestDeciduous09,2026-08-10T21:01:47,1.0.0,Starfield.esm
Olympus,Nesoi,Ornamental,Flocking Vuvuzelisk Grazer,Fauna,N,,Deciduous Forest,Broadly Herbivorous,ESM: mod_CCT_Special_Domesticate,Unique,0005E294,NesoiPlanetData,001C7DFF,PCM_Olympus_Nesoi_Prey03,2026-08-10T21:01:47,1.0.0,Starfield.esm
Olympus,Nesoi,Pigment,Herding Geckon Grazer,Fauna,N,,Savanna,Ruminant,ESM: mod_CCT_Special_Domesticate,Unique,0005E294,NesoiPlanetData,001C7E01,PCM_Olympus_Nesoi_Prey01,2026-08-10T21:01:47,1.0.0,Starfield.esm
Olympus,Nesoi,Sealant,Sandclaw,Flora,N,,Mountains; Sandy Desert; Deciduous Forest,,Legacy Organic Resources sheet,Unique,0005E294,NesoiPlanetData,00185509,FloraBiomeDesertSandy03,2026-08-10T21:01:47,1.0.0,Starfield.esm
Olympus,Nesoi,Sedative,Hunting Vectorback,Fauna,N,,Deciduous Forest,Carnivore,ESM: mod_CCT_Special_Domesticate,Unique,0005E294,NesoiPlanetData,001C7E02,PCM_Olympus_Nesoi_Predator03,2026-08-10T21:01:47,1.0.0,Starfield.esm
Olympus,Nesoi,Structural,Jagged Heart leaf,Flora,Y,,Savanna; Deciduous Forest,,Legacy Organic Resources sheet,Unique,0005E294,NesoiPlanetData,001854C0,FloraBiomeForestDeciduous05,2026-08-10T21:01:47,1.0.0,Starfield.esm
Olympus,Nesoi,Toxin,Sweet Fumewort,Flora,Y,,Mountains; Sandy Desert; Deciduous Forest,,Legacy Organic Resources sheet,Unique,0005E294,NesoiPlanetData,00185502,FloraBiomeDesertSandy10,2026-08-10T21:01:47,1.0.0,Starfield.esm
Olympus,Nesoi,Toxin Agent,PCM_Olympus_Nesoi_Prey04_Swimmer,Fauna,N,,Ocean,Broadly Herbivorous,ESM: mod_CCT_Special_Domesticate,No legacy match,0005E294,NesoiPlanetData,00131CD7,PCM_Olympus_Nesoi_Prey04_Swimmer,2026-08-10T21:01:47,1.0.0,Starfield.esm
Piazzi,Piazzi I,Fiber,Barrenbulb,Flora,Y,,Rocky Desert,,Legacy Organic Resources sheet,Unique,0005E023,PiazziIPlanetData,001854FF,FloraBiomeDesertRocky03,2026-08-10T21:01:47,1.0.0,Starfield.esm
Piazzi,Piazzi I,Ornamental,Stunted Pine,Flora,Y,,Mountains,,Legacy Organic Resources sheet,Unique,0005E023,PiazziIPlanetData,001854D9,FloraBiomeMountains01,2026-08-10T21:01:47,1.0.0,Starfield.esm
Piazzi,Piazzi I,Pigment,Jealous Heart Vine,Flora,N,,Volcanic,,Legacy Organic Resources sheet,Unique,0005E023,PiazziIPlanetData,002F80CA,FloraBiomeVolcanicRough10,2026-08-10T21:01:47,1.0.0,Starfield.esm
Piazzi,Piazzi I,Toxin,Leaning Fireleaf,Flora,N,,Volcanic,,Legacy Organic Resources sheet,Unique,0005E023,PiazziIPlanetData,002F80C1,FloraBiomeVolcanicRough07,2026-08-10T21:01:47,1.0.0,Starfield.esm
Piazzi,Piazzi IV-C,Antimicrobial,Hunting Cagebrain,Fauna,N,,Hills; Coniferous Forest; Savanna,Carnivore,ESM: mod_CCT_Special_Domesticate,Unique,0005E029,PiazziIV-cPlanetData,001C48CF,PCM_Piazzi_Piazzi-IV-c_Predator03,2026-08-10T21:01:47,1.0.0,Starfield.esm
Piazzi,Piazzi IV-C,Antimicrobial,Jealous Heart Vine,Flora,N,,Volcanic; Coniferous Forest; Savanna,,Legacy Organic Resources sheet,Unique,0005E029,PiazziIV-cPlanetData,002F80CA,FloraBiomeVolcanicRough10,2026-08-10T21:01:47,1.0.0,Starfield.esm
Piazzi,Piazzi IV-C,Nutrient,Glossy Stickweed,Flora,Y,,Coniferous Forest,,Legacy Organic Resources sheet,Unique,0005E029,PiazziIV-cPlanetData,0018547F,FloraBiomeForestConiferous08,2026-08-10T21:01:47,1.0.0,Starfield.esm
Piazzi,Piazzi IV-C,Sealant,Herding Scepter Filterer,Fauna,N,,Hills; Volcanic; Frozen Dunes; Coniferous Forest; Savanna,Filter-Feeder,ESM: mod_CCT_Special_Domesticate,Unique,0005E029,PiazziIV-cPlanetData,001C48D0,PCM_Piazzi_Piazzi-IV-c_Prey01,2026-08-10T21:01:47,1.0.0,Starfield.esm
Piazzi,Piazzi IV-C,Solvent,Hunting Glowhands,Fauna,N,,Volcanic; Frozen Dunes,Carnivore,ESM: mod_CCT_Special_Domesticate,Unique,0005E029,PiazziIV-cPlanetData,001C48D2,PCM_Piazzi_Piazzi-IV-c_Predator01,2026-08-10T21:01:47,1.0.0,Starfield.esm
Piazzi,Piazzi IV-C,Structural,Cage Brain,Flora,N,,Hills; Coniferous Forest; Savanna,,Legacy Organic Resources sheet,Unique,0005E029,PiazziIV-cPlanetData,002E0887,FloraBiomeCageBrain01,2026-08-10T21:01:47,1.0.0,Starfield.esm
Piazzi,Piazzi IV-C,Toxin Agent,PCM_Piazzi_Piazzi-IV-c_Predator02,Fauna,N,,Hills; Coniferous Forest; Savanna,Carnivore,ESM: mod_CCT_Special_Domesticate,No legacy match,0005E029,PiazziIV-cPlanetData,001C48D1,PCM_Piazzi_Piazzi-IV-c_Predator02,2026-08-10T21:01:47,1.0.0,Starfield.esm
Porrima,Porrima II,Aromatic,Herding Leafbug Grazer,Fauna,Y,Fiber,Tropical Forest,Ruminant,ESM: mod_CCT_Special_Domesticate,Unique,0005E3E6,PorrimaIIPlanetData,00194898,PCM_Porrima_Porrima-II_Prey01,2026-08-10T21:01:47,1.0.0,Starfield.esm
Porrima,Porrima II,Aromatic,Sandclaw,Flora,N,,Tropical Forest,,Legacy Organic Resources sheet,Unique,0005E3E6,PorrimaIIPlanetData,00185509,FloraBiomeDesertSandy03,2026-08-10T21:01:47,1.0.0,Starfield.esm
Porrima,Porrima II,Fiber,Pack Seabat,Fauna,N,,Tropical Forest,Carnivore,ESM: mod_CCT_Special_Domesticate,Unique,0005E3E6,PorrimaIIPlanetData,0019489A,PCM_Porrima_Porrima-II_Predator01_Flyer,2026-08-10T21:01:47,1.0.0,Starfield.esm
Porrima,Porrima II,Fiber,Dunetangle,Flora,N,,Tropical Forest,,Legacy Organic Resources sheet,Unique,0005E3E6,PorrimaIIPlanetData,00185506,FloraBiomeDesertSandy06,2026-08-10T21:01:47,1.0.0,Starfield.esm
Porrima,Porrima II,Nutrient,Herding Cassowary Scavenger,Fauna,N,,Tropical Forest,Omnivore,ESM: mod_CCT_Special_Domesticate,Unique,0005E3E6,PorrimaIIPlanetData,00194897,PCM_Porrima_Porrima-II_Prey02_Flyer,2026-08-10T21:01:47,1.0.0,Starfield.esm
Porrima,Porrima II,Sealant,Hecate's Fireleaf,Flora,N,,Tropical Forest,,Legacy Organic Resources sheet,Unique,0005E3E6,PorrimaIIPlanetData,00185508,FloraBiomeDesertSandy04,2026-08-10T21:01:47,1.0.0,Starfield.esm
Porrima,Porrima II,Spice,PCM_Porrima_Porrima-II_Predator02_Swimmer,Fauna,N,,Ocean,Carnivore,ESM: mod_CCT_Special_Domesticate,Ambiguous (2),0005E3E6,PorrimaIIPlanetData,00194899,PCM_Porrima_Porrima-II_Predator02_Swimmer,2026-08-10T21:01:47,1.0.0,Starfield.esm
Porrima,Porrima II,Spice,PCM_Porrima_Porrima-II_Prey03_Swimmer,Fauna,N,,Ocean,Omnivore,ESM: mod_CCT_Special_Domesticate,Ambiguous (2),0005E3E6,PorrimaIIPlanetData,00194896,PCM_Porrima_Porrima-II_Prey03_Swimmer,2026-08-10T21:01:47,1.0.0,Starfield.esm
Porrima,Porrima II,Spice,Bristle Barrel,Flora,Y,,Tropical Forest,,Legacy Organic Resources sheet,Disambiguated by ESM name,0005E3E6,PorrimaIIPlanetData,00185503,FloraBiomeDesertSandy09,2026-08-10T21:01:47,1.0.0,Starfield.esm
Porrima,Porrima II,Spice,Stinging Flutterleaf,Flora,N,,Tropical Forest,,Legacy Organic Resources sheet,Disambiguated by ESM name,0005E3E6,PorrimaIIPlanetData,00185505,FloraBiomeDesertSandy07,2026-08-10T21:01:47,1.0.0,Starfield.esm
Porrima,Porrima II,Structural,Milliwhale Grazer,Fauna,N,,Tropical Forest,Ruminant,ESM: mod_CCT_Special_Domesticate,Unique,0005E3E6,PorrimaIIPlanetData,00194895,PCM_Porrima_Porrima-II_Critter01,2026-08-10T21:01:47,1.0.0,Starfield.esm
Porrima,Porrima III,Analgesic,Red Mile Mauler,Fauna,N,,Coniferous Forest; Frozen Plains; Craters,Carnivore,ESM: mod_CCT_Special_Domesticate,Unique,0005E3EA,PorrimaIIIPlanetData,00196BB2,PCM_Porrima_Porrima-III_Predator01,2026-08-10T21:01:47,1.0.0,Starfield.esm
Porrima,Porrima III,Cosmetic,Herding beetlecrab filterer,Fauna,Y,Fiber,Coniferous Forest; Frozen Plains; Craters,Filter-Feeder,ESM: mod_CCT_Special_Domesticate,Unique,0005E3EA,PorrimaIIIPlanetData,00196BB0,PCM_Porrima_Porrima-III_Prey02,2026-08-10T21:01:47,1.0.0,Starfield.esm
Porrima,Porrima III,Fiber,Terra Root,Flora,Y,,Coniferous Forest; Frozen Plains; Craters,,Legacy Organic Resources sheet,Unique,0005E3EA,PorrimaIIIPlanetData,0018547D,FloraBiomeForestConiferous10,2026-08-10T21:01:47,1.0.0,Starfield.esm
Porrima,Porrima III,Metabolic Agent,Leafbug herbivore,Fauna,Y,Fiber,Coniferous Forest; Frozen Plains; Craters,Frugivore,ESM: mod_CCT_Special_Domesticate,Unique,0005E3EA,PorrimaIIIPlanetData,00196BB1,PCM_Porrima_Porrima-III_Prey01,2026-08-10T21:01:47,1.0.0,Starfield.esm
Porrima,Porrima III,Nutrient,Sweet Canis Vine,Flora,Y,,Coniferous Forest; Frozen Plains; Craters,,Legacy Organic Resources sheet,Unique,0005E3EA,PorrimaIIIPlanetData,00185483,FloraBiomeForestConiferous07,2026-08-10T21:01:47,1.0.0,Starfield.esm
Porrima,Porrima III,Sealant,Spaceroach filterer,Fauna,Y,Fiber,Coniferous Forest; Frozen Plains; Craters,Filter-Feeder,ESM: mod_CCT_Special_Domesticate,Unique,0005E3EA,PorrimaIIIPlanetData,00196BAF,PCM_Porrima_Porrima-III_Critter01,2026-08-10T21:01:47,1.0.0,Starfield.esm
Porrima,Porrima III,Structural,Broadleaf Rose,Flora,Y,,Coniferous Forest; Frozen Plains; Craters,,Legacy Organic Resources sheet,Unique,0005E3EA,PorrimaIIIPlanetData,00185489,FloraBiomeForestConiferous01,2026-08-10T21:01:47,1.0.0,Starfield.esm
Porrima,Porrima III,Toxin,Forest Wisp,Flora,Y,,Coniferous Forest; Frozen Plains; Craters,,Legacy Organic Resources sheet,Unique,0005E3EA,PorrimaIIIPlanetData,00185484,FloraBiomeForestConiferous06,2026-08-10T21:01:47,1.0.0,Starfield.esm
Porrima,Porrima IV-C,Antimicrobial,PCM_Porrima_Porrima-IV-c_Critter01,Fauna,N,,Frozen Mountains; Mountains; Coniferous Forest,Geophage,ESM: mod_CCT_Special_Domesticate,Ambiguous (2),0005E3EF,PorrimaIV-cPlanetData,001C334A,PCM_Porrima_Porrima-IV-c_Critter01,2026-08-10T21:01:47,1.0.0,Starfield.esm
Porrima,Porrima IV-C,Antimicrobial,PCM_Porrima_Porrima-IV-c_Critter02_Floater,Fauna,N,,Frozen Mountains; Mountains; Coniferous Forest,Filter-Feeder,ESM: mod_CCT_Special_Domesticate,Ambiguous (2),0005E3EF,PorrimaIV-cPlanetData,001C9AC9,PCM_Porrima_Porrima-IV-c_Critter02_Floater,2026-08-10T21:01:47,1.0.0,Starfield.esm
Porrima,Porrima IV-C,Cosmetic,Pack Ankylosaurus,Fauna,N,,Frozen Mountains; Coniferous Forest,Carnivore,ESM: mod_CCT_Special_Domesticate,Unique,0005E3EF,PorrimaIV-cPlanetData,001C334C,PCM_Porrima_Porrima-IV-c_Predator01,2026-08-10T21:01:47,1.0.0,Starfield.esm
Porrima,Porrima IV-C,Cosmetic,Terra Root,Flora,Y,,Mountains; Coniferous Forest,,Legacy Organic Resources sheet,Unique,0005E3EF,PorrimaIV-cPlanetData,0018547D,FloraBiomeForestConiferous10,2026-08-10T21:01:47,1.0.0,Starfield.esm
Porrima,Porrima IV-C,Fiber,Stunted Pine,Flora,Y,,Frozen Mountains; Mountains; Coniferous Forest,,Legacy Organic Resources sheet,Unique,0005E3EF,PorrimaIV-cPlanetData,001854D9,FloraBiomeMountains01,2026-08-10T21:01:47,1.0.0,Starfield.esm
Porrima,Porrima IV-C,Nutrient,Cold Cave Nettle,Flora,Y,,Frozen Mountains; Mountains; Coniferous Forest,,Legacy Organic Resources sheet,Unique,0005E3EF,PorrimaIV-cPlanetData,002F80A0,FloraBiomeFrozen10,2026-08-10T21:01:47,1.0.0,Starfield.esm
Porrima,Porrima IV-C,Sealant,Herding Tongueface herbivore,Fauna,N,,Frozen Mountains; Coniferous Forest,Xylophage,ESM: mod_CCT_Special_Domesticate,Unique,0005E3EF,PorrimaIV-cPlanetData,001C334B,PCM_Porrima_Porrima-IV-c_Prey01,2026-08-10T21:01:47,1.0.0,Starfield.esm
Procyon A,Procyon III,Adhesive,Schooling Featherfin Filterer,Fauna,N,,Ocean,Filter-Feeder,ESM: mod_CCT_Special_Domesticate,Unique,0005E4F6,ProcyonIIIPlanetData,001C9ACB,PCM_Procyon-A_Procyon-III_Prey04_Swimmer,2026-08-10T21:01:47,1.0.0,Starfield.esm
Procyon A,Procyon III,Antimicrobial,Coralheart Herbivore,Fauna,Y,Fiber,Wetlands,Frugivore,ESM: mod_CCT_Special_Domesticate,Unique,0005E4F6,ProcyonIIIPlanetData,001C2FC1,PCM_Procyon-A_Procyon-III_Critter01,2026-08-10T21:01:47,1.0.0,Starfield.esm
Procyon A,Procyon III,Antimicrobial,Rotting Stinkroot,Flora,Y,,Wetlands,,Legacy Organic Resources sheet,Unique,0005E4F6,ProcyonIIIPlanetData,00185470,FloraBiomeWetlands03,2026-08-10T21:01:47,1.0.0,Starfield.esm
Procyon A,Procyon III,Fiber,Frost Reed,Flora,Y,,Frozen Plains,,Legacy Organic Resources sheet,Unique,0005E4F6,ProcyonIIIPlanetData,0018547A,FloraBiomeFrozen03,2026-08-10T21:01:47,1.0.0,Starfield.esm
Procyon A,Procyon III,Metabolic Agent,Herding Crabfly Grazer,Fauna,Y,Fiber,Frozen Plains,Broadly Herbivorous,ESM: mod_CCT_Special_Domesticate,Unique,0005E4F6,ProcyonIIIPlanetData,001C2FC2,PCM_Procyon-A_Procyon-III_Prey03,2026-08-10T21:01:47,1.0.0,Starfield.esm
Procyon A,Procyon III,Nutrient,Hunting Kronosaurus,Fauna,N,,Ocean,Carnivore,ESM: mod_CCT_Special_Domesticate,Unique,0005E4F6,ProcyonIIIPlanetData,001C9ACA,PCM_Procyon-A_Procyon-III_Predator04_Swimmer,2026-08-10T21:01:47,1.0.0,Starfield.esm
Procyon A,Procyon III,Nutrient,Bog Bloom,Flora,Y,,Wetlands,,Legacy Organic Resources sheet,Unique,0005E4F6,ProcyonIIIPlanetData,0018546D,FloraBiomeWetlands06,2026-08-10T21:01:47,1.0.0,Starfield.esm
Procyon A,Procyon III,Ornamental,Swamp Weed,Flora,Y,,Wetlands,,Legacy Organic Resources sheet,Unique,0005E4F6,ProcyonIIIPlanetData,00185471,FloraBiomeWetlands02,2026-08-10T21:01:47,1.0.0,Starfield.esm
Procyon A,Procyon III,Sealant,Herding Coralcrawler Grazer,Fauna,Y,Fiber,Wetlands,Broadly Herbivorous,ESM: mod_CCT_Special_Domesticate,Unique,0005E4F6,ProcyonIIIPlanetData,001C2FC3,PCM_Procyon-A_Procyon-III_Prey02,2026-08-10T21:01:47,1.0.0,Starfield.esm
Procyon A,Procyon III,Sealant,Cold Cave Nettle,Flora,Y,,Frozen Plains,,Legacy Organic Resources sheet,Unique,0005E4F6,ProcyonIIIPlanetData,002F80A0,FloraBiomeFrozen10,2026-08-10T21:01:47,1.0.0,Starfield.esm
Procyon A,Procyon III,Sedative,Flocking Octomaggot Grazer,Fauna,Y,Fiber,Wetlands,Ruminant,ESM: mod_CCT_Special_Domesticate,Unique,0005E4F6,ProcyonIIIPlanetData,001C2FC4,PCM_Procyon-A_Procyon-III_Prey01,2026-08-10T21:01:47,1.0.0,Starfield.esm
Procyon A,Procyon III,Spice,Hunting Shieldshell,Fauna,N,,Frozen Plains,Carnivore,ESM: mod_CCT_Special_Domesticate,Unique,0005E4F6,ProcyonIIIPlanetData,001C2FC5,PCM_Procyon-A_Procyon-III_Predator03,2026-08-10T21:01:47,1.0.0,Starfield.esm
Procyon A,Procyon III,Stimulant,Pack Coralcrab Stalker,Fauna,N,,Wetlands,Carnivore,ESM: mod_CCT_Special_Domesticate,Unique,0005E4F6,ProcyonIIIPlanetData,001C2FC7,PCM_Procyon-A_Procyon-III_Predator01,2026-08-10T21:01:47,1.0.0,Starfield.esm
Procyon A,Procyon III,Structural,Gossamer Scavenger,Fauna,Y,Fiber,Frozen Plains,Omnivore,ESM: mod_CCT_Special_Domesticate,Unique,0005E4F6,ProcyonIIIPlanetData,001C2FC0,PCM_Procyon-A_Procyon-III_Critter02_Floater,2026-08-10T21:01:47,1.0.0,Starfield.esm
Procyon A,Procyon III,Toxin Agent,PCM_Procyon-A_Procyon-III_Predator02,Fauna,N,,Wetlands,Carnivore,ESM: mod_CCT_Special_Domesticate,No legacy match,0005E4F6,ProcyonIIIPlanetData,001C2FC6,PCM_Procyon-A_Procyon-III_Predator02,2026-08-10T21:01:47,1.0.0,Starfield.esm
Proxima Ternion,Proxima Ternion III,Fiber,Scarlet Hillfrond,Flora,N,,Hills; Savanna,,Legacy Organic Resources sheet,Unique,0005DEFF,ProximaTernionIIIPlanetData,002F80B1,FloraBiomeHills09,2026-08-10T21:01:47,1.0.0,Starfield.esm
Proxima Ternion,Proxima Ternion III,Metabolic Agent,Herding Shellephant Grazer,Fauna,N,,Hills; Savanna,Broadly Herbivorous,ESM: mod_CCT_Special_Domesticate,Unique,0005DEFF,ProximaTernionIIIPlanetData,001C2AE2,PCM_Proxima-Ternion_Proxima-Ternion-III_Prey01,2026-08-10T21:01:47,1.0.0,Starfield.esm
Proxima Ternion,Proxima Ternion III,Nutrient,Twilight Cradleleaf,Flora,Y,,Swamp; Hills; Savanna,,Legacy Organic Resources sheet,Unique,0005DEFF,ProximaTernionIIIPlanetData,002F80D4,FloraBiomeSavanna10,2026-08-10T21:01:47,1.0.0,Starfield.esm
Proxima Ternion,Proxima Ternion III,Ornamental,Flocking Ankylosaurus Grazer,Fauna,N,,Savanna,Broadly Herbivorous,ESM: mod_CCT_Special_Domesticate,Unique,0005DEFF,ProximaTernionIIIPlanetData,001C2AE1,PCM_Proxima-Ternion_Proxima-Ternion-III_Prey02,2026-08-10T21:01:47,1.0.0,Starfield.esm
Proxima Ternion,Proxima Ternion III,Sealant,Fallen Star Palm,Flora,N,,Swamp; Hills; Savanna,,Legacy Organic Resources sheet,Unique,0005DEFF,ProximaTernionIIIPlanetData,002F80D1,FloraBiomeSavanna09,2026-08-10T21:01:47,1.0.0,Starfield.esm
Proxima Ternion,Proxima Ternion III,Sedative,Apex Dragon,Fauna,N,,Hills; Savanna,Carnivore,ESM: mod_CCT_Special_Domesticate,Unique,0005DEFF,ProximaTernionIIIPlanetData,001C2AE4,PCM_Proxima-Ternion_Proxima-Ternion-III_Predator01,2026-08-10T21:01:47,1.0.0,Starfield.esm
Proxima Ternion,Proxima Ternion III,Sedative,Sweeping Silkweed,Flora,N,,Swamp,,Legacy Organic Resources sheet,Unique,0005DEFF,ProximaTernionIIIPlanetData,00185499,FloraBiomeArchipelago05,2026-08-10T21:01:47,1.0.0,Starfield.esm
Proxima Ternion,Proxima Ternion III,Structural,Hunting Bonecrest,Fauna,N,,Savanna,Carnivore,ESM: mod_CCT_Special_Domesticate,Unique,0005DEFF,ProximaTernionIIIPlanetData,001C2AE3,PCM_Proxima-Ternion_Proxima-Ternion-III_Predator02,2026-08-10T21:01:47,1.0.0,Starfield.esm
Proxima Ternion,Proxima Ternion III,Toxin Agent,PCM_Proxima-Ternion_Proxima-Ternion-III_Critter01,Fauna,Y,Fiber,Frozen Plains; Swamp; Hills; Savanna,Ruminant,ESM: mod_CCT_Special_Domesticate,No legacy match,0005DEFF,ProximaTernionIIIPlanetData,001C2AE0,PCM_Proxima-Ternion_Proxima-Ternion-III_Critter01,2026-08-10T21:01:47,1.0.0,Starfield.esm
Proxima Ternion,Proxima Ternion IV,Structural,Pack Beetlecrab,Fauna,Y,Nutrient,Volcanic; Mountains; Hills,Carnivore,ESM: mod_CCT_Special_Domesticate,Unique,0005DF00,ProximaTernionIVPlanetData,001C1F6F,PCM_Proxima-Ternion_Proxima-Ternion-IV_Predator01,2026-08-10T21:01:47,1.0.0,Starfield.esm
Proxima Ternion,Proxima Ternion IV,Toxin Agent,PCM_Proxima-Ternion_Proxima-Ternion-IV_Critter01,Fauna,Y,Fiber,Volcanic; Mountains; Hills,Geophage,ESM: mod_CCT_Special_Domesticate,No legacy match,0005DF00,ProximaTernionIVPlanetData,001C1F6E,PCM_Proxima-Ternion_Proxima-Ternion-IV_Critter01,2026-08-10T21:01:47,1.0.0,Starfield.esm
Pyraas,Pyraas II,Adhesive,Swarming Exorunner,Fauna,Y,Nutrient,Savanna; Sandy Desert,Carnivore,ESM: mod_CCT_Special_Domesticate,Unique,0005DFC6,PyraasIIPlanetData,001A94E1,PCM_Pyraas_Pyraas-II_Predator01,2026-08-10T21:01:47,1.0.0,Starfield.esm
Pyraas,Pyraas II,Antimicrobial,Beetle Scavenger,Fauna,N,,Savanna,Omnivore,ESM: mod_CCT_Special_Domesticate,Unique,0005DFC6,PyraasIIPlanetData,001A94DB,PCM_Pyraas_Pyraas-II_Critter01,2026-08-10T21:01:47,1.0.0,Starfield.esm
Pyraas,Pyraas II,Cosmetic,Herding Trihorn Herbivore,Fauna,Y,Fiber,Savanna; Wetlands,Frugivore,ESM: mod_CCT_Special_Domesticate,Unique,0005DFC6,PyraasIIPlanetData,001A94DC,PCM_Pyraas_Pyraas-II_Prey03,2026-08-10T21:01:47,1.0.0,Starfield.esm
Pyraas,Pyraas II,Fiber,Sandclaw,Flora,N,,Volcanic; Sandy Desert; Mountains,,Legacy Organic Resources sheet,Unique,0005DFC6,PyraasIIPlanetData,00185509,FloraBiomeDesertSandy03,2026-08-10T21:01:47,1.0.0,Starfield.esm
Pyraas,Pyraas II,Hallucinogen,Broken Heart Vine,Flora,N,,Savanna,,Legacy Organic Resources sheet,Unique,0005DFC6,PyraasIIPlanetData,001854F6,FloraBiomeSavanna02,2026-08-10T21:01:47,1.0.0,Starfield.esm
Pyraas,Pyraas II,Membrane,Pack Clawback Stalker,Fauna,N,,Savanna; Wetlands,Carnivore,ESM: mod_CCT_Special_Domesticate,Unique,0005DFC6,PyraasIIPlanetData,001A94DF,PCM_Pyraas_Pyraas-II_Predator03,2026-08-10T21:01:47,1.0.0,Starfield.esm
Pyraas,Pyraas II,Metabolic Agent,PCM_Pyraas_Pyraas-II_Critter02,Fauna,N,,Mountains,Broadly Herbivorous,ESM: mod_CCT_Special_Domesticate,Ambiguous (2),0005DFC6,PyraasIIPlanetData,001A94DA,PCM_Pyraas_Pyraas-II_Critter02,2026-08-10T21:01:47,1.0.0,Starfield.esm
Pyraas,Pyraas II,Metabolic Agent,PCM_Pyraas_Pyraas-II_Prey01,Fauna,Y,Fiber,Savanna; Sandy Desert,Omnivore,ESM: mod_CCT_Special_Domesticate,Ambiguous (2),0005DFC6,PyraasIIPlanetData,001A94DE,PCM_Pyraas_Pyraas-II_Prey01,2026-08-10T21:01:47,1.0.0,Starfield.esm
Pyraas,Pyraas II,Metabolic Agent,Satellite Ghostvine,Flora,N,,Savanna; Sandy Desert,,Legacy Organic Resources sheet,Unique,0005DFC6,PyraasIIPlanetData,002F80CD,FloraBiomeSavanna07,2026-08-10T21:01:47,1.0.0,Starfield.esm
Pyraas,Pyraas II,Nutrient,Fleshleaf Filterer,Fauna,N,,Frozen Crevasses; Volcanic; Savanna; Wetlands; Sandy Desert; Mountains,Filter-Feeder,ESM: mod_CCT_Special_Domesticate,Unique,0005DFC6,PyraasIIPlanetData,00046C2D,PCM_Pyraas_Pyraas-II_Critter03,2026-08-10T21:01:47,1.0.0,Starfield.esm
Pyraas,Pyraas II,Nutrient,Hunter's Stalk,Flora,Y,,Wetlands,,Legacy Organic Resources sheet,Unique,0005DFC6,PyraasIIPlanetData,0018546C,FloraBiomeWetlands07,2026-08-10T21:01:47,1.0.0,Starfield.esm
Pyraas,Pyraas II,Ornamental,Stunted Pine,Flora,Y,,Volcanic; Mountains,,Legacy Organic Resources sheet,Unique,0005DFC6,PyraasIIPlanetData,001854D9,FloraBiomeMountains01,2026-08-10T21:01:47,1.0.0,Starfield.esm
Pyraas,Pyraas II,Sealant,Bog Bloom,Flora,Y,,Wetlands,,Legacy Organic Resources sheet,Unique,0005DFC6,PyraasIIPlanetData,0018546D,FloraBiomeWetlands06,2026-08-10T21:01:47,1.0.0,Starfield.esm
Pyraas,Pyraas II,Solvent,Pack Lacraia,Fauna,N,,Savanna; Wetlands,Carnivore,ESM: mod_CCT_Special_Domesticate,Unique,0005DFC6,PyraasIIPlanetData,001A94E0,PCM_Pyraas_Pyraas-II_Predator02,2026-08-10T21:01:47,1.0.0,Starfield.esm
Pyraas,Pyraas II,Spice,Gnaw Stalk,Flora,N,,Wetlands,,Legacy Organic Resources sheet,Unique,0005DFC6,PyraasIIPlanetData,0018546F,FloraBiomeWetlands04,2026-08-10T21:01:47,1.0.0,Starfield.esm
Pyraas,Pyraas II,Structural,Herding Vectorback Filterer,Fauna,N,,Savanna; Wetlands,Filter-Feeder,ESM: mod_CCT_Special_Domesticate,Unique,0005DFC6,PyraasIIPlanetData,001A94DD,PCM_Pyraas_Pyraas-II_Prey02,2026-08-10T21:01:47,1.0.0,Starfield.esm
Pyraas,Pyraas II,Toxin,Twilight Cradleleaf,Flora,Y,,Savanna,,Legacy Organic Resources sheet,Unique,0005DFC6,PyraasIIPlanetData,002F80D4,FloraBiomeSavanna10,2026-08-10T21:01:47,1.0.0,Starfield.esm
Pyraas,Pyraas VII-B,Cosmetic,Bog Bloom,Flora,Y,,Wetlands,,Legacy Organic Resources sheet,Unique,0005DFD4,PyraasVII-bPlanetData,0018546D,FloraBiomeWetlands06,2026-08-10T21:01:47,1.0.0,Starfield.esm
Pyraas,Pyraas VII-B,Sealant,Hunter's Stalk,Flora,Y,,Wetlands,,Legacy Organic Resources sheet,Unique,0005DFD4,PyraasVII-bPlanetData,0018546C,FloraBiomeWetlands07,2026-08-10T21:01:47,1.0.0,Starfield.esm
Pyraas,Pyraas VIII-A,Sealant,Swarmking Stingback,Fauna,Y,Nutrient,Rocky Desert; Hills; Sandy Desert,Carnivore,ESM: mod_CCT_Special_Domesticate,Unique,0005DFD9,PyraasVIII-aPlanetData,001C15F3,PCM_Pyraas_Pyraas-VIII-a_Predator01,2026-08-10T21:01:47,1.0.0,Starfield.esm
Pyraas,Pyraas VIII-A,Sedative,Herding Leafback Geophage,Fauna,N,,Rocky Desert; Hills; Sandy Desert,Geophage,ESM: mod_CCT_Special_Domesticate,Unique,0005DFD9,PyraasVIII-aPlanetData,001C15F4,PCM_Pyraas_Pyraas-VIII-a_Prey01,2026-08-10T21:01:47,1.0.0,Starfield.esm
Rana,Rana III,Amino Acids,Hunting Bonefrill,Fauna,N,,Volcanic,Carnivore,ESM: mod_CCT_Special_Domesticate,Unique,0005DF9D,RanaIIIPlanetData,001C067F,PCM_Rana_Rana-III_Predator03,2026-08-10T21:01:47,1.0.0,Starfield.esm
Rana,Rana III,Antimicrobial,Herding Tongueface Grazer,Fauna,Y,Fiber,Volcanic,Broadly Herbivorous,ESM: mod_CCT_Special_Domesticate,Unique,0005DF9D,RanaIIIPlanetData,001C0683,PCM_Rana_Rana-III_Prey04,2026-08-10T21:01:47,1.0.0,Starfield.esm
Rana,Rana III,Antimicrobial,Stinging Flutterleaf,Flora,N,,Savanna; Sandy Desert; Volcanic; Hills,,Legacy Organic Resources sheet,Unique,0005DF9D,RanaIIIPlanetData,00185505,FloraBiomeDesertSandy07,2026-08-10T21:01:47,1.0.0,Starfield.esm
Rana,Rana III,Aromatic,Pack Trapmaw,Fauna,N,,Frozen Plains,Carnivore,ESM: mod_CCT_Special_Domesticate,Unique,0005DF9D,RanaIIIPlanetData,001C0680,PCM_Rana_Rana-III_Predator02,2026-08-10T21:01:47,1.0.0,Starfield.esm
Rana,Rana III,Membrane,Twilight Cradleleaf,Flora,Y,,Savanna,,Legacy Organic Resources sheet,Unique,0005DF9D,RanaIIIPlanetData,002F80D4,FloraBiomeSavanna10,2026-08-10T21:01:47,1.0.0,Starfield.esm
Rana,Rana III,Metabolic Agent,Herding Stingray,Fauna,N,,Ocean,Broadly Herbivorous,ESM: mod_CCT_Special_Domesticate,Unique,0005DF9D,RanaIIIPlanetData,001C9ACD,PCM_Rana_Rana-III_Prey05_Swimmer,2026-08-10T21:01:47,1.0.0,Starfield.esm
Rana,Rana III,Metabolic Agent,Bleeding Heart Vine,Flora,N,,Sandy Desert; Hills,,Legacy Organic Resources sheet,Unique,0005DF9D,RanaIIIPlanetData,001854CF,FloraBiomeHills01,2026-08-10T21:01:47,1.0.0,Starfield.esm
Rana,Rana III,Nutrient,Metropus Filterer,Fauna,N,,Savanna; Frozen Plains; Sandy Desert; Volcanic; Hills,Filter-Feeder,ESM: mod_CCT_Special_Domesticate,Unique,0005DF9D,RanaIIIPlanetData,001C9ACC,PCM_Rana_Rana-III_Critter02_Floater,2026-08-10T21:01:47,1.0.0,Starfield.esm
Rana,Rana III,Ornamental,PCM_Rana_Rana-III_Critter01,Fauna,Y,Fiber,Sandy Desert; Volcanic,Omnivore,ESM: mod_CCT_Special_Domesticate,Ambiguous (2),0005DF9D,RanaIIIPlanetData,001C0682,PCM_Rana_Rana-III_Critter01,2026-08-10T21:01:47,1.0.0,Starfield.esm
Rana,Rana III,Ornamental,PCM_Rana_Rana-III_Prey02,Fauna,Y,Fiber,Frozen Plains,Broadly Herbivorous,ESM: mod_CCT_Special_Domesticate,Ambiguous (2),0005DF9D,RanaIIIPlanetData,001C0685,PCM_Rana_Rana-III_Prey02,2026-08-10T21:01:47,1.0.0,Starfield.esm
Rana,Rana III,Pigment,Flocking Lionbear Scavenger,Fauna,Y,Fiber,Savanna; Hills,Omnivore,ESM: mod_CCT_Special_Domesticate,Unique,0005DF9D,RanaIIIPlanetData,001C0686,PCM_Rana_Rana-III_Prey01,2026-08-10T21:01:47,1.0.0,Starfield.esm
Rana,Rana III,Sealant,Pack Hammersaur,Fauna,N,,Savanna; Hills,Carnivore,ESM: mod_CCT_Special_Domesticate,Unique,0005DF9D,RanaIIIPlanetData,001C0681,PCM_Rana_Rana-III_Predator01,2026-08-10T21:01:47,1.0.0,Starfield.esm
Rana,Rana III,Structural,Savanna Sweetbush,Flora,N,,Savanna; Sandy Desert,,Legacy Organic Resources sheet,Unique,0005DF9D,RanaIIIPlanetData,001854F7,FloraBiomeSavanna01,2026-08-10T21:01:47,1.0.0,Starfield.esm
Rana,Rana III,Toxin,Rosy Tendril Weed,Flora,Y,,Volcanic; Hills,,Legacy Organic Resources sheet,Unique,0005DF9D,RanaIIIPlanetData,001854E3,FloraBiomeVolcanicWorn01,2026-08-10T21:01:47,1.0.0,Starfield.esm
Rana,Rana III,Toxin Agent,PCM_Rana_Rana-III_Prey03,Fauna,Y,Fiber,Frozen Plains,Geophage,ESM: mod_CCT_Special_Domesticate,No legacy match,0005DF9D,RanaIIIPlanetData,001C0684,PCM_Rana_Rana-III_Prey03,2026-08-10T21:01:47,1.0.0,Starfield.esm
Rana,Rana IV,Hypercatalyst,Pack Stingback,Fauna,Y,Nutrient,Frozen Plains; Coniferous Forest,Carnivore,ESM: mod_CCT_Special_Domesticate,Unique,0005DF9F,RanaIVPlanetData,001BFE92,PCM_Rana_Rana-IV_Predator01,2026-08-10T21:01:47,1.0.0,Starfield.esm
Rana,Rana IV,Hypercatalyst,Stunted Pine,Flora,Y,,Mountains; Frozen Plains; Coniferous Forest,,Legacy Organic Resources sheet,Unique,0005DF9F,RanaIVPlanetData,001854D9,FloraBiomeMountains01,2026-08-10T21:01:47,1.0.0,Starfield.esm
Rana,Rana IV,Metabolic Agent,Pack Cockroach,Fauna,Y,Nutrient,Frozen Plains; Coniferous Forest,Carnivore,ESM: mod_CCT_Special_Domesticate,Unique,0005DF9F,RanaIVPlanetData,001BFE90,PCM_Rana_Rana-IV_Predator02,2026-08-10T21:01:47,1.0.0,Starfield.esm
Rana,Rana IV,Nutrient,Spaceroach Grazer,Fauna,Y,Fiber,Mountains; Coniferous Forest,Broadly Herbivorous,ESM: mod_CCT_Special_Domesticate,Unique,0005DF9F,RanaIVPlanetData,001BFE8F,PCM_Rana_Rana-IV_Critter01,2026-08-10T21:01:47,1.0.0,Starfield.esm
Rana,Rana IV,Structural,Herding Clawback Herbivore,Fauna,Y,Fiber,Frozen Plains; Coniferous Forest,Xylophage,ESM: mod_CCT_Special_Domesticate,Unique,0005DF9F,RanaIVPlanetData,001BFE91,PCM_Rana_Rana-IV_Prey01,2026-08-10T21:01:47,1.0.0,Starfield.esm
Rana,Rana IV,Structural,Chillhook,Flora,Y,,Mountains; Frozen Plains; Coniferous Forest,,Legacy Organic Resources sheet,Disambiguated by ESM name,0005DF9F,RanaIVPlanetData,002F8098,FloraBiomeFrozen06,2026-08-10T21:01:47,1.0.0,Starfield.esm
Rana,Rana IV,Structural,Starburst Silkweed,Flora,Y,,Coniferous Forest,,Legacy Organic Resources sheet,Disambiguated by ESM name,0005DF9F,RanaIVPlanetData,0018547E,FloraBiomeForestConiferous09,2026-08-10T21:01:47,1.0.0,Starfield.esm
Rana,Rana VI-A,Antimicrobial,Bellona Bush,Flora,Y,,Swamp,,Legacy Organic Resources sheet,Unique,0005DFA3,RanaVI-aPlanetData,0018549A,FloraBiomeArchipelago04,2026-08-10T21:01:47,1.0.0,Starfield.esm
Rana,Rana VI-A,Cosmetic,Pack Whaleshark,Fauna,N,,Ocean; Swamp,Carnivore,ESM: mod_CCT_Special_Domesticate,Unique,0005DFA3,RanaVI-aPlanetData,001BEE10,PCM_Rana_Rana-VI-a_Predator01,2026-08-10T21:01:47,1.0.0,Starfield.esm
Rana,Rana VI-A,Nutrient,Shoaling Finback Grazer,Fauna,Y,Fiber,Ocean; Swamp,Broadly Herbivorous,ESM: mod_CCT_Special_Domesticate,Unique,0005DFA3,RanaVI-aPlanetData,001BEE0D,PCM_Rana_Rana-VI-a_Prey02,2026-08-10T21:01:47,1.0.0,Starfield.esm
Rana,Rana VI-A,Nutrient,Aruna Goldenglow,Flora,Y,,Swamp,,Legacy Organic Resources sheet,Disambiguated by ESM name,0005DFA3,RanaVI-aPlanetData,00185496,FloraBiomeArchipelago08,2026-08-10T21:01:47,1.0.0,Starfield.esm
Rana,Rana VI-A,Nutrient,Flame Vine,Flora,Y,,Swamp,,Legacy Organic Resources sheet,Disambiguated by ESM name,0005DFA3,RanaVI-aPlanetData,0018549C,FloraBiomeArchipelago02,2026-08-10T21:01:47,1.0.0,Starfield.esm
Rana,Rana VI-A,Sealant,Pack Kronosaurus,Fauna,N,,Ocean; Swamp,Carnivore,ESM: mod_CCT_Special_Domesticate,Unique,0005DFA3,RanaVI-aPlanetData,001BEE0F,PCM_Rana_Rana-VI-a_Predator02,2026-08-10T21:01:47,1.0.0,Starfield.esm
Rana,Rana VI-A,Sealant,Spike Spit Trap,Flora,N,,Swamp,,Legacy Organic Resources sheet,Unique,0005DFA3,RanaVI-aPlanetData,00185494,FloraBiomeArchipelago10,2026-08-10T21:01:47,1.0.0,Starfield.esm
Rana,Rana VI-A,Toxin Agent,PCM_Rana_Rana-VI-a_Prey01,Fauna,N,,Ocean; Swamp,Filter-Feeder,ESM: mod_CCT_Special_Domesticate,No legacy match,0005DFA3,RanaVI-aPlanetData,001BEE0E,PCM_Rana_Rana-VI-a_Prey01,2026-08-10T21:01:47,1.0.0,Starfield.esm
Rasalhague,Rasalhague II,Cosmetic,Swarming Glider,Fauna,Y,Nutrient,Mountains; Deciduous Forest; Plateau; Savanna,Carnivore,ESM: mod_CCT_Special_Domesticate,Unique,0005E104,RasalhagueIIPlanetData,001BEAD7,PCM_Rasalhague_Rasalhague-II_Predator01,2026-08-10T21:01:47,1.0.0,Starfield.esm
Rasalhague,Rasalhague II,Fiber,Twilight Cradleleaf,Flora,Y,,Plateau; Savanna,,Legacy Organic Resources sheet,Unique,0005E104,RasalhagueIIPlanetData,002F80D4,FloraBiomeSavanna10,2026-08-10T21:01:47,1.0.0,Starfield.esm
Rasalhague,Rasalhague II,Metabolic Agent,Savanna Sweetbush,Flora,N,,Plateau; Savanna,,Legacy Organic Resources sheet,Unique,0005E104,RasalhagueIIPlanetData,001854F7,FloraBiomeSavanna01,2026-08-10T21:01:47,1.0.0,Starfield.esm
Rasalhague,Rasalhague II,Nutrient,Flocking Scarab Herbivore,Fauna,Y,Fiber,Mountains; Deciduous Forest,Xylophage,ESM: mod_CCT_Special_Domesticate,Unique,0005E104,RasalhagueIIPlanetData,001BEAD2,PCM_Rasalhague_Rasalhague-II_Prey02,2026-08-10T21:01:47,1.0.0,Starfield.esm
Rasalhague,Rasalhague II,Sealant,Herding Leecher Grazer,Fauna,Y,Fiber,Plateau; Savanna,Ruminant,ESM: mod_CCT_Special_Domesticate,Unique,0005E104,RasalhagueIIPlanetData,001BEAD3,PCM_Rasalhague_Rasalhague-II_Prey01,2026-08-10T21:01:47,1.0.0,Starfield.esm
Rasalhague,Rasalhague II,Structural,Aurora Palm,Flora,N,,Mountains; Deciduous Forest,,Legacy Organic Resources sheet,Unique,0005E104,RasalhagueIIPlanetData,002F80BB,FloraBiomeMountains10,2026-08-10T21:01:47,1.0.0,Starfield.esm
Rivera,Rivera I,Antimicrobial,Gasping Fireleaf,Flora,N,,Rocky Desert,,Legacy Organic Resources sheet,Unique,0005E539,RiveraIPlanetData,001854FB,FloraBiomeDesertRocky07,2026-08-10T21:01:47,1.0.0,Starfield.esm
Rivera,Rivera I,Aromatic,Pack Ankylosaurus,Fauna,Y,Nutrient,Coniferous Forest; Hills,Carnivore,ESM: mod_CCT_Special_Domesticate,Unique,0005E539,RiveraIPlanetData,001BB064,PCM_Rivera_Rivera-I_Predator01,2026-08-10T21:01:47,1.0.0,Starfield.esm
Rivera,Rivera I,Lubricant,Pack Cutterhead,Fauna,Y,Nutrient,Volcanic; Mountains; Rocky Desert,Carnivore,ESM: mod_CCT_Special_Domesticate,Unique,0005E539,RiveraIPlanetData,001BB061,PCM_Rivera_Rivera-I_Predator04,2026-08-10T21:01:47,1.0.0,Starfield.esm
Rivera,Rivera I,Metabolic Agent,Flamethorn Grazer,Fauna,Y,Fiber,Volcanic; Mountains; Rocky Desert,Broadly Herbivorous,ESM: mod_CCT_Special_Domesticate,Unique,0005E539,RiveraIPlanetData,001BB05F,PCM_Rivera_Rivera-I_Critter02,2026-08-10T21:01:47,1.0.0,Starfield.esm
Rivera,Rivera I,Metabolic Agent,Jealous Heart Vine,Flora,N,,Volcanic; Rocky Desert,,Legacy Organic Resources sheet,Unique,0005E539,RiveraIPlanetData,002F80CA,FloraBiomeVolcanicRough10,2026-08-10T21:01:47,1.0.0,Starfield.esm
Rivera,Rivera I,Nutrient,Broadleaf Rose,Flora,Y,,Mountains; Coniferous Forest; Hills,,Legacy Organic Resources sheet,Unique,0005E539,RiveraIPlanetData,00185489,FloraBiomeForestConiferous01,2026-08-10T21:01:47,1.0.0,Starfield.esm
Rivera,Rivera I,Ornamental,Pack Lionbear,Fauna,Y,Nutrient,Coniferous Forest; Hills,Carnivore,ESM: mod_CCT_Special_Domesticate,Unique,0005E539,RiveraIPlanetData,001BB063,PCM_Rivera_Rivera-I_Predator02,2026-08-10T21:01:47,1.0.0,Starfield.esm
Rivera,Rivera I,Pigment,Tubecrawler Herbivore,Fauna,Y,Fiber,Coniferous Forest; Hills,Xylophage,ESM: mod_CCT_Special_Domesticate,Unique,0005E539,RiveraIPlanetData,001BB060,PCM_Rivera_Rivera-I_Critter01,2026-08-10T21:01:47,1.0.0,Starfield.esm
Rivera,Rivera I,Sealant,Ash Sweeper,Flora,N,,Volcanic; Mountains; Rocky Desert,,Legacy Organic Resources sheet,Unique,0005E539,RiveraIPlanetData,001854EC,FloraBiomeVolcanicRough02,2026-08-10T21:01:47,1.0.0,Starfield.esm
Rivera,Rivera I,Spice,Pack Exorunner,Fauna,N,,Volcanic; Mountains; Rocky Desert,Carnivore,ESM: mod_CCT_Special_Domesticate,Unique,0005E539,RiveraIPlanetData,001BB062,PCM_Rivera_Rivera-I_Predator03,2026-08-10T21:01:47,1.0.0,Starfield.esm
Rivera,Rivera I,Structural,Bleeding Heart Vine,Flora,N,,Mountains; Coniferous Forest; Hills,,Legacy Organic Resources sheet,Unique,0005E539,RiveraIPlanetData,001854CF,FloraBiomeHills01,2026-08-10T21:01:47,1.0.0,Starfield.esm
Rivera,Rivera I,Toxin,Stunted Pine,Flora,Y,,Mountains,,Legacy Organic Resources sheet,Unique,0005E539,RiveraIPlanetData,001854D9,FloraBiomeMountains01,2026-08-10T21:01:47,1.0.0,Starfield.esm
Rutherford,Rutherford III,Fiber,Abyss Pine Seedling,Flora,Y,,Swamp; Deciduous Forest; Coniferous Forest,,Legacy Organic Resources sheet,Unique,0005E3B5,RutherfordIIIPlanetData,00185488,FloraBiomeForestConiferous02,2026-08-10T21:01:47,1.0.0,Starfield.esm
Rutherford,Rutherford III,Hallucinogen,Hunting Sailgator Scavenger,Fauna,N,,Savanna,Omnivore,ESM: mod_CCT_Special_Domesticate,Unique,0005E3B5,RutherfordIIIPlanetData,001B1DE1,PCM_Rutherford_Rutherford-III_Prey03,2026-08-10T21:01:47,1.0.0,Starfield.esm
Rutherford,Rutherford III,Hallucinogen,Spike Spit Trap,Flora,N,,Swamp; Savanna,,Legacy Organic Resources sheet,Unique,0005E3B5,RutherfordIIIPlanetData,00185494,FloraBiomeArchipelago10,2026-08-10T21:01:47,1.0.0,Starfield.esm
Rutherford,Rutherford III,Membrane,Herding Brainsprout Grazer,Fauna,N,,Savanna,Broadly Herbivorous,ESM: mod_CCT_Special_Domesticate,Unique,0005E3B5,RutherfordIIIPlanetData,001B1DE5,PCM_Rutherford_Rutherford-III_Prey02,2026-08-10T21:01:47,1.0.0,Starfield.esm
Rutherford,Rutherford III,Membrane,Twilight Cradleleaf,Flora,Y,,Swamp; Savanna,,Legacy Organic Resources sheet,Unique,0005E3B5,RutherfordIIIPlanetData,002F80D4,FloraBiomeSavanna10,2026-08-10T21:01:47,1.0.0,Starfield.esm
Rutherford,Rutherford III,Metabolic Agent,Beetle Scavenger,Fauna,N,,Deciduous Forest; Coniferous Forest,Omnivore,ESM: mod_CCT_Special_Domesticate,Unique,0005E3B5,RutherfordIIIPlanetData,001B1743,PCM_Rutherford_Rutherford-III_Critter01,2026-08-10T21:01:47,1.0.0,Starfield.esm
Rutherford,Rutherford III,Nutrient,Terra Root,Flora,Y,,Swamp; Deciduous Forest; Coniferous Forest,,Legacy Organic Resources sheet,Unique,0005E3B5,RutherfordIIIPlanetData,0018547D,FloraBiomeForestConiferous10,2026-08-10T21:01:47,1.0.0,Starfield.esm
Rutherford,Rutherford III,Ornamental,Herding Glider Herbivore,Fauna,Y,Fiber,Deciduous Forest; Coniferous Forest,Xylophage,ESM: mod_CCT_Special_Domesticate,Unique,0005E3B5,RutherfordIIIPlanetData,001B1DE7,PCM_Rutherford_Rutherford-III_Prey01,2026-08-10T21:01:47,1.0.0,Starfield.esm
Rutherford,Rutherford III,Polymer,Swarming Crab Stalker,Fauna,Y,Nutrient,Savanna,Carnivore,ESM: mod_CCT_Special_Domesticate,Unique,0005E3B5,RutherfordIIIPlanetData,001B1DE9,PCM_Rutherford_Rutherford-III_Predator02,2026-08-10T21:01:47,1.0.0,Starfield.esm
Rutherford,Rutherford III,Sealant,Pack Bonefrill,Fauna,N,,Deciduous Forest; Coniferous Forest,Carnivore,ESM: mod_CCT_Special_Domesticate,Unique,0005E3B5,RutherfordIIIPlanetData,001B1DEA,PCM_Rutherford_Rutherford-III_Predator01,2026-08-10T21:01:47,1.0.0,Starfield.esm
Rutherford,Rutherford III,Sealant,Flame Vine,Flora,Y,,Swamp; Deciduous Forest; Savanna,,Legacy Organic Resources sheet,Unique,0005E3B5,RutherfordIIIPlanetData,0018549C,FloraBiomeArchipelago02,2026-08-10T21:01:47,1.0.0,Starfield.esm
Rutherford,Rutherford III,Spice,Pearl Herbivore,Fauna,N,,Swamp; Frozen Mountains; Savanna,Frugivore,ESM: mod_CCT_Special_Domesticate,Unique,0005E3B5,RutherfordIIIPlanetData,001B1742,PCM_Rutherford_Rutherford-III_Critter02,2026-08-10T21:01:47,1.0.0,Starfield.esm
Rutherford,Rutherford III,Structural,Nova Bloom,Flora,Y,,Savanna,,Legacy Organic Resources sheet,Unique,0005E3B5,RutherfordIIIPlanetData,001854F3,FloraBiomeSavanna05,2026-08-10T21:01:47,1.0.0,Starfield.esm
Rutherford,Rutherford III,Toxin,Savanna Sweetbush,Flora,N,,Savanna,,Legacy Organic Resources sheet,Unique,0005E3B5,RutherfordIIIPlanetData,001854F7,FloraBiomeSavanna01,2026-08-10T21:01:47,1.0.0,Starfield.esm
Schrodinger,Schrodinger III,Analgesic,Spiny Bell Cactus,Flora,Y,,Sandy Desert,,Legacy Organic Resources sheet,Unique,0005E0B6,SchrodingerIIIPlanetData,0018550B,FloraBiomeDesertSandy01,2026-08-10T21:01:47,1.0.0,Starfield.esm
Schrodinger,Schrodinger III,Antimicrobial,Beetle Scavenger,Fauna,N,,Mountains; Frozen Mountains; Hills,Omnivore,ESM: mod_CCT_Special_Domesticate,Unique,0005E0B6,SchrodingerIIIPlanetData,001A8382,PCM_Schrodinger_Schrodinger-III_Critter02,2026-08-10T21:01:47,1.0.0,Starfield.esm
Schrodinger,Schrodinger III,Fiber,Aruna Goldenglow,Flora,N,,Mountains; Hills,,Legacy Organic Resources sheet,Unique,0005E0B6,SchrodingerIIIPlanetData,001854CE,FloraBiomeHills02,2026-08-10T21:01:47,1.0.0,Starfield.esm
Schrodinger,Schrodinger III,Membrane,Flamethorn Scavenger,Fauna,N,,Sandy Desert; Hills,Omnivore,ESM: mod_CCT_Special_Domesticate,Unique,0005E0B6,SchrodingerIIIPlanetData,001A8384,PCM_Schrodinger_Schrodinger-III_Critter01,2026-08-10T21:01:47,1.0.0,Starfield.esm
Schrodinger,Schrodinger III,Metabolic Agent,Mustard Bugweed,Flora,Y,,Sandy Desert; Hills,,Legacy Organic Resources sheet,Unique,0005E0B6,SchrodingerIIIPlanetData,00185504,FloraBiomeDesertSandy08,2026-08-10T21:01:47,1.0.0,Starfield.esm
Schrodinger,Schrodinger III,Nutrient,Cassoway Grazer,Fauna,N,,Mountains; Sandy Desert; Hills,Broadly Herbivorous,ESM: mod_CCT_Special_Domesticate,Unique,0005E0B6,SchrodingerIIIPlanetData,003CB234,PCM_Schrodinger_Schrodinger-III_Critter03_Flyer,2026-08-10T21:01:47,1.0.0,Starfield.esm
Schrodinger,Schrodinger III,Nutrient,Chillhook,Flora,Y,,Mountains; Frozen Mountains,,Legacy Organic Resources sheet,Disambiguated by ESM name,0005E0B6,SchrodingerIIIPlanetData,002F8098,FloraBiomeFrozen06,2026-08-10T21:01:47,1.0.0,Starfield.esm
Schrodinger,Schrodinger III,Nutrient,Stinging Flutterleaf,Flora,N,,Sandy Desert,,Legacy Organic Resources sheet,Disambiguated by ESM name,0005E0B6,SchrodingerIIIPlanetData,00185505,FloraBiomeDesertSandy07,2026-08-10T21:01:47,1.0.0,Starfield.esm
Schrodinger,Schrodinger III,Pigment,Pack Scarab,Fauna,N,,Sandy Desert,Carnivore,ESM: mod_CCT_Special_Domesticate,Unique,0005E0B6,SchrodingerIIIPlanetData,001A838F,PCM_Schrodinger_Schrodinger-III_Predator02,2026-08-10T21:01:47,1.0.0,Starfield.esm
Schrodinger,Schrodinger III,Sealant,Herding Toadface Herbivore,Fauna,N,,Mountains; Hills,Frugivore,ESM: mod_CCT_Special_Domesticate,Unique,0005E0B6,SchrodingerIIIPlanetData,001A8385,PCM_Schrodinger_Schrodinger-III_Prey03,2026-08-10T21:01:47,1.0.0,Starfield.esm
Schrodinger,Schrodinger III,Sealant,Scarlet Hillfrond,Flora,N,,Mountains; Sandy Desert; Hills,,Legacy Organic Resources sheet,Unique,0005E0B6,SchrodingerIIIPlanetData,002F80B1,FloraBiomeHills09,2026-08-10T21:01:47,1.0.0,Starfield.esm
Schrodinger,Schrodinger III,Sedative,Herding Loxodont Grazer,Fauna,Y,Fiber,Sandy Desert,Broadly Herbivorous,ESM: mod_CCT_Special_Domesticate,Unique,0005E0B6,SchrodingerIIIPlanetData,001A838B,PCM_Schrodinger_Schrodinger-III_Prey01,2026-08-10T21:01:47,1.0.0,Starfield.esm
Schrodinger,Schrodinger III,Stimulant,Apex Ankylosaurus,Fauna,N,,Sandy Desert,Carnivore,ESM: mod_CCT_Special_Domesticate,Unique,0005E0B6,SchrodingerIIIPlanetData,001A8392,PCM_Schrodinger_Schrodinger-III_Predator01,2026-08-10T21:01:47,1.0.0,Starfield.esm
Schrodinger,Schrodinger III,Structural,Bleeding Heart Vine,Flora,N,,Mountains; Frozen Mountains; Hills,,Legacy Organic Resources sheet,Unique,0005E0B6,SchrodingerIIIPlanetData,001854CF,FloraBiomeHills01,2026-08-10T21:01:47,1.0.0,Starfield.esm
Schrodinger,Schrodinger III,Toxin,Cold Cave Nettle,Flora,Y,,Mountains; Frozen Mountains,,Legacy Organic Resources sheet,Unique,0005E0B6,SchrodingerIIIPlanetData,002F80A0,FloraBiomeFrozen10,2026-08-10T21:01:47,1.0.0,Starfield.esm
Schrodinger,Schrodinger III,Toxin Agent,PCM_Schrodinger_Schrodinger-III_Prey02,Fauna,Y,Nutrient,Sandy Desert,Carnivore,ESM: mod_CCT_Special_Domesticate,No legacy match,0005E0B6,SchrodingerIIIPlanetData,001A838A,PCM_Schrodinger_Schrodinger-III_Prey02,2026-08-10T21:01:47,1.0.0,Starfield.esm
Schrodinger,Schrodinger III,Unique,PCM_Schrodinger_Schrodinger-III_Predator03,Fauna,Y,Nutrient,Mountains; Hills,Carnivore,ESM: mod_CCT_Special_Domesticate,No legacy match,0005E0B6,SchrodingerIIIPlanetData,001A838E,PCM_Schrodinger_Schrodinger-III_Predator03,2026-08-10T21:01:47,1.0.0,Starfield.esm
Schrodinger,Schrodinger IV,Amino Acids,Hunting Octomaggot,Fauna,N,,Swamp; Deciduous Forest; Coniferous Forest; Savanna,Carnivore,ESM: mod_CCT_Special_Domesticate,Unique,0005E0B8,SchrodingerIVPlanetData,001C48CC,PCM_Schrodinger_Schrodinger-IV_Predator01,2026-08-10T21:01:47,1.0.0,Starfield.esm
Schrodinger,Schrodinger IV,Fiber,Laga Plant,Flora,Y,,Deciduous Forest; Coniferous Forest,,Legacy Organic Resources sheet,Disambiguated by ESM name,0005E0B8,SchrodingerIVPlanetData,00185486,FloraBiomeForestConiferous04,2026-08-10T21:01:47,1.0.0,Starfield.esm
Schrodinger,Schrodinger IV,Fiber,Savage Woundwort,Flora,Y,,Swamp; Deciduous Forest; Coniferous Forest; Savanna,,Legacy Organic Resources sheet,Disambiguated by ESM name,0005E0B8,SchrodingerIVPlanetData,00185497,FloraBiomeArchipelago07,2026-08-10T21:01:47,1.0.0,Starfield.esm
Schrodinger,Schrodinger IV,Metabolic Agent,Trilibite Filterer,Fauna,N,,Swamp; Deciduous Forest; Coniferous Forest; Savanna,Filter-Feeder,ESM: mod_CCT_Special_Domesticate,Unique,0005E0B8,SchrodingerIVPlanetData,001C48CA,PCM_Schrodinger_Schrodinger-IV_Critter01,2026-08-10T21:01:47,1.0.0,Starfield.esm
Schrodinger,Schrodinger IV,Nutrient,Savanna Sweetbush,Flora,N,,Swamp; Savanna,,Legacy Organic Resources sheet,Unique,0005E0B8,SchrodingerIVPlanetData,001854F7,FloraBiomeSavanna01,2026-08-10T21:01:47,1.0.0,Starfield.esm
Schrodinger,Schrodinger IV,Spice,Herding Crabfly Grazer,Fauna,N,,Swamp; Deciduous Forest; Coniferous Forest; Savanna,Broadly Herbivorous,ESM: mod_CCT_Special_Domesticate,Unique,0005E0B8,SchrodingerIVPlanetData,001C48CB,PCM_Schrodinger_Schrodinger-IV_Prey01,2026-08-10T21:01:47,1.0.0,Starfield.esm
Schrodinger,Schrodinger IV,Structural,Starburst Silkweed,Flora,Y,,Deciduous Forest; Coniferous Forest,,Legacy Organic Resources sheet,Unique,0005E0B8,SchrodingerIVPlanetData,0018547E,FloraBiomeForestConiferous09,2026-08-10T21:01:47,1.0.0,Starfield.esm
Schrodinger,Schrodinger IV,Toxin,Twilight Cradleleaf,Flora,Y,,Swamp; Savanna,,Legacy Organic Resources sheet,Unique,0005E0B8,SchrodingerIVPlanetData,002F80D4,FloraBiomeSavanna10,2026-08-10T21:01:47,1.0.0,Starfield.esm
Schrodinger,Schrodinger VIII-A,Lubricant,Jackknife Filterer,Fauna,N,,Mountains; Deciduous Forest; Tropical Forest; Volcanic; Savanna,Filter-Feeder,ESM: mod_CCT_Special_Domesticate,Unique,0005E0C5,SchrodingerVIII-aPlanetData,001C3D04,PCM_Schrodinger_Schrodinger-VIII-a_Critter01,2026-08-10T21:01:47,1.0.0,Starfield.esm
Schrodinger,Schrodinger VIII-A,Metabolic Agent,Enduring Bugleweed,Flora,Y,,Mountains; Volcanic; Savanna,,Legacy Organic Resources sheet,Unique,0005E0C5,SchrodingerVIII-aPlanetData,001854D7,FloraBiomeMountains03,2026-08-10T21:01:47,1.0.0,Starfield.esm
Schrodinger,Schrodinger VIII-A,Nutrient,Fire Rose,Flora,Y,,Deciduous Forest; Tropical Forest,,Legacy Organic Resources sheet,Unique,0005E0C5,SchrodingerVIII-aPlanetData,002F808C,FloraBiomeForestTropical06,2026-08-10T21:01:47,1.0.0,Starfield.esm
Schrodinger,Schrodinger VIII-A,Pigment,Flocking Beetlecrab Grazer,Fauna,N,,Deciduous Forest; Tropical Forest,Broadly Herbivorous,ESM: mod_CCT_Special_Domesticate,Unique,0005E0C5,SchrodingerVIII-aPlanetData,001C3D05,PCM_Schrodinger_Schrodinger-VIII-a_Prey01,2026-08-10T21:01:47,1.0.0,Starfield.esm
Schrodinger,Schrodinger VIII-A,Sealant,Autumn Junglebloom,Flora,N,,Deciduous Forest; Tropical Forest,,Legacy Organic Resources sheet,Unique,0005E0C5,SchrodingerVIII-aPlanetData,002F8092,FloraBiomeForestTropical08,2026-08-10T21:01:47,1.0.0,Starfield.esm
Schrodinger,Schrodinger VIII-A,Sedative,Hunting Scorpion,Fauna,N,,Deciduous Forest; Tropical Forest,Carnivore,ESM: mod_CCT_Special_Domesticate,Unique,0005E0C5,SchrodingerVIII-aPlanetData,001C43D7,PCM_Schrodinger_Schrodinger-VIII-a_Predator01,2026-08-10T21:01:47,1.0.0,Starfield.esm
Schrodinger,Schrodinger VIII-A,Structural,Sweet Yellow Creeper,Flora,Y,,Deciduous Forest; Tropical Forest,,Legacy Organic Resources sheet,Unique,0005E0C5,SchrodingerVIII-aPlanetData,002F808E,FloraBiomeForestDeciduous10,2026-08-10T21:01:47,1.0.0,Starfield.esm
Serpentis,Serpentis II,Amino Acids,Herding Blistercrab Filterer,Fauna,N,,Frozen Volcanic; Mountains; Deciduous Forest; Tropical Forest; Sandy Desert; Savanna; Volcanic,Filter-Feeder,ESM: mod_CCT_Special_Domesticate,Unique,0005E240,SerpentisIIPlanetData,001C23FD,PCM_Serpentis_Serpentis-II_Prey01,2026-08-10T21:01:47,1.0.0,Starfield.esm
Serpentis,Serpentis II,Nutrient,Hunting Dragon,Fauna,N,,Frozen Volcanic; Mountains; Deciduous Forest; Tropical Forest; Sandy Desert; Savanna; Volcanic,Carnivore,ESM: mod_CCT_Special_Domesticate,Unique,0005E240,SerpentisIIPlanetData,001C23FE,PCM_Serpentis_Serpentis-II_Predator01,2026-08-10T21:01:47,1.0.0,Starfield.esm
Serpentis,Serpentis II,Nutrient,Blood Palm,Flora,N,,Mountains; Sandy Desert; Savanna; Volcanic,,Legacy Organic Resources sheet,Unique,0005E240,SerpentisIIPlanetData,002F80BF,FloraBiomeVolcanicWorn08,2026-08-10T21:01:47,1.0.0,Starfield.esm
Serpentis,Serpentis II,Sealant,Spaceroach Geophage,Fauna,N,,Frozen Volcanic; Mountains; Deciduous Forest; Tropical Forest; Sandy Desert; Savanna; Volcanic,Geophage,ESM: mod_CCT_Special_Domesticate,Unique,0005E240,SerpentisIIPlanetData,001C23FC,PCM_Serpentis_Serpentis-II_Critter01,2026-08-10T21:01:47,1.0.0,Starfield.esm
Serpentis,Serpentis II,Structural,Rosy Tendril Weed,Flora,Y,,Mountains; Tropical Forest; Sandy Desert; Volcanic,,Legacy Organic Resources sheet,Unique,0005E240,SerpentisIIPlanetData,001854E3,FloraBiomeVolcanicWorn01,2026-08-10T21:01:47,1.0.0,Starfield.esm
Serpentis,Serpentis II,Toxin,Dappled Ash Bloom,Flora,Y,,Mountains; Deciduous Forest; Sandy Desert; Volcanic,,Legacy Organic Resources sheet,Unique,0005E240,SerpentisIIPlanetData,002F80C5,FloraBiomeVolcanicWorn09,2026-08-10T21:01:47,1.0.0,Starfield.esm
Serpentis,Serpentis III,Cosmetic,Caelus Pokeweed,Flora,Y,,Swamp,,Legacy Organic Resources sheet,Unique,0005E243,SerpentisIIIPlanetData,00185495,FloraBiomeArchipelago09,2026-08-10T21:01:47,1.0.0,Starfield.esm
Serpentis,Serpentis III,Fiber,Aruna Goldenglow,Flora,Y,,Swamp,,Legacy Organic Resources sheet,Unique,0005E243,SerpentisIIIPlanetData,00185496,FloraBiomeArchipelago08,2026-08-10T21:01:47,1.0.0,Starfield.esm
Serpentis,Serpentis III,Lubricant,Brainsprout Herbivore,Fauna,N,,Swamp,Frugivore,ESM: mod_CCT_Special_Domesticate,Unique,0005E243,SerpentisIIIPlanetData,001C23F9,PCM_Serpentis_Serpentis-III_Prey02,2026-08-10T21:01:47,1.0.0,Starfield.esm
Serpentis,Serpentis III,Metabolic Agent,Herding Canard Scavenger,Fauna,N,,Ocean; Swamp,Omnivore,ESM: mod_CCT_Special_Domesticate,Unique,0005E243,SerpentisIIIPlanetData,001C23F8,PCM_Serpentis_Serpentis-III_Prey03,2026-08-10T21:01:47,1.0.0,Starfield.esm
Serpentis,Serpentis III,Nutrient,Herding Crab Grazer,Fauna,N,,Swamp,Broadly Herbivorous,ESM: mod_CCT_Special_Domesticate,Unique,0005E243,SerpentisIIIPlanetData,001C23FA,PCM_Serpentis_Serpentis-III_Prey01,2026-08-10T21:01:47,1.0.0,Starfield.esm
Serpentis,Serpentis III,Nutrient,Ice Creeper,Flora,Y,,Frozen Plains,,Legacy Organic Resources sheet,Unique,0005E243,SerpentisIIIPlanetData,002F809C,FloraBiomeFrozen08,2026-08-10T21:01:47,1.0.0,Starfield.esm
Serpentis,Serpentis III,Ornamental,Hunting Bonefrill,Fauna,N,,Swamp,Carnivore,ESM: mod_CCT_Special_Domesticate,Unique,0005E243,SerpentisIIIPlanetData,001C23FB,PCM_Serpentis_Serpentis-III_Predator01,2026-08-10T21:01:47,1.0.0,Starfield.esm
Serpentis,Serpentis III,Pigment,Thorn Filterer,Fauna,N,,Swamp; Frozen Plains,Filter-Feeder,ESM: mod_CCT_Special_Domesticate,Unique,0005E243,SerpentisIIIPlanetData,001C23F7,PCM_Serpentis_Serpentis-III_Critter01,2026-08-10T21:01:47,1.0.0,Starfield.esm
Serpentis,Serpentis III,Structural,Weeping Fireleaf,Flora,Y,,Swamp,,Legacy Organic Resources sheet,Unique,0005E243,SerpentisIIIPlanetData,001854B1,FloraBiomeArchipelago01,2026-08-10T21:01:47,1.0.0,Starfield.esm
Serpentis,Serpentis III,Toxin,Savage Woundwort,Flora,Y,,Swamp,,Legacy Organic Resources sheet,Unique,0005E243,SerpentisIIIPlanetData,00185497,FloraBiomeArchipelago07,2026-08-10T21:01:47,1.0.0,Starfield.esm
Serpentis,Serpentis IV,Amino Acids,Nautilus Grazer,Fauna,N,,Wetlands; Coniferous Forest; Savanna; Mountains,Broadly Herbivorous,ESM: mod_CCT_Special_Domesticate,Unique,0005E244,SerpentisIVPlanetData,003CB237,PCM_Serpentis_Serpentis-IV_Critter04_Flyer,2026-08-10T21:01:47,1.0.0,Starfield.esm
Serpentis,Serpentis IV,Analgesic,Herding Tuskfrog Filterer,Fauna,Y,Fiber,Savanna,Filter-Feeder,ESM: mod_CCT_Special_Domesticate,Unique,0005E244,SerpentisIVPlanetData,001A7EB4,PCM_Serpentis_Serpentis-IV_Prey01,2026-08-10T21:01:47,1.0.0,Starfield.esm
Serpentis,Serpentis IV,Fiber,Swamp Bottle Root,Flora,Y,,Wetlands; Coniferous Forest; Savanna,,Legacy Organic Resources sheet,Unique,0005E244,SerpentisIVPlanetData,0018546A,FloraBiomeWetlands09,2026-08-10T21:01:47,1.0.0,Starfield.esm
Serpentis,Serpentis IV,Membrane,PCM_Serpentis_Serpentis-IV_Prey03,Fauna,Y,Fiber,Wetlands,Xylophage,ESM: mod_CCT_Special_Domesticate,No legacy match,0005E244,SerpentisIVPlanetData,001A7EB2,PCM_Serpentis_Serpentis-IV_Prey03,2026-08-10T21:01:47,1.0.0,Starfield.esm
Serpentis,Serpentis IV,Metabolic Agent,Herding Crab Herbivore,Fauna,Y,Fiber,Wetlands,Frugivore,ESM: mod_CCT_Special_Domesticate,Unique,0005E244,SerpentisIVPlanetData,001A7EB1,PCM_Serpentis_Serpentis-IV_Prey04,2026-08-10T21:01:47,1.0.0,Starfield.esm
Serpentis,Serpentis IV,Metabolic Agent,Enduring Bugleweed,Flora,Y,,Coniferous Forest; Mountains,,Legacy Organic Resources sheet,Unique,0005E244,SerpentisIVPlanetData,001854D7,FloraBiomeMountains03,2026-08-10T21:01:47,1.0.0,Starfield.esm
Serpentis,Serpentis IV,Nutrient,PCM_Serpentis_Serpentis-IV_Prey02,Fauna,Y,Fiber,Savanna,Broadly Herbivorous,ESM: mod_CCT_Special_Domesticate,Ambiguous (2),0005E244,SerpentisIVPlanetData,001A7EB3,PCM_Serpentis_Serpentis-IV_Prey02,2026-08-10T21:01:47,1.0.0,Starfield.esm
Serpentis,Serpentis IV,Nutrient,PCM_Serpentis_Serpentis-IV_Prey06,Fauna,Y,Fiber,Coniferous Forest; Mountains,Broadly Herbivorous,ESM: mod_CCT_Special_Domesticate,Ambiguous (2),0005E244,SerpentisIVPlanetData,001A7EAF,PCM_Serpentis_Serpentis-IV_Prey06,2026-08-10T21:01:47,1.0.0,Starfield.esm
Serpentis,Serpentis IV,Nutrient,Hardy Woundwort,Flora,Y,,Wetlands; Savanna,,Legacy Organic Resources sheet,Unique,0005E244,SerpentisIVPlanetData,0018546B,FloraBiomeWetlands08,2026-08-10T21:01:47,1.0.0,Starfield.esm
Serpentis,Serpentis IV,Ornamental,Pack Scorpion,Fauna,N,,Coniferous Forest; Mountains,Carnivore,ESM: mod_CCT_Special_Domesticate,Unique,0005E244,SerpentisIVPlanetData,001A7EB5,PCM_Serpentis_Serpentis-IV_Predator03,2026-08-10T21:01:47,1.0.0,Starfield.esm
Serpentis,Serpentis IV,Sealant,PCM_Serpentis_Serpentis-IV_Critter03,Fauna,Y,Fiber,Coniferous Forest; Mountains,Geophage,ESM: mod_CCT_Special_Domesticate,Ambiguous (2),0005E244,SerpentisIVPlanetData,001A7EAC,PCM_Serpentis_Serpentis-IV_Critter03,2026-08-10T21:01:47,1.0.0,Starfield.esm
Serpentis,Serpentis IV,Sealant,PCM_Serpentis_Serpentis-IV_Predator02,Fauna,N,,Wetlands,Carnivore,ESM: mod_CCT_Special_Domesticate,Ambiguous (2),0005E244,SerpentisIVPlanetData,001A7EB6,PCM_Serpentis_Serpentis-IV_Predator02,2026-08-10T21:01:47,1.0.0,Starfield.esm
Serpentis,Serpentis IV,Sealant,Satellite Ghostvine,Flora,N,,Wetlands; Coniferous Forest; Savanna; Mountains,,Legacy Organic Resources sheet,Unique,0005E244,SerpentisIVPlanetData,002F80CD,FloraBiomeSavanna07,2026-08-10T21:01:47,1.0.0,Starfield.esm
Serpentis,Serpentis IV,Sedative,Pack Clickbeetle,Fauna,N,,Savanna,Carnivore,ESM: mod_CCT_Special_Domesticate,Unique,0005E244,SerpentisIVPlanetData,001A7EB7,PCM_Serpentis_Serpentis-IV_Predator01,2026-08-10T21:01:47,1.0.0,Starfield.esm
Serpentis,Serpentis IV,Spice,Carasnail Scavenger,Fauna,Y,Fiber,Wetlands,Omnivore,ESM: mod_CCT_Special_Domesticate,Unique,0005E244,SerpentisIVPlanetData,001A7EAD,PCM_Serpentis_Serpentis-IV_Critter02,2026-08-10T21:01:47,1.0.0,Starfield.esm
Serpentis,Serpentis IV,Structural,Flocking Blistercrab Herbivore,Fauna,Y,Fiber,Coniferous Forest; Mountains,Xylophage,ESM: mod_CCT_Special_Domesticate,Unique,0005E244,SerpentisIVPlanetData,001A7EB0,PCM_Serpentis_Serpentis-IV_Prey05,2026-08-10T21:01:47,1.0.0,Starfield.esm
Serpentis,Serpentis IV,Structural,Rotting Stinkroot,Flora,Y,,Wetlands; Savanna,,Legacy Organic Resources sheet,Unique,0005E244,SerpentisIVPlanetData,00185470,FloraBiomeWetlands03,2026-08-10T21:01:47,1.0.0,Starfield.esm
Serpentis,Serpentis IV,Toxin,Crag Root,Flora,N,,Coniferous Forest; Mountains,,Legacy Organic Resources sheet,Unique,0005E244,SerpentisIVPlanetData,002F80BC,FloraBiomeMountains09,2026-08-10T21:01:47,1.0.0,Starfield.esm
Serpentis,Serpentis IV,Toxin Agent,PCM_Serpentis_Serpentis-IV_Critter01,Fauna,Y,Fiber,Savanna,Filter-Feeder,ESM: mod_CCT_Special_Domesticate,No legacy match,0005E244,SerpentisIVPlanetData,001A7EAE,PCM_Serpentis_Serpentis-IV_Critter01,2026-08-10T21:01:47,1.0.0,Starfield.esm
Shoza,Shoza II,Analgesic,Pack Twistfin,Fauna,Y,Nutrient,Mountains,Carnivore,ESM: mod_CCT_Special_Domesticate,Unique,0005E37C,ShozaIIPlanetData,001A99A6,PCM_Shoza_Shoza-II_Predator02,2026-08-10T21:01:47,1.0.0,Starfield.esm
Shoza,Shoza II,Biosuppressant,Hunting Cricket,Fauna,N,,Volcanic; Sandy Desert,Carnivore,ESM: mod_CCT_Special_Domesticate,Unique,0005E37C,ShozaIIPlanetData,001A9ACA,PCM_Shoza_Shoza-II_Predator01,2026-08-10T21:01:47,1.0.0,Starfield.esm
Shoza,Shoza II,Cosmetic,Herding Hornface Scavenger,Fauna,Y,Fiber,Volcanic; Sandy Desert,Omnivore,ESM: mod_CCT_Special_Domesticate,Unique,0005E37C,ShozaIIPlanetData,001A99A4,PCM_Shoza_Shoza-II_Prey01,2026-08-10T21:01:47,1.0.0,Starfield.esm
Shoza,Shoza II,Fiber,Sweet Yellow Creeper,Flora,Y,,Deciduous Forest; Mountains,,Legacy Organic Resources sheet,Unique,0005E37C,ShozaIIPlanetData,002F808E,FloraBiomeForestDeciduous10,2026-08-10T21:01:47,1.0.0,Starfield.esm
Shoza,Shoza II,Membrane,Coralheart Herbivore,Fauna,Y,Fiber,Mountains,Frugivore,ESM: mod_CCT_Special_Domesticate,Unique,0005E37C,ShozaIIPlanetData,001A99A0,PCM_Shoza_Shoza-II_Critter02,2026-08-10T21:01:47,1.0.0,Starfield.esm
Shoza,Shoza II,Metabolic Agent,Explorer's Coleus,Flora,Y,,Deciduous Forest,,Legacy Organic Resources sheet,Unique,0005E37C,ShozaIIPlanetData,001854BF,FloraBiomeForestDeciduous06,2026-08-10T21:01:47,1.0.0,Starfield.esm
Shoza,Shoza II,Nutrient,Haven Vine,Flora,N,,Volcanic; Sandy Desert; Mountains,,Legacy Organic Resources sheet,Unique,0005E37C,ShozaIIPlanetData,001854EA,FloraBiomeVolcanicRough04,2026-08-10T21:01:47,1.0.0,Starfield.esm
Shoza,Shoza II,Ornamental,Hunting Sunflower,Fauna,N,,Deciduous Forest,Carnivore,ESM: mod_CCT_Special_Domesticate,Unique,0005E37C,ShozaIIPlanetData,001A99A5,PCM_Shoza_Shoza-II_Predator03,2026-08-10T21:01:47,1.0.0,Starfield.esm
Shoza,Shoza II,Sealant,PCM_Shoza_Shoza-II_Critter03,Fauna,Y,Fiber,Deciduous Forest,Filter-Feeder,ESM: mod_CCT_Special_Domesticate,Ambiguous (2),0005E37C,ShozaIIPlanetData,001A999F,PCM_Shoza_Shoza-II_Critter03,2026-08-10T21:01:47,1.0.0,Starfield.esm
Shoza,Shoza II,Sealant,PCM_Shoza_Shoza-II_Prey03,Fauna,Y,Fiber,Deciduous Forest,Xylophage,ESM: mod_CCT_Special_Domesticate,Ambiguous (2),0005E37C,ShozaIIPlanetData,001A99A2,PCM_Shoza_Shoza-II_Prey03,2026-08-10T21:01:47,1.0.0,Starfield.esm
Shoza,Shoza II,Sealant,Stunted Pine,Flora,Y,,Volcanic; Deciduous Forest; Sandy Desert; Mountains,,Legacy Organic Resources sheet,Unique,0005E37C,ShozaIIPlanetData,001854D9,FloraBiomeMountains01,2026-08-10T21:01:47,1.0.0,Starfield.esm
Shoza,Shoza II,Spice,Spiral Bloom,Flora,Y,,Volcanic; Sandy Desert; Mountains,,Legacy Organic Resources sheet,Unique,0005E37C,ShozaIIPlanetData,001854D6,FloraBiomeMountains04,2026-08-10T21:01:47,1.0.0,Starfield.esm
Shoza,Shoza II,Structural,Herding Coralcrawler Filterer,Fauna,Y,Fiber,Mountains,Filter-Feeder,ESM: mod_CCT_Special_Domesticate,Unique,0005E37C,ShozaIIPlanetData,001A99A3,PCM_Shoza_Shoza-II_Prey02,2026-08-10T21:01:47,1.0.0,Starfield.esm
Shoza,Shoza II,Structural,Crater Weed,Flora,Y,,Volcanic; Deciduous Forest; Sandy Desert; Mountains,,Legacy Organic Resources sheet,Unique,0005E37C,ShozaIIPlanetData,002F80C3,FloraBiomeVolcanicRough08,2026-08-10T21:01:47,1.0.0,Starfield.esm
Shoza,Shoza II,Toxin,Leafy Morningstar,Flora,Y,,Deciduous Forest; Mountains,,Legacy Organic Resources sheet,Unique,0005E37C,ShozaIIPlanetData,001854C3,FloraBiomeForestDeciduous02,2026-08-10T21:01:47,1.0.0,Starfield.esm
Shoza,Shoza II,Toxin Agent,PCM_Shoza_Shoza-II_Critter01,Fauna,Y,Fiber,Volcanic; Sandy Desert,Filter-Feeder,ESM: mod_CCT_Special_Domesticate,No legacy match,0005E37C,ShozaIIPlanetData,001A99A1,PCM_Shoza_Shoza-II_Critter01,2026-08-10T21:01:47,1.0.0,Starfield.esm
Shoza,Shoza III,Adhesive,Hunting Tentabeard,Fauna,Y,Nutrient,Savanna,Carnivore,ESM: mod_CCT_Special_Domesticate,Unique,0005E37E,ShozaIIIPlanetData,001A999E,PCM_Shoza_Shoza-III_Predator01,2026-08-10T21:01:47,1.0.0,Starfield.esm
Shoza,Shoza III,Antimicrobial,Pack Shardhopper,Fauna,N,,Wetlands,Carnivore,ESM: mod_CCT_Special_Domesticate,Unique,0005E37E,ShozaIIIPlanetData,001A999C,PCM_Shoza_Shoza-III_Predator03,2026-08-10T21:01:47,1.0.0,Starfield.esm
Shoza,Shoza III,Aromatic,Herding Mantodea Grazer,Fauna,Y,Fiber,Wetlands,Broadly Herbivorous,ESM: mod_CCT_Special_Domesticate,Unique,0005E37E,ShozaIIIPlanetData,001A9999,PCM_Shoza_Shoza-III_Prey03,2026-08-10T21:01:47,1.0.0,Starfield.esm
Shoza,Shoza III,Fiber,Sweeping Silkweed,Flora,N,,Swamp; Wetlands,,Legacy Organic Resources sheet,Unique,0005E37E,ShozaIIIPlanetData,00185499,FloraBiomeArchipelago05,2026-08-10T21:01:47,1.0.0,Starfield.esm
Shoza,Shoza III,Hallucinogen,Sage Shrub,Flora,Y,,Savanna,,Legacy Organic Resources sheet,Unique,0005E37E,ShozaIIIPlanetData,001854F4,FloraBiomeSavanna04,2026-08-10T21:01:47,1.0.0,Starfield.esm
Shoza,Shoza III,Membrane,Milliwhale Geophage,Fauna,N,,Savanna,Geophage,ESM: mod_CCT_Special_Domesticate,Unique,0005E37E,ShozaIIIPlanetData,001A9998,PCM_Shoza_Shoza-III_Critter01,2026-08-10T21:01:47,1.0.0,Starfield.esm
Shoza,Shoza III,Metabolic Agent,Artichoke Filterer,Fauna,Y,Fiber,Swamp; Wetlands,Filter-Feeder,ESM: mod_CCT_Special_Domesticate,Unique,0005E37E,ShozaIIIPlanetData,001A9996,PCM_Shoza_Shoza-III_Critter03,2026-08-10T21:01:47,1.0.0,Starfield.esm
Shoza,Shoza III,Metabolic Agent,Hunter's Stalk,Flora,Y,,Swamp; Wetlands,,Legacy Organic Resources sheet,Unique,0005E37E,ShozaIIIPlanetData,0018546C,FloraBiomeWetlands07,2026-08-10T21:01:47,1.0.0,Starfield.esm
Shoza,Shoza III,Nutrient,Glowhands Grazer,Fauna,Y,Fiber,Mountains,Ruminant,ESM: mod_CCT_Special_Domesticate,Unique,0005E37E,ShozaIIIPlanetData,001A999A,PCM_Shoza_Shoza-III_Prey02,2026-08-10T21:01:47,1.0.0,Starfield.esm
Shoza,Shoza III,Nutrient,Spiral Bloom,Flora,Y,,Mountains; Savanna,,Legacy Organic Resources sheet,Unique,0005E37E,ShozaIIIPlanetData,001854D6,FloraBiomeMountains04,2026-08-10T21:01:47,1.0.0,Starfield.esm
Shoza,Shoza III,Ornamental,Schooling Paddlefish Grazer,Fauna,N,,Ocean; Swamp,Broadly Herbivorous,ESM: mod_CCT_Special_Domesticate,Unique,0005E37E,ShozaIIIPlanetData,00221DBD,PCM_Shoza_Shoza-III_Prey04_Swimmer,2026-08-10T21:01:47,1.0.0,Starfield.esm
Shoza,Shoza III,Pigment,Broken Heart Vine,Flora,N,,Savanna,,Legacy Organic Resources sheet,Unique,0005E37E,ShozaIIIPlanetData,001854F6,FloraBiomeSavanna02,2026-08-10T21:01:47,1.0.0,Starfield.esm
Shoza,Shoza III,Sealant,Flamethorn Grazer,Fauna,Y,Fiber,Mountains,Broadly Herbivorous,ESM: mod_CCT_Special_Domesticate,Unique,0005E37E,ShozaIIIPlanetData,001A9997,PCM_Shoza_Shoza-III_Critter02,2026-08-10T21:01:47,1.0.0,Starfield.esm
Shoza,Shoza III,Sealant,Swamp Pedestal,Flora,Y,,Swamp; Wetlands,,Legacy Organic Resources sheet,Unique,0005E37E,ShozaIIIPlanetData,00185472,FloraBiomeWetlands01,2026-08-10T21:01:47,1.0.0,Starfield.esm
Shoza,Shoza III,Structural,Herding Octomaggot Herbivore,Fauna,Y,Fiber,Savanna,Frugivore,ESM: mod_CCT_Special_Domesticate,Unique,0005E37E,ShozaIIIPlanetData,001A999B,PCM_Shoza_Shoza-III_Prey01,2026-08-10T21:01:47,1.0.0,Starfield.esm
Shoza,Shoza III,Structural,Nebula Vine,Flora,N,,Mountains; Savanna,,Legacy Organic Resources sheet,Unique,0005E37E,ShozaIIIPlanetData,002F80B7,FloraBiomeMountains07,2026-08-10T21:01:47,1.0.0,Starfield.esm
Shoza,Shoza III,Toxin,Weeping Fireleaf,Flora,Y,,Swamp; Wetlands,,Legacy Organic Resources sheet,Unique,0005E37E,ShozaIIIPlanetData,001854B1,FloraBiomeArchipelago01,2026-08-10T21:01:47,1.0.0,Starfield.esm
Shoza,Shoza III,Toxin Agent,PCM_Shoza_Shoza-III_Predator02,Fauna,N,,Mountains,Carnivore,ESM: mod_CCT_Special_Domesticate,No legacy match,0005E37E,ShozaIIIPlanetData,001A999D,PCM_Shoza_Shoza-III_Predator02,2026-08-10T21:01:47,1.0.0,Starfield.esm
Shoza,Shoza IV,Biosuppressant,Herding Glowhands Grazer,Fauna,N,,Deciduous Forest; Plateau; Coniferous Forest; Savanna; Mountains,Broadly Herbivorous,ESM: mod_CCT_Special_Domesticate,Unique,0005E380,ShozaIVPlanetData,001C0F2E,PCM_Shoza_Shoza-IV_Prey01,2026-08-10T21:01:47,1.0.0,Starfield.esm
Shoza,Shoza IV,Fiber,Starburst Silkweed,Flora,Y,,Deciduous Forest; Plateau; Coniferous Forest; Savanna; Mountains,,Legacy Organic Resources sheet,Unique,0005E380,ShozaIVPlanetData,0018547E,FloraBiomeForestConiferous09,2026-08-10T21:01:47,1.0.0,Starfield.esm
Shoza,Shoza IV,Metabolic Agent,Caterpillar Filterer,Fauna,N,,Deciduous Forest; Plateau; Coniferous Forest; Savanna; Mountains,Filter-Feeder,ESM: mod_CCT_Special_Domesticate,Unique,0005E380,ShozaIVPlanetData,001C0F2D,PCM_Shoza_Shoza-IV_Critter01,2026-08-10T21:01:47,1.0.0,Starfield.esm
Shoza,Shoza IV,Nutrient,Cliff Laurel,Flora,Y,,Plateau; Coniferous Forest; Mountains,,Legacy Organic Resources sheet,Unique,0005E380,ShozaIVPlanetData,001854D8,FloraBiomeMountains02,2026-08-10T21:01:47,1.0.0,Starfield.esm
Shoza,Shoza IV,Ornamental,Hunting Landshark,Fauna,N,,Deciduous Forest; Plateau; Coniferous Forest; Savanna; Mountains,Carnivore,ESM: mod_CCT_Special_Domesticate,Unique,0005E380,ShozaIVPlanetData,001C0F2F,PCM_Shoza_Shoza-IV_Predator01,2026-08-10T21:01:47,1.0.0,Starfield.esm
Shoza,Shoza IV,Structural,Atlas Weed,Flora,Y,,Deciduous Forest,,Legacy Organic Resources sheet,Disambiguated by ESM name,0005E380,ShozaIVPlanetData,001854C2,FloraBiomeForestDeciduous03,2026-08-10T21:01:47,1.0.0,Starfield.esm
Shoza,Shoza IV,Structural,Christina Bloom,Flora,Y,,Plateau; Coniferous Forest; Savanna; Mountains,,Legacy Organic Resources sheet,Disambiguated by ESM name,0005E380,ShozaIVPlanetData,00185485,FloraBiomeForestConiferous05,2026-08-10T21:01:47,1.0.0,Starfield.esm
Shoza,Shoza IV,Toxin,Twilight Cradleleaf,Flora,Y,,Savanna,,Legacy Organic Resources sheet,Unique,0005E380,ShozaIVPlanetData,002F80D4,FloraBiomeSavanna10,2026-08-10T21:01:47,1.0.0,Starfield.esm
Shoza,Shoza V,Polymer,Bitter Orange Root,Flora,Y,,Plateau,,Legacy Organic Resources sheet,Unique,0005E381,ShozaVPlanetData,0018548E,FloraBiomeCanyons06,2026-08-10T21:01:47,1.0.0,Starfield.esm
Shoza,Shoza V,Structural,Golden Sand Root,Flora,Y,,Rocky Desert,,Legacy Organic Resources sheet,Unique,0005E381,ShozaVPlanetData,001854FE,FloraBiomeDesertRocky04,2026-08-10T21:01:47,1.0.0,Starfield.esm
Sparta,Sparta III,Fiber,Pinecone Geophage,Fauna,N,,Deciduous Forest; Coniferous Forest; Mountains; Volcanic,Geophage,ESM: mod_CCT_Special_Domesticate,Unique,0005E222,SpartaIIIPlanetData,001C0F2A,PCM_Sparta_Sparta-III_Critter01,2026-08-10T21:01:47,1.0.0,Starfield.esm
Sparta,Sparta III,Pigment,Flocking Leafbug Herbivore,Fauna,N,,Deciduous Forest; Coniferous Forest; Mountains; Volcanic,Xylophage,ESM: mod_CCT_Special_Domesticate,Unique,0005E222,SpartaIIIPlanetData,001C0F2B,PCM_Sparta_Sparta-III_Prey01,2026-08-10T21:01:47,1.0.0,Starfield.esm
Sparta,Sparta III,Sealant,Hunting Shieldshell,Fauna,N,,Deciduous Forest; Coniferous Forest; Mountains; Volcanic,Carnivore,ESM: mod_CCT_Special_Domesticate,Unique,0005E222,SpartaIIIPlanetData,001C0F2C,PCM_Sparta_Sparta-III_Predator01,2026-08-10T21:01:47,1.0.0,Starfield.esm
Sparta,Sparta III,Sealant,Golden Creeper,Flora,Y,,Deciduous Forest; Coniferous Forest,,Legacy Organic Resources sheet,Unique,0005E222,SpartaIIIPlanetData,00185487,FloraBiomeForestConiferous03,2026-08-10T21:01:47,1.0.0,Starfield.esm
Sparta,Sparta III,Structural,Ash Sweeper,Flora,N,,Volcanic,,Legacy Organic Resources sheet,Disambiguated by ESM name,0005E222,SpartaIIIPlanetData,001854EC,FloraBiomeVolcanicRough02,2026-08-10T21:01:47,1.0.0,Starfield.esm
Sparta,Sparta III,Structural,Spitting Pokeweed,Flora,N,,Deciduous Forest; Coniferous Forest,,Legacy Organic Resources sheet,Disambiguated by ESM name,0005E222,SpartaIIIPlanetData,001854BC,FloraBiomeForestDeciduous09,2026-08-10T21:01:47,1.0.0,Starfield.esm
Sparta,Sparta III,Toxin,Cliff Laurel,Flora,Y,,Mountains,,Legacy Organic Resources sheet,Unique,0005E222,SpartaIIIPlanetData,001854D8,FloraBiomeMountains02,2026-08-10T21:01:47,1.0.0,Starfield.esm
Sparta,Sparta IV,Antimicrobial,Drone Filterer,Fauna,N,,Deciduous Forest; Coniferous Forest,Filter-Feeder,ESM: mod_CCT_Special_Domesticate,Unique,0005E224,SpartaIVPlanetData,001BB95C,PCM_Sparta_Sparta-IV_Critter02,2026-08-10T21:01:47,1.0.0,Starfield.esm
Sparta,Sparta IV,Aromatic,Swarming Spiderwasp,Fauna,N,,Deciduous Forest; Coniferous Forest,Carnivore,ESM: mod_CCT_Special_Domesticate,Unique,0005E224,SpartaIVPlanetData,001BB960,PCM_Sparta_Sparta-IV_Predator02,2026-08-10T21:01:47,1.0.0,Starfield.esm
Sparta,Sparta IV,Cosmetic,Herding Sporeback Grazer,Fauna,N,,Deciduous Forest; Coniferous Forest,Broadly Herbivorous,ESM: mod_CCT_Special_Domesticate,Unique,0005E224,SpartaIVPlanetData,001BB95F,PCM_Sparta_Sparta-IV_Prey01,2026-08-10T21:01:47,1.0.0,Starfield.esm
Sparta,Sparta IV,Fiber,Sweet Yellow Creeper,Flora,Y,,Deciduous Forest; Coniferous Forest,,Legacy Organic Resources sheet,Unique,0005E224,SpartaIVPlanetData,002F808E,FloraBiomeForestDeciduous10,2026-08-10T21:01:47,1.0.0,Starfield.esm
Sparta,Sparta IV,Metabolic Agent,Schooling Sawhead Grazer,Fauna,N,,Ocean,Broadly Herbivorous,ESM: mod_CCT_Special_Domesticate,Unique,0005E224,SpartaIVPlanetData,00221DBE,PCM_Sparta_Sparta-IV_Prey03_Swimmer,2026-08-10T21:01:47,1.0.0,Starfield.esm
Sparta,Sparta IV,Metabolic Agent,Spirit Laurel,Flora,Y,,Deciduous Forest; Coniferous Forest,,Legacy Organic Resources sheet,Unique,0005E224,SpartaIVPlanetData,001854BE,FloraBiomeForestDeciduous07,2026-08-10T21:01:47,1.0.0,Starfield.esm
Sparta,Sparta IV,Nutrient,Flamethorn Scavenger,Fauna,N,,Deciduous Forest; Coniferous Forest,Omnivore,ESM: mod_CCT_Special_Domesticate,Unique,0005E224,SpartaIVPlanetData,001BB95D,PCM_Sparta_Sparta-IV_Critter01,2026-08-10T21:01:47,1.0.0,Starfield.esm
Sparta,Sparta IV,Nutrient,Christina Bloom,Flora,Y,,Deciduous Forest; Coniferous Forest,,Legacy Organic Resources sheet,Unique,0005E224,SpartaIVPlanetData,00185485,FloraBiomeForestConiferous05,2026-08-10T21:01:47,1.0.0,Starfield.esm
Sparta,Sparta IV,Sealant,Pack Hammersaur,Fauna,N,,Deciduous Forest; Coniferous Forest,Carnivore,ESM: mod_CCT_Special_Domesticate,Unique,0005E224,SpartaIVPlanetData,001BB961,PCM_Sparta_Sparta-IV_Predator01,2026-08-10T21:01:47,1.0.0,Starfield.esm
Sparta,Sparta IV,Sealant,Cage Brain,Flora,N,,Deciduous Forest,,Legacy Organic Resources sheet,Unique,0005E224,SpartaIVPlanetData,002E0887,FloraBiomeCageBrain01,2026-08-10T21:01:47,1.0.0,Starfield.esm
Sparta,Sparta IV,Stimulant,Cagebrain Herbivore,Fauna,N,,Deciduous Forest; Coniferous Forest,Xylophage,ESM: mod_CCT_Special_Domesticate,Unique,0005E224,SpartaIVPlanetData,001BB95E,PCM_Sparta_Sparta-IV_Prey02,2026-08-10T21:01:47,1.0.0,Starfield.esm
Sparta,Sparta IV,Structural,Golden Creeper,Flora,Y,,Deciduous Forest; Coniferous Forest,,Legacy Organic Resources sheet,Unique,0005E224,SpartaIVPlanetData,00185487,FloraBiomeForestConiferous03,2026-08-10T21:01:47,1.0.0,Starfield.esm
Sparta,Sparta IV,Toxin,Forest Wisp,Flora,Y,,Deciduous Forest; Coniferous Forest,,Legacy Organic Resources sheet,Unique,0005E224,SpartaIVPlanetData,00185484,FloraBiomeForestConiferous06,2026-08-10T21:01:47,1.0.0,Starfield.esm
Strix,Strix I,Fiber,Triworm Filterer,Fauna,N,,Frozen Mountains; Mountains,Filter-Feeder,ESM: mod_CCT_Special_Domesticate,Unique,0005DF86,StrixIPlanetData,001A6347,PCM_Strix_Strix-I_Critter02,2026-08-10T21:01:47,1.0.0,Starfield.esm
Strix,Strix I,Fiber,Altar Clusterpod,Flora,Y,,Volcanic; Sandy Desert; Craters,,Legacy Organic Resources sheet,Unique,0005DF86,StrixIPlanetData,001854A1,FloraBiomeCratered06,2026-08-10T21:01:47,1.0.0,Starfield.esm
Strix,Strix I,Hallucinogen,Herding Scoopback Geophage,Fauna,Y,Fiber,Sandy Desert,Geophage,ESM: mod_CCT_Special_Domesticate,Unique,0005DF86,StrixIPlanetData,001A634B,PCM_Strix_Strix-I_Prey01,2026-08-10T21:01:47,1.0.0,Starfield.esm
Strix,Strix I,Membrane,Thorn Geophage,Fauna,N,,Volcanic; Sandy Desert; Craters,Geophage,ESM: mod_CCT_Special_Domesticate,Unique,0005DF86,StrixIPlanetData,001A6348,PCM_Strix_Strix-I_Critter01,2026-08-10T21:01:47,1.0.0,Starfield.esm
Strix,Strix I,Metabolic Agent,Sandclaw,Flora,N,,Sandy Desert,,Legacy Organic Resources sheet,Disambiguated by ESM name,0005DF86,StrixIPlanetData,00185509,FloraBiomeDesertSandy03,2026-08-10T21:01:47,1.0.0,Starfield.esm
Strix,Strix I,Metabolic Agent,Sub-Zero Silkweed,Flora,N,,Frozen Mountains; Mountains,,Legacy Organic Resources sheet,Disambiguated by ESM name,0005DF86,StrixIPlanetData,0018547C,FloraBiomeFrozen01,2026-08-10T21:01:47,1.0.0,Starfield.esm
Strix,Strix I,Nutrient,Flocking Nautiloos Filterer,Fauna,N,,Volcanic; Craters,Filter-Feeder,ESM: mod_CCT_Special_Domesticate,Unique,0005DF86,StrixIPlanetData,001A6349,PCM_Strix_Strix-I_Prey03,2026-08-10T21:01:47,1.0.0,Starfield.esm
Strix,Strix I,Nutrient,Frigid Palm,Flora,Y,,Frozen Mountains; Mountains,,Legacy Organic Resources sheet,Disambiguated by ESM name,0005DF86,StrixIPlanetData,0018547B,FloraBiomeFrozen02,2026-08-10T21:01:47,1.0.0,Starfield.esm
Strix,Strix I,Nutrient,Wanderer's Husk,Flora,,,Sandy Desert,,,Ambiguous (2),0005DF86,StrixIPlanetData,00185507,FloraBiomeDesertSandy05,2026-08-10T21:01:47,1.0.0,Starfield.esm
Strix,Strix I,Ornamental,Swarming Shardhopper Scavenger,Fauna,Y,Fiber,Sandy Desert,Omnivore,ESM: mod_CCT_Special_Domesticate,Unique,0005DF86,StrixIPlanetData,001A634E,PCM_Strix_Strix-I_Predator01,2026-08-10T21:01:47,1.0.0,Starfield.esm
Strix,Strix I,Sedative,Swarming Noid,Fauna,N,,Volcanic; Craters,Carnivore,ESM: mod_CCT_Special_Domesticate,Unique,0005DF86,StrixIPlanetData,001A634C,PCM_Strix_Strix-I_Predator03,2026-08-10T21:01:47,1.0.0,Starfield.esm
Strix,Strix I,Structural,Swarming Arachnofly Scavenger,Fauna,Y,Fiber,Sandy Desert,Omnivore,ESM: mod_CCT_Special_Domesticate,Unique,0005DF86,StrixIPlanetData,001A634D,PCM_Strix_Strix-I_Predator02,2026-08-10T21:01:47,1.0.0,Starfield.esm
Strix,Strix I,Structural,Spiny Ghost Cactus,Flora,Y,,Volcanic; Craters,,Legacy Organic Resources sheet,Unique,0005DF86,StrixIPlanetData,001854EB,FloraBiomeVolcanicRough03,2026-08-10T21:01:47,1.0.0,Starfield.esm
Strix,Strix I,Toxin,Aurora Palm,Flora,N,,Mountains,,Legacy Organic Resources sheet,Unique,0005DF86,StrixIPlanetData,002F80BB,FloraBiomeMountains10,2026-08-10T21:01:47,1.0.0,Starfield.esm
Strix,Strix III-A,Analgesic,Dovefoot Pedestal,Flora,N,,Craters,,Legacy Organic Resources sheet,Unique,0005DF8C,StrixIII-aPlanetData,001854A5,FloraBiomeCratered02,2026-08-10T21:01:47,1.0.0,Starfield.esm
Strix,Strix III-A,Fiber,Mountain Silkweed,Flora,N,,Mountains,,Legacy Organic Resources sheet,Unique,0005DF8C,StrixIII-aPlanetData,002F80B5,FloraBiomeMountains06,2026-08-10T21:01:47,1.0.0,Starfield.esm
Strix,Strix III-A,Nutrient,Sleeping Giant Thorn,Flora,Y,,Rocky Desert,,Legacy Organic Resources sheet,Unique,0005DF8C,StrixIII-aPlanetData,001854FC,FloraBiomeDesertRocky06,2026-08-10T21:01:47,1.0.0,Starfield.esm
Strix,Strix III-A,Structural,Mimic Pokeweed,Flora,Y,,Craters; Hills,,Legacy Organic Resources sheet,Unique,0005DF8C,StrixIII-aPlanetData,001854A3,FloraBiomeCratered04,2026-08-10T21:01:47,1.0.0,Starfield.esm
Syrma,Syrma III,Cosmetic,Flocking Earback Grazer,Fauna,N,,Volcanic; Mountains; Deciduous Forest; Coniferous Forest; Hills; Craters,Broadly Herbivorous,ESM: mod_CCT_Special_Domesticate,Unique,0005DF29,SyrmaIIIPlanetData,001B70D9,PCM_Syrma_Syrma-III_Prey01,2026-08-10T21:01:47,1.0.0,Starfield.esm
Syrma,Syrma III,Fiber,Worm Geophage,Fauna,N,,Volcanic; Mountains; Deciduous Forest; Coniferous Forest; Hills; Craters,Geophage,ESM: mod_CCT_Special_Domesticate,Unique,0005DF29,SyrmaIIIPlanetData,001B70D8,PCM_Syrma_Syrma-III_Critter01,2026-08-10T21:01:47,1.0.0,Starfield.esm
Syrma,Syrma III,Metabolic Agent,Sweet Canis Vine,Flora,Y,,Mountains; Deciduous Forest; Coniferous Forest,,Legacy Organic Resources sheet,Unique,0005DF29,SyrmaIIIPlanetData,00185483,FloraBiomeForestConiferous07,2026-08-10T21:01:47,1.0.0,Starfield.esm
Syrma,Syrma III,Nutrient,Bowing Shadeleaf,Flora,Y,,Volcanic; Mountains; Hills; Craters,,Legacy Organic Resources sheet,Unique,0005DF29,SyrmaIIIPlanetData,002F80A1,FloraBiomeHills06,2026-08-10T21:01:47,1.0.0,Starfield.esm
Syrma,Syrma III,Sealant,Hunting Brainblimp,Fauna,N,,Volcanic; Mountains; Deciduous Forest; Coniferous Forest; Hills; Craters,Carnivore,ESM: mod_CCT_Special_Domesticate,Unique,0005DF29,SyrmaIIIPlanetData,001B70DA,PCM_Syrma_Syrma-III_Predator01,2026-08-10T21:01:47,1.0.0,Starfield.esm
Syrma,Syrma III,Structural,Atlas Weed,Flora,Y,,Deciduous Forest; Coniferous Forest; Hills,,Legacy Organic Resources sheet,Disambiguated by ESM name,0005DF29,SyrmaIIIPlanetData,001854C2,FloraBiomeForestDeciduous03,2026-08-10T21:01:47,1.0.0,Starfield.esm
Syrma,Syrma III,Structural,Cliff Laurel,Flora,Y,,Mountains,,Legacy Organic Resources sheet,Disambiguated by ESM name,0005DF29,SyrmaIIIPlanetData,001854D8,FloraBiomeMountains02,2026-08-10T21:01:47,1.0.0,Starfield.esm
Syrma,Syrma III,Toxin,Blood Palm,Flora,N,,Volcanic; Hills; Craters,,Legacy Organic Resources sheet,Unique,0005DF29,SyrmaIIIPlanetData,002F80BF,FloraBiomeVolcanicWorn08,2026-08-10T21:01:47,1.0.0,Starfield.esm
Syrma,Syrma IV,Analgesic,Pack Trapmaw,Fauna,N,,Swamp,Carnivore,ESM: mod_CCT_Special_Domesticate,Unique,0005DF2A,SyrmaIVPlanetData,001B70D7,PCM_Syrma_Syrma-IV_Predator01,2026-08-10T21:01:47,1.0.0,Starfield.esm
Syrma,Syrma IV,Metabolic Agent,Flocking Clawback Scavenger,Fauna,N,,Swamp,Omnivore,ESM: mod_CCT_Special_Domesticate,Unique,0005DF2A,SyrmaIVPlanetData,001B70D6,PCM_Syrma_Syrma-IV_Prey01,2026-08-10T21:01:47,1.0.0,Starfield.esm
Syrma,Syrma IV,Nutrient,Pack Skullface,Fauna,N,,Ocean; Swamp,Carnivore,ESM: mod_CCT_Special_Domesticate,Unique,0005DF2A,SyrmaIVPlanetData,00221DC0,PCM_Syrma_Syrma-IV_Predator02_Swimmer,2026-08-10T21:01:47,1.0.0,Starfield.esm
Syrma,Syrma IV,Nutrient,Crag Root,Flora,,,Swamp,,,No legacy match,0005DF2A,SyrmaIVPlanetData,0018549B,FloraBiomeArchipelago03,2026-08-10T21:01:47,1.0.0,Starfield.esm
Syrma,Syrma IV,Pigment,Schooling Lurefish Scavenger,Fauna,N,,Ocean; Swamp,Omnivore,ESM: mod_CCT_Special_Domesticate,Unique,0005DF2A,SyrmaIVPlanetData,00221DBF,PCM_Syrma_Syrma-IV_Prey02_Swimmer,2026-08-10T21:01:47,1.0.0,Starfield.esm
Syrma,Syrma IV,Sealant,Spike Spit Trap,Flora,N,,Swamp,,Legacy Organic Resources sheet,Unique,0005DF2A,SyrmaIVPlanetData,00185494,FloraBiomeArchipelago10,2026-08-10T21:01:47,1.0.0,Starfield.esm
Syrma,Syrma IV,Structural,Flame Vine,Flora,Y,,Swamp,,Legacy Organic Resources sheet,Unique,0005DF2A,SyrmaIVPlanetData,0018549C,FloraBiomeArchipelago02,2026-08-10T21:01:47,1.0.0,Starfield.esm
Syrma,Syrma IV,Toxin Agent,PCM_Syrma_Syrma-IV_Critter01,Fauna,N,,Frozen Crevasses; Swamp,Geophage,ESM: mod_CCT_Special_Domesticate,No legacy match,0005DF2A,SyrmaIVPlanetData,001B70D5,PCM_Syrma_Syrma-IV_Critter01,2026-08-10T21:01:47,1.0.0,Starfield.esm
Syrma,Syrma VII-A,Amino Acids,Hunting Hookneck,Fauna,N,,Deciduous Forest; Mountains; Swamp; Wetlands; Coniferous Forest; Hills,Carnivore,ESM: mod_CCT_Special_Domesticate,Unique,0005DF34,SyrmaVII-aPlanetData,001B4E77,PCM_Syrma_Syrma-VII-A_Predator01,2026-08-10T21:01:47,1.0.0,Starfield.esm
Syrma,Syrma VII-A,Antimicrobial,Hunting Roundshell Grazer,Fauna,N,,Deciduous Forest; Mountains; Swamp; Wetlands; Coniferous Forest; Hills,Broadly Herbivorous,ESM: mod_CCT_Special_Domesticate,Unique,0005DF34,SyrmaVII-aPlanetData,001B4E76,PCM_Syrma_Syrma-VII-A_Prey01,2026-08-10T21:01:47,1.0.0,Starfield.esm
Syrma,Syrma VII-A,Cosmetic,Spaceroach Filterer,Fauna,N,,Deciduous Forest; Mountains; Swamp; Wetlands; Coniferous Forest; Hills,Filter-Feeder,ESM: mod_CCT_Special_Domesticate,Unique,0005DF34,SyrmaVII-aPlanetData,001B4E75,PCM_Syrma_Syrma-VII-A_Critter01,2026-08-10T21:01:47,1.0.0,Starfield.esm
Syrma,Syrma VII-A,Fiber,Spitting Pokeweed,Flora,N,,Deciduous Forest; Swamp; Wetlands; Coniferous Forest; Hills,,Legacy Organic Resources sheet,Unique,0005DF34,SyrmaVII-aPlanetData,001854BC,FloraBiomeForestDeciduous09,2026-08-10T21:01:47,1.0.0,Starfield.esm
Syrma,Syrma VII-A,Metabolic Agent,Broadleaf Rose,Flora,Y,,Deciduous Forest; Mountains; Wetlands; Coniferous Forest,,Legacy Organic Resources sheet,Unique,0005DF34,SyrmaVII-aPlanetData,00185489,FloraBiomeForestConiferous01,2026-08-10T21:01:47,1.0.0,Starfield.esm
Syrma,Syrma VII-A,Nutrient,Herding Stingray Grazer,Fauna,N,,Ocean; Swamp,Broadly Herbivorous,ESM: mod_CCT_Special_Domesticate,Unique,0005DF34,SyrmaVII-aPlanetData,00221DC1,PCM_Syrma_Syrma-VII-A_Prey02_Swimmer,2026-08-10T21:01:47,1.0.0,Starfield.esm
Syrma,Syrma VII-A,Nutrient,Glossy Stickweed,Flora,Y,,Deciduous Forest; Wetlands; Coniferous Forest; Hills,,Legacy Organic Resources sheet,Unique,0005DF34,SyrmaVII-aPlanetData,0018547F,FloraBiomeForestConiferous08,2026-08-10T21:01:47,1.0.0,Starfield.esm
Syrma,Syrma VII-A,Structural,Jagged Heart leaf,Flora,Y,,Deciduous Forest; Mountains; Swamp; Wetlands; Coniferous Forest,,Legacy Organic Resources sheet,Unique,0005DF34,SyrmaVII-aPlanetData,001854C0,FloraBiomeForestDeciduous05,2026-08-10T21:01:47,1.0.0,Starfield.esm
Syrma,Syrma VII-A,Toxin,Enduring Bugleweed,Flora,Y,,Mountains; Swamp; Coniferous Forest; Hills,,Legacy Organic Resources sheet,Unique,0005DF34,SyrmaVII-aPlanetData,001854D7,FloraBiomeMountains03,2026-08-10T21:01:47,1.0.0,Starfield.esm
Tau Ceti,Tau Ceti II,Fiber,Centiskull Filterer,Fauna,Y,Fiber,Hills,Filter-Feeder,ESM: mod_CCT_Special_Domesticate,Unique,0005E0A0,TauCetiIIPlanetData,0019CDA2,PCM_Tau-Ceti_Tau-Ceti-II_Critter01,2026-08-10T21:01:47,1.0.0,Starfield.esm
Tau Ceti,Tau Ceti II,Nutrient,Herding Bonemane Grazer,Fauna,Y,Fiber,Hills,Broadly Herbivorous,ESM: mod_CCT_Special_Domesticate,Unique,0005E0A0,TauCetiIIPlanetData,0019CDA4,PCM_Tau-Ceti_Tau-Ceti-II_Prey01,2026-08-10T21:01:47,1.0.0,Starfield.esm
Tau Ceti,Tau Ceti II,Nutrient,Aruna Goldenglow,Flora,N,,Hills,,Legacy Organic Resources sheet,Unique,0005E0A0,TauCetiIIPlanetData,001854CE,FloraBiomeHills02,2026-08-10T21:01:47,1.0.0,Starfield.esm
Tau Ceti,Tau Ceti II,Sealant,Hunting Ankylosaurus,Fauna,Y,Nutrient,Hills,Carnivore,ESM: mod_CCT_Special_Domesticate,Unique,0005E0A0,TauCetiIIPlanetData,0019CDA5,PCM_Tau-Ceti_Tau-Ceti-II_Predator01,2026-08-10T21:01:47,1.0.0,Starfield.esm
Tau Ceti,Tau Ceti II,Solvent,Eggback Herbivore,Fauna,Y,Fiber,Hills,Frugivore,ESM: mod_CCT_Special_Domesticate,Unique,0005E0A0,TauCetiIIPlanetData,0019CDA3,PCM_Tau-Ceti_Tau-Ceti-II_Prey02,2026-08-10T21:01:47,1.0.0,Starfield.esm
Tau Ceti,Tau Ceti II,Structural,Crimson Gibbet,Flora,N,,Hills,,Legacy Organic Resources sheet,Unique,0005E0A0,TauCetiIIPlanetData,002F80A4,FloraBiomeHills07,2026-08-10T21:01:47,1.0.0,Starfield.esm
Tau Ceti,Tau Ceti II,Toxin,Warren Nettle,Flora,Y,,Hills,,Legacy Organic Resources sheet,Unique,0005E0A0,TauCetiIIPlanetData,002F80B3,FloraBiomeHills10,2026-08-10T21:01:47,1.0.0,Starfield.esm
Tau Ceti,Tau Ceti VIII-B,Analgesic,Pack Ankylosaurus,Fauna,N,,Mountains; Savanna,Carnivore,ESM: mod_CCT_Special_Domesticate,Unique,0005E0B0,TauCetiVIII-bPlanetData,001B4C08,PCM_Tau-Ceti_Tau-Ceti-VIII-B_Predator01,2026-08-10T21:01:47,1.0.0,Starfield.esm
Tau Ceti,Tau Ceti VIII-B,Cosmetic,Cliff Laurel,Flora,Y,,Mountains; Savanna,,Legacy Organic Resources sheet,Unique,0005E0B0,TauCetiVIII-bPlanetData,001854D8,FloraBiomeMountains02,2026-08-10T21:01:47,1.0.0,Starfield.esm
Tau Ceti,Tau Ceti VIII-B,Fiber,Aurora Palm,Flora,N,,Mountains; Savanna,,Legacy Organic Resources sheet,Unique,0005E0B0,TauCetiVIII-bPlanetData,002F80BB,FloraBiomeMountains10,2026-08-10T21:01:47,1.0.0,Starfield.esm
Tau Ceti,Tau Ceti VIII-B,Hypercatalyst,Hunting Cricket,Fauna,N,,Tropical Forest; Deciduous Forest,Carnivore,ESM: mod_CCT_Special_Domesticate,Unique,0005E0B0,TauCetiVIII-bPlanetData,001B4C07,PCM_Tau-Ceti_Tau-Ceti-VIII-B_Predator02,2026-08-10T21:01:47,1.0.0,Starfield.esm
Tau Ceti,Tau Ceti VIII-B,Membrane,Mayfly Filterer,Fauna,N,,Mountains; Tropical Forest; Frozen Plains; Deciduous Forest; Savanna,Filter-Feeder,ESM: mod_CCT_Special_Domesticate,Unique,0005E0B0,TauCetiVIII-bPlanetData,00221DC2,PCM_Tau-Ceti_Tau-Ceti-VIII-B_Critter03_Flyer,2026-08-10T21:01:47,1.0.0,Starfield.esm
Tau Ceti,Tau Ceti VIII-B,Metabolic Agent,Moth Vine,Flora,N,,Tropical Forest; Deciduous Forest,,Legacy Organic Resources sheet,Unique,0005E0B0,TauCetiVIII-bPlanetData,002F8094,FloraBiomeForestTropical09,2026-08-10T21:01:47,1.0.0,Starfield.esm
Tau Ceti,Tau Ceti VIII-B,Nutrient,Trilobite Filterer,Fauna,N,,Tropical Forest; Deciduous Forest,Filter-Feeder,ESM: mod_CCT_Special_Domesticate,Unique,0005E0B0,TauCetiVIII-bPlanetData,001B4C03,PCM_Tau-Ceti_Tau-Ceti-VIII-B_Critter02,2026-08-10T21:01:47,1.0.0,Starfield.esm
Tau Ceti,Tau Ceti VIII-B,Nutrient,Cliffberry,Flora,Y,,Mountains; Savanna,,Legacy Organic Resources sheet,Unique,0005E0B0,TauCetiVIII-bPlanetData,002F80B8,FloraBiomeMountains08,2026-08-10T21:01:47,1.0.0,Starfield.esm
Tau Ceti,Tau Ceti VIII-B,Ornamental,Flocking Trihorn Grazer,Fauna,N,,Mountains; Savanna,Broadly Herbivorous,ESM: mod_CCT_Special_Domesticate,Unique,0005E0B0,TauCetiVIII-bPlanetData,001B4C06,PCM_Tau-Ceti_Tau-Ceti-VIII-B_Prey01,2026-08-10T21:01:47,1.0.0,Starfield.esm
Tau Ceti,Tau Ceti VIII-B,Sealant,Herding Cagebrain Herbivore,Fauna,N,,Tropical Forest; Deciduous Forest,Xylophage,ESM: mod_CCT_Special_Domesticate,Unique,0005E0B0,TauCetiVIII-bPlanetData,001B4C05,PCM_Tau-Ceti_Tau-Ceti-VIII-B_Prey02,2026-08-10T21:01:47,1.0.0,Starfield.esm
Tau Ceti,Tau Ceti VIII-B,Structural,Cage Brain,Flora,N,,Tropical Forest; Deciduous Forest,,Legacy Organic Resources sheet,Unique,0005E0B0,TauCetiVIII-bPlanetData,002E0887,FloraBiomeCageBrain01,2026-08-10T21:01:47,1.0.0,Starfield.esm
Tau Ceti,Tau Ceti VIII-B,Toxin,Sweet Root,Flora,Y,,Mountains; Deciduous Forest,,Legacy Organic Resources sheet,Unique,0005E0B0,TauCetiVIII-bPlanetData,001854C4,FloraBiomeForestTropical01,2026-08-10T21:01:47,1.0.0,Starfield.esm
Tau Ceti,Tau Ceti VIII-B,Toxin Agent,PCM_Tau-Ceti_Tau-Ceti-VIII-B_Critter01,Fauna,N,,Mountains; Savanna,Filter-Feeder,ESM: mod_CCT_Special_Domesticate,No legacy match,0005E0B0,TauCetiVIII-bPlanetData,001B4C04,PCM_Tau-Ceti_Tau-Ceti-VIII-B_Critter01,2026-08-10T21:01:47,1.0.0,Starfield.esm
Tidacha,Tidacha I,Analgesic,Herding Crab Herbivore,Fauna,Y,Fiber,Swamp; Savanna,Xylophage,ESM: mod_CCT_Special_Domesticate,Unique,0005E1ED,TidachaIPlanetData,001B15A0,PCM_Tidacha_Tidacha-I_Prey02,2026-08-10T21:01:47,1.0.0,Starfield.esm
Tidacha,Tidacha I,Cosmetic,Coralheart Filterer,Fauna,Y,Fiber,Mountains; Coniferous Forest,Filter-Feeder,ESM: mod_CCT_Special_Domesticate,Unique,0005E1ED,TidachaIPlanetData,001B159F,PCM_Tidacha_Tidacha-I_Critter01,2026-08-10T21:01:47,1.0.0,Starfield.esm
Tidacha,Tidacha I,Fiber,PCM_Tidacha_Tidacha-I_Critter02,Fauna,N,,Swamp; Savanna,Broadly Herbivorous,ESM: mod_CCT_Special_Domesticate,Ambiguous (2),0005E1ED,TidachaIPlanetData,001B159E,PCM_Tidacha_Tidacha-I_Critter02,2026-08-10T21:01:47,1.0.0,Starfield.esm
Tidacha,Tidacha I,Fiber,PCM_Tidacha_Tidacha-I_Critter03_Flyer,Fauna,N,,Mountains; Swamp; Frozen Plains; Coniferous Forest; Savanna,Broadly Herbivorous,ESM: mod_CCT_Special_Domesticate,Ambiguous (2),0005E1ED,TidachaIPlanetData,00221DC3,PCM_Tidacha_Tidacha-I_Critter03_Flyer,2026-08-10T21:01:47,1.0.0,Starfield.esm
Tidacha,Tidacha I,Hallucinogen,Laga Plant,Flora,Y,,Mountains; Swamp; Coniferous Forest; Savanna,,Legacy Organic Resources sheet,Unique,0005E1ED,TidachaIPlanetData,00185486,FloraBiomeForestConiferous04,2026-08-10T21:01:47,1.0.0,Starfield.esm
Tidacha,Tidacha I,Metabolic Agent,Boreas Root,Flora,N,,Mountains; Frozen Plains; Coniferous Forest,,Legacy Organic Resources sheet,Unique,0005E1ED,TidachaIPlanetData,00185478,FloraBiomeFrozen05,2026-08-10T21:01:47,1.0.0,Starfield.esm
Tidacha,Tidacha I,Nutrient,Enduring Bugleweed,Flora,Y,,Mountains; Frozen Plains,,Legacy Organic Resources sheet,Unique,0005E1ED,TidachaIPlanetData,001854D7,FloraBiomeMountains03,2026-08-10T21:01:47,1.0.0,Starfield.esm
Tidacha,Tidacha I,Pigment,Hunting Sailgator,Fauna,N,,Mountains; Coniferous Forest,Carnivore,ESM: mod_CCT_Special_Domesticate,Unique,0005E1ED,TidachaIPlanetData,001B15A3,PCM_Tidacha_Tidacha-I_Predator01,2026-08-10T21:01:47,1.0.0,Starfield.esm
Tidacha,Tidacha I,Sealant,Swarming Dragon,Fauna,Y,Nutrient,Swamp; Savanna,Carnivore,ESM: mod_CCT_Special_Domesticate,Unique,0005E1ED,TidachaIPlanetData,001B15A2,PCM_Tidacha_Tidacha-I_Predator02,2026-08-10T21:01:47,1.0.0,Starfield.esm
Tidacha,Tidacha I,Spice,Herding Lockjaw Grazer,Fauna,Y,Fiber,Mountains; Coniferous Forest,Broadly Herbivorous,ESM: mod_CCT_Special_Domesticate,Unique,0005E1ED,TidachaIPlanetData,001B15A1,PCM_Tidacha_Tidacha-I_Prey01,2026-08-10T21:01:47,1.0.0,Starfield.esm
Tidacha,Tidacha I,Structural,Stunted Pine,Flora,Y,,Mountains; Swamp; Coniferous Forest; Savanna,,Legacy Organic Resources sheet,Unique,0005E1ED,TidachaIPlanetData,001854D9,FloraBiomeMountains01,2026-08-10T21:01:47,1.0.0,Starfield.esm
Tidacha,Tidacha I,Toxin,Ice Creeper,Flora,Y,,Mountains; Frozen Plains; Coniferous Forest,,Legacy Organic Resources sheet,Unique,0005E1ED,TidachaIPlanetData,002F809C,FloraBiomeFrozen08,2026-08-10T21:01:47,1.0.0,Starfield.esm
Toliman,Toliman II,Adhesive,Tuskfrog Grazer,Fauna,N,,Frozen Plains; Mountains; Swamp,Broadly Herbivorous,ESM: mod_CCT_Special_Domesticate,Unique,0005E587,TolimanIIPlanetData,001933DD,PCM_Toliman_Toliman-II_Prey02,2026-08-10T21:01:47,1.0.0,Starfield.esm
Toliman,Toliman II,Hallucinogen,Herding Monitor Grazer,Fauna,N,,Frozen Plains; Mountains; Swamp,Broadly Herbivorous,ESM: mod_CCT_Special_Domesticate,Unique,0005E587,TolimanIIPlanetData,001933DE,PCM_Toliman_Toliman-II_Prey01,2026-08-10T21:01:47,1.0.0,Starfield.esm
Toliman,Toliman II,Metabolic Agent,Hunting Bighorn,Fauna,N,,Frozen Plains; Mountains; Swamp,Carnivore,ESM: mod_CCT_Special_Domesticate,Unique,0005E587,TolimanIIPlanetData,001933DF,PCM_Toliman_Toliman-II_Predator02,2026-08-10T21:01:47,1.0.0,Starfield.esm
Toliman,Toliman II,None,LvlTerrormorph,Fauna,N,,Frozen Plains; Mountains; Swamp,,ESM: mod_CCT_Special_Domesticate,No legacy match,0005E587,TolimanIIPlanetData,002B2293,LvlTerrormorph,2026-08-10T21:01:47,1.0.0,Starfield.esm
Toliman,Toliman II,Nutrient,Nautilus Scavenger,Fauna,N,,Frozen Plains; Mountains; Swamp,Omnivore,ESM: mod_CCT_Special_Domesticate,Unique,0005E587,TolimanIIPlanetData,003CB239,PCM_Toliman_Toliman-II_Critter02_Flyer,2026-08-10T21:01:47,1.0.0,Starfield.esm
Toliman,Toliman II,Nutrient,Sub-Zero Silkweed,Flora,N,,Frozen Plains; Mountains; Swamp,,Legacy Organic Resources sheet,Unique,0005E587,TolimanIIPlanetData,0018547C,FloraBiomeFrozen01,2026-08-10T21:01:47,1.0.0,Starfield.esm
Toliman,Toliman II,Ornamental,Carasnail Geophage,Fauna,N,,Frozen Plains; Mountains; Swamp,Geophage,ESM: mod_CCT_Special_Domesticate,Unique,0005E587,TolimanIIPlanetData,000285D7,PCM_Toliman_Toliman-II_Critter01,2026-08-10T21:01:47,1.0.0,Starfield.esm
Toliman,Toliman II,Sealant,Tufted Snow Willow,Flora,Y,,Frozen Plains; Mountains; Swamp,,Legacy Organic Resources sheet,Unique,0005E587,TolimanIIPlanetData,00185479,FloraBiomeFrozen04,2026-08-10T21:01:47,1.0.0,Starfield.esm
Toliman,Toliman II,Spice,Frost Reed,Flora,Y,,Frozen Plains; Mountains; Swamp,,Legacy Organic Resources sheet,Unique,0005E587,TolimanIIPlanetData,0018547A,FloraBiomeFrozen03,2026-08-10T21:01:47,1.0.0,Starfield.esm
Toliman,Toliman II,Structural,Herding Glider Grazer,Fauna,N,,Frozen Plains; Mountains; Swamp,Broadly Herbivorous,ESM: mod_CCT_Special_Domesticate,Unique,0005E587,TolimanIIPlanetData,000285D6,PCM_Toliman_Toliman-II_Prey03,2026-08-10T21:01:47,1.0.0,Starfield.esm
Toliman,Toliman II,Toxin Agent,PCM_Toliman_Toliman-II_Predator01,Fauna,N,,Frozen Plains; Mountains; Swamp,Carnivore,ESM: mod_CCT_Special_Domesticate,No legacy match,0005E587,TolimanIIPlanetData,001933E0,PCM_Toliman_Toliman-II_Predator01,2026-08-10T21:01:47,1.0.0,Starfield.esm
Ursae Majoris,Ursa Major I,Metabolic Agent,Ginger Cage Vine,Flora,N,,Plateau; Sandy Desert,,Legacy Organic Resources sheet,Unique,0005E4BD,UrsaMajorIPlanetData,0018548A,FloraBiomeCanyons10,2026-08-10T21:01:47,1.0.0,Starfield.esm
Ursae Majoris,Ursa Major I,Sealant,Mustard Bugweed,Flora,Y,,Plateau; Sandy Desert,,Legacy Organic Resources sheet,Unique,0005E4BD,UrsaMajorIPlanetData,00185504,FloraBiomeDesertSandy08,2026-08-10T21:01:47,1.0.0,Starfield.esm
Ursae Majoris,Ursa Major I,Structural,Sweet Fumewort,Flora,Y,,Plateau; Sandy Desert,,Legacy Organic Resources sheet,Unique,0005E4BD,UrsaMajorIPlanetData,00185502,FloraBiomeDesertSandy10,2026-08-10T21:01:47,1.0.0,Starfield.esm
Ursae Majoris,Ursa Major I,Toxin,Red Stinging Nettle,Flora,Y,,Plateau; Sandy Desert,,Legacy Organic Resources sheet,Unique,0005E4BD,UrsaMajorIPlanetData,0018548D,FloraBiomeCanyons07,2026-08-10T21:01:47,1.0.0,Starfield.esm
Ursae Majoris,Ursa Major II,Amino Acids,Hunting Coralcrab,Fauna,Y,Nutrient,Coniferous Forest; Tropical Forest; Deciduous Forest,Carnivore,ESM: mod_CCT_Special_Domesticate,Unique,0005E4C1,UrsaMajorIIPlanetData,001A9042,PCM_Ursae-Majoris_Ursa-Major-II_Predator03,2026-08-10T21:01:47,1.0.0,Starfield.esm
Ursae Majoris,Ursa Major II,Cosmetic,Nova Bloom,Flora,Y,,Savanna; Swamp,,Legacy Organic Resources sheet,Unique,0005E4C1,UrsaMajorIIPlanetData,001854F3,FloraBiomeSavanna05,2026-08-10T21:01:47,1.0.0,Starfield.esm
Ursae Majoris,Ursa Major II,Fiber,Starpod Silkweed,Flora,N,,Savanna; Swamp,,Legacy Organic Resources sheet,Unique,0005E4C1,UrsaMajorIIPlanetData,002F80CC,FloraBiomeSavanna06,2026-08-10T21:01:47,1.0.0,Starfield.esm
Ursae Majoris,Ursa Major II,Membrane,Pack Exorunner,Fauna,N,,Mountains; Savanna,Carnivore,ESM: mod_CCT_Special_Domesticate,Unique,0005E4C1,UrsaMajorIIPlanetData,001A9044,PCM_Ursae-Majoris_Ursa-Major-II_Predator01,2026-08-10T21:01:47,1.0.0,Starfield.esm
Ursae Majoris,Ursa Major II,Metabolic Agent,Swarming Landshark,Fauna,N,,Mountains; Savanna,Carnivore,ESM: mod_CCT_Special_Domesticate,Unique,0005E4C1,UrsaMajorIIPlanetData,001A9043,PCM_Ursae-Majoris_Ursa-Major-II_Predator02,2026-08-10T21:01:47,1.0.0,Starfield.esm
Ursae Majoris,Ursa Major II,Metabolic Agent,Weeping Fireleaf,Flora,Y,,Mountains; Savanna; Swamp,,Legacy Organic Resources sheet,Unique,0005E4C1,UrsaMajorIIPlanetData,001854B1,FloraBiomeArchipelago01,2026-08-10T21:01:47,1.0.0,Starfield.esm
Ursae Majoris,Ursa Major II,Nutrient,Fallen Star Palm,Flora,N,,Savanna; Swamp,,Legacy Organic Resources sheet,Unique,0005E4C1,UrsaMajorIIPlanetData,002F80D1,FloraBiomeSavanna09,2026-08-10T21:01:47,1.0.0,Starfield.esm
Ursae Majoris,Ursa Major II,Ornamental,Herding Rockhound Grazer,Fauna,Y,Fiber,Mountains; Savanna,Broadly Herbivorous,ESM: mod_CCT_Special_Domesticate,Unique,0005E4C1,UrsaMajorIIPlanetData,001A9041,PCM_Ursae-Majoris_Ursa-Major-II_Prey01,2026-08-10T21:01:47,1.0.0,Starfield.esm
Ursae Majoris,Ursa Major II,Sealant,Spore Filterer,Fauna,Y,Fiber,Mountains; Coniferous Forest; Tropical Forest; Deciduous Forest,Filter-Feeder,ESM: mod_CCT_Special_Domesticate,Unique,0005E4C1,UrsaMajorIIPlanetData,001A903D,PCM_Ursae-Majoris_Ursa-Major-II_Critter02,2026-08-10T21:01:47,1.0.0,Starfield.esm
Ursae Majoris,Ursa Major II,Sealant,Enduring Bugleweed,Flora,Y,,Mountains; Coniferous Forest,,Legacy Organic Resources sheet,Unique,0005E4C1,UrsaMajorIIPlanetData,001854D7,FloraBiomeMountains03,2026-08-10T21:01:47,1.0.0,Starfield.esm
Ursae Majoris,Ursa Major II,Solvent,Flapwheel Scavenger,Fauna,Y,Fiber,Coniferous Forest; Tropical Forest; Deciduous Forest,Omnivore,ESM: mod_CCT_Special_Domesticate,Unique,0005E4C1,UrsaMajorIIPlanetData,001A903F,PCM_Ursae-Majoris_Ursa-Major-II_Prey03,2026-08-10T21:01:47,1.0.0,Starfield.esm
Ursae Majoris,Ursa Major II,Spice,Laga Plant,Flora,Y,,Mountains; Coniferous Forest; Tropical Forest; Deciduous Forest,,Legacy Organic Resources sheet,Unique,0005E4C1,UrsaMajorIIPlanetData,00185486,FloraBiomeForestConiferous04,2026-08-10T21:01:47,1.0.0,Starfield.esm
Ursae Majoris,Ursa Major II,Structural,Herding Vuvuzelisk Grazer,Fauna,Y,Fiber,Mountains; Savanna,Ruminant,ESM: mod_CCT_Special_Domesticate,Unique,0005E4C1,UrsaMajorIIPlanetData,001A9040,PCM_Ursae-Majoris_Ursa-Major-II_Prey02,2026-08-10T21:01:47,1.0.0,Starfield.esm
Ursae Majoris,Ursa Major II,Structural,Moth Vine,Flora,N,,Coniferous Forest; Tropical Forest; Deciduous Forest,,Legacy Organic Resources sheet,Unique,0005E4C1,UrsaMajorIIPlanetData,002F8094,FloraBiomeForestTropical09,2026-08-10T21:01:47,1.0.0,Starfield.esm
Ursae Majoris,Ursa Major II,Toxin,Spirit Laurel,Flora,Y,,Mountains; Coniferous Forest; Tropical Forest; Deciduous Forest,,Legacy Organic Resources sheet,Unique,0005E4C1,UrsaMajorIIPlanetData,001854BE,FloraBiomeForestDeciduous07,2026-08-10T21:01:47,1.0.0,Starfield.esm
Ursae Majoris,Ursa Major II,Toxin Agent,PCM_Ursae-Majoris_Ursa-Major-II_Critter01,Fauna,Y,Fiber,Mountains; Savanna,Filter-Feeder,ESM: mod_CCT_Special_Domesticate,No legacy match,0005E4C1,UrsaMajorIIPlanetData,001A903E,PCM_Ursae-Majoris_Ursa-Major-II_Critter01,2026-08-10T21:01:47,1.0.0,Starfield.esm
Ursae Minoris,Ursa Minor II,Antimicrobial,Herding Coralcrawler Grazer,Fauna,Y,Fiber,Coniferous Forest,Broadly Herbivorous,ESM: mod_CCT_Special_Domesticate,Unique,0005E4B8,UrsaMinorIIPlanetData,001B064F,PCM_Ursae-Minoris_Ursa-Minor-II_Prey01,2026-08-10T21:01:47,1.0.0,Starfield.esm
Ursae Minoris,Ursa Minor II,Aromatic,Hunting Shieldshell,Fauna,N,,Coniferous Forest,Carnivore,ESM: mod_CCT_Special_Domesticate,Unique,0005E4B8,UrsaMinorIIPlanetData,001B0650,PCM_Ursae-Minoris_Ursa-Minor-II_Predator01,2026-08-10T21:01:47,1.0.0,Starfield.esm
Ursae Minoris,Ursa Minor II,Fiber,Abyss Pine Seedling,Flora,Y,,Coniferous Forest,,Legacy Organic Resources sheet,Unique,0005E4B8,UrsaMinorIIPlanetData,00185488,FloraBiomeForestConiferous02,2026-08-10T21:01:47,1.0.0,Starfield.esm
Ursae Minoris,Ursa Minor II,Membrane,Puffball Filterer,Fauna,N,,Frozen Plains; Coniferous Forest,Filter-Feeder,ESM: mod_CCT_Special_Domesticate,Unique,0005E4B8,UrsaMinorIIPlanetData,00221DC4,PCM_Ursae-Minoris_Ursa-Minor-II_Critter02_Floater,2026-08-10T21:01:47,1.0.0,Starfield.esm
Ursae Minoris,Ursa Minor II,Metabolic Agent,Forest Wisp,Flora,Y,,Coniferous Forest,,Legacy Organic Resources sheet,Unique,0005E4B8,UrsaMinorIIPlanetData,00185484,FloraBiomeForestConiferous06,2026-08-10T21:01:47,1.0.0,Starfield.esm
Ursae Minoris,Ursa Minor II,Nutrient,Starburst Silkweed,Flora,Y,,Frozen Plains; Coniferous Forest,,Legacy Organic Resources sheet,Unique,0005E4B8,UrsaMinorIIPlanetData,0018547E,FloraBiomeForestConiferous09,2026-08-10T21:01:47,1.0.0,Starfield.esm
Ursae Minoris,Ursa Minor II,Sealant,Thorn Grazer,Fauna,Y,Fiber,Coniferous Forest,Broadly Herbivorous,ESM: mod_CCT_Special_Domesticate,Unique,0005E4B8,UrsaMinorIIPlanetData,001B064A,PCM_Ursae-Minoris_Ursa-Minor-II_Critter01,2026-08-10T21:01:47,1.0.0,Starfield.esm
Ursae Minoris,Ursa Minor II,Structural,Coralbug Scavenger,Fauna,Y,Fiber,Coniferous Forest,Omnivore,ESM: mod_CCT_Special_Domesticate,Unique,0005E4B8,UrsaMinorIIPlanetData,001B064E,PCM_Ursae-Minoris_Ursa-Minor-II_Prey02,2026-08-10T21:01:47,1.0.0,Starfield.esm
Ursae Minoris,Ursa Minor II,Toxin,Christina Bloom,Flora,Y,,Coniferous Forest,,Legacy Organic Resources sheet,Unique,0005E4B8,UrsaMinorIIPlanetData,00185485,FloraBiomeForestConiferous05,2026-08-10T21:01:47,1.0.0,Starfield.esm
Valo,Polvo,Amino Acids,Hunting Bonemane,Fauna,N,,Hills,Carnivore,ESM: mod_CCT_Special_Domesticate,Unique,0003F59B,PolvoPlanetData,00195357,PCM_Valo_Polvo_Predator02,2026-08-10T21:01:47,1.0.0,Starfield.esm
Valo,Polvo,Amino Acids,Canis Palm,Flora,Y,,Rocky Desert; Hills,,Legacy Organic Resources sheet,Unique,0003F59B,PolvoPlanetData,001854FA,FloraBiomeDesertRocky08,2026-08-10T21:01:47,1.0.0,Starfield.esm
Valo,Polvo,Antimicrobial,Herding bighorn geophage,Fauna,Y,Fiber,Rocky Desert; Hills,Geophage,ESM: mod_CCT_Special_Domesticate,Unique,0003F59B,PolvoPlanetData,00195355,PCM_Valo_Polvo_Prey02,2026-08-10T21:01:47,1.0.0,Starfield.esm
Valo,Polvo,Fiber,Barrenbulb,Flora,Y,,Rocky Desert; Hills,,Legacy Organic Resources sheet,Unique,0003F59B,PolvoPlanetData,001854FF,FloraBiomeDesertRocky03,2026-08-10T21:01:47,1.0.0,Starfield.esm
Valo,Polvo,Membrane,Schooling Bladehead grazer,Fauna,N,,Ocean,Broadly Herbivorous,ESM: mod_CCT_Special_Domesticate,Unique,0003F59B,PolvoPlanetData,00131CDD,PCM_Valo_Polvo_Prey04_Swimmer,2026-08-10T21:01:47,1.0.0,Starfield.esm
Valo,Polvo,Metabolic Agent,Grabber Filterer,Fauna,N,,Frozen Hills; Rocky Desert; Hills,Filter-Feeder,ESM: mod_CCT_Special_Domesticate,Unique,0003F59B,PolvoPlanetData,00195353,PCM_Valo_Polvo_Critter01,2026-08-10T21:01:47,1.0.0,Starfield.esm
Valo,Polvo,Nutrient,Herding trihorn grazer,Fauna,Y,Fiber,Hills,Broadly Herbivorous,ESM: mod_CCT_Special_Domesticate,Unique,0003F59B,PolvoPlanetData,00195354,PCM_Valo_Polvo_Prey03,2026-08-10T21:01:47,1.0.0,Starfield.esm
Valo,Polvo,Ornamental,Pack Kronosaurus,Fauna,N,,Ocean,Carnivore,ESM: mod_CCT_Special_Domesticate,Unique,0003F59B,PolvoPlanetData,00131CDC,PCM_Valo_Polvo_Predator03_Swimmer,2026-08-10T21:01:47,1.0.0,Starfield.esm
Valo,Polvo,Sealant,Bowing Shadeleaf,Flora,Y,,Rocky Desert; Hills,,Legacy Organic Resources sheet,Unique,0003F59B,PolvoPlanetData,002F80A1,FloraBiomeHills06,2026-08-10T21:01:47,1.0.0,Starfield.esm
Valo,Polvo,Solvent,Bleeding Heart Vine,Flora,N,,Rocky Desert; Hills,,Legacy Organic Resources sheet,Unique,0003F59B,PolvoPlanetData,001854CF,FloraBiomeHills01,2026-08-10T21:01:47,1.0.0,Starfield.esm
Valo,Polvo,Spice,Pack Vulture Stalker,Fauna,Y,Nutrient,Rocky Desert; Hills,Carnivore,ESM: mod_CCT_Special_Domesticate,Unique,0003F59B,PolvoPlanetData,00195358,PCM_Valo_Polvo_Predator01,2026-08-10T21:01:47,1.0.0,Starfield.esm
Valo,Polvo,Structural,Flocking Ankylosaurus geophage,Fauna,Y,Fiber,Rocky Desert; Hills,Geophage,ESM: mod_CCT_Special_Domesticate,Unique,0003F59B,PolvoPlanetData,00195356,PCM_Valo_Polvo_Prey01,2026-08-10T21:01:47,1.0.0,Starfield.esm
Valo,Polvo,Toxin,Aruna Goldenglow,Flora,N,,Rocky Desert; Hills,,Legacy Organic Resources sheet,Unique,0003F59B,PolvoPlanetData,001854CE,FloraBiomeHills02,2026-08-10T21:01:47,1.0.0,Starfield.esm
Vega,Vega II-C,Antimicrobial,Nautilus Scavenger,Fauna,N,,Frozen Volcanic; Coniferous Forest; Plateau; Rocky Desert,Omnivore,ESM: mod_CCT_Special_Domesticate,Unique,0005E08C,VegaII-cPlanetData,00221DC7,PCM_Vega_Vega-II-C_Critter03_Flyer,2026-08-10T21:01:47,1.0.0,Starfield.esm
Vega,Vega II-C,Fiber,Centiskull Grazer,Fauna,N,,Plateau; Rocky Desert,Broadly Herbivorous,ESM: mod_CCT_Special_Domesticate,Unique,0005E08C,VegaII-cPlanetData,001B0645,PCM_Vega_Vega-II-C_Critter01,2026-08-10T21:01:47,1.0.0,Starfield.esm
Vega,Vega II-C,Hallucinogen,Pack Scarab,Fauna,Y,Nutrient,Coniferous Forest,Carnivore,ESM: mod_CCT_Special_Domesticate,Unique,0005E08C,VegaII-cPlanetData,001B0648,PCM_Vega_Vega-II-C_Predator02,2026-08-10T21:01:47,1.0.0,Starfield.esm
Vega,Vega II-C,Metabolic Agent,Sweet Canis Vine,Flora,Y,,Coniferous Forest,,Legacy Organic Resources sheet,Unique,0005E08C,VegaII-cPlanetData,00185483,FloraBiomeForestConiferous07,2026-08-10T21:01:47,1.0.0,Starfield.esm
Vega,Vega II-C,Nutrient,Flocking Sloth Grazer,Fauna,Y,Fiber,Plateau; Rocky Desert,Broadly Herbivorous,ESM: mod_CCT_Special_Domesticate,Unique,0005E08C,VegaII-cPlanetData,001B0647,PCM_Vega_Vega-II-C_Prey01,2026-08-10T21:01:47,1.0.0,Starfield.esm
Vega,Vega II-C,Nutrient,Starburst Silkweed,Flora,Y,,Coniferous Forest,,Legacy Organic Resources sheet,Unique,0005E08C,VegaII-cPlanetData,0018547E,FloraBiomeForestConiferous09,2026-08-10T21:01:47,1.0.0,Starfield.esm
Vega,Vega II-C,Pigment,Pack Crocodaunt,Fauna,N,,Plateau; Rocky Desert,Carnivore,ESM: mod_CCT_Special_Domesticate,Unique,0005E08C,VegaII-cPlanetData,001B0649,PCM_Vega_Vega-II-C_Predator01,2026-08-10T21:01:47,1.0.0,Starfield.esm
Vega,Vega II-C,Sealant,Herding Horsamander Herbivore,Fauna,Y,Fiber,Coniferous Forest,Frugivore,ESM: mod_CCT_Special_Domesticate,Unique,0005E08C,VegaII-cPlanetData,001B0646,PCM_Vega_Vega-II-C_Prey02,2026-08-10T21:01:47,1.0.0,Starfield.esm
Vega,Vega II-C,Sealant,Titan Coleus,Flora,N,,Coniferous Forest; Plateau; Rocky Desert,,Legacy Organic Resources sheet,Unique,0005E08C,VegaII-cPlanetData,0018548F,FloraBiomeCanyons05,2026-08-10T21:01:47,1.0.0,Starfield.esm
Vega,Vega II-C,Structural,Sweetwater Cactus,Flora,Y,,Coniferous Forest; Plateau; Rocky Desert,,Legacy Organic Resources sheet,Unique,0005E08C,VegaII-cPlanetData,001854FD,FloraBiomeDesertRocky05,2026-08-10T21:01:47,1.0.0,Starfield.esm
Vega,Vega II-C,Toxin,Broadleaf Rose,Flora,Y,,Coniferous Forest; Plateau; Rocky Desert,,Legacy Organic Resources sheet,Unique,0005E08C,VegaII-cPlanetData,00185489,FloraBiomeForestConiferous01,2026-08-10T21:01:47,1.0.0,Starfield.esm
Vega,Vega II-C,Toxin Agent,PCM_Vega_Vega-II-C_Critter02,Fauna,Y,Fiber,Coniferous Forest,Geophage,ESM: mod_CCT_Special_Domesticate,No legacy match,0005E08C,VegaII-cPlanetData,001B0637,PCM_Vega_Vega-II-C_Critter02,2026-08-10T21:01:47,1.0.0,Starfield.esm
Verne,Verne II,Antimicrobial,Herding Stonewalker Grazer,Fauna,Y,Fiber,Mountains,Broadly Herbivorous,ESM: mod_CCT_Special_Domesticate,Unique,0005DF3A,VerneIIPlanetData,001B0350,PCM_Verne_Verne-II_Prey01,2026-08-10T21:01:47,1.0.0,Starfield.esm
Verne,Verne II,Cosmetic,Grub Herbivore,Fauna,Y,Fiber,Frozen Crevasses; Coniferous Forest,Xylophage,ESM: mod_CCT_Special_Domesticate,Unique,0005DF3A,VerneIIPlanetData,001B034D,PCM_Verne_Verne-II_Critter02,2026-08-10T21:01:47,1.0.0,Starfield.esm
Verne,Verne II,Fiber,Crag Root,Flora,N,,Mountains; Coniferous Forest,,Legacy Organic Resources sheet,Unique,0005DF3A,VerneIIPlanetData,002F80BC,FloraBiomeMountains09,2026-08-10T21:01:47,1.0.0,Starfield.esm
Verne,Verne II,Hallucinogen,Hunting Thornmantis,Fauna,N,,Mountains,Carnivore,ESM: mod_CCT_Special_Domesticate,Unique,0005DF3A,VerneIIPlanetData,001B0352,PCM_Verne_Verne-II_Predator01,2026-08-10T21:01:47,1.0.0,Starfield.esm
Verne,Verne II,Metabolic Agent,Cold Cave Nettle,Flora,Y,,Frozen Crevasses; Mountains; Coniferous Forest,,Legacy Organic Resources sheet,Unique,0005DF3A,VerneIIPlanetData,002F80A0,FloraBiomeFrozen10,2026-08-10T21:01:47,1.0.0,Starfield.esm
Verne,Verne II,Nutrient,Herding Lionfish Grazer,Fauna,N,,Ocean,Broadly Herbivorous,ESM: mod_CCT_Special_Domesticate,Unique,0005DF3A,VerneIIPlanetData,00221DC8,PCM_Verne_Verne-II_Prey03_Swimmer,2026-08-10T21:01:47,1.0.0,Starfield.esm
Verne,Verne II,Nutrient,Cliffberry,Flora,Y,,Mountains; Coniferous Forest,,Legacy Organic Resources sheet,Unique,0005DF3A,VerneIIPlanetData,002F80B8,FloraBiomeMountains08,2026-08-10T21:01:47,1.0.0,Starfield.esm
Verne,Verne II,Sealant,Flamethorn Herbivore,Fauna,N,,Frozen Crevasses; Mountains,Frugivore,ESM: mod_CCT_Special_Domesticate,Unique,0005DF3A,VerneIIPlanetData,001B034E,PCM_Verne_Verne-II_Critter01,2026-08-10T21:01:47,1.0.0,Starfield.esm
Verne,Verne II,Sealant,Canyon Rose,Flora,Y,,Mountains; Coniferous Forest,,Legacy Organic Resources sheet,Unique,0005DF3A,VerneIIPlanetData,00185493,FloraBiomeCanyons01,2026-08-10T21:01:47,1.0.0,Starfield.esm
Verne,Verne II,Spice,Leafstrider Herbivore,Fauna,Y,Fiber,Coniferous Forest,Frugivore,ESM: mod_CCT_Special_Domesticate,Unique,0005DF3A,VerneIIPlanetData,001B034F,PCM_Verne_Verne-II_Prey02,2026-08-10T21:01:47,1.0.0,Starfield.esm
Verne,Verne II,Structural,Golden Creeper,Flora,Y,,Mountains; Coniferous Forest,,Legacy Organic Resources sheet,Unique,0005DF3A,VerneIIPlanetData,00185487,FloraBiomeForestConiferous03,2026-08-10T21:01:47,1.0.0,Starfield.esm
Verne,Verne II,Toxin Agent,PCM_Verne_Verne-II_Predator02,Fauna,N,,Coniferous Forest,Carnivore,ESM: mod_CCT_Special_Domesticate,No legacy match,0005DF3A,VerneIIPlanetData,001B0351,PCM_Verne_Verne-II_Predator02,2026-08-10T21:01:47,1.0.0,Starfield.esm
Volii,Volii Alpha,None,Chasmbass,Fauna,N,,Ocean,Broadly Herbivorous,ESM: mod_CCT_Special_Domesticate,No legacy match,0005E3A5,VoliiAlphaPlanetData,00194835,PCM_Volii_Volii-Alpha_Prey01_Chasmbass,2026-08-10T21:01:47,1.0.0,Starfield.esm
Volii,Volii Alpha,Toxin Agent,PCM_Volii_Volii-Alpha_Predator01,Fauna,N,,Ocean,Carnivore,ESM: mod_CCT_Special_Domesticate,No legacy match,0005E3A5,VoliiAlphaPlanetData,00194837,PCM_Volii_Volii-Alpha_Predator01,2026-08-10T21:01:47,1.0.0,Starfield.esm
Volii,Volii Epsilon,Lubricant,Flocking Trident Grazer,Fauna,Y,Fiber,Mountains; Coniferous Forest; Savanna,Broadly Herbivorous,ESM: mod_CCT_Special_Domesticate,Unique,0005E3A6,VoliiEpsilonPlanetData,001B003A,PCM_Volii_Volii-Epsilon_Prey01,2026-08-10T21:01:47,1.0.0,Starfield.esm
Volii,Volii Epsilon,Structural,Carasnail Grazer,Fauna,Y,Fiber,Frozen Crevasses; Mountains; Coniferous Forest; Savanna,Broadly Herbivorous,ESM: mod_CCT_Special_Domesticate,Unique,0005E3A6,VoliiEpsilonPlanetData,001BE894,PCM_Volii_Volii-Epsilon_Critter01,2026-08-10T21:01:47,1.0.0,Starfield.esm
Xi Ophiuchi,Xi Ophiuchi VIII-B,Adhesive,Herding Coralbug,Fauna,Y,Nutrient,Mountains; Hills,Carnivore,ESM: mod_CCT_Special_Domesticate,Unique,0005E17B,XiOphiuchiVIII-bPlanetData,001A903C,PCM_Xi-Ophiuchi_Xi-Ophiuchi-VIII-b_Predator01,2026-08-10T21:01:47,1.0.0,Starfield.esm
Xi Ophiuchi,Xi Ophiuchi VIII-B,Membrane,Pack Paddlefish,Fauna,N,,Ocean,Carnivore,ESM: mod_CCT_Special_Domesticate,Unique,0005E17B,XiOphiuchiVIII-bPlanetData,00221DCA,PCM_Xi-Ophiuchi_Xi-Ophiuchi-VIII-b_Predator02_Swimmer,2026-08-10T21:01:47,1.0.0,Starfield.esm
Xi Ophiuchi,Xi Ophiuchi VIII-B,Metabolic Agent,Herding Shardhopper Geophage,Fauna,Y,Fiber,Mountains; Hills,Geophage,ESM: mod_CCT_Special_Domesticate,Unique,0005E17B,XiOphiuchiVIII-bPlanetData,001A903B,PCM_Xi-Ophiuchi_Xi-Ophiuchi-VIII-b_Prey01,2026-08-10T21:01:47,1.0.0,Starfield.esm
Xi Ophiuchi,Xi Ophiuchi VIII-B,Nutrient,Aruna Goldenglow,Flora,N,,Mountains; Hills,,Legacy Organic Resources sheet,Unique,0005E17B,XiOphiuchiVIII-bPlanetData,001854CE,FloraBiomeHills02,2026-08-10T21:01:47,1.0.0,Starfield.esm
Xi Ophiuchi,Xi Ophiuchi VIII-B,Ornamental,Schooling Seahag Filterer,Fauna,N,,Ocean,Filter-Feeder,ESM: mod_CCT_Special_Domesticate,Unique,0005E17B,XiOphiuchiVIII-bPlanetData,00221DCB,PCM_Xi-Ophiuchi_Xi-Ophiuchi-VIII-b_Prey02_Swimmer,2026-08-10T21:01:47,1.0.0,Starfield.esm
Xi Ophiuchi,Xi Ophiuchi VIII-B,Sealant,Beetle Filterer,Fauna,Y,Fiber,Mountains; Hills,Filter-Feeder,ESM: mod_CCT_Special_Domesticate,Unique,0005E17B,XiOphiuchiVIII-bPlanetData,001A903A,PCM_Xi-Ophiuchi_Xi-Ophiuchi-VIII-b_Critter01,2026-08-10T21:01:47,1.0.0,Starfield.esm
Xi Ophiuchi,Xi Ophiuchi VIII-B,Structural,Star Bloom Root,Flora,Y,,Mountains; Hills,,Legacy Organic Resources sheet,Unique,0005E17B,XiOphiuchiVIII-bPlanetData,001854D5,FloraBiomeMountains05,2026-08-10T21:01:47,1.0.0,Starfield.esm
Xi Ophiuchi,Xi Ophiuchi VIII-B,Toxin,Warren Nettle,Flora,Y,,Mountains; Hills,,Legacy Organic Resources sheet,Unique,0005E17B,XiOphiuchiVIII-bPlanetData,002F80B3,FloraBiomeHills10,2026-08-10T21:01:47,1.0.0,Starfield.esm
Zelazny,Zelazny II,Adhesive,Pack Mossasaur,Fauna,N,,Tropical Forest,Carnivore,ESM: mod_CCT_Special_Domesticate,Unique,0005DF4C,ZelaznyIIPlanetData,001A7676,PCM_Zelazny_Zelazny-II_Predator03,2026-08-10T21:01:47,1.0.0,Starfield.esm
Zelazny,Zelazny II,Aromatic,Pack Stingray,Fauna,N,,Mountains; Deciduous Forest,Carnivore,ESM: mod_CCT_Special_Domesticate,Unique,0005DF4C,ZelaznyIIPlanetData,001A7678,PCM_Zelazny_Zelazny-II_Predator01,2026-08-10T21:01:47,1.0.0,Starfield.esm
Zelazny,Zelazny II,Cosmetic,Bellona Bush,Flora,Y,,Swamp; Tropical Forest,,Legacy Organic Resources sheet,Unique,0005DF4C,ZelaznyIIPlanetData,0018549A,FloraBiomeArchipelago04,2026-08-10T21:01:47,1.0.0,Starfield.esm
Zelazny,Zelazny II,Fiber,Autumn Junglebloom,Flora,N,,Swamp; Tropical Forest,,Legacy Organic Resources sheet,Disambiguated by ESM name,0005DF4C,ZelaznyIIPlanetData,002F8092,FloraBiomeForestTropical08,2026-08-10T21:01:47,1.0.0,Starfield.esm
Zelazny,Zelazny II,Fiber,Spiral Bloom,Flora,Y,,Mountains; Coniferous Forest; Deciduous Forest,,Legacy Organic Resources sheet,Disambiguated by ESM name,0005DF4C,ZelaznyIIPlanetData,001854D6,FloraBiomeMountains04,2026-08-10T21:01:47,1.0.0,Starfield.esm
Zelazny,Zelazny II,Membrane,Flocking Longarm Herbivore,Fauna,Y,Fiber,Mountains; Deciduous Forest,Xylophage,ESM: mod_CCT_Special_Domesticate,Unique,0005DF4C,ZelaznyIIPlanetData,001A7674,PCM_Zelazny_Zelazny-II_Prey01,2026-08-10T21:01:47,1.0.0,Starfield.esm
Zelazny,Zelazny II,Metabolic Agent,Carasnail Grazer,Fauna,N,,Mountains; Deciduous Forest,Broadly Herbivorous,ESM: mod_CCT_Special_Domesticate,Unique,0005DF4C,ZelaznyIIPlanetData,001A7670,PCM_Zelazny_Zelazny-II_Critter01,2026-08-10T21:01:47,1.0.0,Starfield.esm
Zelazny,Zelazny II,Metabolic Agent,Sweeping Silkweed,Flora,N,,Swamp; Tropical Forest,,Legacy Organic Resources sheet,Unique,0005DF4C,ZelaznyIIPlanetData,00185499,FloraBiomeArchipelago05,2026-08-10T21:01:47,1.0.0,Starfield.esm
Zelazny,Zelazny II,Nutrient,Flocking Scepter Filterer,Fauna,N,,Tropical Forest,Frugivore,ESM: mod_CCT_Special_Domesticate,Unique,0005DF4C,ZelaznyIIPlanetData,001A7672,PCM_Zelazny_Zelazny-II_Prey03,2026-08-10T21:01:47,1.0.0,Starfield.esm
Zelazny,Zelazny II,Nutrient,Cliffberry,Flora,Y,,Mountains; Coniferous Forest; Deciduous Forest,,Legacy Organic Resources sheet,Unique,0005DF4C,ZelaznyIIPlanetData,002F80B8,FloraBiomeMountains08,2026-08-10T21:01:47,1.0.0,Starfield.esm
Zelazny,Zelazny II,Sealant,PCM_Zelazny_Zelazny-II_Critter02,Fauna,N,,Swamp,Filter-Feeder,ESM: mod_CCT_Special_Domesticate,Ambiguous (2),0005DF4C,ZelaznyIIPlanetData,001A766F,PCM_Zelazny_Zelazny-II_Critter02,2026-08-10T21:01:47,1.0.0,Starfield.esm
Zelazny,Zelazny II,Sealant,PCM_Zelazny_Zelazny-II_Prey04,Fauna,Y,Fiber,Ocean; Swamp,Filter-Feeder,ESM: mod_CCT_Special_Domesticate,Ambiguous (2),0005DF4C,ZelaznyIIPlanetData,001A7671,PCM_Zelazny_Zelazny-II_Prey04,2026-08-10T21:01:47,1.0.0,Starfield.esm
Zelazny,Zelazny II,Sealant,Moth Vine,Flora,N,,Swamp; Tropical Forest,,Legacy Organic Resources sheet,Unique,0005DF4C,ZelaznyIIPlanetData,002F8094,FloraBiomeForestTropical09,2026-08-10T21:01:47,1.0.0,Starfield.esm
Zelazny,Zelazny II,Structural,PCM_Zelazny_Zelazny-II_Predator02,Fauna,Y,Nutrient,Coniferous Forest; Tropical Forest,Carnivore,ESM: mod_CCT_Special_Domesticate,Ambiguous (2),0005DF4C,ZelaznyIIPlanetData,001A7677,PCM_Zelazny_Zelazny-II_Predator02,2026-08-10T21:01:47,1.0.0,Starfield.esm
Zelazny,Zelazny II,Structural,PCM_Zelazny_Zelazny-II_Prey02,Fauna,Y,Fiber,Coniferous Forest; Tropical Forest,Geophage,ESM: mod_CCT_Special_Domesticate,Ambiguous (2),0005DF4C,ZelaznyIIPlanetData,001A7673,PCM_Zelazny_Zelazny-II_Prey02,2026-08-10T21:01:47,1.0.0,Starfield.esm
Zelazny,Zelazny II,Structural,Nebula Vine,Flora,N,,Mountains; Frozen Plains; Coniferous Forest; Deciduous Forest,,Legacy Organic Resources sheet,Unique,0005DF4C,ZelaznyIIPlanetData,002F80B7,FloraBiomeMountains07,2026-08-10T21:01:47,1.0.0,Starfield.esm
Zelazny,Zelazny II,Toxin,Sweet Goldenglow,Flora,N,,Swamp; Tropical Forest,,Legacy Organic Resources sheet,Unique,0005DF4C,ZelaznyIIPlanetData,001854B9,FloraBiomeForestTropical03,2026-08-10T21:01:47,1.0.0,Starfield.esm
Zelazny,Zelazny II,Toxin Agent,PCM_Zelazny_Zelazny-II_Predator04,Fauna,N,,Ocean; Swamp,Carnivore,ESM: mod_CCT_Special_Domesticate,No legacy match,0005DF4C,ZelaznyIIPlanetData,001A7675,PCM_Zelazny_Zelazny-II_Predator04,2026-08-10T21:01:47,1.0.0,Starfield.esm
Zelazny,Zelazny III,Antimicrobial,Hunting Lockjaw,Fauna,N,,Wetlands,Carnivore,ESM: mod_CCT_Special_Domesticate,Unique,0005DF4E,ZelaznyIIIPlanetData,001A8FCF,PCM_Zelazny_Zelazny-III_Predator01,2026-08-10T21:01:47,1.0.0,Starfield.esm
Zelazny,Zelazny III,Fiber,Moth Vine,Flora,N,,Coniferous Forest; Tropical Forest,,Legacy Organic Resources sheet,Unique,0005DF4E,ZelaznyIIIPlanetData,002F8094,FloraBiomeForestTropical09,2026-08-10T21:01:47,1.0.0,Starfield.esm
Zelazny,Zelazny III,Hallucinogen,Haven Vine,Flora,N,,Volcanic; Coniferous Forest; Frozen Plains,,Legacy Organic Resources sheet,Disambiguated by ESM name,0005DF4E,ZelaznyIIIPlanetData,001854EA,FloraBiomeVolcanicRough04,2026-08-10T21:01:47,1.0.0,Starfield.esm
Zelazny,Zelazny III,Hallucinogen,Split Leaf Watercress,Flora,Y,,Tropical Forest; Wetlands,,Legacy Organic Resources sheet,Disambiguated by ESM name,0005DF4E,ZelaznyIIIPlanetData,0018546E,FloraBiomeWetlands05,2026-08-10T21:01:47,1.0.0,Starfield.esm
Zelazny,Zelazny III,Immunostimulant,Bright Fire Reed,Flora,Y,,Volcanic; Coniferous Forest; Tropical Forest,,Legacy Organic Resources sheet,Unique,0005DF4E,ZelaznyIIIPlanetData,00185492,FloraBiomeCanyons02,2026-08-10T21:01:47,1.0.0,Starfield.esm
Zelazny,Zelazny III,Membrane,Cockatrice Filterer,Fauna,N,,Volcanic; Coniferous Forest; Frozen Plains; Tropical Forest; Wetlands,Filter-Feeder,ESM: mod_CCT_Special_Domesticate,Unique,0005DF4E,ZelaznyIIIPlanetData,00131CD3,PCM_Zelazny_Zelazny-III_Critter04_Flyer,2026-08-10T21:01:47,1.0.0,Starfield.esm
Zelazny,Zelazny III,Membrane,Ice Creeper,Flora,Y,,Volcanic; Frozen Plains,,Legacy Organic Resources sheet,Unique,0005DF4E,ZelaznyIIIPlanetData,002F809C,FloraBiomeFrozen08,2026-08-10T21:01:47,1.0.0,Starfield.esm
Zelazny,Zelazny III,Metabolic Agent,Leafstrider Herbivore,Fauna,Y,Fiber,Wetlands,Frugivore,ESM: mod_CCT_Special_Domesticate,Unique,0005DF4E,ZelaznyIIIPlanetData,001A8FCA,PCM_Zelazny_Zelazny-III_Prey03,2026-08-10T21:01:47,1.0.0,Starfield.esm
Zelazny,Zelazny III,Nutrient,Trihorn Scavenger,Fauna,Y,Fiber,Wetlands,Omnivore,ESM: mod_CCT_Special_Domesticate,Unique,0005DF4E,ZelaznyIIIPlanetData,001A8FCB,PCM_Zelazny_Zelazny-III_Prey02,2026-08-10T21:01:47,1.0.0,Starfield.esm
Zelazny,Zelazny III,Nutrient,Laga Plant,Flora,Y,,Coniferous Forest,,Legacy Organic Resources sheet,Unique,0005DF4E,ZelaznyIIIPlanetData,00185486,FloraBiomeForestConiferous04,2026-08-10T21:01:47,1.0.0,Starfield.esm
Zelazny,Zelazny III,Sealant,PCM_Zelazny_Zelazny-III_Critter03,Fauna,Y,Fiber,Volcanic,Filter-Feeder,ESM: mod_CCT_Special_Domesticate,Ambiguous (2),0005DF4E,ZelaznyIIIPlanetData,001A8FC6,PCM_Zelazny_Zelazny-III_Critter03,2026-08-10T21:01:47,1.0.0,Starfield.esm
Zelazny,Zelazny III,Sealant,PCM_Zelazny_Zelazny-III_Predator03,Fauna,N,,Coniferous Forest; Tropical Forest,Carnivore,ESM: mod_CCT_Special_Domesticate,Ambiguous (2),0005DF4E,ZelaznyIIIPlanetData,001A8FCD,PCM_Zelazny_Zelazny-III_Predator03,2026-08-10T21:01:47,1.0.0,Starfield.esm
Zelazny,Zelazny III,Sealant,Autumn Junglebloom,Flora,N,,Tropical Forest; Wetlands,,Legacy Organic Resources sheet,Unique,0005DF4E,ZelaznyIIIPlanetData,002F8092,FloraBiomeForestTropical08,2026-08-10T21:01:47,1.0.0,Starfield.esm
Zelazny,Zelazny III,Structural,PCM_Zelazny_Zelazny-III_Critter02,Fauna,N,,Coniferous Forest; Tropical Forest,Broadly Herbivorous,ESM: mod_CCT_Special_Domesticate,Ambiguous (4),0005DF4E,ZelaznyIIIPlanetData,001A8FC7,PCM_Zelazny_Zelazny-III_Critter02,2026-08-10T21:01:47,1.0.0,Starfield.esm
Zelazny,Zelazny III,Structural,PCM_Zelazny_Zelazny-III_Prey01,Fauna,Y,Fiber,Wetlands,Broadly Herbivorous,ESM: mod_CCT_Special_Domesticate,Ambiguous (4),0005DF4E,ZelaznyIIIPlanetData,001A8FCC,PCM_Zelazny_Zelazny-III_Prey01,2026-08-10T21:01:47,1.0.0,Starfield.esm
Zelazny,Zelazny III,Structural,PCM_Zelazny_Zelazny-III_Prey04,Fauna,Y,Fiber,Coniferous Forest; Tropical Forest,Filter-Feeder,ESM: mod_CCT_Special_Domesticate,Ambiguous (4),0005DF4E,ZelaznyIIIPlanetData,001A8FC9,PCM_Zelazny_Zelazny-III_Prey04,2026-08-10T21:01:47,1.0.0,Starfield.esm
Zelazny,Zelazny III,Structural,PCM_Zelazny_Zelazny-III_Prey05_Swimmer,Fauna,N,,Ocean,Filter-Feeder,ESM: mod_CCT_Special_Domesticate,Ambiguous (4),0005DF4E,ZelaznyIIIPlanetData,00131CD4,PCM_Zelazny_Zelazny-III_Prey05_Swimmer,2026-08-10T21:01:47,1.0.0,Starfield.esm
Zelazny,Zelazny III,Structural,Swamp Weed,Flora,Y,,Wetlands,,Legacy Organic Resources sheet,Unique,0005DF4E,ZelaznyIIIPlanetData,00185471,FloraBiomeWetlands02,2026-08-10T21:01:47,1.0.0,Starfield.esm
Zelazny,Zelazny III,Toxin,Cage Brain,Flora,N,,Wetlands,,Legacy Organic Resources sheet,Unique,0005DF4E,ZelaznyIIIPlanetData,002E0887,FloraBiomeCageBrain01,2026-08-10T21:01:47,1.0.0,Starfield.esm
Zelazny,Zelazny III,Toxin Agent,PCM_Zelazny_Zelazny-III_Critter01,Fauna,Y,Fiber,Wetlands,Ruminant,ESM: mod_CCT_Special_Domesticate,No legacy match,0005DF4E,ZelaznyIIIPlanetData,001A8FC8,PCM_Zelazny_Zelazny-III_Critter01,2026-08-10T21:01:47,1.0.0,Starfield.esm
Zelazny,Zelazny III,Toxin Agent,PCM_Zelazny_Zelazny-III_Predator02,Fauna,N,,Wetlands,Carnivore,ESM: mod_CCT_Special_Domesticate,No legacy match,0005DF4E,ZelaznyIIIPlanetData,001A8FCE,PCM_Zelazny_Zelazny-III_Predator02,2026-08-10T21:01:47,1.0.0,Starfield.esm
Zeta Ophiuchi,Zeta Ophiuchi I,Fiber,Sweet Root,Flora,Y,,Swamp; Deciduous Forest; Tropical Forest,,Legacy Organic Resources sheet,Disambiguated by ESM name,0005E151,ZetaOphiuchiIPlanetData,001854C4,FloraBiomeForestTropical01,2026-08-10T21:01:47,1.0.0,Starfield.esm
Zeta Ophiuchi,Zeta Ophiuchi I,Fiber,Sweet Yellow Creeper,Flora,Y,,Deciduous Forest; Mountains,,Legacy Organic Resources sheet,Disambiguated by ESM name,0005E151,ZetaOphiuchiIPlanetData,002F808E,FloraBiomeForestDeciduous10,2026-08-10T21:01:47,1.0.0,Starfield.esm
Zeta Ophiuchi,Zeta Ophiuchi I,Metabolic Agent,Herding Eggsac Filterer,Fauna,Y,Fiber,Savanna,Filter-Feeder,ESM: mod_CCT_Special_Domesticate,Unique,0005E151,ZetaOphiuchiIPlanetData,001A7F7A,PCM_Zeta-Ophiuchi_Zeta-Ophiuchi-I_Prey02,2026-08-10T21:01:47,1.0.0,Starfield.esm
Zeta Ophiuchi,Zeta Ophiuchi I,Metabolic Agent,Tropical Maw Palm,Flora,Y,,Swamp; Tropical Forest,,Legacy Organic Resources sheet,Unique,0005E151,ZetaOphiuchiIPlanetData,002F8090,FloraBiomeForestTropical07,2026-08-10T21:01:47,1.0.0,Starfield.esm
Zeta Ophiuchi,Zeta Ophiuchi I,Neurologic,Mountain Silkweed,Flora,N,,Swamp; Frozen Dunes; Deciduous Forest; Mountains; Savanna,,Legacy Organic Resources sheet,Unique,0005E151,ZetaOphiuchiIPlanetData,002F80B5,FloraBiomeMountains06,2026-08-10T21:01:47,1.0.0,Starfield.esm
Zeta Ophiuchi,Zeta Ophiuchi I,Nutrient,Pack Sharkwhale,Fauna,N,,Ocean; Swamp,Carnivore,ESM: mod_CCT_Special_Domesticate,Unique,0005E151,ZetaOphiuchiIPlanetData,00221DCC,PCM_Zeta-Ophiuchi_Zeta-Ophiuchi-I_Predator04_Swimmer,2026-08-10T21:01:47,1.0.0,Starfield.esm
Zeta Ophiuchi,Zeta Ophiuchi I,Nutrient,Frigid Palm,Flora,Y,,Frozen Dunes; Mountains,,Legacy Organic Resources sheet,Disambiguated by ESM name,0005E151,ZetaOphiuchiIPlanetData,0018547B,FloraBiomeFrozen02,2026-08-10T21:01:47,1.0.0,Starfield.esm
Zeta Ophiuchi,Zeta Ophiuchi I,Nutrient,Nova Bloom,Flora,Y,,Savanna,,Legacy Organic Resources sheet,Disambiguated by ESM name,0005E151,ZetaOphiuchiIPlanetData,001854F3,FloraBiomeSavanna05,2026-08-10T21:01:47,1.0.0,Starfield.esm
Zeta Ophiuchi,Zeta Ophiuchi I,Pigment,Flocking Stingray Scavenger,Fauna,N,,Ocean; Swamp,Omnivore,ESM: mod_CCT_Special_Domesticate,Unique,0005E151,ZetaOphiuchiIPlanetData,00221DCD,PCM_Zeta-Ophiuchi_Zeta-Ophiuchi-I_Prey04_Swimmer,2026-08-10T21:01:47,1.0.0,Starfield.esm
Zeta Ophiuchi,Zeta Ophiuchi I,Polymer,Aruna Goldenglow,Flora,Y,,Swamp; Deciduous Forest; Tropical Forest; Savanna,,Legacy Organic Resources sheet,Unique,0005E151,ZetaOphiuchiIPlanetData,00185496,FloraBiomeArchipelago08,2026-08-10T21:01:47,1.0.0,Starfield.esm
Zeta Ophiuchi,Zeta Ophiuchi I,Sealant,PCM_Zeta-Ophiuchi_Zeta-Ophiuchi-I_Predator03,Fauna,Y,Nutrient,Deciduous Forest; Mountains,Carnivore,ESM: mod_CCT_Special_Domesticate,Ambiguous (2),0005E151,ZetaOphiuchiIPlanetData,001A7F7C,PCM_Zeta-Ophiuchi_Zeta-Ophiuchi-I_Predator03,2026-08-10T21:01:47,1.0.0,Starfield.esm
Zeta Ophiuchi,Zeta Ophiuchi I,Sealant,PCM_Zeta-Ophiuchi_Zeta-Ophiuchi-I_Prey03,Fauna,Y,Fiber,Deciduous Forest; Mountains,Omnivore,ESM: mod_CCT_Special_Domesticate,Ambiguous (2),0005E151,ZetaOphiuchiIPlanetData,001A7F79,PCM_Zeta-Ophiuchi_Zeta-Ophiuchi-I_Prey03,2026-08-10T21:01:47,1.0.0,Starfield.esm
Zeta Ophiuchi,Zeta Ophiuchi I,Sealant,Atlas Weed,Flora,Y,,Deciduous Forest; Mountains,,Legacy Organic Resources sheet,Unique,0005E151,ZetaOphiuchiIPlanetData,001854C2,FloraBiomeForestDeciduous03,2026-08-10T21:01:47,1.0.0,Starfield.esm
Zeta Ophiuchi,Zeta Ophiuchi I,Sedative,Pack Caterpillar,Fauna,N,,Swamp; Tropical Forest,Carnivore,ESM: mod_CCT_Special_Domesticate,Unique,0005E151,ZetaOphiuchiIPlanetData,001A7F7E,PCM_Zeta-Ophiuchi_Zeta-Ophiuchi-I_Predator01,2026-08-10T21:01:47,1.0.0,Starfield.esm
Zeta Ophiuchi,Zeta Ophiuchi I,Spice,Flocking Triantler Herbivore,Fauna,Y,Fiber,Swamp; Tropical Forest,Xylophage,ESM: mod_CCT_Special_Domesticate,Unique,0005E151,ZetaOphiuchiIPlanetData,001A7F7B,PCM_Zeta-Ophiuchi_Zeta-Ophiuchi-I_Prey01,2026-08-10T21:01:47,1.0.0,Starfield.esm
Zeta Ophiuchi,Zeta Ophiuchi I,Structural,Centiskull Grazer,Fauna,N,,Swamp; Tropical Forest,Ruminant,ESM: mod_CCT_Special_Domesticate,Unique,0005E151,ZetaOphiuchiIPlanetData,001A7F78,PCM_Zeta-Ophiuchi_Zeta-Ophiuchi-I_Critter01,2026-08-10T21:01:47,1.0.0,Starfield.esm
Zeta Ophiuchi,Zeta Ophiuchi I,Structural,Fallen Star Palm,Flora,N,,Swamp; Mountains; Tropical Forest; Savanna,,Legacy Organic Resources sheet,Unique,0005E151,ZetaOphiuchiIPlanetData,002F80D1,FloraBiomeSavanna09,2026-08-10T21:01:47,1.0.0,Starfield.esm
Zeta Ophiuchi,Zeta Ophiuchi I,Toxin,Canary Reed,Flora,N,,Savanna,,Legacy Organic Resources sheet,Unique,0005E151,ZetaOphiuchiIPlanetData,001854F5,FloraBiomeSavanna03,2026-08-10T21:01:47,1.0.0,Starfield.esm
Zeta Ophiuchi,Zeta Ophiuchi I,Toxin Agent,PCM_Zeta-Ophiuchi_Zeta-Ophiuchi-I_Critter02,Fauna,N,,Savanna,Filter-Feeder,ESM: mod_CCT_Special_Domesticate,No legacy match,0005E151,ZetaOphiuchiIPlanetData,001A7F77,PCM_Zeta-Ophiuchi_Zeta-Ophiuchi-I_Critter02,2026-08-10T21:01:47,1.0.0,Starfield.esm
Zeta Ophiuchi,Zeta Ophiuchi I,Toxin Agent,PCM_Zeta-Ophiuchi_Zeta-Ophiuchi-I_Predator02,Fauna,N,,Savanna,Carnivore,ESM: mod_CCT_Special_Domesticate,No legacy match,0005E151,ZetaOphiuchiIPlanetData,001A7F7D,PCM_Zeta-Ophiuchi_Zeta-Ophiuchi-I_Predator02,2026-08-10T21:01:47,1.0.0,Starfield.esm
Zeta Ophiuchi,Zeta Ophiuchi VI-A,Analgesic,Pack Nailtail,Fauna,N,,Volcanic; Mountains; Rocky Desert,Carnivore,ESM: mod_CCT_Special_Domesticate,Unique,0005E15F,ZetaOphiuchiVI-aPlanetData,001B0677,PCM_Zeta-Ophiuchi_Zeta-Ophiuchi-VI-a_Predator01,2026-08-10T21:01:47,1.0.0,Starfield.esm
Zeta Ophiuchi,Zeta Ophiuchi VI-A,Spice,Herding Brightcage Geophage,Fauna,N,,Volcanic; Mountains; Rocky Desert,Geophage,ESM: mod_CCT_Special_Domesticate,Unique,0005E15F,ZetaOphiuchiVI-aPlanetData,001B0653,PCM_Zeta-Ophiuchi_Zeta-Ophiuchi-VI-a_Prey01,2026-08-10T21:01:47,1.0.0,Starfield.esm
Zosma,Zosma V-A,Amino Acids,Herding Arachnofly Filterer,Fauna,Y,Fiber,Volcanic; Savanna; Rocky Desert; Sandy Desert,Filter-Feeder,ESM: mod_CCT_Special_Domesticate,Unique,0005E4CF,ZosmaV-aPlanetData,001B051B,PCM_Zosma_Zosma-V-a_Prey01,2026-08-10T21:01:47,1.0.0,Starfield.esm
Zosma,Zosma V-A,Antimicrobial,Pack Spiderwasp,Fauna,N,,Volcanic; Mountains; Savanna; Rocky Desert; Sandy Desert,Carnivore,ESM: mod_CCT_Special_Domesticate,Unique,0005E4CF,ZosmaV-aPlanetData,001B051D,PCM_Zosma_Zosma-V-a_Predator01,2026-08-10T21:01:47,1.0.0,Starfield.esm
Zosma,Zosma V-A,Biosuppressant,Pack Cockroach Stalker,Fauna,N,,Volcanic; Mountains; Savanna; Sandy Desert,Carnivore,ESM: mod_CCT_Special_Domesticate,Unique,0005E4CF,ZosmaV-aPlanetData,003AD1FA,PCM_Zosma_Zosma-V-a_Predator02,2026-08-10T21:01:47,1.0.0,Starfield.esm
Zosma,Zosma V-A,Fiber,Hecate's Fireleaf,Flora,N,,Rocky Desert; Sandy Desert,,Legacy Organic Resources sheet,Unique,0005E4CF,ZosmaV-aPlanetData,00185508,FloraBiomeDesertSandy04,2026-08-10T21:01:47,1.0.0,Starfield.esm
Zosma,Zosma V-A,Metabolic Agent,Gossamer Filterer,Fauna,N,,Volcanic; Mountains; Savanna; Rocky Desert; Sandy Desert,Omnivore,ESM: mod_CCT_Special_Domesticate,Unique,0005E4CF,ZosmaV-aPlanetData,003AD1F9,PCM_Zosma_Zosma-V-a_Critter02,2026-08-10T21:01:47,1.0.0,Starfield.esm
Zosma,Zosma V-A,Metabolic Agent,Fallen Star Palm,Flora,N,,Savanna,,Legacy Organic Resources sheet,Unique,0005E4CF,ZosmaV-aPlanetData,002F80D1,FloraBiomeSavanna09,2026-08-10T21:01:47,1.0.0,Starfield.esm
Zosma,Zosma V-A,Nutrient,Sweetwater Cactus,Flora,Y,,Volcanic; Mountains; Savanna; Rocky Desert; Sandy Desert,,Legacy Organic Resources sheet,Unique,0005E4CF,ZosmaV-aPlanetData,001854FD,FloraBiomeDesertRocky05,2026-08-10T21:01:47,1.0.0,Starfield.esm
Zosma,Zosma V-A,Sealant,Enduring Bugleweed,Flora,Y,,Volcanic; Mountains,,Legacy Organic Resources sheet,Unique,0005E4CF,ZosmaV-aPlanetData,001854D7,FloraBiomeMountains03,2026-08-10T21:01:47,1.0.0,Starfield.esm
Zosma,Zosma V-A,Structural,Herding Octomaggot Scavenger,Fauna,N,,Volcanic; Mountains; Savanna; Sandy Desert,Geophage,ESM: mod_CCT_Special_Domesticate,Unique,0005E4CF,ZosmaV-aPlanetData,001B051A,PCM_Zosma_Zosma-V-a_Prey02,2026-08-10T21:01:47,1.0.0,Starfield.esm
Zosma,Zosma V-A,Toxin Agent,PCM_Zosma_Zosma-V-a_Critter01,Fauna,N,,Volcanic; Savanna; Rocky Desert; Sandy Desert,Omnivore,ESM: mod_CCT_Special_Domesticate,No legacy match,0005E4CF,ZosmaV-aPlanetData,001B0519,PCM_Zosma_Zosma-V-a_Critter01,2026-08-10T21:01:47,1.0.0,Starfield.esm