SystemName,PlanetName,BodyType,PlanetFormID,PlanetEditorID,StarSystemID,ParentPlanetID,PlanetID
Al-Battani,Al-Battani I,Planet,0005DFF1,Al-BattaniIPlanetData,65147,0,1
Al-Battani,Al-Battani I-a,Moon,0005DFF2,Al-BattaniI-aPlanetData,65147,1,10
Al-Battani,Al-Battani I-b,Moon,0005DFF3,Al-BattaniI-bPlanetData,65147,1,11
Al-Battani,Al-Battani I-c,Moon,0005DFF4,Al-BattaniI-cPlanetData,65147,1,12
Al-Battani,Al-Battani II,Planet,0005DFF5,Al-BattaniIIPlanetData,65147,0,2
Al-Battani,Al-Battani III,Planet,0005DFF6,Al-BattaniIIIPlanetData,65147,0,3
Al-Battani,Al-Battani III-a,Moon,0005DFF7,Al-BattaniIII-aPlanetData,65147,3,13
Al-Battani,Al-Battani III-b,Moon,0005DFF8,Al-BattaniIII-bPlanetData,65147,3,14
Al-Battani,Al-Battani IV,Planet,0005DFF9,Al-BattaniIVPlanetData,65147,0,4
Al-Battani,Al-Battani IV-a,Moon,0005DFFB,Al-BattaniIV-aPlanetData,65147,4,16
Al-Battani,Al-Battani IV-b,Moon,0005DFFA,Al-BattaniIV-bPlanetData,65147,4,15
Al-Battani,Al-Battani V,Planet,0005DFFC,Al-BattaniVPlanetData,65147,0,5
Al-Battani,Al-Battani V-a,Moon,0005DFFD,Al-BattaniV-aPlanetData,65147,5,17
Al-Battani,Al-Battani VI,Planet,0005DFFE,Al-BattaniVIPlanetData,65147,0,6
Al-Battani,Al-Battani VI-a,Moon,0005E000,Al-BattaniVI-aPlanetData,65147,6,20
Al-Battani,Al-Battani VI-b,Moon,0005DFFF,Al-BattaniVI-bPlanetData,65147,6,19
Al-Battani,Al-Battani VII,Planet,0005E001,Al-BattaniVIIPlanetData,65147,0,7
Al-Battani,Al-Battani VII-a,Moon,0005E002,Al-BattaniVII-aPlanetData,65147,7,21
Al-Battani,Al-Battani VIII,Planet,0005E003,Al-BattaniVIIIPlanetData,65147,0,8
Al-Battani,Al-Battani VIII-a,Moon,0005E004,Al-BattaniVIII-aPlanetData,65147,8,18
Alchiba,Alchiba I,Planet,0005E40E,AlchibaIPlanetData,59020,0,1
Alchiba,Alchiba II,Planet,0005E40F,AlchibaIIPlanetData,59020,0,2
Alchiba,Alchiba II-a,Moon,0005E410,AlchibaII-aPlanetData,59020,2,12
Alchiba,Alchiba III,Planet,0005E411,AlchibaIIIPlanetData,59020,0,3
Alchiba,Alchiba III-a,Moon,0005E413,AlchibaIII-aPlanetData,59020,3,28
Alchiba,Alchiba III-b,Moon,0005E412,AlchibaIII-bPlanetData,59020,3,27
Alchiba,Alchiba III-c,Moon,0005E414,AlchibaIII-cPlanetData,59020,3,29
Alchiba,Alchiba IV,Planet,0005E415,AlchibaIVPlanetData,59020,0,4
Alchiba,Alchiba IV-a,Moon,0005E416,AlchibaIV-aPlanetData,59020,4,13
Alchiba,Alchiba IX,Planet,0005E425,AlchibaIXPlanetData,59020,0,9
Alchiba,Alchiba IX-a,Moon,0005E426,AlchibaIX-aPlanetData,59020,9,24
Alchiba,Alchiba V,Planet,0005E417,AlchibaVPlanetData,59020,0,5
Alchiba,Alchiba V-a,Moon,0005E418,AlchibaV-aPlanetData,59020,5,14
Alchiba,Alchiba VI,Planet,0005E419,AlchibaVIPlanetData,59020,0,6
Alchiba,Alchiba VI-a,Moon,0005E41B,AlchibaVI-aPlanetData,59020,6,18
Alchiba,Alchiba VI-b,Moon,0005E41A,AlchibaVI-bPlanetData,59020,6,17
Alchiba,Alchiba VI-c,Moon,0005E41C,AlchibaVI-cPlanetData,59020,6,19
Alchiba,Alchiba VII,Planet,0005E41D,AlchibaVIIPlanetData,59020,0,7
Alchiba,Alchiba VII-a,Moon,0005E420,AlchibaVII-aPlanetData,59020,7,22
Alchiba,Alchiba VII-b,Moon,0005E421,AlchibaVII-bPlanetData,59020,7,23
Alchiba,Alchiba VII-c,Moon,0005E41E,AlchibaVII-cPlanetData,59020,7,20
Alchiba,Alchiba VII-d,Moon,0005E41F,AlchibaVII-dPlanetData,59020,7,21
Alchiba,Alchiba VIII,Planet,0005E422,AlchibaVIIIPlanetData,59020,0,8
Alchiba,Alchiba VIII-a,Moon,0005E424,AlchibaVIII-aPlanetData,59020,8,16
Alchiba,Alchiba VIII-b,Moon,0005E423,AlchibaVIII-bPlanetData,59020,8,15
Alchiba,Alchiba X,Planet,0005E427,AlchibaXPlanetData,59020,0,10
Alchiba,Alchiba X-a,Moon,0005E429,AlchibaX-aPlanetData,59020,10,26
Alchiba,Alchiba X-b,Moon,0005E428,AlchibaX-bPlanetData,59020,10,25
Algorab,Algorab I,Planet,0003F599,AlgorabIPlanetData,60776,0,1
Algorab,Algorab II,Planet,0005DE57,AlgorabIIPlanetData,60776,0,2
Algorab,Algorab III,Planet,0005DE58,AlgorabIIIPlanetData,60776,0,3
Algorab,Algorab III-a,Moon,0005DE5B,AlgorabIII-aPlanetData,60776,3,7
Algorab,Algorab III-b,Moon,0005DE5D,AlgorabIII-bPlanetData,60776,3,9
Algorab,Algorab III-c,Moon,0005DE5C,AlgorabIII-cPlanetData,60776,3,8
Algorab,Algorab III-d,Moon,0005DE5A,AlgorabIII-dPlanetData,60776,3,6
Algorab,Algorab III-e,Moon,0005DE59,AlgorabIII-ePlanetData,60776,3,5
Alpha Andraste,Alpha Andraste I,Planet,0005E342,AlphaAndrasteIPlanetData,5325,0,1
Alpha Andraste,Alpha Andraste I-a,Moon,0005E343,AlphaAndrasteI-aPlanetData,5325,1,8
Alpha Andraste,Alpha Andraste II,Planet,0005E344,AlphaAndrasteIIPlanetData,5325,0,2
Alpha Andraste,Alpha Andraste III,Planet,0005E345,AlphaAndrasteIIIPlanetData,5325,0,3
Alpha Andraste,Alpha Andraste IV,Planet,0005E346,AlphaAndrasteIVPlanetData,5325,0,4
Alpha Andraste,Alpha Andraste V,Planet,0005E347,AlphaAndrasteVPlanetData,5325,0,5
Alpha Andraste,Alpha Andraste VI,Planet,0005E348,AlphaAndrasteVIPlanetData,5325,0,6
Alpha Centauri,Bondar,Planet,0005E30E,BondarPlanetData,71456,0,1
Alpha Centauri,Chawla,Moon,0005E315,ChawlaPlanetData,71456,4,10
Alpha Centauri,Curbeam,Moon,0005E310,CurbeamPlanetData,71456,1,7
Alpha Centauri,Gagarin,Planet,0005E311,GagarinPlanetData,71456,0,2
Alpha Centauri,Grissom,Moon,0005E30F,GrissomPlanetData,71456,1,6
Alpha Centauri,Hawley,Moon,0005E317,HawleyPlanetData,71456,4,12
Alpha Centauri,Jemison,Planet,0003F5A1,JemisonPlanetData,71456,0,3
Alpha Centauri,Kurtz,Moon,0005E312,KurtzPlanetData,71456,3,8
Alpha Centauri,Lovell,Moon,0005E318,LovellPlanetData,71456,4,13
Alpha Centauri,Olivas,Planet,0005E313,OlivasPlanetData,71456,0,4
Alpha Centauri,Voss,Moon,0005E316,VossPlanetData,71456,4,11
Alpha Centauri,Zamka,Moon,0005E314,ZamkaPlanetData,71456,4,9
Alpha Marae,Alpha Marae I,Planet,0005E123,AlphaMaraeIPlanetData,85407,0,1
Alpha Marae,Alpha Marae II,Planet,0005E124,AlphaMaraeIIPlanetData,85407,0,2
Alpha Marae,Alpha Marae II-a,Moon,0005E125,AlphaMaraeII-aPlanetData,85407,2,7
Alpha Marae,Alpha Marae III,Planet,0005E126,AlphaMaraeIIIPlanetData,85407,0,3
Alpha Marae,Alpha Marae III-a,Moon,0005E129,AlphaMaraeIII-aPlanetData,85407,3,10
Alpha Marae,Alpha Marae III-b,Moon,0005E12A,AlphaMaraeIII-bPlanetData,85407,3,11
Alpha Marae,Alpha Marae III-c,Moon,0005E128,AlphaMaraeIII-cPlanetData,85407,3,9
Alpha Marae,Alpha Marae III-d,Moon,0005E127,AlphaMaraeIII-dPlanetData,85407,3,8
Alpha Marae,Alpha Marae IV,Planet,0005E12B,AlphaMaraeIVPlanetData,85407,0,4
Alpha Marae,Alpha Marae IV-a,Moon,0005E12C,AlphaMaraeIV-aPlanetData,85407,4,12
Alpha Marae,Alpha Marae IV-b,Moon,0005E12D,AlphaMaraeIV-bPlanetData,85407,4,13
Alpha Marae,Alpha Marae V,Planet,0005E12E,AlphaMaraeVPlanetData,85407,0,5
Alpha Ternion,Ternion I,Planet,0005DEE7,TernionIPlanetData,119060,0,1
Alpha Ternion,Ternion II,Planet,0005DEE8,TernionIIPlanetData,119060,0,2
Alpha Ternion,Ternion III,Planet,0005DEE9,TernionIIIPlanetData,119060,0,3
Alpha Ternion,Ternion III-a,Moon,0005DEEA,TernionIII-aPlanetData,119060,3,11
Alpha Ternion,Ternion IV,Planet,0005DEEB,TernionIVPlanetData,119060,0,4
Alpha Ternion,Ternion IX,Planet,0005DEF3,TernionIXPlanetData,119060,0,9
Alpha Ternion,Ternion IX-a,Moon,0005DEF5,TernionIX-aPlanetData,119060,9,16
Alpha Ternion,Ternion IX-b,Moon,0005DEF6,TernionIX-bPlanetData,119060,9,17
Alpha Ternion,Ternion IX-c,Moon,0005DEF7,TernionIX-cPlanetData,119060,9,18
Alpha Ternion,Ternion IX-d,Moon,0005DEF4,TernionIX-dPlanetData,119060,9,15
Alpha Ternion,Ternion V,Planet,0005DEEC,TernionVPlanetData,119060,0,5
Alpha Ternion,Ternion V-a,Moon,0005DEED,TernionV-aPlanetData,119060,5,12
Alpha Ternion,Ternion V-b,Moon,0005DEEE,TernionV-bPlanetData,119060,5,13
Alpha Ternion,Ternion VI,Planet,0005DEEF,TernionVIPlanetData,119060,0,6
Alpha Ternion,Ternion VI-a,Moon,0005DEF0,TernionVI-aPlanetData,119060,6,14
Alpha Ternion,Ternion VII,Planet,0005DEF1,TernionVIIPlanetData,119060,0,7
Alpha Ternion,Ternion VIII,Planet,0005DEF2,TernionVIIIPlanetData,119060,0,8
Alpha Tirna,Tirna I,Planet,0005E475,TirnaIPlanetData,57270,0,1
Alpha Tirna,Tirna II,Planet,0005E476,TirnaIIPlanetData,57270,0,2
Alpha Tirna,Tirna II-a,Moon,0005E477,TirnaII-aPlanetData,57270,2,12
Alpha Tirna,Tirna III,Planet,0005E478,TirnaIIIPlanetData,57270,0,3
Alpha Tirna,Tirna III-a,Moon,0005E47B,TirnaIII-aPlanetData,57270,3,15
Alpha Tirna,Tirna III-b,Moon,0005E47A,TirnaIII-bPlanetData,57270,3,14
Alpha Tirna,Tirna III-c,Moon,0005E479,TirnaIII-cPlanetData,57270,3,13
Alpha Tirna,Tirna IV,Planet,0005E47C,TirnaIVPlanetData,57270,0,4
Alpha Tirna,Tirna IV-a,Moon,0005E47D,TirnaIV-aPlanetData,57270,4,16
Alpha Tirna,Tirna IX,Planet,0005E48F,TirnaIXPlanetData,57270,0,9
Alpha Tirna,Tirna V,Planet,0005E47E,TirnaVPlanetData,57270,0,5
Alpha Tirna,Tirna VI,Planet,0005E47F,TirnaVIPlanetData,57270,0,6
Alpha Tirna,Tirna VI-a,Moon,0005E483,TirnaVI-aPlanetData,57270,6,20
Alpha Tirna,Tirna VI-b,Moon,0005E482,TirnaVI-bPlanetData,57270,6,19
Alpha Tirna,Tirna VI-c,Moon,0005E484,TirnaVI-cPlanetData,57270,6,21
Alpha Tirna,Tirna VI-d,Moon,0005E480,TirnaVI-dPlanetData,57270,6,17
Alpha Tirna,Tirna VI-e,Moon,0005E481,TirnaVI-ePlanetData,57270,6,18
Alpha Tirna,Tirna VII,Planet,0005E485,TirnaVIIPlanetData,57270,0,7
Alpha Tirna,Tirna VII-a,Moon,0005E486,TirnaVII-aPlanetData,57270,7,22
Alpha Tirna,Tirna VII-b,Moon,0005E488,TirnaVII-bPlanetData,57270,7,24
Alpha Tirna,Tirna VII-c,Moon,0005E487,TirnaVII-cPlanetData,57270,7,23
Alpha Tirna,Tirna VIII,Planet,0005E489,TirnaVIIIPlanetData,57270,0,8
Alpha Tirna,Tirna VIII-a,Moon,0005E48C,TirnaVIII-aPlanetData,57270,8,27
Alpha Tirna,Tirna VIII-b,Moon,0005E48B,TirnaVIII-bPlanetData,57270,8,26
Alpha Tirna,Tirna VIII-c,Moon,0005E48A,TirnaVIII-cPlanetData,57270,8,25
Alpha Tirna,Tirna VIII-d,Moon,0005E48D,TirnaVIII-dPlanetData,57270,8,28
Alpha Tirna,Tirna VIII-e,Moon,0005E48E,TirnaVIII-ePlanetData,57270,8,29
Alpha Tirna,Tirna X,Planet,0005E490,TirnaXPlanetData,57270,0,10
Alpha Tirna,Tirna X-a,Moon,0005E493,TirnaX-aPlanetData,57270,10,32
Alpha Tirna,Tirna X-b,Moon,0005E491,TirnaX-bPlanetData,57270,10,30
Alpha Tirna,Tirna X-c,Moon,0005E492,TirnaX-cPlanetData,57270,10,31
Altair,Altair I,Planet,0005E05B,AltairIPlanetData,97338,0,1
Altair,Altair II,Planet,0005E05C,AltairIIPlanetData,97338,0,2
Altair,Altair III,Planet,0005E05D,AltairIIIPlanetData,97338,0,3
Altair,Altair III-a,Moon,0005E060,AltairIII-aPlanetData,97338,3,9
Altair,Altair III-b,Moon,0005E05F,AltairIII-bPlanetData,97338,3,8
Altair,Altair III-c,Moon,0005E05E,AltairIII-cPlanetData,97338,3,7
Altair,Altair IV,Planet,0005E061,AltairIVPlanetData,97338,0,4
Altair,Altair IV-a,Moon,0005E063,AltairIV-aPlanetData,97338,4,12
Altair,Altair IV-b,Moon,0005E065,AltairIV-bPlanetData,97338,4,14
Altair,Altair IV-c,Moon,0005E064,AltairIV-cPlanetData,97338,4,13
Altair,Altair IV-d,Moon,0005E062,AltairIV-dPlanetData,97338,4,11
Altair,Altair V,Planet,0005E066,AltairVPlanetData,97338,0,5
Altair,Altair V-a,Moon,0005E067,AltairV-aPlanetData,97338,5,10
Andromas,Andromas I,Planet,0005E0CD,AndromasIPlanetData,86705,0,1
Andromas,Andromas II,Planet,0005E0CE,AndromasIIPlanetData,86705,0,2
Andromas,Andromas III,Planet,0005E0CF,AndromasIIIPlanetData,86705,0,3
Andromas,Andromas IV,Planet,0005E0D0,AndromasIVPlanetData,86705,0,4
Andromas,Andromas IV-a,Moon,0005E0D1,AndromasIV-aPlanetData,86705,4,8
Andromas,Andromas V,Planet,0005E0D2,AndromasVPlanetData,86705,0,5
Andromas,Andromas V-a,Moon,0005E0D4,AndromasV-aPlanetData,86705,5,10
Andromas,Andromas V-b,Moon,0005E0D3,AndromasV-bPlanetData,86705,5,9
Andromas,Andromas VI,Planet,0005E0D5,AndromasVIPlanetData,86705,0,6
Andromas,Andromas VI-a,Moon,0005E0D6,AndromasVI-aPlanetData,86705,6,11
Andromas,Andromas VI-b,Moon,0005E0D7,AndromasVI-bPlanetData,86705,6,12
Aranae,Aranae I,Planet,0005E287,AranaeIPlanetData,72955,0,1
Aranae,Aranae II,Planet,0005E288,AranaeIIPlanetData,72955,0,2
Aranae,Aranae II-a,Moon,0005E28A,AranaeII-aPlanetData,72955,2,8
Aranae,Aranae II-b,Moon,0005E289,AranaeII-bPlanetData,72955,2,7
Aranae,Aranae III,Planet,0005E28B,AranaeIIIPlanetData,72955,0,3
Aranae,Aranae IV,Planet,0005E28C,AranaeIVPlanetData,72955,0,4
Aranae,Aranae IV-a,Moon,0005E28F,AranaeIV-aPlanetData,72955,4,11
Aranae,Aranae IV-b,Moon,0005E28D,AranaeIV-bPlanetData,72955,4,9
Aranae,Aranae IV-c,Moon,0005E290,AranaeIV-cPlanetData,72955,4,12
Aranae,Aranae IV-d,Moon,0005E28E,AranaeIV-dPlanetData,72955,4,10
Aranae,Aranae V,Planet,0005E291,AranaeVPlanetData,72955,0,5
Archimedes,Archimedes I,Planet,0005DE49,ArchimedesIPlanetData,75150,0,1
Archimedes,Archimedes I-a,Moon,0005DE4A,ArchimedesI-aPlanetData,75150,1,8
Archimedes,Archimedes II,Planet,0005DE4B,ArchimedesIIPlanetData,75150,0,2
Archimedes,Archimedes III,Planet,0005DE4C,ArchimedesIIIPlanetData,75150,0,3
Archimedes,Archimedes IV,Planet,0005DE4D,ArchimedesIVPlanetData,75150,0,4
Archimedes,Archimedes IV-a,Moon,0005DE4E,ArchimedesIV-aPlanetData,75150,4,9
Archimedes,Archimedes V,Planet,0005DE4F,ArchimedesVPlanetData,75150,0,5
Archimedes,Archimedes V-a,Moon,0005DE51,ArchimedesV-aPlanetData,75150,5,13
Archimedes,Archimedes V-b,Moon,0005DE50,ArchimedesV-bPlanetData,75150,5,12
Archimedes,Archimedes VI,Planet,0005DE52,ArchimedesVIPlanetData,75150,0,6
Archimedes,Archimedes VI-a,Moon,0005DE53,ArchimedesVI-aPlanetData,75150,6,10
Archimedes,Archimedes VI-b,Moon,0005DE54,ArchimedesVI-bPlanetData,75150,6,11
Arcturus,Arcturus I,Planet,0005E336,ArcturusIPlanetData,69451,0,1
Arcturus,Arcturus II,Planet,0005E337,ArcturusIIPlanetData,69451,0,2
Arcturus,Arcturus III,Planet,0005E338,ArcturusIIIPlanetData,69451,0,3
Arcturus,Arcturus III-a,Moon,0005E339,ArcturusIII-aPlanetData,69451,3,5
Bannoc,Bannoc I,Planet,0005E03B,BannocIPlanetData,69793,0,1
Bannoc,Bannoc II,Planet,0005E03C,BannocIIPlanetData,69793,0,2
Bannoc,Bannoc III,Planet,0005E03D,BannocIIIPlanetData,69793,0,3
Bannoc,Bannoc III-a,Moon,0005E03E,BannocIII-aPlanetData,69793,3,6
Bannoc,Bannoc IV,Planet,0005E03F,BannocIVPlanetData,69793,0,4
Bannoc,Bannoc IV-a,Moon,0005E041,BannocIV-aPlanetData,69793,4,8
Bannoc,Bannoc IV-b,Moon,0005E040,BannocIV-bPlanetData,69793,4,7
Bannoc Secondus,Bannoc Secondus I,Planet,0005E333,BannocSecondusIPlanetData,118959,0,1
Bara,Bara I,Planet,0005E390,BaraIPlanetData,65515,0,1
Bara,Bara II,Planet,0005E391,BaraIIPlanetData,65515,0,2
Bara,Bara II-a,Moon,0005E392,BaraII-aPlanetData,65515,2,9
Bara,Bara III,Planet,0005E393,BaraIIIPlanetData,65515,0,3
Bara,Bara III-a,Moon,0005E394,BaraIII-aPlanetData,65515,3,10
Bara,Bara IV,Planet,0005E395,BaraIVPlanetData,65515,0,4
Bara,Bara V,Planet,0005E396,BaraVPlanetData,65515,0,5
Bara,Bara V-a,Moon,0005E397,BaraV-aPlanetData,65515,5,11
Bara,Bara VI,Planet,0005E398,BaraVIPlanetData,65515,0,6
Bara,Bara VI-a,Moon,0005E39A,BaraVI-aPlanetData,65515,6,13
Bara,Bara VI-b,Moon,0005E39B,BaraVI-bPlanetData,65515,6,14
Bara,Bara VI-c,Moon,0005E399,BaraVI-cPlanetData,65515,6,12
Bara,Bara VII,Planet,0005E39C,BaraVIIPlanetData,65515,0,7
Bara,Bara VII-a,Moon,0005E39E,BaraVII-aPlanetData,65515,7,16
Bara,Bara VII-b,Moon,0005E39D,BaraVII-bPlanetData,65515,7,15
Bara,Bara VII-c,Moon,0005E3A0,BaraVII-cPlanetData,65515,7,18
Bara,Bara VII-d,Moon,0005E39F,BaraVII-dPlanetData,65515,7,17
Bardeen,Bardeen I,Planet,0005E523,BardeenIPlanetData,90582,0,1
Bardeen,Bardeen I-a,Moon,0005E524,BardeenI-aPlanetData,90582,1,9
Bardeen,Bardeen II,Planet,0005E525,BardeenIIPlanetData,90582,0,2
Bardeen,Bardeen III,Planet,0005E526,BardeenIIIPlanetData,90582,0,3
Bardeen,Bardeen III-a,Moon,0005E527,BardeenIII-aPlanetData,90582,3,10
Bardeen,Bardeen III-b,Moon,0005E528,BardeenIII-bPlanetData,90582,3,11
Bardeen,Bardeen IV,Planet,0005E529,BardeenIVPlanetData,90582,0,4
Bardeen,Bardeen IV-a,Moon,0005E52A,BardeenIV-aPlanetData,90582,4,15
Bardeen,Bardeen V,Planet,0005E52B,BardeenVPlanetData,90582,0,5
Bardeen,Bardeen V-a,Moon,0005E52E,BardeenV-aPlanetData,90582,5,18
Bardeen,Bardeen V-b,Moon,0005E52D,BardeenV-bPlanetData,90582,5,17
Bardeen,Bardeen V-c,Moon,0005E530,BardeenV-cPlanetData,90582,5,20
Bardeen,Bardeen V-d,Moon,0005E52C,BardeenV-dPlanetData,90582,5,16
Bardeen,Bardeen V-e,Moon,0005E52F,BardeenV-ePlanetData,90582,5,19
Bardeen,Bardeen V-f,Moon,0005E531,BardeenV-fPlanetData,90582,5,21
Bardeen,Bardeen VI,Planet,0005E532,BardeenVIPlanetData,90582,0,6
Bardeen,Bardeen VI-a,Moon,0005E533,BardeenVI-aPlanetData,90582,6,13
Bardeen,Bardeen VI-b,Moon,0005E534,BardeenVI-bPlanetData,90582,6,14
Bardeen,Bardeen VII,Planet,0005E535,BardeenVIIPlanetData,90582,0,7
Bardeen,Bardeen VII-a,Moon,0005E536,BardeenVII-aPlanetData,90582,7,22
Barnard's Star,Frost,Planet,0005E0CB,FrostPlanetData,87665,0,1
Bel,Bel I,Planet,0005DFB1,BelIPlanetData,69192,0,1
Bel,Bel I-a,Moon,0005DFB2,BelI-aPlanetData,69192,1,9
Bel,Bel II,Planet,0005DFB3,BelIIPlanetData,69192,0,2
Bel,Bel II-a,Moon,0005DFB4,BelII-aPlanetData,69192,2,10
Bel,Bel III,Planet,0005DFB5,BelIIIPlanetData,69192,0,3
Bel,Bel III-a,Moon,0005DFB6,BelIII-aPlanetData,69192,3,11
Bel,Bel III-b,Moon,0005DFB7,BelIII-bPlanetData,69192,3,12
Bel,Bel III-c,Moon,0005DFB8,BelIII-cPlanetData,69192,3,13
Bel,Bel IV,Planet,0005DFB9,BelIVPlanetData,69192,0,4
Bel,Bel IV-a,Moon,0005DFBD,BelIV-aPlanetData,69192,4,18
Bel,Bel IV-b,Moon,0005DFBB,BelIV-bPlanetData,69192,4,16
Bel,Bel IV-c,Moon,0005DFBA,BelIV-cPlanetData,69192,4,15
Bel,Bel IV-d,Moon,0005DFBC,BelIV-dPlanetData,69192,4,17
Bel,Bel IV-e,Moon,0005DFBE,BelIV-ePlanetData,69192,4,19
Bel,Bel V,Planet,0005DFBF,BelVPlanetData,69192,0,5
Bel,Bel V-a,Moon,0005DFC0,BelV-aPlanetData,69192,5,14
Bel,Bel VI,Planet,0005DFC1,BelVIPlanetData,69192,0,6
Bel,Bel VII,Planet,0005DFC2,BelVIIPlanetData,69192,0,7
Bessel,Bessel I,Planet,0005E01C,BesselIPlanetData,103883,0,1
Bessel,Bessel II,Planet,0005E01D,BesselIIPlanetData,103883,0,2
Bessel,Bessel III,Planet,0005E01E,BesselIIIPlanetData,103883,0,3
Bessel,Bessel III-a,Moon,0005E01F,BesselIII-aPlanetData,103883,3,5
Bessel,Bessel III-b,Moon,0005E020,BesselIII-bPlanetData,103883,3,6
Beta Andraste,Beta Andraste I,Planet,0005E33C,BetaAndrasteIPlanetData,119221,0,16
Beta Andraste,Beta Andraste I-a,Moon,0005E340,BetaAndrasteI-aPlanetData,119221,16,20
Beta Andraste,Beta Andraste I-b,Moon,0005E33D,BetaAndrasteI-bPlanetData,119221,16,17
Beta Andraste,Beta Andraste I-c,Moon,0005E33E,BetaAndrasteI-cPlanetData,119221,16,18
Beta Andraste,Beta Andraste I-d,Moon,0005E33F,BetaAndrasteI-dPlanetData,119221,16,19
Beta Marae,Beta Marae I,Planet,0005E10C,BetaMaraeIPlanetData,119159,0,1
Beta Marae,Beta Marae I-a,Moon,0005E10D,BetaMaraeI-aPlanetData,119159,1,8
Beta Marae,Beta Marae II,Planet,0005E10E,BetaMaraeIIPlanetData,119159,0,2
Beta Marae,Beta Marae II-a,Moon,0005E10F,BetaMaraeII-aPlanetData,119159,2,22
Beta Marae,Beta Marae II-b,Moon,0005E110,BetaMaraeII-bPlanetData,119159,2,9
Beta Marae,Beta Marae III,Planet,0005E111,BetaMaraeIIIPlanetData,119159,0,3
Beta Marae,Beta Marae III-a,Moon,0005E112,BetaMaraeIII-aPlanetData,119159,3,10
Beta Marae,Beta Marae IV,Planet,0005E113,BetaMaraeIVPlanetData,119159,0,4
Beta Marae,Beta Marae IV-a,Moon,0005E117,BetaMaraeIV-aPlanetData,119159,4,14
Beta Marae,Beta Marae IV-b,Moon,0005E116,BetaMaraeIV-bPlanetData,119159,4,13
Beta Marae,Beta Marae IV-c,Moon,0005E115,BetaMaraeIV-cPlanetData,119159,4,12
Beta Marae,Beta Marae IV-d,Moon,0005E114,BetaMaraeIV-dPlanetData,119159,4,11
Beta Marae,Beta Marae V,Planet,0005E118,BetaMaraeVPlanetData,119159,0,5
Beta Marae,Beta Marae V-a,Moon,0005E11B,BetaMaraeV-aPlanetData,119159,5,17
Beta Marae,Beta Marae V-b,Moon,0005E119,BetaMaraeV-bPlanetData,119159,5,15
Beta Marae,Beta Marae V-c,Moon,0005E11C,BetaMaraeV-cPlanetData,119159,5,18
Beta Marae,Beta Marae V-d,Moon,0005E11A,BetaMaraeV-dPlanetData,119159,5,16
Beta Marae,Beta Marae VI,Planet,0005E11D,BetaMaraeVIPlanetData,119159,0,6
Beta Marae,Beta Marae VI-a,Moon,0005E120,BetaMaraeVI-aPlanetData,119159,6,21
Beta Marae,Beta Marae VI-b,Moon,0005E11F,BetaMaraeVI-bPlanetData,119159,6,20
Beta Marae,Beta Marae VI-c,Moon,0005E11E,BetaMaraeVI-cPlanetData,119159,6,19
Beta Ternion,Beta Ternion I,Planet,0005DF04,BetaTernionIPlanetData,119225,0,25
Beta Ternion,Beta Ternion I-a,Moon,0005DF05,BetaTernionI-aPlanetData,119225,25,26
Beta Ternion,Beta Ternion II,Planet,0005DF06,BetaTernionIIPlanetData,119225,0,27
Beta Ternion,Beta Ternion III,Planet,0005DF07,BetaTernionIIIPlanetData,119225,0,28
Beta Ternion,Beta Ternion III-a,Moon,0005DF08,BetaTernionIII-aPlanetData,119225,28,29
Beta Tirna,Tirna B,Planet,0005E473,TirnaBPlanetData,118771,0,2
Bohr,Bohr I,Planet,0005DDF0,BohrIPlanetData,73018,0,1
Bohr,Bohr I-a,Moon,0005DDF1,BohrI-aPlanetData,73018,1,11
Bohr,Bohr II,Planet,0003F598,BohrIIPlanetData,73018,0,2
Bohr,Bohr III,Planet,0005DDF2,BohrIIIPlanetData,73018,0,3
Bohr,Bohr III-a,Moon,0005DDF3,BohrIII-aPlanetData,73018,3,12
Bohr,Bohr III-b,Moon,0005DDF4,BohrIII-bPlanetData,73018,3,13
Bohr,Bohr IV,Planet,0005DDF5,BohrIVPlanetData,73018,0,4
Bohr,Bohr V,Planet,0005DDF6,BohrVPlanetData,73018,0,5
Bohr,Bohr VI,Planet,0005DDF7,BohrVIPlanetData,73018,0,6
Bohr,Bohr VI-a,Moon,0005DDF9,BohrVI-aPlanetData,73018,6,15
Bohr,Bohr VI-b,Moon,0005DDF8,BohrVI-bPlanetData,73018,6,14
Bohr,Bohr VI-c,Moon,0005DDFA,BohrVI-cPlanetData,73018,6,16
Bohr,Bohr VI-d,Moon,0005DDFB,BohrVI-dPlanetData,73018,6,17
Bohr,Bohr VII,Planet,0005DDFC,BohrVIIPlanetData,73018,0,7
Bohr,Bohr VIII,Planet,0005DDFD,BohrVIIIPlanetData,73018,0,8
Bolivar,Bolivar I,Planet,0005E547,BolivarIPlanetData,118818,0,1
Bradbury,Bradbury I,Planet,0005E1FD,BradburyIPlanetData,81444,0,1
Bradbury,Bradbury I-a,Moon,0005E1FF,BradburyI-aPlanetData,81444,1,8
Bradbury,Bradbury I-b,Moon,0005E1FE,BradburyI-bPlanetData,81444,1,7
Bradbury,Bradbury II,Planet,0005E200,BradburyIIPlanetData,81444,0,2
Bradbury,Bradbury III,Planet,0005E201,BradburyIIIPlanetData,81444,0,3
Bradbury,Bradbury IV,Planet,0005E202,BradburyIVPlanetData,81444,0,4
Bradbury,Bradbury IV-a,Moon,0005E203,BradburyIV-aPlanetData,81444,4,9
Bradbury,Bradbury V,Planet,0005E204,BradburyVPlanetData,81444,0,5
Bradbury,Bradbury V-a,Moon,0005E205,BradburyV-aPlanetData,81444,5,10
Carinae,Carinae I,Planet,0005E4D6,CarinaeIPlanetData,118021,0,1
Carinae,Carinae II,Planet,0005E4D8,CarinaeIIPlanetData,118021,0,2
Carinae,Carinae II-a,Moon,0005E4D7,CarinaeII-aPlanetData,118021,2,16
Carinae,Carinae III,Planet,0005E4D9,CarinaeIIIPlanetData,118021,0,3
Carinae,Carinae III-a,Moon,0005E4DA,CarinaeIII-aPlanetData,118021,3,8
Carinae,Carinae III-b,Moon,0005E4DB,CarinaeIII-bPlanetData,118021,3,9
Carinae,Carinae III-c,Moon,0005E4DD,CarinaeIII-cPlanetData,118021,3,11
Carinae,Carinae III-d,Moon,0005E4DC,CarinaeIII-dPlanetData,118021,3,10
Carinae,Carinae IV,Planet,0005E4DE,CarinaeIVPlanetData,118021,0,4
Carinae,Carinae IV-a,Moon,0005E4DF,CarinaeIV-aPlanetData,118021,4,12
Carinae,Carinae V,Planet,0005E4E0,CarinaeVPlanetData,118021,0,5
Carinae,Carinae V-a,Moon,0005E4E2,CarinaeV-aPlanetData,118021,5,14
Carinae,Carinae V-b,Moon,0005E4E3,CarinaeV-bPlanetData,118021,5,15
Carinae,Carinae V-c,Moon,0005E4E1,CarinaeV-cPlanetData,118021,5,13
Celebrai,Celebrai I,Planet,0005DE80,CelabraiIPlanetData,86475,0,1
Celebrai,Celebrai II,Planet,0005DE81,CelabraiIIPlanetData,86475,0,2
Celebrai,Celebrai III,Planet,0005DE82,CelabraiIIIPlanetData,86475,0,3
Celebrai,Celebrai III-a,Moon,0005DE83,CelabraiIII-aPlanetData,86475,3,6
Celebrai,Celebrai III-b,Moon,0005DE84,CelabraiIII-bPlanetData,86475,3,7
Celebrai,Celebrai III-c,Moon,0005DE85,CelabraiIII-cPlanetData,86475,3,8
Celebrai,Celebrai IV,Planet,0005DE86,CelabraiIVPlanetData,86475,0,4
Charybdis,Charybdis I,Planet,0005E007,CharybdisIPlanetData,56075,0,1
Charybdis,Charybdis II,Planet,0005E008,CharybdisIIPlanetData,56075,0,2
Charybdis,Charybdis III,Planet,0005E009,CharybdisIIIPlanetData,56075,0,3
Charybdis,Charybdis IV,Planet,0005E00A,CharybdisIVPlanetData,56075,0,4
Charybdis,Charybdis IV-a,Moon,0005E00B,CharybdisIV-aPlanetData,56075,4,11
Charybdis,Charybdis IX,Planet,0005E019,CharybdisIXPlanetData,56075,0,9
Charybdis,Charybdis V,Planet,0005E00C,CharybdisVPlanetData,56075,0,5
Charybdis,Charybdis V-a,Moon,0005E00D,CharybdisV-aPlanetData,56075,5,12
Charybdis,Charybdis VI,Planet,0005E00E,CharybdisVIPlanetData,56075,0,6
Charybdis,Charybdis VI-a,Moon,0005E00F,CharybdisVI-aPlanetData,56075,6,13
Charybdis,Charybdis VI-b,Moon,0005E010,CharybdisVI-bPlanetData,56075,6,14
Charybdis,Charybdis VII,Planet,0005E011,CharybdisVIIPlanetData,56075,0,7
Charybdis,Charybdis VII-a,Moon,0005E014,CharybdisVII-aPlanetData,56075,7,17
Charybdis,Charybdis VII-b,Moon,0005E012,CharybdisVII-bPlanetData,56075,7,15
Charybdis,Charybdis VII-c,Moon,0005E013,CharybdisVII-cPlanetData,56075,7,16
Charybdis,Charybdis VII-d,Moon,0005E015,CharybdisVII-dPlanetData,56075,7,18
Charybdis,Charybdis VIII,Planet,0005E016,CharybdisVIIIPlanetData,56075,0,8
Charybdis,Charybdis VIII-a,Moon,0005E017,CharybdisVIII-aPlanetData,56075,8,19
Charybdis,Charybdis VIII-b,Moon,0005E018,CharybdisVIII-bPlanetData,56075,8,20
Cheyenne,Agamon,Planet,0005E2C5,AgamonPlanetData,72432,0,6
Cheyenne,Agamon A,Moon,0005E2C9,AgamonAPlanetData,72432,6,22
Cheyenne,Agamon B,Moon,0005E2C8,AgamonBPlanetData,72432,6,21
Cheyenne,Agamon C,Moon,0005E2C7,AgamonCPlanetData,72432,6,20
Cheyenne,Agamon D,Moon,0005E2C6,AgamonDPlanetData,72432,6,19
Cheyenne,Akila,Planet,0005E2B6,AkilaPlanetData,72432,0,2
Cheyenne,Antharum,Moon,0005E2B8,AntharumPlanetData,72432,2,13
Cheyenne,Belwah,Moon,0005E2D6,BelwahPlanetData,72432,9,32
Cheyenne,Bindi,Moon,0005E2B7,BindiPlanetData,72432,2,12
Cheyenne,Bismark,Moon,0005E2D3,BismarkPlanetData,72432,9,29
Cheyenne,Burran,Planet,0005E2BC,BurranPlanetData,72432,0,4
Cheyenne,Codos,Moon,0005E2B9,CodosPlanetData,72432,2,14
Cheyenne,Cragg,Moon,0005E2D0,CraggPlanetData,72432,8,27
Cheyenne,Fenn,Planet,0005E2CF,FennPlanetData,72432,0,8
Cheyenne,Grizzit,Moon,0005E2BE,GrizzitPlanetData,72432,4,35
Cheyenne,Hardpoint,Moon,0005E2D5,HardpointPlanetData,72432,9,31
Cheyenne,Heilo,Moon,0005E2C0,HeiloPlanetData,72432,5,36
Cheyenne,Kalira,Moon,0005E2C3,KaliraPlanetData,72432,5,17
Cheyenne,Laramie,Moon,0005E2D4,LaramiePlanetData,72432,9,30
Cheyenne,Montara,Planet,0005E2BF,MontaraPlanetData,72432,0,5
Cheyenne,Montara Luna,Moon,0005E2C4,MontaraLunaPlanetData,72432,5,18
Cheyenne,Navaha,Planet,0005E2D2,NavahaPlanetData,72432,0,9
Cheyenne,Olaran,Moon,0005E2D7,OlaranPlanetData,72432,9,33
Cheyenne,Rell,Moon,0005E2BD,RellPlanetData,72432,4,34
Cheyenne,Skink,Planet,0005E2B5,SkinkPlanetData,72432,0,1
Cheyenne,Smet,Moon,0005E2BB,SmetPlanetData,72432,3,15
Cheyenne,Stellis,Planet,0005E2CA,StellisPlanetData,72432,0,7
Cheyenne,Stellis A,Moon,0005E2CE,StellisAPlanetData,72432,7,26
Cheyenne,Stellis B,Moon,0005E2CD,StellisBPlanetData,72432,7,25
Cheyenne,Stellis C,Moon,0005E2CC,StellisCPlanetData,72432,7,24
Cheyenne,Stellis D,Moon,0005E2CB,StellisDPlanetData,72432,7,23
Cheyenne,Tahrnis,Moon,0005E2D1,TahrnisPlanetData,72432,8,28
Cheyenne,Thren,Moon,0005E2C2,ThrenPlanetData,72432,5,16
Cheyenne,Washakie,Planet,0005E2BA,WashakiePlanetData,72432,0,3
Cheyenne,Wellish,Moon,0005E2C1,WellishPlanetData,72432,5,37
Copernicus,Copernicus I,Planet,0005E255,CopernicusIPlanetData,76816,0,1
Copernicus,Copernicus II,Planet,0005E256,CopernicusIIPlanetData,76816,0,2
Copernicus,Copernicus III,Planet,0005E257,CopernicusIIIPlanetData,76816,0,3
Copernicus,Copernicus III-a,Moon,0005E258,CopernicusIII-aPlanetData,76816,3,10
Copernicus,Copernicus IV,Planet,0005E259,CopernicusIVPlanetData,76816,0,4
Copernicus,Copernicus V,Planet,0005E25A,CopernicusVPlanetData,76816,0,5
Copernicus,Copernicus VI,Planet,0005E25B,CopernicusVIPlanetData,76816,0,6
Copernicus,Copernicus VII,Planet,0005E25C,CopernicusVIIPlanetData,76816,0,7
Copernicus,Copernicus VII-a,Moon,0005E25E,CopernicusVII-aPlanetData,76816,7,12
Copernicus,Copernicus VII-b,Moon,0005E25D,CopernicusVII-bPlanetData,76816,7,11
Copernicus,Copernicus VIII,Planet,0005E25F,CopernicusVIIIPlanetData,76816,0,8
Copernicus,Copernicus VIII-a,Moon,0005E262,CopernicusVIII-aPlanetData,76816,8,15
Copernicus,Copernicus VIII-b,Moon,0005E260,CopernicusVIII-bPlanetData,76816,8,13
Copernicus,Copernicus VIII-c,Moon,0005E261,CopernicusVIII-cPlanetData,76816,8,14
Copernicus,Copernicus VIII-d,Moon,0005E263,CopernicusVIII-dPlanetData,76816,8,16
Copernicus Minor,Copernicus Minor I,Planet,0005E250,CopernicusMinorIPlanetData,119039,0,1
Copernicus Minor,Copernicus Minor I-a,Moon,0005E252,CopernicusMinorI-aPlanetData,119039,1,4
Copernicus Minor,Copernicus Minor I-b,Moon,0005E251,CopernicusMinorI-bPlanetData,119039,1,3
Decaran,Decaran I,Planet,0005DF74,DecaranIPlanetData,119105,0,1
Decaran,Decaran II,Planet,0005DF75,DecaranIIPlanetData,119105,0,2
Decaran,Decaran III,Planet,0005DF76,DecaranIIIPlanetData,119105,0,3
Decaran,Decaran IV,Planet,0005DF77,DecaranIVPlanetData,119105,0,4
Decaran,Decaran IX,Planet,0005DF83,DecaranIXPlanetData,119105,0,9
Decaran,Decaran V,Planet,0005DF78,DecaranVPlanetData,119105,0,5
Decaran,Decaran V-a,Moon,0005DF79,DecaranV-aPlanetData,119105,5,11
Decaran,Decaran V-b,Moon,0005DF7A,DecaranV-bPlanetData,119105,5,12
Decaran,Decaran VI,Planet,0005DF7B,DecaranVIPlanetData,119105,0,6
Decaran,Decaran VI-a,Moon,0005DF7C,DecaranVI-aPlanetData,119105,6,15
Decaran,Decaran VII,Planet,0005DF7D,DecaranVIIPlanetData,119105,0,7
Decaran,Decaran VII-a,Moon,0005DF7E,DecaranVII-aPlanetData,119105,7,13
Decaran,Decaran VII-b,Moon,0005DF7F,DecaranVII-bPlanetData,119105,7,14
Decaran,Decaran VIII,Planet,0005DF80,DecaranVIIIPlanetData,119105,0,8
Decaran,Decaran VIII-a,Moon,0005DF81,DecaranVIII-aPlanetData,119105,8,16
Decaran,Decaran VIII-b,Moon,0005DF82,DecaranVIII-bPlanetData,119105,8,17
Delta Pavonis,Ampere,Moon,0005E053,AmperePlanetData,98924,7,18
Delta Pavonis,Arachna,Planet,0005E046,ArachnaPlanetData,98924,0,3
Delta Pavonis,Augur,Moon,0005E050,AugurPlanetData,98924,6,16
Delta Pavonis,Bitsy,Moon,0005E049,BitsyPlanetData,98924,3,12
Delta Pavonis,Bode,Planet,0005E04F,BodePlanetData,98924,0,6
Delta Pavonis,Bose,Moon,0005E04B,BosePlanetData,98924,4,13
Delta Pavonis,Coulomb,Moon,0005E055,CoulombPlanetData,98924,7,20
Delta Pavonis,Curie,Planet,0005E044,CuriePlanetData,98924,0,1
Delta Pavonis,Faraday,Planet,0005E052,FaradayPlanetData,98924,0,7
Delta Pavonis,Fundament,Moon,0005E04E,FundamentPlanetData,98924,5,15
Delta Pavonis,Gamow,Planet,0005E04A,GamowPlanetData,98924,0,4
Delta Pavonis,Herald,Moon,0005E051,HeraldPlanetData,98924,6,17
Delta Pavonis,Itsy,Moon,0005E047,ItsyPlanetData,98924,3,10
Delta Pavonis,Magnar,Planet,0005E045,MagnarPlanetData,98924,0,2
Delta Pavonis,Nascent,Planet,0005E04C,NascentPlanetData,98924,0,5
Delta Pavonis,Ohm,Moon,0005E056,OhmPlanetData,98924,7,21
Delta Pavonis,Rudiment,Moon,0005E04D,RudimentPlanetData,98924,5,14
Delta Pavonis,Volt,Moon,0005E054,VoltPlanetData,98924,7,19
Delta Pavonis,Worthless,Moon,0005E048,WorthlessPlanetData,98924,3,11
Delta Vulpes,Delta Vulpes I,Planet,0005E266,DeltaVulpesIPlanetData,75493,0,1
Delta Vulpes,Delta Vulpes II,Planet,0005E267,DeltaVulpesIIPlanetData,75493,0,2
Delta Vulpes,Delta Vulpes III,Planet,0005E268,DeltaVulpesIIIPlanetData,75493,0,3
Delta Vulpes,Delta Vulpes III-a,Moon,0005E269,DeltaVulpesIII-aPlanetData,75493,3,10
Delta Vulpes,Delta Vulpes IV,Planet,0005E26A,DeltaVulpesIVPlanetData,75493,0,4
Delta Vulpes,Delta Vulpes IV-a,Moon,0005E26B,DeltaVulpesIV-aPlanetData,75493,4,11
Delta Vulpes,Delta Vulpes V,Planet,0005E26C,DeltaVulpesVPlanetData,75493,0,5
Delta Vulpes,Delta Vulpes V-a,Moon,0005E271,DeltaVulpesV-aPlanetData,75493,5,16
Delta Vulpes,Delta Vulpes V-b,Moon,0005E270,DeltaVulpesV-bPlanetData,75493,5,15
Delta Vulpes,Delta Vulpes V-c,Moon,0005E26E,DeltaVulpesV-cPlanetData,75493,5,13
Delta Vulpes,Delta Vulpes V-d,Moon,0005E26F,DeltaVulpesV-dPlanetData,75493,5,14
Delta Vulpes,Delta Vulpes V-e,Moon,0005E26D,DeltaVulpesV-ePlanetData,75493,5,12
Delta Vulpes,Delta Vulpes VI,Planet,0005E272,DeltaVulpesVIPlanetData,75493,0,6
Delta Vulpes,Delta Vulpes VI-a,Moon,0005E273,DeltaVulpesVI-aPlanetData,75493,6,17
Delta Vulpes,Delta Vulpes VII,Planet,0005E274,DeltaVulpesVIIPlanetData,75493,0,7
Denebola,Denebola I,Planet,0005E468,DenebolaIPlanetData,57459,0,1
Denebola,Denebola I-a,Moon,0005E469,DenebolaI-aPlanetData,57459,1,5
Denebola,Denebola I-b,Moon,0005E46A,DenebolaI-bPlanetData,57459,1,6
Denebola,Denebola II,Planet,0005E46B,DenebolaIIPlanetData,57459,0,2
Denebola,Denebola II-a,Moon,0005E46C,DenebolaII-aPlanetData,57459,2,7
Denebola,Denebola III,Planet,0005E46D,DenebolaIIIPlanetData,57459,0,3
Denebola,Denebola III-a,Moon,0005E46E,DenebolaIII-aPlanetData,57459,3,8
Denebola,Denebola III-b,Moon,0005E46F,DenebolaIII-bPlanetData,57459,3,9
Enlil,Enlil I,Planet,0005DED5,EnlilIPlanetData,78498,0,1
Enlil,Enlil I-a,Moon,0005DED6,EnlilI-aPlanetData,78498,1,9
Enlil,Enlil II,Planet,0005DED7,EnlilIIPlanetData,78498,0,2
Enlil,Enlil II-a,Moon,0005DED8,EnlilII-aPlanetData,78498,2,10
Enlil,Enlil III,Planet,0005DED9,EnlilIIIPlanetData,78498,0,3
Enlil,Enlil IV,Planet,0005DEDA,EnlilIVPlanetData,78498,0,4
Enlil,Enlil IV-a,Moon,0005DEDB,EnlilIV-aPlanetData,78498,4,11
Enlil,Enlil V,Planet,0005DEDC,EnlilVPlanetData,78498,0,5
Enlil,Enlil VI,Planet,0005DEDE,EnlilVIPlanetData,78498,0,6
Enlil,Enlil VI-a,Moon,0005DEE1,EnlilVI-aPlanetData,78498,6,14
Enlil,Enlil VI-b,Moon,0005DEE2,EnlilVI-bPlanetData,78498,6,15
Enlil,Enlil VI-c,Moon,0005DEE0,EnlilVI-cPlanetData,78498,6,13
Enlil,Enlil VI-d,Moon,0005DEDF,EnlilVI-dPlanetData,78498,6,12
Enlil,Enlil VII,Planet,0005DEE3,EnlilVIIPlanetData,78498,0,7
Enlil,Enlil VII-a,Moon,0005DEE4,EnlilVII-aPlanetData,78498,7,16
Eridani,Eridani I,Planet,0005E509,EridaniIPlanetData,15471,0,1
Eridani,Eridani II,Planet,0005E50A,EridaniIIPlanetData,15471,0,2
Eridani,Eridani III,Planet,0005E50B,EridaniIIIPlanetData,15471,0,3
Eridani,Eridani III-a,Moon,0005E50E,EridaniIII-aPlanetData,15471,3,14
Eridani,Eridani III-b,Moon,0005E50C,EridaniIII-bPlanetData,15471,3,12
Eridani,Eridani III-c,Moon,0005E50D,EridaniIII-cPlanetData,15471,3,13
Eridani,Eridani IV,Planet,0005E50F,EridaniIVPlanetData,15471,0,4
Eridani,Eridani IV-a,Moon,0005E510,EridaniIV-aPlanetData,15471,4,15
Eridani,Eridani IV-b,Moon,0005E511,EridaniIV-bPlanetData,15471,4,16
Eridani,Eridani IV-c,Moon,0005E512,EridaniIV-cPlanetData,15471,4,17
Eridani,Eridani IX,Planet,0005E51F,EridaniIXPlanetData,15471,0,9
Eridani,Eridani V,Planet,0005E513,EridaniVPlanetData,15471,0,5
Eridani,Eridani VI,Planet,0005E514,EridaniVIPlanetData,15471,0,6
Eridani,Eridani VI-a,Moon,0005E515,EridaniVI-aPlanetData,15471,6,18
Eridani,Eridani VII,Planet,0005E516,EridaniVIIPlanetData,15471,0,7
Eridani,Eridani VII-a,Moon,0005E518,EridaniVII-aPlanetData,15471,7,20
Eridani,Eridani VII-b,Moon,0005E519,EridaniVII-bPlanetData,15471,7,21
Eridani,Eridani VII-c,Moon,0005E517,EridaniVII-cPlanetData,15471,7,19
Eridani,Eridani VIII,Planet,0005E51A,EridaniVIIIPlanetData,15471,0,8
Eridani,Eridani VIII-a,Moon,0005E51D,EridaniVIII-aPlanetData,15471,8,25
Eridani,Eridani VIII-b,Moon,0005E51E,EridaniVIII-bPlanetData,15471,8,26
Eridani,Eridani VIII-c,Moon,0005E51B,EridaniVIII-cPlanetData,15471,8,23
Eridani,Eridani VIII-d,Moon,0005E51C,EridaniVIII-dPlanetData,15471,8,24
Eta Cassiopeia,Cassiopeia I,Planet,0005E4E6,CassiopeiaIPlanetData,3814,0,1
Eta Cassiopeia,Cassiopeia II,Planet,0005E4E7,CassiopeiaIIPlanetData,3814,0,2
Eta Cassiopeia,Cassiopeia II-a,Moon,0005E4E8,CassiopeiaII-aPlanetData,3814,2,6
Eta Cassiopeia,Cassiopeia III,Planet,0005E4E9,CassiopeiaIIIPlanetData,3814,0,3
Eta Cassiopeia,Cassiopeia III-a,Moon,0005E4EA,CassiopeiaIII-aPlanetData,3814,3,7
Eta Cassiopeia,Cassiopeia IV,Planet,0005E4EB,CassiopeiaIVPlanetData,3814,0,4
Eta Cassiopeia,Cassiopeia IV-a,Moon,0005E4ED,CassiopeiaIV-aPlanetData,3814,4,9
Eta Cassiopeia,Cassiopeia IV-b,Moon,0005E4EC,CassiopeiaIV-bPlanetData,3814,4,8
Eta Cassiopeia,Cassiopeia IV-c,Moon,0005E4EE,CassiopeiaIV-cPlanetData,3814,4,10
Fermi,Fermi I,Planet,0005DE2A,FermiIPlanetData,73788,0,1
Fermi,Fermi II,Planet,0005DE2B,FermiIIPlanetData,73788,0,2
Fermi,Fermi II-a,Moon,0005DE2C,FermiII-aPlanetData,73788,2,12
Fermi,Fermi III,Planet,0005DE2D,FermiIIIPlanetData,73788,0,3
Fermi,Fermi III-a,Moon,0005DE2E,FermiIII-aPlanetData,73788,3,13
Fermi,Fermi III-b,Moon,0005DE2F,FermiIII-bPlanetData,73788,3,14
Fermi,Fermi IV,Planet,0005DE30,FermiIVPlanetData,73788,0,4
Fermi,Fermi IV-a,Moon,0005DE32,FermiIV-aPlanetData,73788,4,16
Fermi,Fermi IV-b,Moon,0005DE31,FermiIV-bPlanetData,73788,4,15
Fermi,Fermi IX,Planet,0005DE40,FermiIXPlanetData,73788,0,9
Fermi,Fermi IX-a,Moon,0005DE45,FermiIX-aPlanetData,73788,9,29
Fermi,Fermi IX-b,Moon,0005DE42,FermiIX-bPlanetData,73788,9,26
Fermi,Fermi IX-c,Moon,0005DE43,FermiIX-cPlanetData,73788,9,27
Fermi,Fermi IX-d,Moon,0005DE41,FermiIX-dPlanetData,73788,9,25
Fermi,Fermi IX-e,Moon,0005DE44,FermiIX-ePlanetData,73788,9,28
Fermi,Fermi V,Planet,0005DE33,FermiVPlanetData,73788,0,5
Fermi,Fermi V-a,Moon,0005DE34,FermiV-aPlanetData,73788,5,17
Fermi,Fermi VI,Planet,0005DE35,FermiVIPlanetData,73788,0,6
Fermi,Fermi VI-a,Moon,0005DE36,FermiVI-aPlanetData,73788,6,30
Fermi,Fermi VII,Planet,0005DE37,FermiVIIPlanetData,73788,0,7
Fermi,Fermi VII-a,Moon,0005DE3A,FermiVII-aPlanetData,73788,7,20
Fermi,Fermi VII-b,Moon,0005DE39,FermiVII-bPlanetData,73788,7,19
Fermi,Fermi VII-c,Moon,0005DE38,FermiVII-cPlanetData,73788,7,18
Fermi,Fermi VIII,Planet,0005DE3B,FermiVIIIPlanetData,73788,0,8
Fermi,Fermi VIII-a,Moon,0005DE3C,FermiVIII-aPlanetData,73788,8,21
Fermi,Fermi VIII-b,Moon,0005DE3F,FermiVIII-bPlanetData,73788,8,24
Fermi,Fermi VIII-c,Moon,0005DE3E,FermiVIII-cPlanetData,73788,8,23
Fermi,Fermi VIII-d,Moon,0005DE3D,FermiVIII-dPlanetData,73788,8,22
Fermi,Fermi X,Planet,0005DE46,FermiXPlanetData,73788,0,10
Feynman,Feynman I,Planet,0005E0DA,FeynmanIPlanetData,86469,0,1
Feynman,Feynman II,Planet,0005E0DB,FeynmanIIPlanetData,86469,0,2
Feynman,Feynman III,Planet,0005E0DC,FeynmanIIIPlanetData,86469,0,3
Feynman,Feynman IV,Planet,0005E0DD,FeynmanIVPlanetData,86469,0,4
Feynman,Feynman IX,Planet,0005E0EF,FeynmanIXPlanetData,86469,0,9
Feynman,Feynman IX-a,Moon,0005E0F0,FeynmanIX-aPlanetData,86469,9,13
Feynman,Feynman V,Planet,0005E0DE,FeynmanVPlanetData,86469,0,5
Feynman,Feynman V-a,Moon,0005E0E0,FeynmanV-aPlanetData,86469,5,12
Feynman,Feynman V-b,Moon,0005E0DF,FeynmanV-bPlanetData,86469,5,11
Feynman,Feynman VI,Planet,0005E0E1,FeynmanVIPlanetData,86469,0,6
Feynman,Feynman VI-a,Moon,0005E0E4,FeynmanVI-aPlanetData,86469,6,16
Feynman,Feynman VI-b,Moon,0005E0E3,FeynmanVI-bPlanetData,86469,6,15
Feynman,Feynman VI-c,Moon,0005E0E2,FeynmanVI-cPlanetData,86469,6,14
Feynman,Feynman VII,Planet,0005E0E5,FeynmanVIIPlanetData,86469,0,7
Feynman,Feynman VII-a,Moon,0005E0E6,FeynmanVII-aPlanetData,86469,7,17
Feynman,Feynman VII-b,Moon,0005E0E7,FeynmanVII-bPlanetData,86469,7,18
Feynman,Feynman VII-c,Moon,0005E0E8,FeynmanVII-cPlanetData,86469,7,19
Feynman,Feynman VIII,Planet,0005E0E9,FeynmanVIIIPlanetData,86469,0,8
Feynman,Feynman VIII-a,Moon,0005E0EA,FeynmanVIII-aPlanetData,86469,8,20
Feynman,Feynman VIII-b,Moon,0005E0EE,FeynmanVIII-bPlanetData,86469,8,24
Feynman,Feynman VIII-c,Moon,0005E0ED,FeynmanVIII-cPlanetData,86469,8,23
Feynman,Feynman VIII-d,Moon,0005E0EB,FeynmanVIII-dPlanetData,86469,8,21
Feynman,Feynman VIII-e,Moon,0005E0EC,FeynmanVIII-ePlanetData,86469,8,22
Foucault,Foucault I,Planet,0005E2EE,FoucaultIPlanetData,72377,0,1
Foucault,Foucault I-a,Moon,0005E2EF,FoucaultI-aPlanetData,72377,1,11
Foucault,Foucault I-b,Moon,0005E2F0,FoucaultI-bPlanetData,72377,1,12
Foucault,Foucault II,Planet,0005E2F1,FoucaultIIPlanetData,72377,0,2
Foucault,Foucault II-a,Moon,0005E2F3,FoucaultII-aPlanetData,72377,2,14
Foucault,Foucault II-b,Moon,0005E2F2,FoucaultII-bPlanetData,72377,2,13
Foucault,Foucault III,Planet,0005E2F4,FoucaultIIIPlanetData,72377,0,3
Foucault,Foucault III-a,Moon,0005E2F6,FoucaultIII-aPlanetData,72377,3,16
Foucault,Foucault III-b,Moon,0005E2F5,FoucaultIII-bPlanetData,72377,3,15
Foucault,Foucault IV,Planet,0005E2F7,FoucaultIVPlanetData,72377,0,4
Foucault,Foucault V,Planet,0005E2F8,FoucaultVPlanetData,72377,0,5
Foucault,Foucault V-a,Moon,0005E2F9,FoucaultV-aPlanetData,72377,5,18
Foucault,Foucault V-b,Moon,0005E2FC,FoucaultV-bPlanetData,72377,5,21
Foucault,Foucault V-c,Moon,0005E2FB,FoucaultV-cPlanetData,72377,5,20
Foucault,Foucault V-d,Moon,0005E2FA,FoucaultV-dPlanetData,72377,5,19
Foucault,Foucault VI,Planet,0005E2FD,FoucaultVIPlanetData,72377,0,6
Foucault,Foucault VI-a,Moon,0005E2FF,FoucaultVI-aPlanetData,72377,6,23
Foucault,Foucault VI-b,Moon,0005E300,FoucaultVI-bPlanetData,72377,6,24
Foucault,Foucault VI-c,Moon,0005E2FE,FoucaultVI-cPlanetData,72377,6,22
Foucault,Foucault VI-d,Moon,0005E301,FoucaultVI-dPlanetData,72377,6,25
Foucault,Foucault VI-e,Moon,0005E302,FoucaultVI-ePlanetData,72377,6,26
Foucault,Foucault VII,Planet,0005E303,FoucaultVIIPlanetData,72377,0,7
Foucault,Foucault VII-a,Moon,0005E304,FoucaultVII-aPlanetData,72377,7,27
Foucault,Foucault VII-b,Moon,0005E307,FoucaultVII-bPlanetData,72377,7,30
Foucault,Foucault VII-c,Moon,0005E308,FoucaultVII-cPlanetData,72377,7,31
Foucault,Foucault VII-d,Moon,0005E306,FoucaultVII-dPlanetData,72377,7,29
Foucault,Foucault VII-e,Moon,0005E305,FoucaultVII-ePlanetData,72377,7,28
Foucault,Foucault VIII,Planet,0005E309,FoucaultVIIIPlanetData,72377,0,8
Foucault,Foucault VIII-a,Moon,0005E30A,FoucaultVIII-aPlanetData,72377,8,17
Freya,Freya I,Planet,0005E2DB,FreyaIPlanetData,72341,0,1
Freya,Freya II,Planet,0005E2DC,FreyaIIPlanetData,72341,0,2
Freya,Freya III,Planet,0005E2DD,FreyaIIIPlanetData,72341,0,3
Freya,Freya IV,Planet,0005E2DE,FreyaIVPlanetData,72341,0,4
Freya,Freya IV-a,Moon,0005E2DF,FreyaIV-aPlanetData,72341,4,11
Freya,Freya IV-b,Moon,0005E2E0,FreyaIV-bPlanetData,72341,4,12
Freya,Freya IV-c,Moon,0005E2E1,FreyaIV-cPlanetData,72341,4,13
Freya,Freya IX,Planet,0005E2E8,FreyaIXPlanetData,72341,0,9
Freya,Freya IX-a,Moon,0005E2EA,FreyaIX-aPlanetData,72341,9,17
Freya,Freya IX-b,Moon,0005E2EB,FreyaIX-bPlanetData,72341,9,18
Freya,Freya IX-c,Moon,0005E2E9,FreyaIX-cPlanetData,72341,9,16
Freya,Freya V,Planet,0005E2E2,FreyaVPlanetData,72341,0,5
Freya,Freya VI,Planet,0005E2E3,FreyaVIPlanetData,72341,0,6
Freya,Freya VII,Planet,0005E2E4,FreyaVIIPlanetData,72341,0,7
Freya,Freya VII-a,Moon,0005E2E5,FreyaVII-aPlanetData,72341,7,14
Freya,Freya VIII,Planet,0005E2E6,FreyaVIIIPlanetData,72341,0,8
Freya,Freya VIII-a,Moon,0005E2E7,FreyaVIII-aPlanetData,72341,8,15
Gamma Vulpes,Gamma Vulpes I,Planet,0005E278,GammaVulpesIPlanetData,75489,0,1
Gamma Vulpes,Gamma Vulpes II,Planet,0005E279,GammaVulpesIIPlanetData,75489,0,2
Gamma Vulpes,Gamma Vulpes II-a,Moon,0005E27B,GammaVulpesII-aPlanetData,75489,2,7
Gamma Vulpes,Gamma Vulpes II-b,Moon,0005E27A,GammaVulpesII-bPlanetData,75489,2,6
Gamma Vulpes,Gamma Vulpes II-c,Moon,0005E27C,GammaVulpesII-cPlanetData,75489,2,8
Gamma Vulpes,Gamma Vulpes II-d,Moon,0005E27D,GammaVulpesII-dPlanetData,75489,2,9
Gamma Vulpes,Gamma Vulpes III,Planet,0005E27E,GammaVulpesIIIPlanetData,75489,0,3
Gamma Vulpes,Gamma Vulpes III-a,Moon,0005E27F,GammaVulpesIII-aPlanetData,75489,3,10
Gamma Vulpes,Gamma Vulpes IV,Planet,0005E280,GammaVulpesIVPlanetData,75489,0,4
Gamma Vulpes,Gamma Vulpes IV-a,Moon,0005E284,GammaVulpesIV-aPlanetData,75489,4,14
Gamma Vulpes,Gamma Vulpes IV-b,Moon,0005E281,GammaVulpesIV-bPlanetData,75489,4,11
Gamma Vulpes,Gamma Vulpes IV-c,Moon,0005E282,GammaVulpesIV-cPlanetData,75489,4,12
Gamma Vulpes,Gamma Vulpes IV-d,Moon,0005E283,GammaVulpesIV-dPlanetData,75489,4,13
Groombridge,Groombridge I,Planet,0005E435,GroombridgeIPlanetData,57767,0,1
Groombridge,Groombridge II,Planet,0003F5A2,GroombridgeIIPlanetData,57767,0,2
Groombridge,Groombridge II-a,Moon,0005E438,GroombridgeII-aPlanetData,57767,2,12
Groombridge,Groombridge II-b,Moon,0005E437,GroombridgeII-bPlanetData,57767,2,11
Groombridge,Groombridge II-c,Moon,0005E436,GroombridgeII-cPlanetData,57767,2,10
Groombridge,Groombridge III,Planet,0005E439,GroombridgeIIIPlanetData,57767,0,3
Groombridge,Groombridge III-a,Moon,0005E43A,GroombridgeIII-aPlanetData,57767,3,13
Groombridge,Groombridge IV,Planet,0005E43B,GroombridgeIVPlanetData,57767,0,4
Groombridge,Groombridge IV-a,Moon,0005E43C,GroombridgeIV-aPlanetData,57767,4,14
Groombridge,Groombridge V,Planet,0005E43D,GroombridgeVPlanetData,57767,0,5
Groombridge,Groombridge V-a,Moon,0005E441,GroombridgeV-aPlanetData,57767,5,17
Groombridge,Groombridge V-b,Moon,0005E43E,GroombridgeV-bPlanetData,57767,5,27
Groombridge,Groombridge V-c,Moon,0005E43F,GroombridgeV-cPlanetData,57767,5,15
Groombridge,Groombridge V-d,Moon,0005E442,GroombridgeV-dPlanetData,57767,5,18
Groombridge,Groombridge V-e,Moon,0005E440,GroombridgeV-ePlanetData,57767,5,16
Groombridge,Groombridge VI,Planet,0005E443,GroombridgeVIPlanetData,57767,0,6
Groombridge,Groombridge VI-a,Moon,0005E445,GroombridgeVI-aPlanetData,57767,6,20
Groombridge,Groombridge VI-b,Moon,0005E444,GroombridgeVI-bPlanetData,57767,6,19
Groombridge,Groombridge VII,Planet,0005E446,GroombridgeVIIPlanetData,57767,0,7
Groombridge,Groombridge VII-a,Moon,0005E447,GroombridgeVII-aPlanetData,57767,7,21
Groombridge,Groombridge VII-b,Moon,0005E448,GroombridgeVII-bPlanetData,57767,7,22
Groombridge,Groombridge VIII,Planet,0005E449,GroombridgeVIIIPlanetData,57767,0,8
Groombridge,Groombridge VIII-a,Moon,0005E44B,GroombridgeVIII-aPlanetData,57767,8,24
Groombridge,Groombridge VIII-b,Moon,0005E44A,GroombridgeVIII-bPlanetData,57767,8,23
Groombridge,Groombridge VIII-c,Moon,0005E44D,GroombridgeVIII-cPlanetData,57767,8,26
Groombridge,Groombridge VIII-d,Moon,0005E44C,GroombridgeVIII-dPlanetData,57767,8,25
Guniibuu,Guniibuu I,Planet,0005E1A2,GuniibuuIPlanetData,84147,0,1
Guniibuu,Guniibuu I-a,Moon,0005E1A3,GuniibuuI-aPlanetData,84147,1,10
Guniibuu,Guniibuu I-b,Moon,0005E1A4,GuniibuuI-bPlanetData,84147,1,11
Guniibuu,Guniibuu II,Planet,0005E1A5,GuniibuuIIPlanetData,84147,0,2
Guniibuu,Guniibuu III,Planet,0005E1A6,GuniibuuIIIPlanetData,84147,0,3
Guniibuu,Guniibuu III-a,Moon,0005E1AE,GuniibuuIII-aPlanetData,84147,3,14
Guniibuu,Guniibuu III-b,Moon,0005E1A7,GuniibuuIII-bPlanetData,84147,3,12
Guniibuu,Guniibuu III-c,Moon,0005E1AD,GuniibuuIII-cPlanetData,84147,3,13
Guniibuu,Guniibuu IV,Planet,0005E1AF,GuniibuuIVPlanetData,84147,0,4
Guniibuu,Guniibuu IV-a,Moon,0005E1B1,GuniibuuIV-aPlanetData,84147,4,16
Guniibuu,Guniibuu IV-b,Moon,0005E1B0,GuniibuuIV-bPlanetData,84147,4,15
Guniibuu,Guniibuu V,Planet,0005E1B2,GuniibuuVPlanetData,84147,0,5
Guniibuu,Guniibuu V-a,Moon,0005E1B3,GuniibuuV-aPlanetData,84147,5,17
Guniibuu,Guniibuu V-b,Moon,0005E1B7,GuniibuuV-bPlanetData,84147,5,21
Guniibuu,Guniibuu V-c,Moon,0005E1B6,GuniibuuV-cPlanetData,84147,5,20
Guniibuu,Guniibuu V-d,Moon,0005E1B5,GuniibuuV-dPlanetData,84147,5,19
Guniibuu,Guniibuu V-e,Moon,0005E1B4,GuniibuuV-ePlanetData,84147,5,18
Guniibuu,Guniibuu VI,Planet,0005E1B8,GuniibuuVIPlanetData,84147,0,6
Guniibuu,Guniibuu VI-a,Moon,0005E1BB,GuniibuuVI-aPlanetData,84147,6,24
Guniibuu,Guniibuu VI-b,Moon,0005E1BA,GuniibuuVI-bPlanetData,84147,6,23
Guniibuu,Guniibuu VI-c,Moon,0005E1BC,GuniibuuVI-cPlanetData,84147,6,25
Guniibuu,Guniibuu VI-d,Moon,0005E1BD,GuniibuuVI-dPlanetData,84147,6,26
Guniibuu,Guniibuu VI-e,Moon,0005E1B9,GuniibuuVI-ePlanetData,84147,6,22
Guniibuu,Guniibuu VII,Planet,0005E1BE,GuniibuuVIIPlanetData,84147,0,7
Guniibuu,Guniibuu VII-a,Moon,0005E1BF,GuniibuuVII-aPlanetData,84147,7,27
Guniibuu,Guniibuu VII-b,Moon,0005E1C1,GuniibuuVII-bPlanetData,84147,7,29
Guniibuu,Guniibuu VII-c,Moon,0005E1C0,GuniibuuVII-cPlanetData,84147,7,28
Hawking,Hawking I,Planet,0005DE1D,HawkingIPlanetData,73489,0,1
Hawking,Hawking I-a,Moon,0005DE1E,HawkingI-aPlanetData,73489,1,8
Hawking,Hawking II,Planet,0005DE1F,HawkingIIPlanetData,73489,0,2
Hawking,Hawking III,Planet,0005DE20,HawkingIIIPlanetData,73489,0,3
Hawking,Hawking IV,Planet,0005DE21,HawkingIVPlanetData,73489,0,4
Hawking,Hawking IV-a,Moon,0005DE22,HawkingIV-aPlanetData,73489,4,9
Hawking,Hawking V,Planet,0005DE23,HawkingVPlanetData,73489,0,5
Hawking,Hawking V-a,Moon,0005DE24,HawkingV-aPlanetData,73489,5,10
Hawking,Hawking VI,Planet,0005DE25,HawkingVIPlanetData,73489,0,6
Hawking,Hawking VI-a,Moon,0005DE27,HawkingVI-aPlanetData,73489,6,12
Hawking,Hawking VI-b,Moon,0005DE26,HawkingVI-bPlanetData,73489,6,11
Heinlein,Heinlein I,Planet,0005DF0B,HeinleinIPlanetData,71731,0,1
Heinlein,Heinlein II,Planet,0005DF0C,HeinleinIIPlanetData,71731,0,2
Heinlein,Heinlein II-a,Moon,0005DF0E,HeinleinII-aPlanetData,71731,2,10
Heinlein,Heinlein II-b,Moon,0005DF0D,HeinleinII-bPlanetData,71731,2,9
Heinlein,Heinlein III,Planet,0005DF0F,HeinleinIIIPlanetData,71731,0,3
Heinlein,Heinlein III-a,Moon,0005DF10,HeinleinIII-aPlanetData,71731,3,11
Heinlein,Heinlein IV,Planet,0005DF11,HeinleinIVPlanetData,71731,0,4
Heinlein,Heinlein IV-a,Moon,0005DF12,HeinleinIV-aPlanetData,71731,4,15
Heinlein,Heinlein IV-b,Moon,0005DF13,HeinleinIV-bPlanetData,71731,4,16
Heinlein,Heinlein IV-c,Moon,0005DF15,HeinleinIV-cPlanetData,71731,4,18
Heinlein,Heinlein IV-d,Moon,0005DF14,HeinleinIV-dPlanetData,71731,4,17
Heinlein,Heinlein IV-e,Moon,0005DF16,HeinleinIV-ePlanetData,71731,4,19
Heinlein,Heinlein V,Planet,0005DF17,HeinleinVPlanetData,71731,0,5
Heinlein,Heinlein V-a,Moon,0005DF19,HeinleinV-aPlanetData,71731,5,13
Heinlein,Heinlein V-b,Moon,0005DF18,HeinleinV-bPlanetData,71731,5,12
Heinlein,Heinlein V-c,Moon,0005DF1A,HeinleinV-cPlanetData,71731,5,14
Heinlein,Heinlein VI,Planet,0005DF1B,HeinleinVIPlanetData,71731,0,6
Heinlein,Heinlein VI-a,Moon,0005DF20,HeinleinVI-aPlanetData,71731,6,24
Heinlein,Heinlein VI-b,Moon,0005DF1D,HeinleinVI-bPlanetData,71731,6,21
Heinlein,Heinlein VI-c,Moon,0005DF1C,HeinleinVI-cPlanetData,71731,6,20
Heinlein,Heinlein VI-d,Moon,0005DF1F,HeinleinVI-dPlanetData,71731,6,23
Heinlein,Heinlein VI-e,Moon,0005DF1E,HeinleinVI-ePlanetData,71731,6,22
Heinlein,Heinlein VII,Planet,0005DF21,HeinleinVIIPlanetData,71731,0,7
Heisenberg,Heisenberg I,Planet,0005E1C5,HeisenbergIPlanetData,83344,0,1
Heisenberg,Heisenberg II,Planet,0005E1C6,HeisenbergIIPlanetData,83344,0,2
Heisenberg,Heisenberg III,Planet,0005E1C7,HeisenbergIIIPlanetData,83344,0,3
Heisenberg,Heisenberg IV,Planet,0005E1C8,HeisenbergIVPlanetData,83344,0,4
Heisenberg,Heisenberg IX,Planet,0005E1D6,HeisenbergIXPlanetData,83344,0,9
Heisenberg,Heisenberg V,Planet,0005E1C9,HeisenbergVPlanetData,83344,0,5
Heisenberg,Heisenberg V-a,Moon,0005E1CA,HeisenbergV-aPlanetData,83344,5,12
Heisenberg,Heisenberg VI,Planet,0005E1CB,HeisenbergVIPlanetData,83344,0,6
Heisenberg,Heisenberg VI-a,Moon,0005E1CE,HeisenbergVI-aPlanetData,83344,6,15
Heisenberg,Heisenberg VI-b,Moon,0005E1CC,HeisenbergVI-bPlanetData,83344,6,13
Heisenberg,Heisenberg VI-c,Moon,0005E1CD,HeisenbergVI-cPlanetData,83344,6,14
Heisenberg,Heisenberg VII,Planet,0005E1CF,HeisenbergVIIPlanetData,83344,0,7
Heisenberg,Heisenberg VII-a,Moon,0005E1D0,HeisenbergVII-aPlanetData,83344,7,16
Heisenberg,Heisenberg VIII,Planet,0005E1D1,HeisenbergVIIIPlanetData,83344,0,8
Heisenberg,Heisenberg VIII-a,Moon,0005E1D4,HeisenbergVIII-aPlanetData,83344,8,19
Heisenberg,Heisenberg VIII-b,Moon,0005E1D5,HeisenbergVIII-bPlanetData,83344,8,20
Heisenberg,Heisenberg VIII-c,Moon,0005E1D3,HeisenbergVIII-cPlanetData,83344,8,18
Heisenberg,Heisenberg VIII-d,Moon,0005E1D2,HeisenbergVIII-dPlanetData,83344,8,17
Heisenberg,Heisenberg X,Planet,0005E1D7,HeisenbergXPlanetData,83344,0,10
Huygens,Huygens I,Planet,0005DE02,HuygensIPlanetData,73082,0,1
Huygens,Huygens I-a,Moon,0005DE03,HuygensI-aPlanetData,73082,1,10
Huygens,Huygens I-b,Moon,0005DE05,HuygensI-bPlanetData,73082,1,11
Huygens,Huygens II,Planet,0005DE0A,HuygensIIPlanetData,73082,0,2
Huygens,Huygens II-a,Moon,0005DE0B,HuygensII-aPlanetData,73082,2,12
Huygens,Huygens II-b,Moon,0005DE0C,HuygensII-bPlanetData,73082,2,13
Huygens,Huygens III,Planet,0005DE0D,HuygensIIIPlanetData,73082,0,3
Huygens,Huygens IV,Planet,0005DE0E,HuygensIVPlanetData,73082,0,4
Huygens,Huygens V,Planet,0005DE0F,HuygensVPlanetData,73082,0,5
Huygens,Huygens V-a,Moon,0005DE10,HuygensV-aPlanetData,73082,5,15
Huygens,Huygens V-b,Moon,0005DE11,HuygensV-bPlanetData,73082,5,16
Huygens,Huygens VI,Planet,0005DE12,HuygensVIPlanetData,73082,0,6
Huygens,Huygens VI-a,Moon,0005DE13,HuygensVI-aPlanetData,73082,6,14
Huygens,Huygens VII,Planet,0005DE14,HuygensVIIPlanetData,73082,0,7
Huygens,Huygens VII-a,Moon,0005DE16,HuygensVII-aPlanetData,73082,7,18
Huygens,Huygens VII-b,Moon,0005DE15,HuygensVII-bPlanetData,73082,7,17
Huygens,Huygens VII-c,Moon,0005DE17,HuygensVII-cPlanetData,73082,7,19
Huygens,Huygens VII-d,Moon,0005DE19,HuygensVII-dPlanetData,73082,7,21
Huygens,Huygens VII-e,Moon,0005DE18,HuygensVII-ePlanetData,73082,7,20
Huygens,Huygens VIII,Planet,0005DE1A,HuygensVIIIPlanetData,73082,0,8
Hyla,Hyla I,Planet,0005E31B,HylaIPlanetData,70096,0,1
Hyla,Hyla I-a,Moon,0005E31C,HylaI-aPlanetData,70096,1,10
Hyla,Hyla II,Planet,0005E31D,HylaIIPlanetData,70096,0,2
Hyla,Hyla II-a,Moon,0005E31E,HylaII-aPlanetData,70096,2,13
Hyla,Hyla II-b,Moon,0005E31F,HylaII-bPlanetData,70096,2,11
Hyla,Hyla III,Planet,0005E320,HylaIIIPlanetData,70096,0,3
Hyla,Hyla IV,Planet,0005E321,HylaIVPlanetData,70096,0,4
Hyla,Hyla IV-a,Moon,0005E323,HylaIV-aPlanetData,70096,4,15
Hyla,Hyla IV-b,Moon,0005E322,HylaIV-bPlanetData,70096,4,14
Hyla,Hyla V,Planet,0005E324,HylaVPlanetData,70096,0,5
Hyla,Hyla V-a,Moon,0005E325,HylaV-aPlanetData,70096,5,12
Hyla,Hyla VI,Planet,0005E326,HylaVIPlanetData,70096,0,6
Hyla,Hyla VI-a,Moon,0005E327,HylaVI-aPlanetData,70096,6,16
Hyla,Hyla VI-b,Moon,0005E328,HylaVI-bPlanetData,70096,6,17
Hyla,Hyla VII,Planet,0005E329,HylaVIIPlanetData,70096,0,7
Hyla,Hyla VII-a,Moon,0005E32A,HylaVII-aPlanetData,70096,7,18
Hyla,Hyla VIII,Planet,0005E32B,HylaVIIIPlanetData,70096,0,8
Hyla,Hyla VIII-a,Moon,0005E330,HylaVIII-aPlanetData,70096,8,23
Hyla,Hyla VIII-b,Moon,0005E32C,HylaVIII-bPlanetData,70096,8,19
Hyla,Hyla VIII-c,Moon,0005E32E,HylaVIII-cPlanetData,70096,8,21
Hyla,Hyla VIII-d,Moon,0005E32D,HylaVIII-dPlanetData,70096,8,20
Hyla,Hyla VIII-e,Moon,0005E32F,HylaVIII-ePlanetData,70096,8,22
Indum,Indum I,Planet,0005E190,IndumIPlanetData,119135,0,1
Indum,Indum I-a,Moon,0005E191,IndumI-aPlanetData,119135,1,7
Indum,Indum II,Planet,0005E192,IndumIIPlanetData,119135,0,2
Indum,Indum III,Planet,0005E194,IndumIIIPlanetData,119135,0,3
Indum,Indum III-a,Moon,0005E196,IndumIII-aPlanetData,119135,3,9
Indum,Indum III-b,Moon,0005E198,IndumIII-bPlanetData,119135,3,11
Indum,Indum III-c,Moon,0005E197,IndumIII-cPlanetData,119135,3,10
Indum,Indum III-d,Moon,0005E195,IndumIII-dPlanetData,119135,3,8
Indum,Indum IV,Planet,0005E199,IndumIVPlanetData,119135,0,4
Indum,Indum IV-a,Moon,0005E19D,IndumIV-aPlanetData,119135,4,15
Indum,Indum IV-b,Moon,0005E19B,IndumIV-bPlanetData,119135,4,13
Indum,Indum IV-c,Moon,0005E19C,IndumIV-cPlanetData,119135,4,14
Indum,Indum IV-d,Moon,0005E19A,IndumIV-dPlanetData,119135,4,12
Indum,Indum V,Planet,0005E19E,IndumVPlanetData,119135,0,5
Indum,Indum V-a,Moon,0005E19F,IndumV-aPlanetData,119135,5,16
Ixyll,Ixyll I,Planet,0005E3C7,IxyllIPlanetData,62328,0,1
Ixyll,Ixyll II,Planet,0005E3C8,IxyllIIPlanetData,62328,0,2
Ixyll,Ixyll II-a,Moon,0005E3C9,IxyllII-aPlanetData,62328,2,11
Ixyll,Ixyll III,Planet,0005E3CA,IxyllIIIPlanetData,62328,0,3
Ixyll,Ixyll III-a,Moon,0005E3CC,IxyllIII-aPlanetData,62328,3,13
Ixyll,Ixyll III-b,Moon,0005E3CB,IxyllIII-bPlanetData,62328,3,12
Ixyll,Ixyll IV,Planet,0005E3CD,IxyllIVPlanetData,62328,0,4
Ixyll,Ixyll IX,Planet,0005E3DC,IxyllIXPlanetData,62328,0,9
Ixyll,Ixyll IX-a,Moon,0005E3DF,IxyllIX-aPlanetData,62328,9,26
Ixyll,Ixyll IX-b,Moon,0005E3DD,IxyllIX-bPlanetData,62328,9,24
Ixyll,Ixyll IX-c,Moon,0005E3E0,IxyllIX-cPlanetData,62328,9,27
Ixyll,Ixyll IX-d,Moon,0005E3DE,IxyllIX-dPlanetData,62328,9,25
Ixyll,Ixyll V,Planet,0005E3CE,IxyllVPlanetData,62328,0,5
Ixyll,Ixyll VI,Planet,0005E3CF,IxyllVIPlanetData,62328,0,6
Ixyll,Ixyll VI-a,Moon,0005E3D0,IxyllVI-aPlanetData,62328,6,14
Ixyll,Ixyll VI-b,Moon,0005E3D3,IxyllVI-bPlanetData,62328,6,17
Ixyll,Ixyll VI-c,Moon,0005E3D2,IxyllVI-cPlanetData,62328,6,16
Ixyll,Ixyll VI-d,Moon,0005E3D4,IxyllVI-dPlanetData,62328,6,18
Ixyll,Ixyll VI-e,Moon,0005E3D1,IxyllVI-ePlanetData,62328,6,15
Ixyll,Ixyll VII,Planet,0005E3D5,IxyllVIIPlanetData,62328,0,7
Ixyll,Ixyll VII-a,Moon,0005E3D6,IxyllVII-aPlanetData,62328,7,19
Ixyll,Ixyll VII-b,Moon,0005E3D8,IxyllVII-bPlanetData,62328,7,21
Ixyll,Ixyll VII-c,Moon,0005E3D7,IxyllVII-cPlanetData,62328,7,20
Ixyll,Ixyll VIII,Planet,0005E3D9,IxyllVIIIPlanetData,62328,0,8
Ixyll,Ixyll VIII-a,Moon,0005E3DA,IxyllVIII-aPlanetData,62328,8,22
Ixyll,Ixyll VIII-b,Moon,0005E3DB,IxyllVIII-bPlanetData,62328,8,23
Jaffa,Jaffa I,Planet,0005E208,JaffaIPlanetData,79431,0,1
Jaffa,Jaffa I-a,Moon,0005E209,JaffaI-aPlanetData,79431,1,10
Jaffa,Jaffa II,Planet,0005E20A,JaffaIIPlanetData,79431,0,2
Jaffa,Jaffa II-a,Moon,0005E20B,JaffaII-aPlanetData,79431,2,11
Jaffa,Jaffa III,Planet,0005E20C,JaffaIIIPlanetData,79431,0,3
Jaffa,Jaffa IV,Planet,0005E20D,JaffaIVPlanetData,79431,0,4
Jaffa,Jaffa IV-a,Moon,0005E20E,JaffaIV-aPlanetData,79431,4,12
Jaffa,Jaffa V,Planet,0005E20F,JaffaVPlanetData,79431,0,5
Jaffa,Jaffa V-a,Moon,0005E210,JaffaV-aPlanetData,79431,5,13
Jaffa,Jaffa VI,Planet,0005E211,JaffaVIPlanetData,79431,0,6
Jaffa,Jaffa VI-a,Moon,0005E212,JaffaVI-aPlanetData,79431,6,14
Jaffa,Jaffa VI-b,Moon,0005E214,JaffaVI-bPlanetData,79431,6,16
Jaffa,Jaffa VI-c,Moon,0005E213,JaffaVI-cPlanetData,79431,6,15
Jaffa,Jaffa VII,Planet,0005E215,JaffaVIIPlanetData,79431,0,7
Jaffa,Jaffa VII-a,Moon,0005E21A,JaffaVII-aPlanetData,79431,7,21
Jaffa,Jaffa VII-b,Moon,0005E216,JaffaVII-bPlanetData,79431,7,17
Jaffa,Jaffa VII-c,Moon,0005E217,JaffaVII-cPlanetData,79431,7,18
Jaffa,Jaffa VII-d,Moon,0005E219,JaffaVII-dPlanetData,79431,7,20
Jaffa,Jaffa VII-e,Moon,0005E218,JaffaVII-ePlanetData,79431,7,19
Jaffa,Jaffa VIII,Planet,0005E21B,JaffaVIIIPlanetData,79431,0,8
Kang,Kang I,Planet,0005DE89,KangIPlanetData,71517,0,1
Kang,Kang II,Planet,0005DE8A,KangIIPlanetData,71517,0,2
Kang,Kang III,Planet,0005DE8B,KangIIIPlanetData,71517,0,3
Kang,Kang IV,Planet,0005DE8C,KangIVPlanetData,71517,0,4
Kang,Kang IV-a,Moon,0005DE8E,KangIV-aPlanetData,71517,4,11
Kang,Kang IV-b,Moon,0005DE8F,KangIV-bPlanetData,71517,4,12
Kang,Kang IV-c,Moon,0005DE8D,KangIV-cPlanetData,71517,4,10
Kang,Kang V,Planet,0005DE90,KangVPlanetData,71517,0,5
Kang,Kang VI,Planet,0005DE91,KangVIPlanetData,71517,0,6
Kang,Kang VI-a,Moon,0005DE92,KangVI-aPlanetData,71517,6,13
Kang,Kang VII,Planet,0005DE93,KangVIIPlanetData,71517,0,7
Kang,Kang VII-a,Moon,0005DE95,KangVII-aPlanetData,71517,7,15
Kang,Kang VII-b,Moon,0005DE96,KangVII-bPlanetData,71517,7,16
Kang,Kang VII-c,Moon,0005DE94,KangVII-cPlanetData,71517,7,14
Kang,Kang VII-d,Moon,0005DE97,KangVII-dPlanetData,71517,7,17
Kang,Kang VIII,Planet,0005DE98,KangVIIIPlanetData,71517,0,8
Kang,Kang VIII-a,Moon,0005DE9B,KangVIII-aPlanetData,71517,8,20
Kang,Kang VIII-b,Moon,0005DE99,KangVIII-bPlanetData,71517,8,18
Kang,Kang VIII-c,Moon,0005DE9A,KangVIII-cPlanetData,71517,8,19
Kang,Kang VIII-d,Moon,0005DE9C,KangVIII-dPlanetData,71517,8,21
Kapteyn's Star,Kapteyn I,Planet,002C88FA,KapteynIPlanetData,24129,0,2
Kapteyn's Star,Kapteyn II,Planet,002C890A,KapteynIIPlanetData,24129,0,3
Katydid,Katydid I,Planet,0005DE79,KatydidIPlanetData,55539,0,1
Katydid,Katydid I-a,Moon,0005DE7A,KatydidI-aPlanetData,55539,1,5
Katydid,Katydid I-b,Moon,0005DE7B,KatydidI-bPlanetData,55539,1,6
Katydid,Katydid II,Planet,0005DE7C,KatydidIIPlanetData,55539,0,2
Katydid,Katydid III,Planet,0005DE7D,KatydidIIIPlanetData,55539,0,3
Khayyam,Khayyam I,Planet,0005DFDD,KhayyamIPlanetData,65150,0,1
Khayyam,Khayyam I-a,Moon,0005DFDE,KhayyamI-aPlanetData,65150,1,8
Khayyam,Khayyam II,Planet,0005DFDF,KhayyamIIPlanetData,65150,0,2
Khayyam,Khayyam II-a,Moon,0005DFE0,KhayyamII-aPlanetData,65150,2,9
Khayyam,Khayyam III,Planet,0005DFE1,KhayyamIIIPlanetData,65150,0,3
Khayyam,Khayyam III-a,Moon,0005DFE3,KhayyamIII-aPlanetData,65150,3,11
Khayyam,Khayyam III-b,Moon,0005DFE2,KhayyamIII-bPlanetData,65150,3,10
Khayyam,Khayyam III-c,Moon,0005DFE4,KhayyamIII-cPlanetData,65150,3,12
Khayyam,Khayyam IV,Planet,0005DFE5,KhayyamIVPlanetData,65150,0,4
Khayyam,Khayyam IV-a,Moon,0005DFE6,KhayyamIV-aPlanetData,65150,4,13
Khayyam,Khayyam V,Planet,0005DFE7,KhayyamVPlanetData,65150,0,5
Khayyam,Khayyam V-a,Moon,0005DFE8,KhayyamV-aPlanetData,65150,5,14
Khayyam,Khayyam VI,Planet,0005DFE9,KhayyamVIPlanetData,65150,0,6
Khayyam,Khayyam VI-a,Moon,0005DFEC,KhayyamVI-aPlanetData,65150,6,17
Khayyam,Khayyam VI-b,Moon,0005DFEE,KhayyamVI-bPlanetData,65150,6,19
Khayyam,Khayyam VI-c,Moon,0005DFED,KhayyamVI-cPlanetData,65150,6,18
Khayyam,Khayyam VI-d,Moon,0005DFEA,KhayyamVI-dPlanetData,65150,6,15
Khayyam,Khayyam VI-e,Moon,0005DFEB,KhayyamVI-ePlanetData,65150,6,16
Kryx,Boron,Moon,0005E239,BoronPlanetData,77022,1,6
Kryx,Candore,Moon,0005E238,CandorePlanetData,77022,1,5
Kryx,Ice,Moon,0005E236,IcePlanetData,77022,1,3
Kryx,Max,Moon,0005E23C,MAXPlanetData,77022,1,9
Kryx,Neebas,Moon,0005E237,NeebasPlanetData,77022,1,4
Kryx,Nox,Moon,0005E23B,NoxPlanetData,77022,1,8
Kryx,Rocklock,Moon,0005E23A,RocklockPlanetData,77022,1,7
Kryx,Suvorov,Planet,0005E235,SuvorovPlanetData,77022,0,1
Kumasi,Kumasi I,Planet,0005E496,KumasiIPlanetData,56828,0,1
Kumasi,Kumasi I-a,Moon,0005E497,KumasiI-aPlanetData,56828,1,12
Kumasi,Kumasi II,Planet,0005E498,KumasiIIPlanetData,56828,0,2
Kumasi,Kumasi II-a,Moon,0005E499,KumasiII-aPlanetData,56828,2,13
Kumasi,Kumasi III,Planet,0005E49A,KumasiIIIPlanetData,56828,0,3
Kumasi,Kumasi III-a,Moon,0005E49B,KumasiIII-aPlanetData,56828,3,14
Kumasi,Kumasi IV,Planet,0005E49C,KumasiIVPlanetData,56828,0,4
Kumasi,Kumasi IV-a,Moon,0005E49D,KumasiIV-aPlanetData,56828,4,15
Kumasi,Kumasi IX,Planet,0005E4B0,KumasiIXPlanetData,56828,0,9
Kumasi,Kumasi IX-a,Moon,0005E4B1,KumasiIX-aPlanetData,56828,9,17
Kumasi,Kumasi V,Planet,0005E49E,KumasiVPlanetData,56828,0,5
Kumasi,Kumasi V-a,Moon,0005E4A3,KumasiV-aPlanetData,56828,5,22
Kumasi,Kumasi V-b,Moon,0005E4A0,KumasiV-bPlanetData,56828,5,19
Kumasi,Kumasi V-c,Moon,0005E4A1,KumasiV-cPlanetData,56828,5,20
Kumasi,Kumasi V-d,Moon,0005E4A2,KumasiV-dPlanetData,56828,5,21
Kumasi,Kumasi V-e,Moon,0005E49F,KumasiV-ePlanetData,56828,5,18
Kumasi,Kumasi VI,Planet,0005E4A4,KumasiVIPlanetData,56828,0,6
Kumasi,Kumasi VI-a,Moon,0005E4A5,KumasiVI-aPlanetData,56828,6,16
Kumasi,Kumasi VII,Planet,0005E4A6,KumasiVIIPlanetData,56828,0,7
Kumasi,Kumasi VII-a,Moon,0005E4A9,KumasiVII-aPlanetData,56828,7,25
Kumasi,Kumasi VII-b,Moon,0005E4A8,KumasiVII-bPlanetData,56828,7,24
Kumasi,Kumasi VII-c,Moon,0005E4AA,KumasiVII-cPlanetData,56828,7,26
Kumasi,Kumasi VII-d,Moon,0005E4A7,KumasiVII-dPlanetData,56828,7,23
Kumasi,Kumasi VIII,Planet,0005E4AB,KumasiVIIIPlanetData,56828,0,8
Kumasi,Kumasi VIII-a,Moon,0005E4AF,KumasiVIII-aPlanetData,56828,8,30
Kumasi,Kumasi VIII-b,Moon,0005E4AD,KumasiVIII-bPlanetData,56828,8,28
Kumasi,Kumasi VIII-c,Moon,0005E4AE,KumasiVIII-cPlanetData,56828,8,29
Kumasi,Kumasi VIII-d,Moon,0005E4AC,KumasiVIII-dPlanetData,56828,8,27
Lantana,Lantana I,Planet,0005E450,LantanaIPlanetData,57584,0,1
Lantana,Lantana II,Planet,0005E451,LantanaIIPlanetData,57584,0,2
Lantana,Lantana III,Planet,0005E452,LantanaIIIPlanetData,57584,0,3
Lantana,Lantana III-a,Moon,0005E453,LantanaIII-aPlanetData,57584,3,11
Lantana,Lantana IV,Planet,0005E454,LantanaIVPlanetData,57584,0,4
Lantana,Lantana IX,Planet,0005E460,LantanaIXPlanetData,57584,0,9
Lantana,Lantana IX-a,Moon,0005E463,LantanaIX-aPlanetData,57584,9,20
Lantana,Lantana IX-b,Moon,0005E465,LantanaIX-bPlanetData,57584,9,22
Lantana,Lantana IX-c,Moon,0005E461,LantanaIX-cPlanetData,57584,9,18
Lantana,Lantana IX-d,Moon,0005E464,LantanaIX-dPlanetData,57584,9,21
Lantana,Lantana IX-e,Moon,0005E462,LantanaIX-ePlanetData,57584,9,19
Lantana,Lantana V,Planet,0005E455,LantanaVPlanetData,57584,0,5
Lantana,Lantana V-a,Moon,0005E456,LantanaV-aPlanetData,57584,5,12
Lantana,Lantana V-b,Moon,0005E457,LantanaV-bPlanetData,57584,5,13
Lantana,Lantana VI,Planet,0005E458,LantanaVIPlanetData,57584,0,6
Lantana,Lantana VII,Planet,0005E459,LantanaVIIPlanetData,57584,0,7
Lantana,Lantana VIII,Planet,0005E45A,LantanaVIIIPlanetData,57584,0,8
Lantana,Lantana VIII-a,Moon,0005E45E,LantanaVIII-aPlanetData,57584,8,16
Lantana,Lantana VIII-b,Moon,0005E45F,LantanaVIII-bPlanetData,57584,8,17
Lantana,Lantana VIII-c,Moon,0005E45B,LantanaVIII-cPlanetData,57584,8,14
Lantana,Lantana VIII-d,Moon,0005E45C,LantanaVIII-dPlanetData,57584,8,15
Leonis,Leonis I,Planet,0005DE9F,LeonisIPlanetData,55476,0,1
Leonis,Leonis I-a,Moon,0005DEA0,LeonisI-aPlanetData,55476,1,11
Leonis,Leonis I-b,Moon,0005DEA1,LeonisI-bPlanetData,55476,1,12
Leonis,Leonis II,Planet,0005DEA2,LeonisIIPlanetData,55476,0,2
Leonis,Leonis II-a,Moon,0005DEA3,LeonisII-aPlanetData,55476,2,13
Leonis,Leonis III,Planet,0005DEA4,LeonisIIIPlanetData,55476,0,3
Leonis,Leonis IV,Planet,0005DEA5,LeonisIVPlanetData,55476,0,4
Leonis,Leonis IX,Planet,0005DEAF,LeonisIXPlanetData,55476,0,9
Leonis,Leonis V,Planet,0005DEA6,LeonisVPlanetData,55476,0,5
Leonis,Leonis V-a,Moon,0005DEA7,LeonisV-aPlanetData,55476,5,14
Leonis,Leonis VI,Planet,0005DEA8,LeonisVIPlanetData,55476,0,6
Leonis,Leonis VI-a,Moon,0005DEA9,LeonisVI-aPlanetData,55476,6,15
Leonis,Leonis VII,Planet,0005DEAA,LeonisVIIPlanetData,55476,0,7
Leonis,Leonis VIII,Planet,0005DEAB,LeonisVIIIPlanetData,55476,0,8
Leonis,Leonis VIII-a,Moon,0005DEAD,LeonisVIII-aPlanetData,55476,8,17
Leonis,Leonis VIII-b,Moon,0005DEAC,LeonisVIII-bPlanetData,55476,8,16
Leonis,Leonis VIII-c,Moon,0005DEAE,LeonisVIII-cPlanetData,55476,8,18
Leviathan,Leviathan I,Planet,0005E093,LeviathanIPlanetData,89684,0,1
Leviathan,Leviathan II,Planet,0005E094,LeviathanIIPlanetData,89684,0,2
Leviathan,Leviathan III,Planet,0005E095,LeviathanIIIPlanetData,89684,0,3
Leviathan,Leviathan IV,Planet,0005E096,LeviathanIVPlanetData,89684,0,4
Leviathan,Leviathan V,Planet,0005E097,LeviathanVPlanetData,89684,0,5
Leviathan,Leviathan V-a,Moon,0005E098,LeviathanV-aPlanetData,89684,5,9
Leviathan,Leviathan VI,Planet,0005E099,LeviathanVIPlanetData,89684,0,6
Leviathan,Leviathan VI-a,Moon,0005E09A,LeviathanVI-aPlanetData,89684,6,10
Leviathan,Leviathan VI-b,Moon,0005E09B,LeviathanVI-bPlanetData,89684,6,11
Leviathan,Leviathan VII,Planet,0005E09C,LeviathanVIIPlanetData,89684,0,7
Linnaeus,Linnaeus I,Planet,0005E078,LinnaeusIPlanetData,91156,0,1
Linnaeus,Linnaeus II,Planet,0005E079,LinnaeusIIPlanetData,91156,0,2
Linnaeus,Linnaeus II-a,Moon,0005E07A,LinnaeusII-aPlanetData,91156,2,10
Linnaeus,Linnaeus III,Planet,0005E07B,LinnaeusIIIPlanetData,91156,0,3
Linnaeus,Linnaeus III-a,Moon,0005E07C,LinnaeusIII-aPlanetData,91156,3,11
Linnaeus,Linnaeus IV,Planet,0005E07D,LinnaeusIVPlanetData,91156,0,4
Linnaeus,Linnaeus IV-a,Moon,0005E07E,LinnaeusIV-aPlanetData,91156,4,12
Linnaeus,Linnaeus IV-b,Moon,0005E080,LinnaeusIV-bPlanetData,91156,4,14
Linnaeus,Linnaeus IV-c,Moon,0005E07F,LinnaeusIV-cPlanetData,91156,4,13
Linnaeus,Linnaeus V,Planet,0005E081,LinnaeusVPlanetData,91156,0,5
Linnaeus,Linnaeus VI,Planet,0005E082,LinnaeusVIPlanetData,91156,0,6
Linnaeus,Linnaeus VII,Planet,0005E083,LinnaeusVIIPlanetData,91156,0,7
Lunara,Abetti,Moon,0005E570,AbettiPlanetData,83865,5,14
Lunara,Az-Valok,Moon,0005E580,Az-ValokPlanetData,83865,7,22
Lunara,Cassini,Planet,0005E56F,CassiniPlanetData,83865,0,5
Lunara,Coeus,Moon,0005E56D,CoeusPlanetData,83865,4,12
Lunara,Crius,Moon,0005E56E,CriusPlanetData,83865,4,13
Lunara,Cthol,Planet,0005E57F,CtholPlanetData,83865,0,7
Lunara,Earrach,Moon,0005E56B,EarrachPlanetData,83865,3,26
Lunara,Gaea,Planet,0005E56C,GaeaPlanetData,83865,0,4
Lunara,Gasparis,Moon,0005E572,GasparisPlanetData,83865,5,16
Lunara,Lillius,Moon,0005E571,LilliusPlanetData,83865,5,15
Lunara,Numitor,Planet,0005E564,NumitorPlanetData,83865,0,1
Lunara,Nyarloth,Moon,0005E582,NyarlothPlanetData,83865,7,24
Lunara,Okoro,Planet,0005E573,OkoroPlanetData,83865,0,6
Lunara,Okoro Alpha,Moon,0005E575,OkoroAlphaPlanetData,83865,6,18
Lunara,Okoro Beta,Moon,0005E576,OkoroBetaPlanetData,83865,6,19
Lunara,Okoro Delta,Moon,0005E57A,OkoroDeltaPlanetData,83865,6,21
Lunara,Okoro Epsilon,Moon,0005E577,OkoroEpsilonPlanetData,83865,6,20
Lunara,Okoro Gamma,Moon,0005E574,OkoroGammaPlanetData,83865,6,17
Lunara,Petria,Planet,0005E56A,PetriaPlanetData,83865,0,3
Lunara,Remus,Moon,0005E567,RemusPlanetData,83865,1,11
Lunara,Reva's World,Planet,0005E583,RevasWorldPlanetData,83865,0,8
Lunara,Romulus,Moon,0005E565,RomulusPlanetData,83865,1,10
Lunara,Uvhan,Moon,0005E581,UvhanPlanetData,83865,7,23
Lunara,Vesta,Planet,0005E568,VestaPlanetData,83865,0,2
Lunara,Vesta Lunaris,Moon,0005E569,VestaLunarisPlanetData,83865,2,25
Luyten's Star,Luyten's Rock,Planet,0005E504,LuytensRockPlanetData,36107,0,1
Maal,Maal I,Planet,0005DE60,MaalIPlanetData,74746,0,1
Maal,Maal I-a,Moon,0005DE62,MaalI-aPlanetData,74746,1,13
Maal,Maal I-b,Moon,0005DE61,MaalI-bPlanetData,74746,1,12
Maal,Maal II,Planet,0005DE63,MaalIIPlanetData,74746,0,2
Maal,Maal II-a,Moon,0005DE64,MaalII-aPlanetData,74746,2,14
Maal,Maal III,Planet,0005DE65,MaalIIIPlanetData,74746,0,3
Maal,Maal III-a,Moon,0005DE66,MaalIII-aPlanetData,74746,3,15
Maal,Maal IV,Planet,0005DE67,MaalIVPlanetData,74746,0,4
Maal,Maal IX,Planet,0005DE71,MaalIXPlanetData,74746,0,9
Maal,Maal IX-a,Moon,0005DE72,MaalIX-aPlanetData,74746,9,21
Maal,Maal IX-b,Moon,0005DE74,MaalIX-bPlanetData,74746,9,23
Maal,Maal IX-c,Moon,0005DE75,MaalIX-cPlanetData,74746,9,24
Maal,Maal IX-d,Moon,0005DE73,MaalIX-dPlanetData,74746,9,22
Maal,Maal V,Planet,0005DE68,MaalVPlanetData,74746,0,5
Maal,Maal V-a,Moon,0005DE69,MaalV-aPlanetData,74746,5,16
Maal,Maal VI,Planet,0005DE6A,MaalVIPlanetData,74746,0,6
Maal,Maal VI-a,Moon,0005DE6B,MaalVI-aPlanetData,74746,6,18
Maal,Maal VI-b,Moon,0005DE6D,MaalVI-bPlanetData,74746,6,20
Maal,Maal VI-c,Moon,0005DE6C,MaalVI-cPlanetData,74746,6,19
Maal,Maal VII,Planet,0005DE6E,MaalVIIPlanetData,74746,0,7
Maal,Maal VIII,Planet,0005DE6F,MaalVIIIPlanetData,74746,0,8
Maal,Maal VIII-a,Moon,0005DE70,MaalVIII-aPlanetData,74746,8,17
Maal,Maal X,Planet,0005DE76,MaalXPlanetData,74746,0,10
Maheo,Maheo I,Planet,0005E2A3,MaheoIPlanetData,118988,0,1
Maheo,Maheo II,Planet,0005E2A4,MaheoIIPlanetData,118988,0,2
Maheo,Maheo III,Planet,0005E2A5,MaheoIIIPlanetData,118988,0,3
Maheo,Maheo III-a,Moon,0005E2A6,MaheoIII-aPlanetData,118988,3,9
Maheo,Maheo III-b,Moon,0005E2A7,MaheoIII-bPlanetData,118988,3,10
Maheo,Maheo IV,Planet,0005E2A8,MaheoIVPlanetData,118988,0,4
Maheo,Maheo IV-a,Moon,0005E2AA,MaheoIV-aPlanetData,118988,4,14
Maheo,Maheo IV-b,Moon,0005E2AC,MaheoIV-bPlanetData,118988,4,16
Maheo,Maheo IV-c,Moon,0005E2A9,MaheoIV-cPlanetData,118988,4,13
Maheo,Maheo IV-d,Moon,0005E2AB,MaheoIV-dPlanetData,118988,4,15
Maheo,Maheo V,Planet,0005E2AD,MaheoVPlanetData,118988,0,5
Maheo,Maheo V-a,Moon,0005E2AE,MaheoV-aPlanetData,118988,5,17
Maheo,Maheo VI,Planet,0005E2AF,MaheoVIPlanetData,118988,0,6
Maheo,Maheo VI-a,Moon,0005E2B0,MaheoVI-aPlanetData,118988,6,11
Maheo,Maheo VII,Planet,0005E2B1,MaheoVIIPlanetData,118988,0,7
Maheo,Maheo VII-a,Moon,0005E2B2,MaheoVII-aPlanetData,118988,7,12
Marduk,Marduk I,Planet,0005E3FA,MardukIPlanetData,60805,0,1
Marduk,Marduk I-a,Moon,0005E3FB,MardukI-aPlanetData,60805,1,11
Marduk,Marduk II,Planet,0005E3FC,MardukIIPlanetData,60805,0,2
Marduk,Marduk III,Planet,0005E3FD,MardukIIIPlanetData,60805,0,3
Marduk,Marduk III-a,Moon,0005E3FE,MardukIII-aPlanetData,60805,3,12
Marduk,Marduk IV,Planet,0005E3FF,MardukIVPlanetData,60805,0,4
Marduk,Marduk IX,Planet,0005E409,MardukIXPlanetData,60805,0,9
Marduk,Marduk IX-a,Moon,0005E40A,MardukIX-aPlanetData,60805,9,14
Marduk,Marduk IX-b,Moon,0005E40B,MardukIX-bPlanetData,60805,9,15
Marduk,Marduk V,Planet,0005E400,MardukVPlanetData,60805,0,5
Marduk,Marduk V-a,Moon,0005E401,MardukV-aPlanetData,60805,5,13
Marduk,Marduk VI,Planet,0005E402,MardukVIPlanetData,60805,0,6
Marduk,Marduk VII,Planet,0005E403,MardukVIIPlanetData,60805,0,7
Marduk,Marduk VII-a,Moon,0005E405,MardukVII-aPlanetData,60805,7,17
Marduk,Marduk VII-b,Moon,0005E404,MardukVII-bPlanetData,60805,7,16
Marduk,Marduk VII-c,Moon,0005E407,MardukVII-cPlanetData,60805,7,19
Marduk,Marduk VII-d,Moon,0005E406,MardukVII-dPlanetData,60805,7,18
Marduk,Marduk VIII,Planet,0005E408,MardukVIIIPlanetData,60805,0,8
Masada,Masada I,Planet,0005E1DA,MasadaIPlanetData,83021,0,1
Masada,Masada II,Planet,0005E1DB,MasadaIIPlanetData,83021,0,2
Masada,Masada III,Planet,0005E1DC,MasadaIIIPlanetData,83021,0,3
Masada,Masada IV,Planet,0005E1DD,MasadaIVPlanetData,83021,0,4
Masada,Masada IV-a,Moon,0005E1DE,MasadaIV-aPlanetData,83021,4,11
Masada,Masada IX,Planet,0005E1EA,MasadaIXPlanetData,83021,0,9
Masada,Masada V,Planet,0005E1DF,MasadaVPlanetData,83021,0,5
Masada,Masada V-a,Moon,0005E1E1,MasadaV-aPlanetData,83021,5,13
Masada,Masada V-b,Moon,0005E1E0,MasadaV-bPlanetData,83021,5,12
Masada,Masada V-c,Moon,0005E1E2,MasadaV-cPlanetData,83021,5,14
Masada,Masada VI,Planet,0005E1E3,MasadaVIPlanetData,83021,0,6
Masada,Masada VI-a,Moon,0005E1E4,MasadaVI-aPlanetData,83021,6,15
Masada,Masada VII,Planet,0005E1E5,MasadaVIIPlanetData,83021,0,7
Masada,Masada VII-a,Moon,0005E1E6,MasadaVII-aPlanetData,83021,7,16
Masada,Masada VII-b,Moon,0005E1E7,MasadaVII-bPlanetData,83021,7,17
Masada,Masada VIII,Planet,0005E1E8,MasadaVIIIPlanetData,83021,0,8
Masada,Masada VIII-a,Moon,0005E1E9,MasadaVIII-aPlanetData,83021,8,18
McClure,McClure I,Planet,0005E1F3,McClureIPlanetData,119106,0,1
McClure,McClure I-a,Moon,0005E1F4,McClureI-aPlanetData,119106,1,5
McClure,McClure II,Planet,0005E1F5,McClureIIPlanetData,119106,0,2
McClure,McClure II-a,Moon,0005E1F7,McClureII-aPlanetData,119106,2,6
McClure,McClure II-b,Moon,0005E1F6,McClureII-bPlanetData,119106,2,8
McClure,McClure II-c,Moon,0005E1F9,McClureII-cPlanetData,119106,2,7
McClure,McClure III,Planet,0005E1FA,McClureIIIPlanetData,119106,0,3
Moloch,Moloch I,Planet,0005E34B,MolochIPlanetData,68463,0,1
Moloch,Moloch I-a,Moon,0005E34C,MolochI-aPlanetData,68463,1,9
Moloch,Moloch II,Planet,0005E34D,MolochIIPlanetData,68463,0,2
Moloch,Moloch III,Planet,0005E34E,MolochIIIPlanetData,68463,0,3
Moloch,Moloch IV,Planet,0005E34F,MolochIVPlanetData,68463,0,4
Moloch,Moloch V,Planet,0005E350,MolochVPlanetData,68463,0,5
Moloch,Moloch V-a,Moon,0005E352,MolochV-aPlanetData,68463,5,11
Moloch,Moloch V-b,Moon,0005E351,MolochV-bPlanetData,68463,5,10
Moloch,Moloch V-c,Moon,0005E353,MolochV-cPlanetData,68463,5,12
Moloch,Moloch V-d,Moon,0005E354,MolochV-dPlanetData,68463,5,13
Moloch,Moloch VI,Planet,0005E355,MolochVIPlanetData,68463,0,6
Moloch,Moloch VI-a,Moon,0005E357,MolochVI-aPlanetData,68463,6,15
Moloch,Moloch VI-b,Moon,0005E356,MolochVI-bPlanetData,68463,6,14
Moloch,Moloch VII,Planet,0005E358,MolochVIIPlanetData,68463,0,7
Muphrid,Muphrid I,Planet,0005E35B,MuphridIPlanetData,67711,0,1
Muphrid,Muphrid I-a,Moon,0005E35C,MuphridI-aPlanetData,67711,1,10
Muphrid,Muphrid I-b,Moon,0005E35D,MuphridI-bPlanetData,67711,1,11
Muphrid,Muphrid II,Planet,0005E35E,MuphridIIPlanetData,67711,0,2
Muphrid,Muphrid II-a,Moon,0005E35F,MuphridII-aPlanetData,67711,2,12
Muphrid,Muphrid III,Planet,0005E360,MuphridIIIPlanetData,67711,0,3
Muphrid,Muphrid III-a,Moon,0005E361,MuphridIII-aPlanetData,67711,3,13
Muphrid,Muphrid III-b,Moon,0005E362,MuphridIII-bPlanetData,67711,3,14
Muphrid,Muphrid III-c,Moon,0005E363,MuphridIII-cPlanetData,67711,3,15
Muphrid,Muphrid IV,Planet,0005E364,MuphridIVPlanetData,67711,0,4
Muphrid,Muphrid V,Planet,0005E365,MuphridVPlanetData,67711,0,5
Muphrid,Muphrid V-a,Moon,0005E367,MuphridV-aPlanetData,67711,5,17
Muphrid,Muphrid V-b,Moon,0005E369,MuphridV-bPlanetData,67711,5,19
Muphrid,Muphrid V-c,Moon,0005E368,MuphridV-cPlanetData,67711,5,18
Muphrid,Muphrid V-d,Moon,0005E366,MuphridV-dPlanetData,67711,5,16
Muphrid,Muphrid VI,Planet,0005E36A,MuphridVIPlanetData,67711,0,6
Muphrid,Muphrid VI-a,Moon,0005E36E,MuphridVI-aPlanetData,67711,6,23
Muphrid,Muphrid VI-b,Moon,0005E36B,MuphridVI-bPlanetData,67711,6,20
Muphrid,Muphrid VI-c,Moon,0005E36C,MuphridVI-cPlanetData,67711,6,21
Muphrid,Muphrid VI-d,Moon,0005E36D,MuphridVI-dPlanetData,67711,6,22
Muphrid,Muphrid VII,Planet,0005E36F,MuphridVIIPlanetData,67711,0,7
Muphrid,Muphrid VII-a,Moon,0005E372,MuphridVII-aPlanetData,67711,7,26
Muphrid,Muphrid VII-b,Moon,0005E371,MuphridVII-bPlanetData,67711,7,25
Muphrid,Muphrid VII-c,Moon,0005E370,MuphridVII-cPlanetData,67711,7,24
Muphrid,Muphrid VIII,Planet,0005E373,MuphridVIIIPlanetData,67711,0,8
Muphrid,Muphrid VIII-a,Moon,0005E376,MuphridVIII-aPlanetData,67711,8,29
Muphrid,Muphrid VIII-b,Moon,0005E375,MuphridVIII-bPlanetData,67711,8,28
Muphrid,Muphrid VIII-c,Moon,0005E374,MuphridVIII-cPlanetData,67711,8,27
Muphrid,Muphrid VIII-d,Moon,0005E377,MuphridVIII-dPlanetData,67711,8,30
Narion,Andraphon,Moon,0005E557,AndraphonPlanetData,88327,2,9
Narion,Anselon,Planet,0005E55F,AnselonPlanetData,88327,0,6
Narion,Cruth,Planet,0005E561,CruthPlanetData,88327,0,7
Narion,Dalvik,Moon,0005E55D,DalvikPlanetData,88327,5,12
Narion,Danra,Planet,0005E558,DanraPlanetData,88327,0,3
Narion,Deepala,Planet,0005E55C,DeepalaPlanetData,88327,0,5
Narion,Grimsey,Moon,0005E55E,XandarPlanetData,88327,5,13
Narion,Gryphus,Moon,0005E559,GryphusPlanetData,88327,3,8
Narion,Hyperia,Moon,0005E55B,HyperiaPlanetData,88327,4,11
Narion,Kreet,Moon,0003F59F,KreetPlanetData,88327,6,15
Narion,Magreth,Planet,0005E55A,MagrethPlanetData,88327,0,4
Narion,Niira,Planet,0005E555,NiiraPlanetData,88327,0,1
Narion,Podius,Moon,0003F59D,PodiusPlanetData,88327,3,10
Narion,Sumati,Planet,0005E556,SumatiPlanetData,88327,0,2
Narion,Vectera,Moon,0003F59E,VecteraPlanetData,88327,6,14
Nemeria,Nemeria I,Planet,0005E135,NemeriaIPlanetData,84604,0,1
Nemeria,Nemeria II,Planet,0005E136,NemeriaIIPlanetData,84604,0,2
Nemeria,Nemeria II-a,Moon,0005E137,NemeriaII-aPlanetData,84604,2,9
Nemeria,Nemeria II-b,Moon,0005E138,NemeriaII-bPlanetData,84604,2,10
Nemeria,Nemeria III,Planet,0005E139,NemeriaIIIPlanetData,84604,0,3
Nemeria,Nemeria III-a,Moon,0005E13A,NemeriaIII-aPlanetData,84604,3,11
Nemeria,Nemeria IV,Planet,0005E13B,NemeriaIVPlanetData,84604,0,4
Nemeria,Nemeria IV-a,Moon,0005E13C,NemeriaIV-aPlanetData,84604,4,12
Nemeria,Nemeria IV-b,Moon,0005E13D,NemeriaIV-bPlanetData,84604,4,13
Nemeria,Nemeria V,Planet,0005E13E,NemeriaVPlanetData,84604,0,5
Nemeria,Nemeria V-a,Moon,0005E147,NemeriaV-aPlanetData,84604,5,15
Nemeria,Nemeria V-b,Moon,0005E148,NemeriaV-bPlanetData,84604,5,16
Nemeria,Nemeria V-c,Moon,0005E13F,NemeriaV-cPlanetData,84604,5,14
Nemeria,Nemeria VI,Planet,0005E149,NemeriaVIPlanetData,84604,0,6
Nemeria,Nemeria VI-a,Moon,0005E14C,NemeriaVI-aPlanetData,84604,6,19
Nemeria,Nemeria VI-b,Moon,0005E14B,NemeriaVI-bPlanetData,84604,6,18
Nemeria,Nemeria VI-c,Moon,0005E14D,NemeriaVI-cPlanetData,84604,6,20
Nemeria,Nemeria VI-d,Moon,0005E14A,NemeriaVI-dPlanetData,84604,6,17
Nemeria,Nemeria VII,Planet,0005E14E,NemeriaVIIPlanetData,84604,0,7
Newton,Newton I,Planet,0005E06A,NewtonIPlanetData,91756,0,1
Newton,Newton I-a,Moon,0005E06B,NewtonI-aPlanetData,91756,1,8
Newton,Newton II,Planet,0005E06C,NewtonIIPlanetData,91756,0,2
Newton,Newton II-a,Moon,0005E06D,NewtonII-aPlanetData,91756,2,9
Newton,Newton II-b,Moon,0005E06E,NewtonII-bPlanetData,91756,2,10
Newton,Newton III,Planet,0005E06F,NewtonIIIPlanetData,91756,0,3
Newton,Newton IV,Planet,0005E070,NewtonIVPlanetData,91756,0,4
Newton,Newton V,Planet,0005E071,NewtonVPlanetData,91756,0,5
Newton,Newton V-a,Moon,0005E074,NewtonV-aPlanetData,91756,5,13
Newton,Newton V-b,Moon,0005E073,NewtonV-bPlanetData,91756,5,12
Newton,Newton V-c,Moon,0005E072,NewtonV-cPlanetData,91756,5,11
Newton,Newton VI,Planet,0005E075,NewtonVIPlanetData,91756,0,6
Nikola,Nikola I,Planet,0005DF5F,NikolaIPlanetData,119217,0,1
Nikola,Nikola II,Planet,0005DF60,NikolaIIPlanetData,119217,0,2
Nikola,Nikola II-a,Moon,0005DF61,NikolaII-aPlanetData,119217,2,12
Nikola,Nikola III,Planet,0005DF62,NikolaIIIPlanetData,119217,0,3
Nikola,Nikola III-a,Moon,0005DF63,NikolaIII-aPlanetData,119217,3,13
Nikola,Nikola III-b,Moon,0005DF64,NikolaIII-bPlanetData,119217,3,14
Nikola,Nikola IV,Planet,0005DF65,NikolaIVPlanetData,119217,0,4
Nikola,Nikola IV-a,Moon,0005DF66,NikolaIV-aPlanetData,119217,4,15
Nikola,Nikola IX,Planet,0005DF6F,NikolaIXPlanetData,119217,0,9
Nikola,Nikola V,Planet,0005DF67,NikolaVPlanetData,119217,0,5
Nikola,Nikola VI,Planet,0005DF68,NikolaVIPlanetData,119217,0,6
Nikola,Nikola VI-a,Moon,0005DF69,NikolaVI-aPlanetData,119217,6,16
Nikola,Nikola VI-b,Moon,0005DF6A,NikolaVI-bPlanetData,119217,6,17
Nikola,Nikola VII,Planet,0005DF6B,NikolaVIIPlanetData,119217,0,7
Nikola,Nikola VII-a,Moon,0005DF6C,NikolaVII-aPlanetData,119217,7,19
Nikola,Nikola VIII,Planet,0005DF6D,NikolaVIIIPlanetData,119217,0,8
Nikola,Nikola VIII-a,Moon,0005DF6E,NikolaVIII-aPlanetData,119217,8,18
Nikola,Nikola X,Planet,0005DF70,NikolaXPlanetData,119217,0,10
Nikola,Nikola X-a,Moon,0005DF71,NikolaX-aPlanetData,119217,10,20
Nirah,Delah,Planet,0005E599,DelahPlanetData,77172,0,2
Nirah,Ka'zaal,Moon,0005E59B,KazaalPlanetData,77172,4,5
Nirah,Kazarah,Planet,0005E59A,KazarahPlanetData,77172,0,4
Nirah,Lontrah,Planet,0005E598,LontrahPlanetData,77172,0,1
Nirah,N'raal,Moon,0005E59D,NraalPlanetData,77172,6,7
Nirah,Nirah Prime,Planet,0005E59C,NirahPrimePlanetData,77172,0,6
Nirah,Umanah,Planet,0005E59E,UmanahPlanetData,77172,0,8
Nirvana,Nirvana I,Planet,0005E42C,NirvanaIPlanetData,58401,0,1
Nirvana,Nirvana II,Planet,0005E42D,NirvanaIIPlanetData,58401,0,2
Nirvana,Nirvana II-a,Moon,0005E42E,NirvanaII-aPlanetData,58401,2,6
Nirvana,Nirvana III,Planet,0005E42F,NirvanaIIIPlanetData,58401,0,3
Nirvana,Nirvana III-a,Moon,0005E430,NirvanaIII-aPlanetData,58401,3,7
Nirvana,Nirvana IV,Planet,0005E431,NirvanaIVPlanetData,58401,0,4
Nirvana,Nirvana IV-a,Moon,0005E432,NirvanaIV-aPlanetData,58401,4,8
Oborum Prime,Oborum I,Planet,0005E182,OborumIPlanetData,119220,0,37
Oborum Prime,Oborum II,Planet,0005E183,OborumIIPlanetData,119220,0,38
Oborum Prime,Oborum II-a,Moon,0005E184,OborumII-aPlanetData,119220,38,39
Oborum Prime,Oborum II-b,Moon,0005E18D,OborumII-bPlanetData,119220,38,40
Oborum Prime,Oborum III,Planet,0005E186,OborumIIIPlanetData,119220,0,41
Oborum Prime,Oborum III-a,Moon,0005E187,OborumIII-aPlanetData,119220,41,42
Oborum Prime,Oborum III-b,Moon,0005E189,OborumIII-bPlanetData,119220,41,44
Oborum Prime,Oborum III-c,Moon,0005E188,OborumIII-cPlanetData,119220,41,43
Oborum Prime,Oborum III-d,Moon,0005E18A,OborumIII-dPlanetData,119220,41,45
Oborum Prime,Oborum IV,Planet,0005E18B,OborumIVPlanetData,119220,0,47
Oborum Proxima,Oborum Proxima I,Planet,0005E17F,OborumProximaIPlanetData,119144,0,1
Olympus,Aion,Planet,0005E29C,AionPlanetData,72957,0,6
Olympus,Ananke,Planet,0005E299,AnankePlanetData,72957,0,4
Olympus,Cybele,Moon,0005E29F,CybelePlanetData,72957,6,13
Olympus,Dionysus,Moon,0005E29D,DionysusPlanetData,72957,6,11
Olympus,Erebus,Planet,0005E296,ErebusPlanetData,72957,0,3
Olympus,Hypnos,Moon,0005E29B,HypnosPlanetData,72957,5,10
Olympus,Mithras,Moon,0005E29E,MithrasPlanetData,72957,6,12
Olympus,Nesoi,Planet,0005E294,NesoiPlanetData,72957,0,1
Olympus,Orphius,Moon,0005E2A0,OrphiusPlanetData,72957,6,14
Olympus,Ourea,Planet,0005E295,OureaPlanetData,72957,0,2
Olympus,Pontus,Moon,0005E297,PontusPlanetData,72957,3,8
Olympus,Thalassa,Moon,0005E298,ThalassaPlanetData,72957,3,9
Olympus,Thanatos,Planet,0005E29A,ThanatosPlanetData,72957,0,5
Ophion,Ophion I,Planet,0005E5A1,OphionIPlanetData,74309,0,1
Ophion,Ophion I-a,Moon,0005E5A2,OphionI-aPlanetData,74309,1,2
Piazzi,Piazzi I,Planet,0005E023,PiazziIPlanetData,103879,0,1
Piazzi,Piazzi II,Planet,0005E024,PiazziIIPlanetData,103879,0,2
Piazzi,Piazzi III,Planet,0005E025,PiazziIIIPlanetData,103879,0,3
Piazzi,Piazzi III-a,Moon,0005E026,PiazziIII-aPlanetData,103879,3,10
Piazzi,Piazzi III-b,Moon,0005E027,PiazziIII-bPlanetData,103879,3,11
Piazzi,Piazzi IV,Planet,0005E028,PiazziIVPlanetData,103879,0,4
Piazzi,Piazzi IV-a,Moon,0005E02A,PiazziIV-aPlanetData,103879,4,13
Piazzi,Piazzi IV-b,Moon,0005E02B,PiazziIV-bPlanetData,103879,4,14
Piazzi,Piazzi IV-c,Moon,0005E029,PiazziIV-cPlanetData,103879,4,12
Piazzi,Piazzi V,Planet,0005E02C,PiazziVPlanetData,103879,0,5
Piazzi,Piazzi V-a,Moon,0005E02D,PiazziV-aPlanetData,103879,5,15
Piazzi,Piazzi V-b,Moon,0005E02E,PiazziV-bPlanetData,103879,5,16
Piazzi,Piazzi V-c,Moon,0005E02F,PiazziV-cPlanetData,103879,5,17
Piazzi,Piazzi VI,Planet,0005E030,PiazziVIPlanetData,103879,0,6
Piazzi,Piazzi VI-a,Moon,0005E032,PiazziVI-aPlanetData,103879,6,19
Piazzi,Piazzi VI-b,Moon,0005E031,PiazziVI-bPlanetData,103879,6,18
Piazzi,Piazzi VI-c,Moon,0005E033,PiazziVI-cPlanetData,103879,6,20
Piazzi,Piazzi VII,Planet,0005E034,PiazziVIIPlanetData,103879,0,7
Piazzi,Piazzi VII-a,Moon,0005E035,PiazziVII-aPlanetData,103879,7,21
Piazzi,Piazzi VII-b,Moon,0005E037,PiazziVII-bPlanetData,103879,7,23
Piazzi,Piazzi VII-c,Moon,0005E036,PiazziVII-cPlanetData,103879,7,22
Porrima,Porrima I,Planet,0005E3E3,PorrimaIPlanetData,61748,0,1
Porrima,Porrima I-a,Moon,0005E3E4,PorrimaI-aPlanetData,61748,1,8
Porrima,Porrima I-b,Moon,0005E3E5,PorrimaI-bPlanetData,61748,1,9
Porrima,Porrima II,Planet,0005E3E6,PorrimaIIPlanetData,61748,0,2
Porrima,Porrima II-a,Moon,0005E3E8,PorrimaII-aPlanetData,61748,2,11
Porrima,Porrima II-b,Moon,0005E3E9,PorrimaII-bPlanetData,61748,2,12
Porrima,Porrima II-c,Moon,0005E3E7,PorrimaII-cPlanetData,61748,2,10
Porrima,Porrima III,Planet,0005E3EA,PorrimaIIIPlanetData,61748,0,3
Porrima,Porrima III-a,Moon,0005E3EB,PorrimaIII-aPlanetData,61748,3,13
Porrima,Porrima III-b,Moon,0005E3EC,PorrimaIII-bPlanetData,61748,3,14
Porrima,Porrima IV,Planet,0005E3ED,PorrimaIVPlanetData,61748,0,4
Porrima,Porrima IV-a,Moon,0005E3EE,PorrimaIV-aPlanetData,61748,4,16
Porrima,Porrima IV-b,Moon,0005E3F1,PorrimaIV-bPlanetData,61748,4,19
Porrima,Porrima IV-c,Moon,0005E3EF,PorrimaIV-cPlanetData,61748,4,17
Porrima,Porrima IV-d,Moon,0005E3F0,PorrimaIV-dPlanetData,61748,4,18
Porrima,Porrima V,Planet,0005E3F2,PorrimaVPlanetData,61748,0,5
Porrima,Porrima V-a,Moon,0005E3F5,PorrimaV-aPlanetData,61748,5,22
Porrima,Porrima V-b,Moon,0005E3F4,PorrimaV-bPlanetData,61748,5,21
Porrima,Porrima V-c,Moon,0005E3F3,PorrimaV-cPlanetData,61748,5,20
Porrima,Porrima VI,Planet,0005E3F6,PorrimaVIPlanetData,61748,0,6
Porrima,Porrima VI-a,Moon,0005E3F7,PorrimaVI-aPlanetData,61748,6,15
Procyon A,Procyon I,Planet,0005E4F3,ProcyonIPlanetData,37173,0,1
Procyon A,Procyon I-a,Moon,0005E4F4,ProcyonI-aPlanetData,37173,1,8
Procyon A,Procyon II,Planet,0005E4F5,ProcyonIIPlanetData,37173,0,2
Procyon A,Procyon III,Planet,0005E4F6,ProcyonIIIPlanetData,37173,0,3
Procyon A,Procyon III-a,Moon,0005E4F7,ProcyonIII-aPlanetData,37173,3,16
Procyon A,Procyon IV,Planet,0005E4F8,ProcyonIVPlanetData,37173,0,4
Procyon A,Procyon IV-a,Moon,0005E4F9,ProcyonIV-aPlanetData,37173,4,9
Procyon A,Procyon V,Planet,0005E4FA,ProcyonVPlanetData,37173,0,5
Procyon A,Procyon V-a,Moon,0005E4FD,ProcyonV-aPlanetData,37173,5,12
Procyon A,Procyon V-b,Moon,0005E4FC,ProcyonV-bPlanetData,37173,5,11
Procyon A,Procyon V-c,Moon,0005E4FB,ProcyonV-cPlanetData,37173,5,10
Procyon A,Procyon VI,Planet,0005E4FE,ProcyonVIPlanetData,37173,0,6
Procyon A,Procyon VI-a,Moon,0005E501,ProcyonVI-aPlanetData,37173,6,15
Procyon A,Procyon VI-b,Moon,0005E4FF,ProcyonVI-bPlanetData,37173,6,13
Procyon A,Procyon VI-c,Moon,0005E500,ProcyonVI-cPlanetData,37173,6,14
Procyon B,Procyon-B I,Planet,0021E060,Procyon-BIPlanetData,118493,0,1
Proxima Ternion,Proxima Ternion I,Planet,0005DEFA,ProximaTernionIPlanetData,119059,0,1
Proxima Ternion,Proxima Ternion I-a,Moon,0005DEFC,ProximaTernionI-aPlanetData,119059,1,8
Proxima Ternion,Proxima Ternion I-b,Moon,0005DEFD,ProximaTernionI-bPlanetData,119059,1,9
Proxima Ternion,Proxima Ternion I-c,Moon,0005DEFB,ProximaTernionI-cPlanetData,119059,1,7
Proxima Ternion,Proxima Ternion II,Planet,0005DEFE,ProximaTernionIIPlanetData,119059,0,2
Proxima Ternion,Proxima Ternion III,Planet,0005DEFF,ProximaTernionIIIPlanetData,119059,0,3
Proxima Ternion,Proxima Ternion IV,Planet,0005DF00,ProximaTernionIVPlanetData,119059,0,4
Proxima Ternion,Proxima Ternion IV-a,Moon,0005DF01,ProximaTernionIV-aPlanetData,119059,4,6
Pyraas,Pyraas I,Planet,0005DFC5,PyraasIPlanetData,68415,0,1
Pyraas,Pyraas II,Planet,0005DFC6,PyraasIIPlanetData,68415,0,2
Pyraas,Pyraas II-a,Moon,0005DFC7,PyraasII-aPlanetData,68415,2,11
Pyraas,Pyraas III,Planet,0005DFC8,PyraasIIIPlanetData,68415,0,3
Pyraas,Pyraas III-a,Moon,0005DFCA,PyraasIII-aPlanetData,68415,3,12
Pyraas,Pyraas III-b,Moon,0005DFC9,PyraasIII-bPlanetData,68415,3,23
Pyraas,Pyraas IV,Planet,0005DFCB,PyraasIVPlanetData,68415,0,4
Pyraas,Pyraas V,Planet,0005DFCC,PyraasVPlanetData,68415,0,5
Pyraas,Pyraas VI,Planet,0005DFCD,PyraasVIPlanetData,68415,0,6
Pyraas,Pyraas VI-a,Moon,0005DFCE,PyraasVI-aPlanetData,68415,6,19
Pyraas,Pyraas VI-b,Moon,0005DFD1,PyraasVI-bPlanetData,68415,6,22
Pyraas,Pyraas VI-c,Moon,0005DFCF,PyraasVI-cPlanetData,68415,6,20
Pyraas,Pyraas VI-d,Moon,0005DFD0,PyraasVI-dPlanetData,68415,6,21
Pyraas,Pyraas VII,Planet,0005DFD2,PyraasVIIPlanetData,68415,0,7
Pyraas,Pyraas VII-a,Moon,0005DFD3,PyraasVII-aPlanetData,68415,7,13
Pyraas,Pyraas VII-b,Moon,0005DFD4,PyraasVII-bPlanetData,68415,7,14
Pyraas,Pyraas VIII,Planet,0005DFD5,PyraasVIIIPlanetData,68415,0,8
Pyraas,Pyraas VIII-a,Moon,0005DFD9,PyraasVIII-aPlanetData,68415,8,18
Pyraas,Pyraas VIII-b,Moon,0005DFD8,PyraasVIII-bPlanetData,68415,8,17
Pyraas,Pyraas VIII-c,Moon,0005DFD6,PyraasVIII-cPlanetData,68415,8,15
Pyraas,Pyraas VIII-d,Moon,0005DFD7,PyraasVIII-dPlanetData,68415,8,16
Rana,Rana I,Planet,0005DF97,RanaIPlanetData,69766,0,1
Rana,Rana I-a,Moon,0005DF9A,RanaI-aPlanetData,69766,1,13
Rana,Rana I-b,Moon,0005DF98,RanaI-bPlanetData,69766,1,11
Rana,Rana I-c,Moon,0005DF99,RanaI-cPlanetData,69766,1,12
Rana,Rana II,Planet,0005DF9B,RanaIIPlanetData,69766,0,2
Rana,Rana II-a,Moon,0005DF9C,RanaII-aPlanetData,69766,2,14
Rana,Rana III,Planet,0005DF9D,RanaIIIPlanetData,69766,0,3
Rana,Rana III-a,Moon,0005DF9E,RanaIII-aPlanetData,69766,3,15
Rana,Rana IV,Planet,0005DF9F,RanaIVPlanetData,69766,0,4
Rana,Rana IX,Planet,0005DFAC,RanaIXPlanetData,69766,0,9
Rana,Rana IX-a,Moon,0005DFAE,RanaIX-aPlanetData,69766,9,25
Rana,Rana IX-b,Moon,0005DFAD,RanaIX-bPlanetData,69766,9,24
Rana,Rana V,Planet,0005DFA0,RanaVPlanetData,69766,0,5
Rana,Rana V-a,Moon,0005DFA1,RanaV-aPlanetData,69766,5,16
Rana,Rana VI,Planet,0005DFA2,RanaVIPlanetData,69766,0,6
Rana,Rana VI-a,Moon,0005DFA3,RanaVI-aPlanetData,69766,6,17
Rana,Rana VI-b,Moon,0005DFA4,RanaVI-bPlanetData,69766,6,18
Rana,Rana VI-c,Moon,0005DFA5,RanaVI-cPlanetData,69766,6,19
Rana,Rana VI-d,Moon,0005DFA7,RanaVI-dPlanetData,69766,6,21
Rana,Rana VI-e,Moon,0005DFA6,RanaVI-ePlanetData,69766,6,20
Rana,Rana VII,Planet,0005DFA8,RanaVIIPlanetData,69766,0,7
Rana,Rana VII-a,Moon,0005DFAA,RanaVII-aPlanetData,69766,7,23
Rana,Rana VII-b,Moon,0005DFA9,RanaVII-bPlanetData,69766,7,22
Rana,Rana VIII,Planet,0005DFAB,RanaVIIIPlanetData,69766,0,8
Rasalhague,Rasalhague I,Planet,0005E0F3,RasalhagueIPlanetData,85769,0,1
Rasalhague,Rasalhague I-a,Moon,0005E103,RasalhagueI-aPlanetData,85769,1,6
Rasalhague,Rasalhague II,Planet,0005E104,RasalhagueIIPlanetData,85769,0,2
Rasalhague,Rasalhague III,Planet,0005E105,RasalhagueIIIPlanetData,85769,0,3
Rasalhague,Rasalhague III-a,Moon,0005E106,RasalhagueIII-aPlanetData,85769,3,7
Rasalhague,Rasalhague III-b,Moon,0005E107,RasalhagueIII-bPlanetData,85769,3,8
Rasalhague,Rasalhague IV,Planet,0005E108,RasalhagueIVPlanetData,85769,0,4
Rivera,Rivera I,Planet,0005E539,RiveraIPlanetData,118819,0,1
Rivera,Rivera I-a,Moon,0005E53A,RiveraI-aPlanetData,118819,1,8
Rivera,Rivera II,Planet,0005E53B,RiveraIIPlanetData,118819,0,2
Rivera,Rivera II-a,Moon,0005E53C,RiveraII-aPlanetData,118819,2,9
Rivera,Rivera II-b,Moon,0005E53D,RiveraII-bPlanetData,118819,2,10
Rivera,Rivera II-c,Moon,0005E53E,RiveraII-cPlanetData,118819,2,11
Rivera,Rivera III,Planet,0005E53F,RiveraIIIPlanetData,118819,0,3
Rivera,Rivera IV,Planet,0005E540,RiveraIVPlanetData,118819,0,4
Rivera,Rivera IV-a,Moon,0005E541,RiveraIV-aPlanetData,118819,4,12
Rivera,Rivera V,Planet,0005E542,RiveraVPlanetData,118819,0,5
Rivera,Rivera V-a,Moon,0005E543,RiveraV-aPlanetData,118819,5,13
Rutherford,Rutherford I,Planet,0005E3B0,RutherfordIPlanetData,64587,0,1
Rutherford,Rutherford I-a,Moon,0005E3B1,RutherfordI-aPlanetData,64587,1,8
Rutherford,Rutherford I-b,Moon,0005E3B2,RutherfordI-bPlanetData,64587,1,9
Rutherford,Rutherford II,Planet,0005E3B3,RutherfordIIPlanetData,64587,0,2
Rutherford,Rutherford II-a,Moon,0005E3B4,RutherfordII-aPlanetData,64587,2,10
Rutherford,Rutherford III,Planet,0005E3B5,RutherfordIIIPlanetData,64587,0,3
Rutherford,Rutherford III-a,Moon,0005E3B6,RutherfordIII-aPlanetData,64587,3,11
Rutherford,Rutherford IV,Planet,0005E3B7,RutherfordIVPlanetData,64587,0,4
Rutherford,Rutherford IV-a,Moon,0005E3BB,RutherfordIV-aPlanetData,64587,4,15
Rutherford,Rutherford IV-b,Moon,0005E3B8,RutherfordIV-bPlanetData,64587,4,12
Rutherford,Rutherford IV-c,Moon,0005E3BA,RutherfordIV-cPlanetData,64587,4,14
Rutherford,Rutherford IV-d,Moon,0005E3B9,RutherfordIV-dPlanetData,64587,4,13
Rutherford,Rutherford IV-e,Moon,0005E3BC,RutherfordIV-ePlanetData,64587,4,16
Rutherford,Rutherford V,Planet,0005E3BD,RutherfordVPlanetData,64587,0,5
Rutherford,Rutherford V-a,Moon,0005E3BF,RutherfordV-aPlanetData,64587,5,18
Rutherford,Rutherford V-b,Moon,0005E3BE,RutherfordV-bPlanetData,64587,5,17
Rutherford,Rutherford VI,Planet,0005E3C0,RutherfordVIPlanetData,64587,0,6
Rutherford,Rutherford VI-a,Moon,0005E3C1,RutherfordVI-aPlanetData,64587,6,19
Rutherford,Rutherford VI-b,Moon,0005E3C3,RutherfordVI-bPlanetData,64587,6,21
Rutherford,Rutherford VI-c,Moon,0005E3C4,RutherfordVI-cPlanetData,64587,6,22
Rutherford,Rutherford VI-d,Moon,0005E3C2,RutherfordVI-dPlanetData,64587,6,20
Sagan,Sagan I,Planet,002C7831,SaganIPlanetData,72717,0,1
Sakharov,Bonner,Planet,0005E131,BonnerPlanetData,85264,0,1
Sakharov,Mir II,Moon,0005E132,MirIIPlanetData,85264,1,3
Schrodinger,Schrodinger I,Planet,0005E0B3,SchrodingerIPlanetData,87902,0,1
Schrodinger,Schrodinger I-a,Moon,0005E0B4,SchrodingerI-aPlanetData,87902,1,10
Schrodinger,Schrodinger II,Planet,0005E0B5,SchrodingerIIPlanetData,87902,0,2
Schrodinger,Schrodinger III,Planet,0005E0B6,SchrodingerIIIPlanetData,87902,0,3
Schrodinger,Schrodinger III-a,Moon,0005E0B7,SchrodingerIII-aPlanetData,87902,3,11
Schrodinger,Schrodinger IV,Planet,0005E0B8,SchrodingerIVPlanetData,87902,0,4
Schrodinger,Schrodinger V,Planet,0005E0B9,SchrodingerVPlanetData,87902,0,5
Schrodinger,Schrodinger V-a,Moon,0005E0BA,SchrodingerV-aPlanetData,87902,5,12
Schrodinger,Schrodinger VI,Planet,0005E0BB,SchrodingerVIPlanetData,87902,0,6
Schrodinger,Schrodinger VI-a,Moon,0005E0BC,SchrodingerVI-aPlanetData,87902,6,13
Schrodinger,Schrodinger VI-b,Moon,0005E0BD,SchrodingerVI-bPlanetData,87902,6,14
Schrodinger,Schrodinger VI-c,Moon,0005E0BE,SchrodingerVI-cPlanetData,87902,6,15
Schrodinger,Schrodinger VII,Planet,0005E0BF,SchrodingerVIIPlanetData,87902,0,7
Schrodinger,Schrodinger VII-a,Moon,0005E0C1,SchrodingerVII-aPlanetData,87902,7,17
Schrodinger,Schrodinger VII-b,Moon,0005E0C0,SchrodingerVII-bPlanetData,87902,7,16
Schrodinger,Schrodinger VII-c,Moon,0005E0C2,SchrodingerVII-cPlanetData,87902,7,18
Schrodinger,Schrodinger VIII,Planet,0005E0C3,SchrodingerVIIIPlanetData,87902,0,8
Schrodinger,Schrodinger VIII-a,Moon,0005E0C5,SchrodingerVIII-aPlanetData,87902,8,20
Schrodinger,Schrodinger VIII-b,Moon,0005E0C6,SchrodingerVIII-bPlanetData,87902,8,21
Schrodinger,Schrodinger VIII-c,Moon,0005E0C4,SchrodingerVIII-cPlanetData,87902,8,19
Schrodinger,Schrodinger VIII-d,Moon,0005E0C7,SchrodingerVIII-dPlanetData,87902,8,22
Schrodinger,Schrodinger VIII-e,Moon,0005E0C8,SchrodingerVIII-ePlanetData,87902,8,23
Serpentis,Serpentis I,Planet,0005E23F,SerpentisIPlanetData,76835,0,1
Serpentis,Serpentis II,Planet,0005E240,SerpentisIIPlanetData,76835,0,2
Serpentis,Serpentis II-a,Moon,0005E241,SerpentisII-aPlanetData,76835,2,8
Serpentis,Serpentis II-b,Moon,0005E242,SerpentisII-bPlanetData,76835,2,9
Serpentis,Serpentis III,Planet,0005E243,SerpentisIIIPlanetData,76835,0,3
Serpentis,Serpentis IV,Planet,0005E244,SerpentisIVPlanetData,76835,0,4
Serpentis,Serpentis IV-a,Moon,0005E245,SerpentisIV-aPlanetData,76835,4,10
Serpentis,Serpentis V,Planet,0005E246,SerpentisVPlanetData,76835,0,5
Serpentis,Serpentis V-a,Moon,0005E249,SerpentisV-aPlanetData,76835,5,13
Serpentis,Serpentis V-b,Moon,0005E24A,SerpentisV-bPlanetData,76835,5,14
Serpentis,Serpentis V-c,Moon,0005E247,SerpentisV-cPlanetData,76835,5,11
Serpentis,Serpentis V-d,Moon,0005E248,SerpentisV-dPlanetData,76835,5,12
Serpentis,Serpentis VI,Planet,0005E24B,SerpentisVIPlanetData,76835,0,6
Serpentis,Serpentis VI-a,Moon,0005E24C,SerpentisVI-aPlanetData,76835,6,15
Serpentis,Serpentis VI-b,Moon,0005E24D,SerpentisVI-bPlanetData,76835,6,16
Shoza,Shoza I,Planet,0005E37A,ShozaIPlanetData,67063,0,1
Shoza,Shoza I-a,Moon,0005E37B,ShozaI-aPlanetData,67063,1,11
Shoza,Shoza II,Planet,0005E37C,ShozaIIPlanetData,67063,0,2
Shoza,Shoza II-a,Moon,0005E37D,ShozaII-aPlanetData,67063,2,12
Shoza,Shoza III,Planet,0005E37E,ShozaIIIPlanetData,67063,0,3
Shoza,Shoza III-a,Moon,0005E37F,ShozaIII-aPlanetData,67063,3,13
Shoza,Shoza IV,Planet,0005E380,ShozaIVPlanetData,67063,0,4
Shoza,Shoza IX,Planet,0005E38D,ShozaIXPlanetData,67063,0,9
Shoza,Shoza V,Planet,0005E381,ShozaVPlanetData,67063,0,5
Shoza,Shoza VI,Planet,0005E382,ShozaVIPlanetData,67063,0,6
Shoza,Shoza VI-a,Moon,0005E383,ShozaVI-aPlanetData,67063,6,14
Shoza,Shoza VII,Planet,0005E384,ShozaVIIPlanetData,67063,0,7
Shoza,Shoza VII-a,Moon,0005E387,ShozaVII-aPlanetData,67063,7,17
Shoza,Shoza VII-b,Moon,0005E386,ShozaVII-bPlanetData,67063,7,16
Shoza,Shoza VII-c,Moon,0005E385,ShozaVII-cPlanetData,67063,7,15
Shoza,Shoza VIII,Planet,0005E388,ShozaVIIIPlanetData,67063,0,8
Shoza,Shoza VIII-a,Moon,0005E38C,ShozaVIII-aPlanetData,67063,8,21
Shoza,Shoza VIII-b,Moon,0005E38A,ShozaVIII-bPlanetData,67063,8,19
Shoza,Shoza VIII-c,Moon,0005E38B,ShozaVIII-cPlanetData,67063,8,20
Shoza,Shoza VIII-d,Moon,0005E389,ShozaVIII-dPlanetData,67063,8,18
Sirius,Sirius I,Planet,0005E590,SiriusIPlanetData,32263,0,1
Sirius,Sirius II,Planet,0005E591,SiriusIIPlanetData,32263,0,2
Sirius,Sirius II-a,Moon,0005E592,SiriusII-aPlanetData,32263,2,5
Sirius,Sirius III,Planet,0005E593,SiriusIIIPlanetData,32263,0,3
Sirius,Sirius III-a,Moon,0005E595,SiriusIII-aPlanetData,32263,3,7
Sirius,Sirius III-b,Moon,0005E594,SiriusIII-bPlanetData,32263,3,6
SOL,Ariel,Moon,0005DEC9,ArielPlanetData,0,7,27
SOL,Callisto,Moon,0005DEBE,CallistoPlanetData,0,5,18
SOL,Charon,Moon,0005DED0,CharonPlanetData,0,9,14
SOL,Deimos,Moon,0005DEB8,DeimosPlanetData,0,4,13
SOL,Dione,Moon,0005DEC3,DionePlanetData,0,6,22
SOL,Earth,Planet,0005DEB5,EarthPlanetData,0,0,3
SOL,Enceladus,Moon,0005DEC1,EnceladusPlanetData,0,6,20
SOL,Europa,Moon,0005DEBC,EuropaPlanetData,0,5,16
SOL,Ganymede,Moon,0005DEBD,GanymedePlanetData,0,5,17
SOL,Iapetus,Moon,0005DEC6,IapetusPlanetData,0,6,25
SOL,Io,Moon,0005DEBB,IoPlanetData,0,5,15
SOL,Jupiter,Planet,0005DEBA,JupiterPlanetData,0,0,5
SOL,Luna,Moon,0005DEB6,LunaPlanetData,0,3,11
SOL,Mars,Planet,0003F59A,MarsPlanetData,0,0,4
SOL,Mercury,Planet,0005DEB2,MercuryPlanetData,0,0,1
SOL,Mimas,Moon,0005DEC0,MimasPlanetData,0,6,19
SOL,Miranda,Moon,0005DEC8,MirandaPlanetData,0,7,26
SOL,Neptune,Planet,0005DECD,NeptunePlanetData,0,0,8
SOL,Oberon,Moon,0005DECC,OberonPlanetData,0,7,30
SOL,Phobos,Moon,0005DEB7,PhobosPlanetData,0,4,12
SOL,Pluto,Planet,0005DECF,PlutoPlanetData,0,0,9
SOL,Rhea,Moon,0005DEC4,RheaPlanetData,0,6,23
SOL,Saturn,Planet,0005DEBF,SaturnPlanetData,0,0,6
SOL,Tethys,Moon,0005DEC2,TethysPlanetData,0,6,21
SOL,Titan,Moon,0005DEC5,TitanPlanetData,0,6,24
SOL,Titania,Moon,0005DECB,TitaniaPlanetData,0,7,29
SOL,Triton,Moon,0005DECE,TritonPlanetData,0,8,31
SOL,Umbriel,Moon,0005DECA,UmbrielPlanetData,0,7,28
SOL,Uranus,Planet,0005DEC7,UranusPlanetData,0,0,7
SOL,Venus,Planet,0005DEB3,VenusPlanetData,0,0,2
Sparta,Sparta I,Planet,0005E21E,SpartaIPlanetData,79252,0,1
Sparta,Sparta II,Planet,0005E21F,SpartaIIPlanetData,79252,0,2
Sparta,Sparta II-a,Moon,0005E221,SpartaII-aPlanetData,79252,2,11
Sparta,Sparta II-b,Moon,0005E220,SpartaII-bPlanetData,79252,2,10
Sparta,Sparta III,Planet,0005E222,SpartaIIIPlanetData,79252,0,3
Sparta,Sparta III-a,Moon,0005E223,SpartaIII-aPlanetData,79252,3,12
Sparta,Sparta IV,Planet,0005E224,SpartaIVPlanetData,79252,0,4
Sparta,Sparta V,Planet,0005E225,SpartaVPlanetData,79252,0,5
Sparta,Sparta V-a,Moon,0005E226,SpartaV-aPlanetData,79252,5,13
Sparta,Sparta VI,Planet,0005E227,SpartaVIPlanetData,79252,0,6
Sparta,Sparta VI-a,Moon,0005E228,SpartaVI-aPlanetData,79252,6,14
Sparta,Sparta VI-b,Moon,0005E229,SpartaVI-bPlanetData,79252,6,15
Sparta,Sparta VI-c,Moon,0005E22A,SpartaVI-cPlanetData,79252,6,16
Sparta,Sparta VII,Planet,0005E22B,SpartaVIIPlanetData,79252,0,7
Sparta,Sparta VII-a,Moon,0005E22C,SpartaVII-aPlanetData,79252,7,17
Sparta,Sparta VII-b,Moon,0005E22E,SpartaVII-bPlanetData,79252,7,19
Sparta,Sparta VII-c,Moon,0005E22D,SpartaVII-cPlanetData,79252,7,18
Sparta,Sparta VIII,Planet,0005E22F,SpartaVIIIPlanetData,79252,0,8
Sparta,Sparta VIII-a,Moon,0005E231,SpartaVIII-aPlanetData,79252,8,21
Sparta,Sparta VIII-b,Moon,0005E232,SpartaVIII-bPlanetData,79252,8,22
Sparta,Sparta VIII-c,Moon,0005E230,SpartaVIII-cPlanetData,79252,8,20
Strix,Strix I,Planet,0005DF86,StrixIPlanetData,72407,0,1
Strix,Strix I-a,Moon,0005DF87,StrixI-aPlanetData,72407,1,8
Strix,Strix II,Planet,0005DF88,StrixIIPlanetData,72407,0,2
Strix,Strix III,Planet,0005DF89,StrixIIIPlanetData,72407,0,3
Strix,Strix III-a,Moon,0005DF8C,StrixIII-aPlanetData,72407,3,12
Strix,Strix III-b,Moon,0005DF8D,StrixIII-bPlanetData,72407,3,13
Strix,Strix III-c,Moon,0005DF8B,StrixIII-cPlanetData,72407,3,11
Strix,Strix III-d,Moon,0005DF8A,StrixIII-dPlanetData,72407,3,10
Strix,Strix IV,Planet,0005DF8E,StrixIVPlanetData,72407,0,4
Strix,Strix IV-a,Moon,0005DF8F,StrixIV-aPlanetData,72407,4,9
Strix,Strix V,Planet,0005DF90,StrixVPlanetData,72407,0,5
Strix,Strix VI,Planet,0005DF91,StrixVIPlanetData,72407,0,6
Strix,Strix VI-a,Moon,0005DF92,StrixVI-aPlanetData,72407,6,14
Strix,Strix VI-b,Moon,0005DF94,StrixVI-bPlanetData,72407,6,16
Strix,Strix VI-c,Moon,0005DF93,StrixVI-cPlanetData,72407,6,15
Syrma,Syrma I,Planet,0005DF24,SyrmaIPlanetData,69479,0,1
Syrma,Syrma I-a,Moon,0005DF26,SyrmaI-aPlanetData,69479,1,10
Syrma,Syrma I-b,Moon,0005DF25,SyrmaI-bPlanetData,69479,1,9
Syrma,Syrma II,Planet,0005DF27,SyrmaIIPlanetData,69479,0,2
Syrma,Syrma II-a,Moon,0005DF28,SyrmaII-aPlanetData,69479,2,11
Syrma,Syrma III,Planet,0005DF29,SyrmaIIIPlanetData,69479,0,3
Syrma,Syrma IV,Planet,0005DF2A,SyrmaIVPlanetData,69479,0,4
Syrma,Syrma IV-a,Moon,0005DF2B,SyrmaIV-aPlanetData,69479,4,12
Syrma,Syrma V,Planet,0005DF2C,SyrmaVPlanetData,69479,0,5
Syrma,Syrma V-a,Moon,0005DF2D,SyrmaV-aPlanetData,69479,5,13
Syrma,Syrma VI,Planet,0005DF2E,SyrmaVIPlanetData,69479,0,6
Syrma,Syrma VI-a,Moon,0005DF32,SyrmaVI-aPlanetData,69479,6,17
Syrma,Syrma VI-b,Moon,0005DF30,SyrmaVI-bPlanetData,69479,6,15
Syrma,Syrma VI-c,Moon,0005DF31,SyrmaVI-cPlanetData,69479,6,16
Syrma,Syrma VI-d,Moon,0005DF2F,SyrmaVI-dPlanetData,69479,6,14
Syrma,Syrma VII,Planet,0005DF33,SyrmaVIIPlanetData,69479,0,7
Syrma,Syrma VII-a,Moon,0005DF34,SyrmaVII-aPlanetData,69479,7,18
Syrma,Syrma VII-b,Moon,0005DF35,SyrmaVII-bPlanetData,69479,7,19
Tau Ceti,Tau Ceti I,Planet,0005E09F,TauCetiIPlanetData,8087,0,1
Tau Ceti,Tau Ceti II,Planet,0005E0A0,TauCetiIIPlanetData,8087,0,2
Tau Ceti,Tau Ceti II-a,Moon,0005E0A1,TauCetiII-aPlanetData,8087,2,11
Tau Ceti,Tau Ceti III,Planet,0005E0A2,TauCetiIIIPlanetData,8087,0,3
Tau Ceti,Tau Ceti IV,Planet,0005E0A3,TauCetiIVPlanetData,8087,0,4
Tau Ceti,Tau Ceti IV-a,Moon,0005E0A5,TauCetiIV-aPlanetData,8087,4,13
Tau Ceti,Tau Ceti IV-b,Moon,0005E0A4,TauCetiIV-bPlanetData,8087,4,12
Tau Ceti,Tau Ceti IX,Planet,0005E0AF,TauCetiIXPlanetData,8087,0,9
Tau Ceti,Tau Ceti V,Planet,0005E0A6,TauCetiVPlanetData,8087,0,5
Tau Ceti,Tau Ceti VI,Planet,0005E0A7,TauCetiVIPlanetData,8087,0,6
Tau Ceti,Tau Ceti VI-a,Moon,0005E0A8,TauCetiVI-aPlanetData,8087,6,14
Tau Ceti,Tau Ceti VII,Planet,0005E0A9,TauCetiVIIPlanetData,8087,0,7
Tau Ceti,Tau Ceti VII-a,Moon,0005E0AA,TauCetiVII-aPlanetData,8087,7,15
Tau Ceti,Tau Ceti VIII,Planet,0005E0AB,TauCetiVIIIPlanetData,8087,0,8
Tau Ceti,Tau Ceti VIII-a,Moon,0005E0AC,TauCetiVIII-aPlanetData,8087,8,16
Tau Ceti,Tau Ceti VIII-b,Moon,0005E0B0,TauCetiVIII-bPlanetData,8087,8,20
Tau Ceti,Tau Ceti VIII-c,Moon,0005E0AD,TauCetiVIII-cPlanetData,8087,8,17
Tau Ceti,Tau Ceti VIII-d,Moon,0005E0AE,TauCetiVIII-dPlanetData,8087,8,18
The Pup,Pup I,Planet,0021E061,PupIPlanetData,119224,0,11
Tidacha,Tidacha I,Planet,0005E1ED,TidachaIPlanetData,82337,0,1
Tidacha,Tidacha I-a,Moon,0005E1EE,TidachaI-aPlanetData,82337,1,2
Tidacha,Tidacha I-b,Moon,0005E1F0,TidachaI-bPlanetData,82337,1,4
Tidacha,Tidacha I-c,Moon,0005E1EF,TidachaI-cPlanetData,82337,1,3
Toliman,Toliman I,Planet,0005E586,TolimanIPlanetData,119223,0,28
Toliman,Toliman II,Planet,0005E587,TolimanIIPlanetData,119223,0,29
Toliman,Toliman II-a,Moon,0005E589,TolimanII-aPlanetData,119223,29,31
Toliman,Toliman II-b,Moon,0005E588,TolimanII-bPlanetData,119223,29,30
Toliman,Toliman II-c,Moon,0005E58A,TolimanII-cPlanetData,119223,29,32
Ursae Majoris,Ursa Major I,Planet,0005E4BD,UrsaMajorIPlanetData,118742,0,1
Ursae Majoris,Ursa Major I-a,Moon,0005E4BE,UrsaMajorI-aPlanetData,118742,1,5
Ursae Majoris,Ursa Major I-b,Moon,0005E4BF,UrsaMajorI-bPlanetData,118742,1,6
Ursae Majoris,Ursa Major I-c,Moon,0005E4C0,UrsaMajorI-cPlanetData,118742,1,7
Ursae Majoris,Ursa Major II,Planet,0005E4C1,UrsaMajorIIPlanetData,118742,0,2
Ursae Majoris,Ursa Major III,Planet,0005E4C2,UrsaMajorIIIPlanetData,118742,0,3
Ursae Minoris,Ursa Minor I,Planet,0005E4B5,UrsaMinorIPlanetData,119222,0,18
Ursae Minoris,Ursa Minor I-a,Moon,0005E4B6,UrsaMinorI-aPlanetData,119222,18,19
Ursae Minoris,Ursa Minor I-b,Moon,0005E4B7,UrsaMinorI-bPlanetData,119222,18,20
Ursae Minoris,Ursa Minor II,Planet,0005E4B8,UrsaMinorIIPlanetData,119222,0,21
Ursae Minoris,Ursa Minor II-a,Moon,0005E4B9,UrsaMinorII-aPlanetData,119222,21,22
Ursae Minoris,Ursa Minor III,Planet,0005E4BA,UrsaMinorIIIPlanetData,119222,0,23
Valo,Cantra,Planet,0005E54B,CantraPlanetData,119198,0,2
Valo,Golga,Moon,0005E550,GolgaPlanetData,119198,5,10
Valo,Hillex,Planet,0005E54D,HillexPlanetData,119198,0,4
Valo,Kindi,Moon,0005E551,KindiPlanetData,119198,5,11
Valo,Lumos,Planet,0005E54E,LumosPlanetData,119198,0,5
Valo,Miatha,Moon,0005E54A,MiathaPlanetData,119198,1,8
Valo,Navacci,Moon,0003F59C,NavacciPlanetData,119198,1,7
Valo,Polvo,Planet,0003F59B,PolvoPlanetData,119198,0,1
Valo,Prax,Planet,0005E54C,PraxPlanetData,119198,0,3
Valo,Shorun,Moon,0005E54F,ShorunPlanetData,119198,5,9
Valo,Virum,Moon,0005E552,VirumPlanetData,119198,5,12
Van Maanen's Star,Van Maanen I,Planet,0021E05F,VanMaanenIPlanetData,3820,0,1
Vega,Vega I,Planet,0005E087,VegaIPlanetData,90979,0,1
Vega,Vega I-a,Moon,0005E08A,VegaI-aPlanetData,90979,1,6
Vega,Vega I-b,Moon,0005E088,VegaI-bPlanetData,90979,1,4
Vega,Vega I-c,Moon,0005E089,VegaI-cPlanetData,90979,1,5
Vega,Vega II,Planet,0005E08B,VegaIIPlanetData,90979,0,2
Vega,Vega II-a,Moon,0005E08F,VegaII-aPlanetData,90979,2,10
Vega,Vega II-b,Moon,0005E090,VegaII-bPlanetData,90979,2,11
Vega,Vega II-c,Moon,0005E08C,VegaII-cPlanetData,90979,2,7
Vega,Vega II-d,Moon,0005E08E,VegaII-dPlanetData,90979,2,9
Vega,Vega II-e,Moon,0005E08D,VegaII-ePlanetData,90979,2,8
Verne,Verne I,Planet,0005DF38,VerneIPlanetData,63947,0,1
Verne,Verne I-a,Moon,0005DF39,VerneI-aPlanetData,63947,1,9
Verne,Verne II,Planet,0005DF3A,VerneIIPlanetData,63947,0,2
Verne,Verne II-a,Moon,0005DF3B,VerneII-aPlanetData,63947,2,10
Verne,Verne III,Planet,0005DF3C,VerneIIIPlanetData,63947,0,3
Verne,Verne III-a,Moon,0005DF3D,VerneIII-aPlanetData,63947,3,11
Verne,Verne IV,Planet,0005DF3E,VerneIVPlanetData,63947,0,4
Verne,Verne V,Planet,0005DF3F,VerneVPlanetData,63947,0,5
Verne,Verne VI,Planet,0005DF40,VerneVIPlanetData,63947,0,6
Verne,Verne VI-a,Moon,0005DF42,VerneVI-aPlanetData,63947,6,13
Verne,Verne VI-b,Moon,0005DF41,VerneVI-bPlanetData,63947,6,12
Verne,Verne VII,Planet,0005DF43,VerneVIIPlanetData,63947,0,7
Verne,Verne VII-a,Moon,0005DF47,VerneVII-aPlanetData,63947,7,17
Verne,Verne VII-b,Moon,0005DF48,VerneVII-bPlanetData,63947,7,18
Verne,Verne VII-c,Moon,0005DF46,VerneVII-cPlanetData,63947,7,16
Verne,Verne VII-d,Moon,0005DF44,VerneVII-dPlanetData,63947,7,14
Verne,Verne VII-e,Moon,0005DF45,VerneVII-ePlanetData,63947,7,15
Volii,Volii Alpha,Planet,0005E3A5,VoliiAlphaPlanetData,64720,0,2
Volii,Volii Beta,Planet,0005E3A3,VoliiBetaPlanetData,64720,0,1
Volii,Volii Chi,Planet,0005E3AD,VoliiChiPlanetData,64720,0,6
Volii,Volii Delta,Moon,0005E3A4,VoliiDeltaPlanetData,64720,1,8
Volii,Volii Epsilon,Planet,0005E3A6,VoliiEpsilonPlanetData,64720,0,3
Volii,Volii Gamma,Moon,0005E3A7,VoliiGammaPlanetData,64720,3,9
Volii,Volii Omega,Planet,0005E3AB,VoliiOmegaPlanetData,64720,0,5
Volii,Volii Phi,Moon,0005E3AA,VoliiPhiPlanetData,64720,4,11
Volii,Volii Psi,Moon,0005E3A9,VoliiPsiPlanetData,64720,4,10
Volii,Volii Tau,Planet,0005E3A8,VoliiTauPlanetData,64720,0,4
Volii,Volii Upsilon,Moon,0005E3AC,VoliiUpsilonPlanetData,64720,5,12
Wolf,Chthonia,Planet,00290FC8,ChthoniaPlanetData,118720,0,1
Wolf,Etherea,Planet,00290FC7,EthereaPlanetData,118720,0,2
Wolf,Pontem,Moon,00290FC6,PontemPlanetData,118720,2,3
Xi Ophiuchi,Xi Ophiuchi I,Planet,0005E166,XiOphiuchiIPlanetData,84636,0,1
Xi Ophiuchi,Xi Ophiuchi II,Planet,0005E167,XiOphiuchiIIPlanetData,84636,0,2
Xi Ophiuchi,Xi Ophiuchi III,Planet,0005E168,XiOphiuchiIIIPlanetData,84636,0,3
Xi Ophiuchi,Xi Ophiuchi III-a,Moon,0005E169,XiOphiuchiIII-aPlanetData,84636,3,11
Xi Ophiuchi,Xi Ophiuchi IV,Planet,0005E16A,XiOphiuchiIVPlanetData,84636,0,4
Xi Ophiuchi,Xi Ophiuchi IX,Planet,0005E17C,XiOphiuchiIXPlanetData,84636,0,9
Xi Ophiuchi,Xi Ophiuchi V,Planet,0005E16B,XiOphiuchiVPlanetData,84636,0,5
Xi Ophiuchi,Xi Ophiuchi V-a,Moon,0005E16C,XiOphiuchiV-aPlanetData,84636,5,12
Xi Ophiuchi,Xi Ophiuchi VI,Planet,0005E16D,XiOphiuchiVIPlanetData,84636,0,6
Xi Ophiuchi,Xi Ophiuchi VI-a,Moon,0005E16F,XiOphiuchiVI-aPlanetData,84636,6,14
Xi Ophiuchi,Xi Ophiuchi VI-b,Moon,0005E170,XiOphiuchiVI-bPlanetData,84636,6,15
Xi Ophiuchi,Xi Ophiuchi VI-c,Moon,0005E16E,XiOphiuchiVI-cPlanetData,84636,6,13
Xi Ophiuchi,Xi Ophiuchi VI-d,Moon,0005E172,XiOphiuchiVI-dPlanetData,84636,6,17
Xi Ophiuchi,Xi Ophiuchi VI-e,Moon,0005E171,XiOphiuchiVI-ePlanetData,84636,6,16
Xi Ophiuchi,Xi Ophiuchi VII,Planet,0005E173,XiOphiuchiVIIPlanetData,84636,0,7
Xi Ophiuchi,Xi Ophiuchi VII-a,Moon,0005E175,XiOphiuchiVII-aPlanetData,84636,7,19
Xi Ophiuchi,Xi Ophiuchi VII-b,Moon,0005E174,XiOphiuchiVII-bPlanetData,84636,7,18
Xi Ophiuchi,Xi Ophiuchi VIII,Planet,0005E176,XiOphiuchiVIIIPlanetData,84636,0,8
Xi Ophiuchi,Xi Ophiuchi VIII-a,Moon,0005E178,XiOphiuchiVIII-aPlanetData,84636,8,21
Xi Ophiuchi,Xi Ophiuchi VIII-b,Moon,0005E17B,XiOphiuchiVIII-bPlanetData,84636,8,24
Xi Ophiuchi,Xi Ophiuchi VIII-c,Moon,0005E179,XiOphiuchiVIII-cPlanetData,84636,8,22
Xi Ophiuchi,Xi Ophiuchi VIII-d,Moon,0005E177,XiOphiuchiVIII-dPlanetData,84636,8,20
Xi Ophiuchi,Xi Ophiuchi VIII-e,Moon,0005E17A,XiOphiuchiVIII-ePlanetData,84636,8,23
Zelazny,Zelazny I,Planet,0005DF4B,ZelaznyIPlanetData,59092,0,1
Zelazny,Zelazny II,Planet,0005DF4C,ZelaznyIIPlanetData,59092,0,2
Zelazny,Zelazny II-a,Moon,0005DF4D,ZelaznyII-aPlanetData,59092,2,10
Zelazny,Zelazny III,Planet,0005DF4E,ZelaznyIIIPlanetData,59092,0,3
Zelazny,Zelazny IV,Planet,0005DF4F,ZelaznyIVPlanetData,59092,0,4
Zelazny,Zelazny V,Planet,0005DF50,ZelaznyVPlanetData,59092,0,5
Zelazny,Zelazny VI,Planet,0005DF51,ZelaznyVIPlanetData,59092,0,6
Zelazny,Zelazny VII,Planet,0005DF52,ZelaznyVIIPlanetData,59092,0,7
Zelazny,Zelazny VII-a,Moon,0005DF55,ZelaznyVII-aPlanetData,59092,7,13
Zelazny,Zelazny VII-b,Moon,0005DF56,ZelaznyVII-bPlanetData,59092,7,14
Zelazny,Zelazny VII-c,Moon,0005DF54,ZelaznyVII-cPlanetData,59092,7,12
Zelazny,Zelazny VII-d,Moon,0005DF53,ZelaznyVII-dPlanetData,59092,7,11
Zelazny,Zelazny VIII,Planet,0005DF57,ZelaznyVIIIPlanetData,59092,0,8
Zelazny,Zelazny VIII-a,Moon,0005DF5B,ZelaznyVIII-aPlanetData,59092,8,18
Zelazny,Zelazny VIII-b,Moon,0005DF59,ZelaznyVIII-bPlanetData,59092,8,16
Zelazny,Zelazny VIII-c,Moon,0005DF5A,ZelaznyVIII-cPlanetData,59092,8,17
Zelazny,Zelazny VIII-d,Moon,0005DF5C,ZelaznyVIII-dPlanetData,59092,8,19
Zelazny,Zelazny VIII-e,Moon,0005DF58,ZelaznyVIII-ePlanetData,59092,8,15
Zeta Ophiuchi,Zeta Ophiuchi I,Planet,0005E151,ZetaOphiuchiIPlanetData,119147,0,1
Zeta Ophiuchi,Zeta Ophiuchi II,Planet,0005E152,ZetaOphiuchiIIPlanetData,119147,0,2
Zeta Ophiuchi,Zeta Ophiuchi III,Planet,0005E153,ZetaOphiuchiIIIPlanetData,119147,0,3
Zeta Ophiuchi,Zeta Ophiuchi III-a,Moon,0005E154,ZetaOphiuchiIII-aPlanetData,119147,3,8
Zeta Ophiuchi,Zeta Ophiuchi IV,Planet,0005E155,ZetaOphiuchiIVPlanetData,119147,0,4
Zeta Ophiuchi,Zeta Ophiuchi IV-a,Moon,0005E158,ZetaOphiuchiIV-aPlanetData,119147,4,13
Zeta Ophiuchi,Zeta Ophiuchi IV-b,Moon,0005E159,ZetaOphiuchiIV-bPlanetData,119147,4,14
Zeta Ophiuchi,Zeta Ophiuchi IV-c,Moon,0005E157,ZetaOphiuchiIV-cPlanetData,119147,4,10
Zeta Ophiuchi,Zeta Ophiuchi IV-d,Moon,0005E15A,ZetaOphiuchiIV-dPlanetData,119147,4,15
Zeta Ophiuchi,Zeta Ophiuchi IV-e,Moon,0005E156,ZetaOphiuchiIV-ePlanetData,119147,4,9
Zeta Ophiuchi,Zeta Ophiuchi V,Planet,0005E15B,ZetaOphiuchiVPlanetData,119147,0,5
Zeta Ophiuchi,Zeta Ophiuchi V-a,Moon,0005E15D,ZetaOphiuchiV-aPlanetData,119147,5,17
Zeta Ophiuchi,Zeta Ophiuchi V-b,Moon,0005E15C,ZetaOphiuchiV-bPlanetData,119147,5,16
Zeta Ophiuchi,Zeta Ophiuchi VI,Planet,0005E15E,ZetaOphiuchiVIPlanetData,119147,0,6
Zeta Ophiuchi,Zeta Ophiuchi VI-a,Moon,0005E15F,ZetaOphiuchiVI-aPlanetData,119147,6,18
Zeta Ophiuchi,Zeta Ophiuchi VI-b,Moon,0005E163,ZetaOphiuchiVI-bPlanetData,119147,6,22
Zeta Ophiuchi,Zeta Ophiuchi VI-c,Moon,0005E162,ZetaOphiuchiVI-cPlanetData,119147,6,21
Zeta Ophiuchi,Zeta Ophiuchi VI-d,Moon,0005E161,ZetaOphiuchiVI-dPlanetData,119147,6,20
Zeta Ophiuchi,Zeta Ophiuchi VI-e,Moon,0005E160,ZetaOphiuchiVI-ePlanetData,119147,6,19
Zosma,Zosma I,Planet,0005E4C5,ZosmaIPlanetData,54712,0,1
Zosma,Zosma I-a,Moon,0005E4C6,ZosmaI-aPlanetData,54712,1,7
Zosma,Zosma II,Planet,0005E4C7,ZosmaIIPlanetData,54712,0,2
Zosma,Zosma III,Planet,0005E4C8,ZosmaIIIPlanetData,54712,0,3
Zosma,Zosma III-a,Moon,0005E4C9,ZosmaIII-aPlanetData,54712,3,8
Zosma,Zosma IV,Planet,0005E4CA,ZosmaIVPlanetData,54712,0,4
Zosma,Zosma IV-a,Moon,0005E4CD,ZosmaIV-aPlanetData,54712,4,11
Zosma,Zosma IV-b,Moon,0005E4CC,ZosmaIV-bPlanetData,54712,4,10
Zosma,Zosma IV-c,Moon,0005E4CB,ZosmaIV-cPlanetData,54712,4,9
Zosma,Zosma V,Planet,0005E4CE,ZosmaVPlanetData,54712,0,5
Zosma,Zosma V-a,Moon,0005E4CF,ZosmaV-aPlanetData,54712,5,12
Zosma,Zosma V-b,Moon,0005E4D1,ZosmaV-bPlanetData,54712,5,14
Zosma,Zosma V-c,Moon,0005E4D0,ZosmaV-cPlanetData,54712,5,13